condition,method,seed,status,metric,value,result_path
aniso_k1,A,8925,missing,,,/mnt/vast01/users/fouad.oubari/msgm/rafm-additions/outputs_rafm_input_study/v1/final/aniso_k1/A/seed_8925/result.json
aniso_k1,A,77395,missing,,,/mnt/vast01/users/fouad.oubari/msgm/rafm-additions/outputs_rafm_input_study/v1/final/aniso_k1/A/seed_77395/result.json
aniso_k1,A,65457,missing,,,/mnt/vast01/users/fouad.oubari/msgm/rafm-additions/outputs_rafm_input_study/v1/final/aniso_k1/A/seed_65457/result.json
aniso_k1,B,8925,missing,,,/mnt/vast01/users/fouad.oubari/msgm/rafm-additions/outputs_rafm_input_study/v1/final/aniso_k1/B/seed_8925/result.json
aniso_k1,B,77395,missing,,,/mnt/vast01/users/fouad.oubari/msgm/rafm-additions/outputs_rafm_input_study/v1/final/aniso_k1/B/seed_77395/result.json
aniso_k1,B,65457,missing,,,/mnt/vast01/users/fouad.oubari/msgm/rafm-additions/outputs_rafm_input_study/v1/final/aniso_k1/B/seed_65457/result.json
aniso_k1,C,8925,missing,,,/mnt/vast01/users/fouad.oubari/msgm/rafm-additions/outputs_rafm_input_study/v1/final/aniso_k1/C/seed_8925/result.json
aniso_k1,C,77395,missing,,,/mnt/vast01/users/fouad.oubari/msgm/rafm-additions/outputs_rafm_input_study/v1/final/aniso_k1/C/seed_77395/result.json
aniso_k1,C,65457,missing,,,/mnt/vast01/users/fouad.oubari/msgm/rafm-additions/outputs_rafm_input_study/v1/final/aniso_k1/C/seed_65457/result.json
aniso_k1,tflow,8925,missing,,,/mnt/vast01/users/fouad.oubari/msgm/rafm-additions/outputs_tflow_full/v2/final/aniso_k1/seed_8925/result.json
aniso_k1,tflow,77395,missing,,,/mnt/vast01/users/fouad.oubari/msgm/rafm-additions/outputs_tflow_full/v2/final/aniso_k1/seed_77395/result.json
aniso_k1,tflow,65457,missing,,,/mnt/vast01/users/fouad.oubari/msgm/rafm-additions/outputs_tflow_full/v2/final/aniso_k1/seed_65457/result.json
aniso_k10,A,8925,missing,,,/mnt/vast01/users/fouad.oubari/msgm/rafm-additions/outputs_rafm_input_study/v1/final/aniso_k10/A/seed_8925/result.json
aniso_k10,A,77395,missing,,,/mnt/vast01/users/fouad.oubari/msgm/rafm-additions/outputs_rafm_input_study/v1/final/aniso_k10/A/seed_77395/result.json
aniso_k10,A,65457,missing,,,/mnt/vast01/users/fouad.oubari/msgm/rafm-additions/outputs_rafm_input_study/v1/final/aniso_k10/A/seed_65457/result.json
aniso_k10,B,8925,missing,,,/mnt/vast01/users/fouad.oubari/msgm/rafm-additions/outputs_rafm_input_study/v1/final/aniso_k10/B/seed_8925/result.json
aniso_k10,B,77395,missing,,,/mnt/vast01/users/fouad.oubari/msgm/rafm-additions/outputs_rafm_input_study/v1/final/aniso_k10/B/seed_77395/result.json
aniso_k10,B,65457,missing,,,/mnt/vast01/users/fouad.oubari/msgm/rafm-additions/outputs_rafm_input_study/v1/final/aniso_k10/B/seed_65457/result.json
aniso_k10,C,8925,missing,,,/mnt/vast01/users/fouad.oubari/msgm/rafm-additions/outputs_rafm_input_study/v1/final/aniso_k10/C/seed_8925/result.json
aniso_k10,C,77395,missing,,,/mnt/vast01/users/fouad.oubari/msgm/rafm-additions/outputs_rafm_input_study/v1/final/aniso_k10/C/seed_77395/result.json
aniso_k10,C,65457,missing,,,/mnt/vast01/users/fouad.oubari/msgm/rafm-additions/outputs_rafm_input_study/v1/final/aniso_k10/C/seed_65457/result.json
aniso_k10,tflow,8925,complete,angular_sw_bin0,0.08640007674694061,/mnt/vast01/users/fouad.oubari/msgm/rafm-additions/outputs_tflow_full/v2/final/aniso_k10/seed_8925/result.json
aniso_k10,tflow,8925,complete,angular_sw_bin1,0.1261405050754547,/mnt/vast01/users/fouad.oubari/msgm/rafm-additions/outputs_tflow_full/v2/final/aniso_k10/seed_8925/result.json
aniso_k10,tflow,8925,complete,angular_sw_bin2,0.11167827993631363,/mnt/vast01/users/fouad.oubari/msgm/rafm-additions/outputs_tflow_full/v2/final/aniso_k10/seed_8925/result.json
aniso_k10,tflow,8925,complete,angular_sw_bin3,0.11868194490671158,/mnt/vast01/users/fouad.oubari/msgm/rafm-additions/outputs_tflow_full/v2/final/aniso_k10/seed_8925/result.json
aniso_k10,tflow,8925,complete,angular_sw_mean,0.11072520166635513,/mnt/vast01/users/fouad.oubari/msgm/rafm-additions/outputs_tflow_full/v2/final/aniso_k10/seed_8925/result.json
aniso_k10,tflow,8925,complete,exploding_norm_rate,0.0,/mnt/vast01/users/fouad.oubari/msgm/rafm-additions/outputs_tflow_full/v2/final/aniso_k10/seed_8925/result.json
aniso_k10,tflow,8925,complete,inf_rate,0.0,/mnt/vast01/users/fouad.oubari/msgm/rafm-additions/outputs_tflow_full/v2/final/aniso_k10/seed_8925/result.json
aniso_k10,tflow,8925,complete,invalid_rate,0.0,/mnt/vast01/users/fouad.oubari/msgm/rafm-additions/outputs_tflow_full/v2/final/aniso_k10/seed_8925/result.json
aniso_k10,tflow,8925,complete,ks_stat,0.8094000220298767,/mnt/vast01/users/fouad.oubari/msgm/rafm-additions/outputs_tflow_full/v2/final/aniso_k10/seed_8925/result.json
aniso_k10,tflow,8925,complete,mmd,0.12117993831634521,/mnt/vast01/users/fouad.oubari/msgm/rafm-additions/outputs_tflow_full/v2/final/aniso_k10/seed_8925/result.json
aniso_k10,tflow,8925,complete,n_params,41504,/mnt/vast01/users/fouad.oubari/msgm/rafm-additions/outputs_tflow_full/v2/final/aniso_k10/seed_8925/result.json
aniso_k10,tflow,8925,complete,nan_rate,0.0,/mnt/vast01/users/fouad.oubari/msgm/rafm-additions/outputs_tflow_full/v2/final/aniso_k10/seed_8925/result.json
aniso_k10,tflow,8925,complete,nfe,512,/mnt/vast01/users/fouad.oubari/msgm/rafm-additions/outputs_tflow_full/v2/final/aniso_k10/seed_8925/result.json
aniso_k10,tflow,8925,complete,q950_err,0.39764399137618456,/mnt/vast01/users/fouad.oubari/msgm/rafm-additions/outputs_tflow_full/v2/final/aniso_k10/seed_8925/result.json
aniso_k10,tflow,8925,complete,q990_err,0.38385042195818536,/mnt/vast01/users/fouad.oubari/msgm/rafm-additions/outputs_tflow_full/v2/final/aniso_k10/seed_8925/result.json
aniso_k10,tflow,8925,complete,q995_err,0.35447416982678903,/mnt/vast01/users/fouad.oubari/msgm/rafm-additions/outputs_tflow_full/v2/final/aniso_k10/seed_8925/result.json
aniso_k10,tflow,8925,complete,radial_w1,9.691010475158691,/mnt/vast01/users/fouad.oubari/msgm/rafm-additions/outputs_tflow_full/v2/final/aniso_k10/seed_8925/result.json
aniso_k10,tflow,8925,complete,sample_time_s,0.4179636873304844,/mnt/vast01/users/fouad.oubari/msgm/rafm-additions/outputs_tflow_full/v2/final/aniso_k10/seed_8925/result.json
aniso_k10,tflow,8925,complete,sliced_w1,2.32033634185791,/mnt/vast01/users/fouad.oubari/msgm/rafm-additions/outputs_tflow_full/v2/final/aniso_k10/seed_8925/result.json
aniso_k10,tflow,8925,complete,tail_exc_95,0.04949999997625132,/mnt/vast01/users/fouad.oubari/msgm/rafm-additions/outputs_tflow_full/v2/final/aniso_k10/seed_8925/result.json
aniso_k10,tflow,8925,complete,tail_exc_99,0.009800000005052434,/mnt/vast01/users/fouad.oubari/msgm/rafm-additions/outputs_tflow_full/v2/final/aniso_k10/seed_8925/result.json
aniso_k10,tflow,8925,complete,total_train_time_s,33.14421213790774,/mnt/vast01/users/fouad.oubari/msgm/rafm-additions/outputs_tflow_full/v2/final/aniso_k10/seed_8925/result.json
aniso_k10,tflow,77395,failed,angular_sw_bin0,0.08815637230873108,/mnt/vast01/users/fouad.oubari/msgm/rafm-additions/outputs_tflow_full/v2/final/aniso_k10/seed_77395/result.json
aniso_k10,tflow,77395,failed,angular_sw_bin1,0.10849886387586594,/mnt/vast01/users/fouad.oubari/msgm/rafm-additions/outputs_tflow_full/v2/final/aniso_k10/seed_77395/result.json
aniso_k10,tflow,77395,failed,angular_sw_bin2,0.11667628586292267,/mnt/vast01/users/fouad.oubari/msgm/rafm-additions/outputs_tflow_full/v2/final/aniso_k10/seed_77395/result.json
aniso_k10,tflow,77395,failed,angular_sw_mean,0.10444384068250656,/mnt/vast01/users/fouad.oubari/msgm/rafm-additions/outputs_tflow_full/v2/final/aniso_k10/seed_77395/result.json
aniso_k10,tflow,77395,failed,exploding_norm_rate,0.0,/mnt/vast01/users/fouad.oubari/msgm/rafm-additions/outputs_tflow_full/v2/final/aniso_k10/seed_77395/result.json
aniso_k10,tflow,77395,failed,inf_rate,0.0,/mnt/vast01/users/fouad.oubari/msgm/rafm-additions/outputs_tflow_full/v2/final/aniso_k10/seed_77395/result.json
aniso_k10,tflow,77395,failed,invalid_rate,0.0,/mnt/vast01/users/fouad.oubari/msgm/rafm-additions/outputs_tflow_full/v2/final/aniso_k10/seed_77395/result.json
aniso_k10,tflow,77395,failed,ks_stat,0.9132000207901001,/mnt/vast01/users/fouad.oubari/msgm/rafm-additions/outputs_tflow_full/v2/final/aniso_k10/seed_77395/result.json
aniso_k10,tflow,77395,failed,mmd,0.11939108371734619,/mnt/vast01/users/fouad.oubari/msgm/rafm-additions/outputs_tflow_full/v2/final/aniso_k10/seed_77395/result.json
aniso_k10,tflow,77395,failed,n_params,41504,/mnt/vast01/users/fouad.oubari/msgm/rafm-additions/outputs_tflow_full/v2/final/aniso_k10/seed_77395/result.json
aniso_k10,tflow,77395,failed,nan_rate,0.0,/mnt/vast01/users/fouad.oubari/msgm/rafm-additions/outputs_tflow_full/v2/final/aniso_k10/seed_77395/result.json
aniso_k10,tflow,77395,failed,nfe,512,/mnt/vast01/users/fouad.oubari/msgm/rafm-additions/outputs_tflow_full/v2/final/aniso_k10/seed_77395/result.json
aniso_k10,tflow,77395,failed,q950_err,0.4795818946953753,/mnt/vast01/users/fouad.oubari/msgm/rafm-additions/outputs_tflow_full/v2/final/aniso_k10/seed_77395/result.json
aniso_k10,tflow,77395,failed,q990_err,0.471254487300991,/mnt/vast01/users/fouad.oubari/msgm/rafm-additions/outputs_tflow_full/v2/final/aniso_k10/seed_77395/result.json
aniso_k10,tflow,77395,failed,q995_err,0.4485045019182074,/mnt/vast01/users/fouad.oubari/msgm/rafm-additions/outputs_tflow_full/v2/final/aniso_k10/seed_77395/result.json
aniso_k10,tflow,77395,failed,radial_w1,11.814059257507324,/mnt/vast01/users/fouad.oubari/msgm/rafm-additions/outputs_tflow_full/v2/final/aniso_k10/seed_77395/result.json
aniso_k10,tflow,77395,failed,sample_time_s,0.4148201607167721,/mnt/vast01/users/fouad.oubari/msgm/rafm-additions/outputs_tflow_full/v2/final/aniso_k10/seed_77395/result.json
aniso_k10,tflow,77395,failed,sliced_w1,2.3383231163024902,/mnt/vast01/users/fouad.oubari/msgm/rafm-additions/outputs_tflow_full/v2/final/aniso_k10/seed_77395/result.json
aniso_k10,tflow,77395,failed,tail_exc_95,0.049399999971501574,/mnt/vast01/users/fouad.oubari/msgm/rafm-additions/outputs_tflow_full/v2/final/aniso_k10/seed_77395/result.json
aniso_k10,tflow,77395,failed,tail_exc_99,0.009800000005052434,/mnt/vast01/users/fouad.oubari/msgm/rafm-additions/outputs_tflow_full/v2/final/aniso_k10/seed_77395/result.json
aniso_k10,tflow,77395,failed,total_train_time_s,31.179942689836025,/mnt/vast01/users/fouad.oubari/msgm/rafm-additions/outputs_tflow_full/v2/final/aniso_k10/seed_77395/result.json
aniso_k10,tflow,65457,complete,angular_sw_bin0,0.08875434845685959,/mnt/vast01/users/fouad.oubari/msgm/rafm-additions/outputs_tflow_full/v2/final/aniso_k10/seed_65457/result.json
aniso_k10,tflow,65457,complete,angular_sw_bin1,0.105913907289505,/mnt/vast01/users/fouad.oubari/msgm/rafm-additions/outputs_tflow_full/v2/final/aniso_k10/seed_65457/result.json
aniso_k10,tflow,65457,complete,angular_sw_bin2,0.10406973212957382,/mnt/vast01/users/fouad.oubari/msgm/rafm-additions/outputs_tflow_full/v2/final/aniso_k10/seed_65457/result.json
aniso_k10,tflow,65457,complete,angular_sw_bin3,0.12344761192798615,/mnt/vast01/users/fouad.oubari/msgm/rafm-additions/outputs_tflow_full/v2/final/aniso_k10/seed_65457/result.json
aniso_k10,tflow,65457,complete,angular_sw_mean,0.10554639995098114,/mnt/vast01/users/fouad.oubari/msgm/rafm-additions/outputs_tflow_full/v2/final/aniso_k10/seed_65457/result.json
aniso_k10,tflow,65457,complete,exploding_norm_rate,0.0,/mnt/vast01/users/fouad.oubari/msgm/rafm-additions/outputs_tflow_full/v2/final/aniso_k10/seed_65457/result.json
aniso_k10,tflow,65457,complete,inf_rate,0.0,/mnt/vast01/users/fouad.oubari/msgm/rafm-additions/outputs_tflow_full/v2/final/aniso_k10/seed_65457/result.json
aniso_k10,tflow,65457,complete,invalid_rate,0.0,/mnt/vast01/users/fouad.oubari/msgm/rafm-additions/outputs_tflow_full/v2/final/aniso_k10/seed_65457/result.json
aniso_k10,tflow,65457,complete,ks_stat,0.8220000267028809,/mnt/vast01/users/fouad.oubari/msgm/rafm-additions/outputs_tflow_full/v2/final/aniso_k10/seed_65457/result.json
aniso_k10,tflow,65457,complete,mmd,0.1183398962020874,/mnt/vast01/users/fouad.oubari/msgm/rafm-additions/outputs_tflow_full/v2/final/aniso_k10/seed_65457/result.json
aniso_k10,tflow,65457,complete,n_params,41504,/mnt/vast01/users/fouad.oubari/msgm/rafm-additions/outputs_tflow_full/v2/final/aniso_k10/seed_65457/result.json
aniso_k10,tflow,65457,complete,nan_rate,0.0,/mnt/vast01/users/fouad.oubari/msgm/rafm-additions/outputs_tflow_full/v2/final/aniso_k10/seed_65457/result.json
aniso_k10,tflow,65457,complete,nfe,512,/mnt/vast01/users/fouad.oubari/msgm/rafm-additions/outputs_tflow_full/v2/final/aniso_k10/seed_65457/result.json
aniso_k10,tflow,65457,complete,q950_err,0.40611214935435247,/mnt/vast01/users/fouad.oubari/msgm/rafm-additions/outputs_tflow_full/v2/final/aniso_k10/seed_65457/result.json
aniso_k10,tflow,65457,complete,q990_err,0.3858317921238846,/mnt/vast01/users/fouad.oubari/msgm/rafm-additions/outputs_tflow_full/v2/final/aniso_k10/seed_65457/result.json
aniso_k10,tflow,65457,complete,q995_err,0.3600681274669506,/mnt/vast01/users/fouad.oubari/msgm/rafm-additions/outputs_tflow_full/v2/final/aniso_k10/seed_65457/result.json
aniso_k10,tflow,65457,complete,radial_w1,9.460418701171875,/mnt/vast01/users/fouad.oubari/msgm/rafm-additions/outputs_tflow_full/v2/final/aniso_k10/seed_65457/result.json
aniso_k10,tflow,65457,complete,sample_time_s,0.42214925959706306,/mnt/vast01/users/fouad.oubari/msgm/rafm-additions/outputs_tflow_full/v2/final/aniso_k10/seed_65457/result.json
aniso_k10,tflow,65457,complete,sliced_w1,2.3100008964538574,/mnt/vast01/users/fouad.oubari/msgm/rafm-additions/outputs_tflow_full/v2/final/aniso_k10/seed_65457/result.json
aniso_k10,tflow,65457,complete,tail_exc_95,0.04899999995250259,/mnt/vast01/users/fouad.oubari/msgm/rafm-additions/outputs_tflow_full/v2/final/aniso_k10/seed_65457/result.json
aniso_k10,tflow,65457,complete,tail_exc_99,0.009699999985750773,/mnt/vast01/users/fouad.oubari/msgm/rafm-additions/outputs_tflow_full/v2/final/aniso_k10/seed_65457/result.json
aniso_k10,tflow,65457,complete,total_train_time_s,35.15874359384179,/mnt/vast01/users/fouad.oubari/msgm/rafm-additions/outputs_tflow_full/v2/final/aniso_k10/seed_65457/result.json
aniso_k100,A,8925,missing,,,/mnt/vast01/users/fouad.oubari/msgm/rafm-additions/outputs_rafm_input_study/v1/final/aniso_k100/A/seed_8925/result.json
aniso_k100,A,77395,missing,,,/mnt/vast01/users/fouad.oubari/msgm/rafm-additions/outputs_rafm_input_study/v1/final/aniso_k100/A/seed_77395/result.json
aniso_k100,A,65457,missing,,,/mnt/vast01/users/fouad.oubari/msgm/rafm-additions/outputs_rafm_input_study/v1/final/aniso_k100/A/seed_65457/result.json
aniso_k100,B,8925,missing,,,/mnt/vast01/users/fouad.oubari/msgm/rafm-additions/outputs_rafm_input_study/v1/final/aniso_k100/B/seed_8925/result.json
aniso_k100,B,77395,missing,,,/mnt/vast01/users/fouad.oubari/msgm/rafm-additions/outputs_rafm_input_study/v1/final/aniso_k100/B/seed_77395/result.json
aniso_k100,B,65457,missing,,,/mnt/vast01/users/fouad.oubari/msgm/rafm-additions/outputs_rafm_input_study/v1/final/aniso_k100/B/seed_65457/result.json
aniso_k100,C,8925,missing,,,/mnt/vast01/users/fouad.oubari/msgm/rafm-additions/outputs_rafm_input_study/v1/final/aniso_k100/C/seed_8925/result.json
aniso_k100,C,77395,missing,,,/mnt/vast01/users/fouad.oubari/msgm/rafm-additions/outputs_rafm_input_study/v1/final/aniso_k100/C/seed_77395/result.json
aniso_k100,C,65457,missing,,,/mnt/vast01/users/fouad.oubari/msgm/rafm-additions/outputs_rafm_input_study/v1/final/aniso_k100/C/seed_65457/result.json
aniso_k100,tflow,8925,missing,,,/mnt/vast01/users/fouad.oubari/msgm/rafm-additions/outputs_tflow_full/v2/final/aniso_k100/seed_8925/result.json
aniso_k100,tflow,77395,missing,,,/mnt/vast01/users/fouad.oubari/msgm/rafm-additions/outputs_tflow_full/v2/final/aniso_k100/seed_77395/result.json
aniso_k100,tflow,65457,missing,,,/mnt/vast01/users/fouad.oubari/msgm/rafm-additions/outputs_tflow_full/v2/final/aniso_k100/seed_65457/result.json
aniso_k3,A,8925,missing,,,/mnt/vast01/users/fouad.oubari/msgm/rafm-additions/outputs_rafm_input_study/v1/final/aniso_k3/A/seed_8925/result.json
aniso_k3,A,77395,missing,,,/mnt/vast01/users/fouad.oubari/msgm/rafm-additions/outputs_rafm_input_study/v1/final/aniso_k3/A/seed_77395/result.json
aniso_k3,A,65457,missing,,,/mnt/vast01/users/fouad.oubari/msgm/rafm-additions/outputs_rafm_input_study/v1/final/aniso_k3/A/seed_65457/result.json
aniso_k3,B,8925,missing,,,/mnt/vast01/users/fouad.oubari/msgm/rafm-additions/outputs_rafm_input_study/v1/final/aniso_k3/B/seed_8925/result.json
aniso_k3,B,77395,missing,,,/mnt/vast01/users/fouad.oubari/msgm/rafm-additions/outputs_rafm_input_study/v1/final/aniso_k3/B/seed_77395/result.json
aniso_k3,B,65457,missing,,,/mnt/vast01/users/fouad.oubari/msgm/rafm-additions/outputs_rafm_input_study/v1/final/aniso_k3/B/seed_65457/result.json
aniso_k3,C,8925,missing,,,/mnt/vast01/users/fouad.oubari/msgm/rafm-additions/outputs_rafm_input_study/v1/final/aniso_k3/C/seed_8925/result.json
aniso_k3,C,77395,missing,,,/mnt/vast01/users/fouad.oubari/msgm/rafm-additions/outputs_rafm_input_study/v1/final/aniso_k3/C/seed_77395/result.json
aniso_k3,C,65457,missing,,,/mnt/vast01/users/fouad.oubari/msgm/rafm-additions/outputs_rafm_input_study/v1/final/aniso_k3/C/seed_65457/result.json
aniso_k3,tflow,8925,complete,angular_sw_bin0,0.0325993075966835,/mnt/vast01/users/fouad.oubari/msgm/rafm-additions/outputs_tflow_full/v2/final/aniso_k3/seed_8925/result.json
aniso_k3,tflow,8925,complete,angular_sw_bin1,0.026721166446805,/mnt/vast01/users/fouad.oubari/msgm/rafm-additions/outputs_tflow_full/v2/final/aniso_k3/seed_8925/result.json
aniso_k3,tflow,8925,complete,angular_sw_bin2,0.027704894542694092,/mnt/vast01/users/fouad.oubari/msgm/rafm-additions/outputs_tflow_full/v2/final/aniso_k3/seed_8925/result.json
aniso_k3,tflow,8925,complete,angular_sw_bin3,0.03743753209710121,/mnt/vast01/users/fouad.oubari/msgm/rafm-additions/outputs_tflow_full/v2/final/aniso_k3/seed_8925/result.json
aniso_k3,tflow,8925,complete,angular_sw_mean,0.03111572517082095,/mnt/vast01/users/fouad.oubari/msgm/rafm-additions/outputs_tflow_full/v2/final/aniso_k3/seed_8925/result.json
aniso_k3,tflow,8925,complete,exploding_norm_rate,0.0,/mnt/vast01/users/fouad.oubari/msgm/rafm-additions/outputs_tflow_full/v2/final/aniso_k3/seed_8925/result.json
aniso_k3,tflow,8925,complete,inf_rate,0.0,/mnt/vast01/users/fouad.oubari/msgm/rafm-additions/outputs_tflow_full/v2/final/aniso_k3/seed_8925/result.json
aniso_k3,tflow,8925,complete,invalid_rate,0.0,/mnt/vast01/users/fouad.oubari/msgm/rafm-additions/outputs_tflow_full/v2/final/aniso_k3/seed_8925/result.json
aniso_k3,tflow,8925,complete,ks_stat,0.26830002665519714,/mnt/vast01/users/fouad.oubari/msgm/rafm-additions/outputs_tflow_full/v2/final/aniso_k3/seed_8925/result.json
aniso_k3,tflow,8925,complete,mmd,0.015444159507751465,/mnt/vast01/users/fouad.oubari/msgm/rafm-additions/outputs_tflow_full/v2/final/aniso_k3/seed_8925/result.json
aniso_k3,tflow,8925,complete,n_params,41504,/mnt/vast01/users/fouad.oubari/msgm/rafm-additions/outputs_tflow_full/v2/final/aniso_k3/seed_8925/result.json
aniso_k3,tflow,8925,complete,nan_rate,0.0,/mnt/vast01/users/fouad.oubari/msgm/rafm-additions/outputs_tflow_full/v2/final/aniso_k3/seed_8925/result.json
aniso_k3,tflow,8925,complete,nfe,512,/mnt/vast01/users/fouad.oubari/msgm/rafm-additions/outputs_tflow_full/v2/final/aniso_k3/seed_8925/result.json
aniso_k3,tflow,8925,complete,q950_err,0.09151302553702961,/mnt/vast01/users/fouad.oubari/msgm/rafm-additions/outputs_tflow_full/v2/final/aniso_k3/seed_8925/result.json
aniso_k3,tflow,8925,complete,q990_err,0.16767609481166795,/mnt/vast01/users/fouad.oubari/msgm/rafm-additions/outputs_tflow_full/v2/final/aniso_k3/seed_8925/result.json
aniso_k3,tflow,8925,complete,q995_err,0.2052669188305301,/mnt/vast01/users/fouad.oubari/msgm/rafm-additions/outputs_tflow_full/v2/final/aniso_k3/seed_8925/result.json
aniso_k3,tflow,8925,complete,radial_w1,1.10895836353302,/mnt/vast01/users/fouad.oubari/msgm/rafm-additions/outputs_tflow_full/v2/final/aniso_k3/seed_8925/result.json
aniso_k3,tflow,8925,complete,sample_time_s,0.42140523344278336,/mnt/vast01/users/fouad.oubari/msgm/rafm-additions/outputs_tflow_full/v2/final/aniso_k3/seed_8925/result.json
aniso_k3,tflow,8925,complete,sliced_w1,0.3919163942337036,/mnt/vast01/users/fouad.oubari/msgm/rafm-additions/outputs_tflow_full/v2/final/aniso_k3/seed_8925/result.json
aniso_k3,tflow,8925,complete,tail_exc_95,0.09769999682903285,/mnt/vast01/users/fouad.oubari/msgm/rafm-additions/outputs_tflow_full/v2/final/aniso_k3/seed_8925/result.json
aniso_k3,tflow,8925,complete,tail_exc_99,0.04350000038743018,/mnt/vast01/users/fouad.oubari/msgm/rafm-additions/outputs_tflow_full/v2/final/aniso_k3/seed_8925/result.json
aniso_k3,tflow,8925,complete,total_train_time_s,34.42002396285534,/mnt/vast01/users/fouad.oubari/msgm/rafm-additions/outputs_tflow_full/v2/final/aniso_k3/seed_8925/result.json
aniso_k3,tflow,77395,complete,angular_sw_bin0,0.03258289024233818,/mnt/vast01/users/fouad.oubari/msgm/rafm-additions/outputs_tflow_full/v2/final/aniso_k3/seed_77395/result.json
aniso_k3,tflow,77395,complete,angular_sw_bin1,0.0312105230987072,/mnt/vast01/users/fouad.oubari/msgm/rafm-additions/outputs_tflow_full/v2/final/aniso_k3/seed_77395/result.json
aniso_k3,tflow,77395,complete,angular_sw_bin2,0.031504642218351364,/mnt/vast01/users/fouad.oubari/msgm/rafm-additions/outputs_tflow_full/v2/final/aniso_k3/seed_77395/result.json
aniso_k3,tflow,77395,complete,angular_sw_bin3,0.045967020094394684,/mnt/vast01/users/fouad.oubari/msgm/rafm-additions/outputs_tflow_full/v2/final/aniso_k3/seed_77395/result.json
aniso_k3,tflow,77395,complete,angular_sw_mean,0.03531626891344786,/mnt/vast01/users/fouad.oubari/msgm/rafm-additions/outputs_tflow_full/v2/final/aniso_k3/seed_77395/result.json
aniso_k3,tflow,77395,complete,exploding_norm_rate,0.0,/mnt/vast01/users/fouad.oubari/msgm/rafm-additions/outputs_tflow_full/v2/final/aniso_k3/seed_77395/result.json
aniso_k3,tflow,77395,complete,inf_rate,0.0,/mnt/vast01/users/fouad.oubari/msgm/rafm-additions/outputs_tflow_full/v2/final/aniso_k3/seed_77395/result.json
aniso_k3,tflow,77395,complete,invalid_rate,0.0,/mnt/vast01/users/fouad.oubari/msgm/rafm-additions/outputs_tflow_full/v2/final/aniso_k3/seed_77395/result.json
aniso_k3,tflow,77395,complete,ks_stat,0.2535000145435333,/mnt/vast01/users/fouad.oubari/msgm/rafm-additions/outputs_tflow_full/v2/final/aniso_k3/seed_77395/result.json
aniso_k3,tflow,77395,complete,mmd,0.021042704582214355,/mnt/vast01/users/fouad.oubari/msgm/rafm-additions/outputs_tflow_full/v2/final/aniso_k3/seed_77395/result.json
aniso_k3,tflow,77395,complete,n_params,41504,/mnt/vast01/users/fouad.oubari/msgm/rafm-additions/outputs_tflow_full/v2/final/aniso_k3/seed_77395/result.json
aniso_k3,tflow,77395,complete,nan_rate,0.0,/mnt/vast01/users/fouad.oubari/msgm/rafm-additions/outputs_tflow_full/v2/final/aniso_k3/seed_77395/result.json
aniso_k3,tflow,77395,complete,nfe,512,/mnt/vast01/users/fouad.oubari/msgm/rafm-additions/outputs_tflow_full/v2/final/aniso_k3/seed_77395/result.json
aniso_k3,tflow,77395,complete,q950_err,0.08149326167529584,/mnt/vast01/users/fouad.oubari/msgm/rafm-additions/outputs_tflow_full/v2/final/aniso_k3/seed_77395/result.json
aniso_k3,tflow,77395,complete,q990_err,0.10147500148131135,/mnt/vast01/users/fouad.oubari/msgm/rafm-additions/outputs_tflow_full/v2/final/aniso_k3/seed_77395/result.json
aniso_k3,tflow,77395,complete,q995_err,0.09943954756266778,/mnt/vast01/users/fouad.oubari/msgm/rafm-additions/outputs_tflow_full/v2/final/aniso_k3/seed_77395/result.json
aniso_k3,tflow,77395,complete,radial_w1,1.0411297082901,/mnt/vast01/users/fouad.oubari/msgm/rafm-additions/outputs_tflow_full/v2/final/aniso_k3/seed_77395/result.json
aniso_k3,tflow,77395,complete,sample_time_s,0.41965679824352264,/mnt/vast01/users/fouad.oubari/msgm/rafm-additions/outputs_tflow_full/v2/final/aniso_k3/seed_77395/result.json
aniso_k3,tflow,77395,complete,sliced_w1,0.4274371564388275,/mnt/vast01/users/fouad.oubari/msgm/rafm-additions/outputs_tflow_full/v2/final/aniso_k3/seed_77395/result.json
aniso_k3,tflow,77395,complete,tail_exc_95,0.08860000669956203,/mnt/vast01/users/fouad.oubari/msgm/rafm-additions/outputs_tflow_full/v2/final/aniso_k3/seed_77395/result.json
aniso_k3,tflow,77395,complete,tail_exc_99,0.03690000042319297,/mnt/vast01/users/fouad.oubari/msgm/rafm-additions/outputs_tflow_full/v2/final/aniso_k3/seed_77395/result.json
aniso_k3,tflow,77395,complete,total_train_time_s,32.3802677616477,/mnt/vast01/users/fouad.oubari/msgm/rafm-additions/outputs_tflow_full/v2/final/aniso_k3/seed_77395/result.json
aniso_k3,tflow,65457,complete,angular_sw_bin0,0.052482299506664276,/mnt/vast01/users/fouad.oubari/msgm/rafm-additions/outputs_tflow_full/v2/final/aniso_k3/seed_65457/result.json
aniso_k3,tflow,65457,complete,angular_sw_bin1,0.049676619470119476,/mnt/vast01/users/fouad.oubari/msgm/rafm-additions/outputs_tflow_full/v2/final/aniso_k3/seed_65457/result.json
aniso_k3,tflow,65457,complete,angular_sw_bin2,0.057190876454114914,/mnt/vast01/users/fouad.oubari/msgm/rafm-additions/outputs_tflow_full/v2/final/aniso_k3/seed_65457/result.json
aniso_k3,tflow,65457,complete,angular_sw_bin3,0.06322848051786423,/mnt/vast01/users/fouad.oubari/msgm/rafm-additions/outputs_tflow_full/v2/final/aniso_k3/seed_65457/result.json
aniso_k3,tflow,65457,complete,angular_sw_mean,0.05564456898719072,/mnt/vast01/users/fouad.oubari/msgm/rafm-additions/outputs_tflow_full/v2/final/aniso_k3/seed_65457/result.json
aniso_k3,tflow,65457,complete,exploding_norm_rate,0.0,/mnt/vast01/users/fouad.oubari/msgm/rafm-additions/outputs_tflow_full/v2/final/aniso_k3/seed_65457/result.json
aniso_k3,tflow,65457,complete,inf_rate,0.0,/mnt/vast01/users/fouad.oubari/msgm/rafm-additions/outputs_tflow_full/v2/final/aniso_k3/seed_65457/result.json
aniso_k3,tflow,65457,complete,invalid_rate,0.0,/mnt/vast01/users/fouad.oubari/msgm/rafm-additions/outputs_tflow_full/v2/final/aniso_k3/seed_65457/result.json
aniso_k3,tflow,65457,complete,ks_stat,0.3428000211715698,/mnt/vast01/users/fouad.oubari/msgm/rafm-additions/outputs_tflow_full/v2/final/aniso_k3/seed_65457/result.json
aniso_k3,tflow,65457,complete,mmd,0.058684468269348145,/mnt/vast01/users/fouad.oubari/msgm/rafm-additions/outputs_tflow_full/v2/final/aniso_k3/seed_65457/result.json
aniso_k3,tflow,65457,complete,n_params,41504,/mnt/vast01/users/fouad.oubari/msgm/rafm-additions/outputs_tflow_full/v2/final/aniso_k3/seed_65457/result.json
aniso_k3,tflow,65457,complete,nan_rate,0.0,/mnt/vast01/users/fouad.oubari/msgm/rafm-additions/outputs_tflow_full/v2/final/aniso_k3/seed_65457/result.json
aniso_k3,tflow,65457,complete,nfe,512,/mnt/vast01/users/fouad.oubari/msgm/rafm-additions/outputs_tflow_full/v2/final/aniso_k3/seed_65457/result.json
aniso_k3,tflow,65457,complete,q950_err,0.11315195484975965,/mnt/vast01/users/fouad.oubari/msgm/rafm-additions/outputs_tflow_full/v2/final/aniso_k3/seed_65457/result.json
aniso_k3,tflow,65457,complete,q990_err,0.13574461498383195,/mnt/vast01/users/fouad.oubari/msgm/rafm-additions/outputs_tflow_full/v2/final/aniso_k3/seed_65457/result.json
aniso_k3,tflow,65457,complete,q995_err,0.1504611845044328,/mnt/vast01/users/fouad.oubari/msgm/rafm-additions/outputs_tflow_full/v2/final/aniso_k3/seed_65457/result.json
aniso_k3,tflow,65457,complete,radial_w1,1.4304951429367065,/mnt/vast01/users/fouad.oubari/msgm/rafm-additions/outputs_tflow_full/v2/final/aniso_k3/seed_65457/result.json
aniso_k3,tflow,65457,complete,sample_time_s,0.4197164587676525,/mnt/vast01/users/fouad.oubari/msgm/rafm-additions/outputs_tflow_full/v2/final/aniso_k3/seed_65457/result.json
aniso_k3,tflow,65457,complete,sliced_w1,0.7304518222808838,/mnt/vast01/users/fouad.oubari/msgm/rafm-additions/outputs_tflow_full/v2/final/aniso_k3/seed_65457/result.json
aniso_k3,tflow,65457,complete,tail_exc_95,0.14750000536441799,/mnt/vast01/users/fouad.oubari/msgm/rafm-additions/outputs_tflow_full/v2/final/aniso_k3/seed_65457/result.json
aniso_k3,tflow,65457,complete,tail_exc_99,0.06199999690055846,/mnt/vast01/users/fouad.oubari/msgm/rafm-additions/outputs_tflow_full/v2/final/aniso_k3/seed_65457/result.json
aniso_k3,tflow,65457,complete,total_train_time_s,34.523459777235985,/mnt/vast01/users/fouad.oubari/msgm/rafm-additions/outputs_tflow_full/v2/final/aniso_k3/seed_65457/result.json
aniso_k30,A,8925,missing,,,/mnt/vast01/users/fouad.oubari/msgm/rafm-additions/outputs_rafm_input_study/v1/final/aniso_k30/A/seed_8925/result.json
aniso_k30,A,77395,missing,,,/mnt/vast01/users/fouad.oubari/msgm/rafm-additions/outputs_rafm_input_study/v1/final/aniso_k30/A/seed_77395/result.json
aniso_k30,A,65457,missing,,,/mnt/vast01/users/fouad.oubari/msgm/rafm-additions/outputs_rafm_input_study/v1/final/aniso_k30/A/seed_65457/result.json
aniso_k30,B,8925,missing,,,/mnt/vast01/users/fouad.oubari/msgm/rafm-additions/outputs_rafm_input_study/v1/final/aniso_k30/B/seed_8925/result.json
aniso_k30,B,77395,missing,,,/mnt/vast01/users/fouad.oubari/msgm/rafm-additions/outputs_rafm_input_study/v1/final/aniso_k30/B/seed_77395/result.json
aniso_k30,B,65457,missing,,,/mnt/vast01/users/fouad.oubari/msgm/rafm-additions/outputs_rafm_input_study/v1/final/aniso_k30/B/seed_65457/result.json
aniso_k30,C,8925,missing,,,/mnt/vast01/users/fouad.oubari/msgm/rafm-additions/outputs_rafm_input_study/v1/final/aniso_k30/C/seed_8925/result.json
aniso_k30,C,77395,missing,,,/mnt/vast01/users/fouad.oubari/msgm/rafm-additions/outputs_rafm_input_study/v1/final/aniso_k30/C/seed_77395/result.json
aniso_k30,C,65457,missing,,,/mnt/vast01/users/fouad.oubari/msgm/rafm-additions/outputs_rafm_input_study/v1/final/aniso_k30/C/seed_65457/result.json
aniso_k30,tflow,8925,missing,,,/mnt/vast01/users/fouad.oubari/msgm/rafm-additions/outputs_tflow_full/v2/final/aniso_k30/seed_8925/result.json
aniso_k30,tflow,77395,missing,,,/mnt/vast01/users/fouad.oubari/msgm/rafm-additions/outputs_tflow_full/v2/final/aniso_k30/seed_77395/result.json
aniso_k30,tflow,65457,missing,,,/mnt/vast01/users/fouad.oubari/msgm/rafm-additions/outputs_tflow_full/v2/final/aniso_k30/seed_65457/result.json
aniso_k300,A,8925,missing,,,/mnt/vast01/users/fouad.oubari/msgm/rafm-additions/outputs_rafm_input_study/v1/final/aniso_k300/A/seed_8925/result.json
aniso_k300,A,77395,missing,,,/mnt/vast01/users/fouad.oubari/msgm/rafm-additions/outputs_rafm_input_study/v1/final/aniso_k300/A/seed_77395/result.json
aniso_k300,A,65457,missing,,,/mnt/vast01/users/fouad.oubari/msgm/rafm-additions/outputs_rafm_input_study/v1/final/aniso_k300/A/seed_65457/result.json
aniso_k300,B,8925,missing,,,/mnt/vast01/users/fouad.oubari/msgm/rafm-additions/outputs_rafm_input_study/v1/final/aniso_k300/B/seed_8925/result.json
aniso_k300,B,77395,missing,,,/mnt/vast01/users/fouad.oubari/msgm/rafm-additions/outputs_rafm_input_study/v1/final/aniso_k300/B/seed_77395/result.json
aniso_k300,B,65457,missing,,,/mnt/vast01/users/fouad.oubari/msgm/rafm-additions/outputs_rafm_input_study/v1/final/aniso_k300/B/seed_65457/result.json
aniso_k300,C,8925,missing,,,/mnt/vast01/users/fouad.oubari/msgm/rafm-additions/outputs_rafm_input_study/v1/final/aniso_k300/C/seed_8925/result.json
aniso_k300,C,77395,missing,,,/mnt/vast01/users/fouad.oubari/msgm/rafm-additions/outputs_rafm_input_study/v1/final/aniso_k300/C/seed_77395/result.json
aniso_k300,C,65457,missing,,,/mnt/vast01/users/fouad.oubari/msgm/rafm-additions/outputs_rafm_input_study/v1/final/aniso_k300/C/seed_65457/result.json
aniso_k300,tflow,8925,complete,angular_sw_bin0,0.07123465090990067,/mnt/vast01/users/fouad.oubari/msgm/rafm-additions/outputs_tflow_full/v2/final/aniso_k300/seed_8925/result.json
aniso_k300,tflow,8925,complete,angular_sw_bin1,0.07071790844202042,/mnt/vast01/users/fouad.oubari/msgm/rafm-additions/outputs_tflow_full/v2/final/aniso_k300/seed_8925/result.json
aniso_k300,tflow,8925,complete,angular_sw_bin2,0.06719855219125748,/mnt/vast01/users/fouad.oubari/msgm/rafm-additions/outputs_tflow_full/v2/final/aniso_k300/seed_8925/result.json
aniso_k300,tflow,8925,complete,angular_sw_bin3,0.06925900280475616,/mnt/vast01/users/fouad.oubari/msgm/rafm-additions/outputs_tflow_full/v2/final/aniso_k300/seed_8925/result.json
aniso_k300,tflow,8925,complete,angular_sw_mean,0.06960252858698368,/mnt/vast01/users/fouad.oubari/msgm/rafm-additions/outputs_tflow_full/v2/final/aniso_k300/seed_8925/result.json
aniso_k300,tflow,8925,complete,exploding_norm_rate,0.0,/mnt/vast01/users/fouad.oubari/msgm/rafm-additions/outputs_tflow_full/v2/final/aniso_k300/seed_8925/result.json
aniso_k300,tflow,8925,complete,inf_rate,0.0,/mnt/vast01/users/fouad.oubari/msgm/rafm-additions/outputs_tflow_full/v2/final/aniso_k300/seed_8925/result.json
aniso_k300,tflow,8925,complete,invalid_rate,0.0,/mnt/vast01/users/fouad.oubari/msgm/rafm-additions/outputs_tflow_full/v2/final/aniso_k300/seed_8925/result.json
aniso_k300,tflow,8925,complete,ks_stat,0.7656000256538391,/mnt/vast01/users/fouad.oubari/msgm/rafm-additions/outputs_tflow_full/v2/final/aniso_k300/seed_8925/result.json
aniso_k300,tflow,8925,complete,mmd,0.2509528398513794,/mnt/vast01/users/fouad.oubari/msgm/rafm-additions/outputs_tflow_full/v2/final/aniso_k300/seed_8925/result.json
aniso_k300,tflow,8925,complete,n_params,41504,/mnt/vast01/users/fouad.oubari/msgm/rafm-additions/outputs_tflow_full/v2/final/aniso_k300/seed_8925/result.json
aniso_k300,tflow,8925,complete,nan_rate,0.0,/mnt/vast01/users/fouad.oubari/msgm/rafm-additions/outputs_tflow_full/v2/final/aniso_k300/seed_8925/result.json
aniso_k300,tflow,8925,complete,nfe,512,/mnt/vast01/users/fouad.oubari/msgm/rafm-additions/outputs_tflow_full/v2/final/aniso_k300/seed_8925/result.json
aniso_k300,tflow,8925,complete,q950_err,5.054714635129639,/mnt/vast01/users/fouad.oubari/msgm/rafm-additions/outputs_tflow_full/v2/final/aniso_k300/seed_8925/result.json
aniso_k300,tflow,8925,complete,q990_err,7.163801934889529,/mnt/vast01/users/fouad.oubari/msgm/rafm-additions/outputs_tflow_full/v2/final/aniso_k300/seed_8925/result.json
aniso_k300,tflow,8925,complete,q995_err,8.292946795652227,/mnt/vast01/users/fouad.oubari/msgm/rafm-additions/outputs_tflow_full/v2/final/aniso_k300/seed_8925/result.json
aniso_k300,tflow,8925,complete,radial_w1,1450.5592041015625,/mnt/vast01/users/fouad.oubari/msgm/rafm-additions/outputs_tflow_full/v2/final/aniso_k300/seed_8925/result.json
aniso_k300,tflow,8925,complete,sample_time_s,0.42006633058190346,/mnt/vast01/users/fouad.oubari/msgm/rafm-additions/outputs_tflow_full/v2/final/aniso_k300/seed_8925/result.json
aniso_k300,tflow,8925,complete,sliced_w1,216.24522399902344,/mnt/vast01/users/fouad.oubari/msgm/rafm-additions/outputs_tflow_full/v2/final/aniso_k300/seed_8925/result.json
aniso_k300,tflow,8925,complete,tail_exc_95,0.7606999993324279,/mnt/vast01/users/fouad.oubari/msgm/rafm-additions/outputs_tflow_full/v2/final/aniso_k300/seed_8925/result.json
aniso_k300,tflow,8925,complete,tail_exc_99,0.7488000297546387,/mnt/vast01/users/fouad.oubari/msgm/rafm-additions/outputs_tflow_full/v2/final/aniso_k300/seed_8925/result.json
aniso_k300,tflow,8925,complete,total_train_time_s,32.814791820943356,/mnt/vast01/users/fouad.oubari/msgm/rafm-additions/outputs_tflow_full/v2/final/aniso_k300/seed_8925/result.json
aniso_k300,tflow,77395,complete,angular_sw_bin0,0.07054079324007034,/mnt/vast01/users/fouad.oubari/msgm/rafm-additions/outputs_tflow_full/v2/final/aniso_k300/seed_77395/result.json
aniso_k300,tflow,77395,complete,angular_sw_bin1,0.07732626795768738,/mnt/vast01/users/fouad.oubari/msgm/rafm-additions/outputs_tflow_full/v2/final/aniso_k300/seed_77395/result.json
aniso_k300,tflow,77395,complete,angular_sw_bin2,0.08067809045314789,/mnt/vast01/users/fouad.oubari/msgm/rafm-additions/outputs_tflow_full/v2/final/aniso_k300/seed_77395/result.json
aniso_k300,tflow,77395,complete,angular_sw_bin3,0.07182485610246658,/mnt/vast01/users/fouad.oubari/msgm/rafm-additions/outputs_tflow_full/v2/final/aniso_k300/seed_77395/result.json
aniso_k300,tflow,77395,complete,angular_sw_mean,0.07509250193834305,/mnt/vast01/users/fouad.oubari/msgm/rafm-additions/outputs_tflow_full/v2/final/aniso_k300/seed_77395/result.json
aniso_k300,tflow,77395,complete,exploding_norm_rate,0.0,/mnt/vast01/users/fouad.oubari/msgm/rafm-additions/outputs_tflow_full/v2/final/aniso_k300/seed_77395/result.json
aniso_k300,tflow,77395,complete,inf_rate,0.0,/mnt/vast01/users/fouad.oubari/msgm/rafm-additions/outputs_tflow_full/v2/final/aniso_k300/seed_77395/result.json
aniso_k300,tflow,77395,complete,invalid_rate,0.0,/mnt/vast01/users/fouad.oubari/msgm/rafm-additions/outputs_tflow_full/v2/final/aniso_k300/seed_77395/result.json
aniso_k300,tflow,77395,complete,ks_stat,0.7694000005722046,/mnt/vast01/users/fouad.oubari/msgm/rafm-additions/outputs_tflow_full/v2/final/aniso_k300/seed_77395/result.json
aniso_k300,tflow,77395,complete,mmd,0.26738202571868896,/mnt/vast01/users/fouad.oubari/msgm/rafm-additions/outputs_tflow_full/v2/final/aniso_k300/seed_77395/result.json
aniso_k300,tflow,77395,complete,n_params,41504,/mnt/vast01/users/fouad.oubari/msgm/rafm-additions/outputs_tflow_full/v2/final/aniso_k300/seed_77395/result.json
aniso_k300,tflow,77395,complete,nan_rate,0.0,/mnt/vast01/users/fouad.oubari/msgm/rafm-additions/outputs_tflow_full/v2/final/aniso_k300/seed_77395/result.json
aniso_k300,tflow,77395,complete,nfe,512,/mnt/vast01/users/fouad.oubari/msgm/rafm-additions/outputs_tflow_full/v2/final/aniso_k300/seed_77395/result.json
aniso_k300,tflow,77395,complete,q950_err,3.8719724282319192,/mnt/vast01/users/fouad.oubari/msgm/rafm-additions/outputs_tflow_full/v2/final/aniso_k300/seed_77395/result.json
aniso_k300,tflow,77395,complete,q990_err,5.423920529184633,/mnt/vast01/users/fouad.oubari/msgm/rafm-additions/outputs_tflow_full/v2/final/aniso_k300/seed_77395/result.json
aniso_k300,tflow,77395,complete,q995_err,6.2171486864377155,/mnt/vast01/users/fouad.oubari/msgm/rafm-additions/outputs_tflow_full/v2/final/aniso_k300/seed_77395/result.json
aniso_k300,tflow,77395,complete,radial_w1,1221.7364501953125,/mnt/vast01/users/fouad.oubari/msgm/rafm-additions/outputs_tflow_full/v2/final/aniso_k300/seed_77395/result.json
aniso_k300,tflow,77395,complete,sample_time_s,0.41600897535681725,/mnt/vast01/users/fouad.oubari/msgm/rafm-additions/outputs_tflow_full/v2/final/aniso_k300/seed_77395/result.json
aniso_k300,tflow,77395,complete,sliced_w1,191.5660400390625,/mnt/vast01/users/fouad.oubari/msgm/rafm-additions/outputs_tflow_full/v2/final/aniso_k300/seed_77395/result.json
aniso_k300,tflow,77395,complete,tail_exc_95,0.7645999908447265,/mnt/vast01/users/fouad.oubari/msgm/rafm-additions/outputs_tflow_full/v2/final/aniso_k300/seed_77395/result.json
aniso_k300,tflow,77395,complete,tail_exc_99,0.7490000033378601,/mnt/vast01/users/fouad.oubari/msgm/rafm-additions/outputs_tflow_full/v2/final/aniso_k300/seed_77395/result.json
aniso_k300,tflow,77395,complete,total_train_time_s,30.56051291152835,/mnt/vast01/users/fouad.oubari/msgm/rafm-additions/outputs_tflow_full/v2/final/aniso_k300/seed_77395/result.json
aniso_k300,tflow,65457,complete,angular_sw_bin0,0.05908169969916344,/mnt/vast01/users/fouad.oubari/msgm/rafm-additions/outputs_tflow_full/v2/final/aniso_k300/seed_65457/result.json
aniso_k300,tflow,65457,complete,angular_sw_bin1,0.05993489548563957,/mnt/vast01/users/fouad.oubari/msgm/rafm-additions/outputs_tflow_full/v2/final/aniso_k300/seed_65457/result.json
aniso_k300,tflow,65457,complete,angular_sw_bin2,0.05887295678257942,/mnt/vast01/users/fouad.oubari/msgm/rafm-additions/outputs_tflow_full/v2/final/aniso_k300/seed_65457/result.json
aniso_k300,tflow,65457,complete,angular_sw_bin3,0.07072607427835464,/mnt/vast01/users/fouad.oubari/msgm/rafm-additions/outputs_tflow_full/v2/final/aniso_k300/seed_65457/result.json
aniso_k300,tflow,65457,complete,angular_sw_mean,0.06215390656143427,/mnt/vast01/users/fouad.oubari/msgm/rafm-additions/outputs_tflow_full/v2/final/aniso_k300/seed_65457/result.json
aniso_k300,tflow,65457,complete,exploding_norm_rate,0.0,/mnt/vast01/users/fouad.oubari/msgm/rafm-additions/outputs_tflow_full/v2/final/aniso_k300/seed_65457/result.json
aniso_k300,tflow,65457,complete,inf_rate,0.0,/mnt/vast01/users/fouad.oubari/msgm/rafm-additions/outputs_tflow_full/v2/final/aniso_k300/seed_65457/result.json
aniso_k300,tflow,65457,complete,invalid_rate,0.0,/mnt/vast01/users/fouad.oubari/msgm/rafm-additions/outputs_tflow_full/v2/final/aniso_k300/seed_65457/result.json
aniso_k300,tflow,65457,complete,ks_stat,0.7620999813079834,/mnt/vast01/users/fouad.oubari/msgm/rafm-additions/outputs_tflow_full/v2/final/aniso_k300/seed_65457/result.json
aniso_k300,tflow,65457,complete,mmd,0.2554893493652344,/mnt/vast01/users/fouad.oubari/msgm/rafm-additions/outputs_tflow_full/v2/final/aniso_k300/seed_65457/result.json
aniso_k300,tflow,65457,complete,n_params,41504,/mnt/vast01/users/fouad.oubari/msgm/rafm-additions/outputs_tflow_full/v2/final/aniso_k300/seed_65457/result.json
aniso_k300,tflow,65457,complete,nan_rate,0.0,/mnt/vast01/users/fouad.oubari/msgm/rafm-additions/outputs_tflow_full/v2/final/aniso_k300/seed_65457/result.json
aniso_k300,tflow,65457,complete,nfe,512,/mnt/vast01/users/fouad.oubari/msgm/rafm-additions/outputs_tflow_full/v2/final/aniso_k300/seed_65457/result.json
aniso_k300,tflow,65457,complete,q950_err,3.0477566333582278,/mnt/vast01/users/fouad.oubari/msgm/rafm-additions/outputs_tflow_full/v2/final/aniso_k300/seed_65457/result.json
aniso_k300,tflow,65457,complete,q990_err,3.945759638696456,/mnt/vast01/users/fouad.oubari/msgm/rafm-additions/outputs_tflow_full/v2/final/aniso_k300/seed_65457/result.json
aniso_k300,tflow,65457,complete,q995_err,4.28523582020881,/mnt/vast01/users/fouad.oubari/msgm/rafm-additions/outputs_tflow_full/v2/final/aniso_k300/seed_65457/result.json
aniso_k300,tflow,65457,complete,radial_w1,1039.024658203125,/mnt/vast01/users/fouad.oubari/msgm/rafm-additions/outputs_tflow_full/v2/final/aniso_k300/seed_65457/result.json
aniso_k300,tflow,65457,complete,sample_time_s,0.42115331068634987,/mnt/vast01/users/fouad.oubari/msgm/rafm-additions/outputs_tflow_full/v2/final/aniso_k300/seed_65457/result.json
aniso_k300,tflow,65457,complete,sliced_w1,166.5865478515625,/mnt/vast01/users/fouad.oubari/msgm/rafm-additions/outputs_tflow_full/v2/final/aniso_k300/seed_65457/result.json
aniso_k300,tflow,65457,complete,tail_exc_95,0.7601000189781189,/mnt/vast01/users/fouad.oubari/msgm/rafm-additions/outputs_tflow_full/v2/final/aniso_k300/seed_65457/result.json
aniso_k300,tflow,65457,complete,tail_exc_99,0.7304999732971191,/mnt/vast01/users/fouad.oubari/msgm/rafm-additions/outputs_tflow_full/v2/final/aniso_k300/seed_65457/result.json
aniso_k300,tflow,65457,complete,total_train_time_s,33.813293654471636,/mnt/vast01/users/fouad.oubari/msgm/rafm-additions/outputs_tflow_full/v2/final/aniso_k300/seed_65457/result.json
audiomnist_stft,A,8925,in_progress_or_interrupted,,,/mnt/vast01/users/fouad.oubari/msgm/rafm-additions/outputs_rafm_input_study/v1/final/audiomnist_stft/A/seed_8925/result.json
audiomnist_stft,A,1234,in_progress_or_interrupted,,,/mnt/vast01/users/fouad.oubari/msgm/rafm-additions/outputs_rafm_input_study/v1/final/audiomnist_stft/A/seed_1234/result.json
audiomnist_stft,A,7,missing,,,/mnt/vast01/users/fouad.oubari/msgm/rafm-additions/outputs_rafm_input_study/v1/final/audiomnist_stft/A/seed_7/result.json
audiomnist_stft,B,8925,in_progress_or_interrupted,,,/mnt/vast01/users/fouad.oubari/msgm/rafm-additions/outputs_rafm_input_study/v1/final/audiomnist_stft/B/seed_8925/result.json
audiomnist_stft,B,1234,in_progress_or_interrupted,,,/mnt/vast01/users/fouad.oubari/msgm/rafm-additions/outputs_rafm_input_study/v1/final/audiomnist_stft/B/seed_1234/result.json
audiomnist_stft,B,7,missing,,,/mnt/vast01/users/fouad.oubari/msgm/rafm-additions/outputs_rafm_input_study/v1/final/audiomnist_stft/B/seed_7/result.json
audiomnist_stft,C,8925,in_progress_or_interrupted,,,/mnt/vast01/users/fouad.oubari/msgm/rafm-additions/outputs_rafm_input_study/v1/final/audiomnist_stft/C/seed_8925/result.json
audiomnist_stft,C,1234,in_progress_or_interrupted,,,/mnt/vast01/users/fouad.oubari/msgm/rafm-additions/outputs_rafm_input_study/v1/final/audiomnist_stft/C/seed_1234/result.json
audiomnist_stft,C,7,missing,,,/mnt/vast01/users/fouad.oubari/msgm/rafm-additions/outputs_rafm_input_study/v1/final/audiomnist_stft/C/seed_7/result.json
audiomnist_stft,tflow,8925,missing,,,/mnt/vast01/users/fouad.oubari/msgm/rafm-additions/outputs_tflow_full/v2/final/audiomnist_stft/seed_8925/result.json
audiomnist_stft,tflow,1234,missing,,,/mnt/vast01/users/fouad.oubari/msgm/rafm-additions/outputs_tflow_full/v2/final/audiomnist_stft/seed_1234/result.json
audiomnist_stft,tflow,7,missing,,,/mnt/vast01/users/fouad.oubari/msgm/rafm-additions/outputs_tflow_full/v2/final/audiomnist_stft/seed_7/result.json
finance_ff49,A,8925,missing,,,/mnt/vast01/users/fouad.oubari/msgm/rafm-additions/outputs_rafm_input_study/v1/final/finance_ff49/A/seed_8925/result.json
finance_ff49,A,77395,missing,,,/mnt/vast01/users/fouad.oubari/msgm/rafm-additions/outputs_rafm_input_study/v1/final/finance_ff49/A/seed_77395/result.json
finance_ff49,A,65457,missing,,,/mnt/vast01/users/fouad.oubari/msgm/rafm-additions/outputs_rafm_input_study/v1/final/finance_ff49/A/seed_65457/result.json
finance_ff49,B,8925,missing,,,/mnt/vast01/users/fouad.oubari/msgm/rafm-additions/outputs_rafm_input_study/v1/final/finance_ff49/B/seed_8925/result.json
finance_ff49,B,77395,missing,,,/mnt/vast01/users/fouad.oubari/msgm/rafm-additions/outputs_rafm_input_study/v1/final/finance_ff49/B/seed_77395/result.json
finance_ff49,B,65457,missing,,,/mnt/vast01/users/fouad.oubari/msgm/rafm-additions/outputs_rafm_input_study/v1/final/finance_ff49/B/seed_65457/result.json
finance_ff49,C,8925,missing,,,/mnt/vast01/users/fouad.oubari/msgm/rafm-additions/outputs_rafm_input_study/v1/final/finance_ff49/C/seed_8925/result.json
finance_ff49,C,77395,missing,,,/mnt/vast01/users/fouad.oubari/msgm/rafm-additions/outputs_rafm_input_study/v1/final/finance_ff49/C/seed_77395/result.json
finance_ff49,C,65457,missing,,,/mnt/vast01/users/fouad.oubari/msgm/rafm-additions/outputs_rafm_input_study/v1/final/finance_ff49/C/seed_65457/result.json
finance_ff49,tflow,8925,complete,angular_sw_bin0,0.07224445790052414,/mnt/vast01/users/fouad.oubari/msgm/rafm-additions/outputs_tflow_full/v2/final/finance_ff49/seed_8925/result.json
finance_ff49,tflow,8925,complete,angular_sw_bin1,0.050818853080272675,/mnt/vast01/users/fouad.oubari/msgm/rafm-additions/outputs_tflow_full/v2/final/finance_ff49/seed_8925/result.json
finance_ff49,tflow,8925,complete,angular_sw_bin2,0.04673381894826889,/mnt/vast01/users/fouad.oubari/msgm/rafm-additions/outputs_tflow_full/v2/final/finance_ff49/seed_8925/result.json
finance_ff49,tflow,8925,complete,angular_sw_bin3,0.04824795201420784,/mnt/vast01/users/fouad.oubari/msgm/rafm-additions/outputs_tflow_full/v2/final/finance_ff49/seed_8925/result.json
finance_ff49,tflow,8925,complete,angular_sw_mean,0.054511270485818386,/mnt/vast01/users/fouad.oubari/msgm/rafm-additions/outputs_tflow_full/v2/final/finance_ff49/seed_8925/result.json
finance_ff49,tflow,8925,complete,exploding_norm_rate,0.0031347961630672216,/mnt/vast01/users/fouad.oubari/msgm/rafm-additions/outputs_tflow_full/v2/final/finance_ff49/seed_8925/result.json
finance_ff49,tflow,8925,complete,inf_rate,0.0,/mnt/vast01/users/fouad.oubari/msgm/rafm-additions/outputs_tflow_full/v2/final/finance_ff49/seed_8925/result.json
finance_ff49,tflow,8925,complete,invalid_rate,0.0031347961630672216,/mnt/vast01/users/fouad.oubari/msgm/rafm-additions/outputs_tflow_full/v2/final/finance_ff49/seed_8925/result.json
finance_ff49,tflow,8925,complete,ks_stat,0.355276882648468,/mnt/vast01/users/fouad.oubari/msgm/rafm-additions/outputs_tflow_full/v2/final/finance_ff49/seed_8925/result.json
finance_ff49,tflow,8925,complete,mmd,0.09928596019744873,/mnt/vast01/users/fouad.oubari/msgm/rafm-additions/outputs_tflow_full/v2/final/finance_ff49/seed_8925/result.json
finance_ff49,tflow,8925,complete,n_params,45873,/mnt/vast01/users/fouad.oubari/msgm/rafm-additions/outputs_tflow_full/v2/final/finance_ff49/seed_8925/result.json
finance_ff49,tflow,8925,complete,nan_rate,0.0,/mnt/vast01/users/fouad.oubari/msgm/rafm-additions/outputs_tflow_full/v2/final/finance_ff49/seed_8925/result.json
finance_ff49,tflow,8925,complete,nfe,512,/mnt/vast01/users/fouad.oubari/msgm/rafm-additions/outputs_tflow_full/v2/final/finance_ff49/seed_8925/result.json
finance_ff49,tflow,8925,complete,q950_err,16.822195452920585,/mnt/vast01/users/fouad.oubari/msgm/rafm-additions/outputs_tflow_full/v2/final/finance_ff49/seed_8925/result.json
finance_ff49,tflow,8925,complete,q990_err,26.27884162186144,/mnt/vast01/users/fouad.oubari/msgm/rafm-additions/outputs_tflow_full/v2/final/finance_ff49/seed_8925/result.json
finance_ff49,tflow,8925,complete,q995_err,23.23447276977341,/mnt/vast01/users/fouad.oubari/msgm/rafm-additions/outputs_tflow_full/v2/final/finance_ff49/seed_8925/result.json
finance_ff49,tflow,8925,complete,radial_w1,48.85581970214844,/mnt/vast01/users/fouad.oubari/msgm/rafm-additions/outputs_tflow_full/v2/final/finance_ff49/seed_8925/result.json
finance_ff49,tflow,8925,complete,sample_time_s,0.3873550035059452,/mnt/vast01/users/fouad.oubari/msgm/rafm-additions/outputs_tflow_full/v2/final/finance_ff49/seed_8925/result.json
finance_ff49,tflow,8925,complete,sliced_w1,5.763371467590332,/mnt/vast01/users/fouad.oubari/msgm/rafm-additions/outputs_tflow_full/v2/final/finance_ff49/seed_8925/result.json
finance_ff49,tflow,8925,complete,tail_exc_95,0.3491640508174896,/mnt/vast01/users/fouad.oubari/msgm/rafm-additions/outputs_tflow_full/v2/final/finance_ff49/seed_8925/result.json
finance_ff49,tflow,8925,complete,tail_exc_99,0.3073110485076904,/mnt/vast01/users/fouad.oubari/msgm/rafm-additions/outputs_tflow_full/v2/final/finance_ff49/seed_8925/result.json
finance_ff49,tflow,8925,complete,total_train_time_s,32.88870066404343,/mnt/vast01/users/fouad.oubari/msgm/rafm-additions/outputs_tflow_full/v2/final/finance_ff49/seed_8925/result.json
finance_ff49,tflow,77395,complete,angular_sw_bin0,0.06649468839168549,/mnt/vast01/users/fouad.oubari/msgm/rafm-additions/outputs_tflow_full/v2/final/finance_ff49/seed_77395/result.json
finance_ff49,tflow,77395,complete,angular_sw_bin1,0.06111908704042435,/mnt/vast01/users/fouad.oubari/msgm/rafm-additions/outputs_tflow_full/v2/final/finance_ff49/seed_77395/result.json
finance_ff49,tflow,77395,complete,angular_sw_bin2,0.06643933802843094,/mnt/vast01/users/fouad.oubari/msgm/rafm-additions/outputs_tflow_full/v2/final/finance_ff49/seed_77395/result.json
finance_ff49,tflow,77395,complete,angular_sw_bin3,0.05857034772634506,/mnt/vast01/users/fouad.oubari/msgm/rafm-additions/outputs_tflow_full/v2/final/finance_ff49/seed_77395/result.json
finance_ff49,tflow,77395,complete,angular_sw_mean,0.06315586529672146,/mnt/vast01/users/fouad.oubari/msgm/rafm-additions/outputs_tflow_full/v2/final/finance_ff49/seed_77395/result.json
finance_ff49,tflow,77395,complete,exploding_norm_rate,0.005224660504609346,/mnt/vast01/users/fouad.oubari/msgm/rafm-additions/outputs_tflow_full/v2/final/finance_ff49/seed_77395/result.json
finance_ff49,tflow,77395,complete,inf_rate,0.0,/mnt/vast01/users/fouad.oubari/msgm/rafm-additions/outputs_tflow_full/v2/final/finance_ff49/seed_77395/result.json
finance_ff49,tflow,77395,complete,invalid_rate,0.005224660504609346,/mnt/vast01/users/fouad.oubari/msgm/rafm-additions/outputs_tflow_full/v2/final/finance_ff49/seed_77395/result.json
finance_ff49,tflow,77395,complete,ks_stat,0.32776039838790894,/mnt/vast01/users/fouad.oubari/msgm/rafm-additions/outputs_tflow_full/v2/final/finance_ff49/seed_77395/result.json
finance_ff49,tflow,77395,complete,mmd,0.09708619117736816,/mnt/vast01/users/fouad.oubari/msgm/rafm-additions/outputs_tflow_full/v2/final/finance_ff49/seed_77395/result.json
finance_ff49,tflow,77395,complete,n_params,45873,/mnt/vast01/users/fouad.oubari/msgm/rafm-additions/outputs_tflow_full/v2/final/finance_ff49/seed_77395/result.json
finance_ff49,tflow,77395,complete,nan_rate,0.0,/mnt/vast01/users/fouad.oubari/msgm/rafm-additions/outputs_tflow_full/v2/final/finance_ff49/seed_77395/result.json
finance_ff49,tflow,77395,complete,nfe,512,/mnt/vast01/users/fouad.oubari/msgm/rafm-additions/outputs_tflow_full/v2/final/finance_ff49/seed_77395/result.json
finance_ff49,tflow,77395,complete,q950_err,15.64800328342944,/mnt/vast01/users/fouad.oubari/msgm/rafm-additions/outputs_tflow_full/v2/final/finance_ff49/seed_77395/result.json
finance_ff49,tflow,77395,complete,q990_err,27.0036906624747,/mnt/vast01/users/fouad.oubari/msgm/rafm-additions/outputs_tflow_full/v2/final/finance_ff49/seed_77395/result.json
finance_ff49,tflow,77395,complete,q995_err,28.153344898300777,/mnt/vast01/users/fouad.oubari/msgm/rafm-additions/outputs_tflow_full/v2/final/finance_ff49/seed_77395/result.json
finance_ff49,tflow,77395,complete,radial_w1,48.123268127441406,/mnt/vast01/users/fouad.oubari/msgm/rafm-additions/outputs_tflow_full/v2/final/finance_ff49/seed_77395/result.json
finance_ff49,tflow,77395,complete,sample_time_s,0.39205358922481537,/mnt/vast01/users/fouad.oubari/msgm/rafm-additions/outputs_tflow_full/v2/final/finance_ff49/seed_77395/result.json
finance_ff49,tflow,77395,complete,sliced_w1,5.709035396575928,/mnt/vast01/users/fouad.oubari/msgm/rafm-additions/outputs_tflow_full/v2/final/finance_ff49/seed_77395/result.json
finance_ff49,tflow,77395,complete,tail_exc_95,0.3212992072105407,/mnt/vast01/users/fouad.oubari/msgm/rafm-additions/outputs_tflow_full/v2/final/finance_ff49/seed_77395/result.json
finance_ff49,tflow,77395,complete,tail_exc_99,0.28118773341178893,/mnt/vast01/users/fouad.oubari/msgm/rafm-additions/outputs_tflow_full/v2/final/finance_ff49/seed_77395/result.json
finance_ff49,tflow,77395,complete,total_train_time_s,34.912099454551935,/mnt/vast01/users/fouad.oubari/msgm/rafm-additions/outputs_tflow_full/v2/final/finance_ff49/seed_77395/result.json
finance_ff49,tflow,65457,complete,angular_sw_bin0,0.07976147532463074,/mnt/vast01/users/fouad.oubari/msgm/rafm-additions/outputs_tflow_full/v2/final/finance_ff49/seed_65457/result.json
finance_ff49,tflow,65457,complete,angular_sw_bin1,0.06493537873029709,/mnt/vast01/users/fouad.oubari/msgm/rafm-additions/outputs_tflow_full/v2/final/finance_ff49/seed_65457/result.json
finance_ff49,tflow,65457,complete,angular_sw_bin2,0.06325630098581314,/mnt/vast01/users/fouad.oubari/msgm/rafm-additions/outputs_tflow_full/v2/final/finance_ff49/seed_65457/result.json
finance_ff49,tflow,65457,complete,angular_sw_bin3,0.04470669850707054,/mnt/vast01/users/fouad.oubari/msgm/rafm-additions/outputs_tflow_full/v2/final/finance_ff49/seed_65457/result.json
finance_ff49,tflow,65457,complete,angular_sw_mean,0.06316496338695288,/mnt/vast01/users/fouad.oubari/msgm/rafm-additions/outputs_tflow_full/v2/final/finance_ff49/seed_65457/result.json
finance_ff49,tflow,65457,complete,exploding_norm_rate,0.0111459419131279,/mnt/vast01/users/fouad.oubari/msgm/rafm-additions/outputs_tflow_full/v2/final/finance_ff49/seed_65457/result.json
finance_ff49,tflow,65457,complete,inf_rate,0.0,/mnt/vast01/users/fouad.oubari/msgm/rafm-additions/outputs_tflow_full/v2/final/finance_ff49/seed_65457/result.json
finance_ff49,tflow,65457,complete,invalid_rate,0.0111459419131279,/mnt/vast01/users/fouad.oubari/msgm/rafm-additions/outputs_tflow_full/v2/final/finance_ff49/seed_65457/result.json
finance_ff49,tflow,65457,complete,ks_stat,0.3002438545227051,/mnt/vast01/users/fouad.oubari/msgm/rafm-additions/outputs_tflow_full/v2/final/finance_ff49/seed_65457/result.json
finance_ff49,tflow,65457,complete,mmd,0.07855880260467529,/mnt/vast01/users/fouad.oubari/msgm/rafm-additions/outputs_tflow_full/v2/final/finance_ff49/seed_65457/result.json
finance_ff49,tflow,65457,complete,n_params,45873,/mnt/vast01/users/fouad.oubari/msgm/rafm-additions/outputs_tflow_full/v2/final/finance_ff49/seed_65457/result.json
finance_ff49,tflow,65457,complete,nan_rate,0.0,/mnt/vast01/users/fouad.oubari/msgm/rafm-additions/outputs_tflow_full/v2/final/finance_ff49/seed_65457/result.json
finance_ff49,tflow,65457,complete,nfe,512,/mnt/vast01/users/fouad.oubari/msgm/rafm-additions/outputs_tflow_full/v2/final/finance_ff49/seed_65457/result.json
finance_ff49,tflow,65457,complete,q950_err,20.16120624558518,/mnt/vast01/users/fouad.oubari/msgm/rafm-additions/outputs_tflow_full/v2/final/finance_ff49/seed_65457/result.json
finance_ff49,tflow,65457,complete,q990_err,31.283409242692244,/mnt/vast01/users/fouad.oubari/msgm/rafm-additions/outputs_tflow_full/v2/final/finance_ff49/seed_65457/result.json
finance_ff49,tflow,65457,complete,q995_err,30.672731779164334,/mnt/vast01/users/fouad.oubari/msgm/rafm-additions/outputs_tflow_full/v2/final/finance_ff49/seed_65457/result.json
finance_ff49,tflow,65457,complete,radial_w1,53.67402267456055,/mnt/vast01/users/fouad.oubari/msgm/rafm-additions/outputs_tflow_full/v2/final/finance_ff49/seed_65457/result.json
finance_ff49,tflow,65457,complete,sample_time_s,0.3883128687739372,/mnt/vast01/users/fouad.oubari/msgm/rafm-additions/outputs_tflow_full/v2/final/finance_ff49/seed_65457/result.json
finance_ff49,tflow,65457,complete,sliced_w1,6.382659912109375,/mnt/vast01/users/fouad.oubari/msgm/rafm-additions/outputs_tflow_full/v2/final/finance_ff49/seed_65457/result.json
finance_ff49,tflow,65457,complete,tail_exc_95,0.29831067919731136,/mnt/vast01/users/fouad.oubari/msgm/rafm-additions/outputs_tflow_full/v2/final/finance_ff49/seed_65457/result.json
finance_ff49,tflow,65457,complete,tail_exc_99,0.27631138801574706,/mnt/vast01/users/fouad.oubari/msgm/rafm-additions/outputs_tflow_full/v2/final/finance_ff49/seed_65457/result.json
finance_ff49,tflow,65457,complete,total_train_time_s,33.37500638142228,/mnt/vast01/users/fouad.oubari/msgm/rafm-additions/outputs_tflow_full/v2/final/finance_ff49/seed_65457/result.json
gaussian_aniso_d16_cor,A,8925,missing,,,/mnt/vast01/users/fouad.oubari/msgm/rafm-additions/outputs_rafm_input_study/v1/final/gaussian_aniso_d16_cor/A/seed_8925/result.json
gaussian_aniso_d16_cor,A,77395,missing,,,/mnt/vast01/users/fouad.oubari/msgm/rafm-additions/outputs_rafm_input_study/v1/final/gaussian_aniso_d16_cor/A/seed_77395/result.json
gaussian_aniso_d16_cor,A,65457,missing,,,/mnt/vast01/users/fouad.oubari/msgm/rafm-additions/outputs_rafm_input_study/v1/final/gaussian_aniso_d16_cor/A/seed_65457/result.json
gaussian_aniso_d16_cor,B,8925,missing,,,/mnt/vast01/users/fouad.oubari/msgm/rafm-additions/outputs_rafm_input_study/v1/final/gaussian_aniso_d16_cor/B/seed_8925/result.json
gaussian_aniso_d16_cor,B,77395,missing,,,/mnt/vast01/users/fouad.oubari/msgm/rafm-additions/outputs_rafm_input_study/v1/final/gaussian_aniso_d16_cor/B/seed_77395/result.json
gaussian_aniso_d16_cor,B,65457,missing,,,/mnt/vast01/users/fouad.oubari/msgm/rafm-additions/outputs_rafm_input_study/v1/final/gaussian_aniso_d16_cor/B/seed_65457/result.json
gaussian_aniso_d16_cor,C,8925,missing,,,/mnt/vast01/users/fouad.oubari/msgm/rafm-additions/outputs_rafm_input_study/v1/final/gaussian_aniso_d16_cor/C/seed_8925/result.json
gaussian_aniso_d16_cor,C,77395,missing,,,/mnt/vast01/users/fouad.oubari/msgm/rafm-additions/outputs_rafm_input_study/v1/final/gaussian_aniso_d16_cor/C/seed_77395/result.json
gaussian_aniso_d16_cor,C,65457,missing,,,/mnt/vast01/users/fouad.oubari/msgm/rafm-additions/outputs_rafm_input_study/v1/final/gaussian_aniso_d16_cor/C/seed_65457/result.json
gaussian_aniso_d16_cor,tflow,8925,complete,angular_sw_bin0,0.03929148241877556,/mnt/vast01/users/fouad.oubari/msgm/rafm-additions/outputs_tflow_full/v2/final/gaussian_aniso_d16_cor/seed_8925/result.json
gaussian_aniso_d16_cor,tflow,8925,complete,angular_sw_bin1,0.06140635162591934,/mnt/vast01/users/fouad.oubari/msgm/rafm-additions/outputs_tflow_full/v2/final/gaussian_aniso_d16_cor/seed_8925/result.json
gaussian_aniso_d16_cor,tflow,8925,complete,angular_sw_bin2,0.09099304676055908,/mnt/vast01/users/fouad.oubari/msgm/rafm-additions/outputs_tflow_full/v2/final/gaussian_aniso_d16_cor/seed_8925/result.json
gaussian_aniso_d16_cor,tflow,8925,complete,angular_sw_bin3,0.13336081802845,/mnt/vast01/users/fouad.oubari/msgm/rafm-additions/outputs_tflow_full/v2/final/gaussian_aniso_d16_cor/seed_8925/result.json
gaussian_aniso_d16_cor,tflow,8925,complete,angular_sw_mean,0.081262924708426,/mnt/vast01/users/fouad.oubari/msgm/rafm-additions/outputs_tflow_full/v2/final/gaussian_aniso_d16_cor/seed_8925/result.json
gaussian_aniso_d16_cor,tflow,8925,complete,exploding_norm_rate,0.0,/mnt/vast01/users/fouad.oubari/msgm/rafm-additions/outputs_tflow_full/v2/final/gaussian_aniso_d16_cor/seed_8925/result.json
gaussian_aniso_d16_cor,tflow,8925,complete,inf_rate,0.0,/mnt/vast01/users/fouad.oubari/msgm/rafm-additions/outputs_tflow_full/v2/final/gaussian_aniso_d16_cor/seed_8925/result.json
gaussian_aniso_d16_cor,tflow,8925,complete,invalid_rate,0.0,/mnt/vast01/users/fouad.oubari/msgm/rafm-additions/outputs_tflow_full/v2/final/gaussian_aniso_d16_cor/seed_8925/result.json
gaussian_aniso_d16_cor,tflow,8925,complete,ks_stat,0.12000000476837158,/mnt/vast01/users/fouad.oubari/msgm/rafm-additions/outputs_tflow_full/v2/final/gaussian_aniso_d16_cor/seed_8925/result.json
gaussian_aniso_d16_cor,tflow,8925,complete,mmd,0.0511091947555542,/mnt/vast01/users/fouad.oubari/msgm/rafm-additions/outputs_tflow_full/v2/final/gaussian_aniso_d16_cor/seed_8925/result.json
gaussian_aniso_d16_cor,tflow,8925,complete,n_params,37392,/mnt/vast01/users/fouad.oubari/msgm/rafm-additions/outputs_tflow_full/v2/final/gaussian_aniso_d16_cor/seed_8925/result.json
gaussian_aniso_d16_cor,tflow,8925,complete,nan_rate,0.0,/mnt/vast01/users/fouad.oubari/msgm/rafm-additions/outputs_tflow_full/v2/final/gaussian_aniso_d16_cor/seed_8925/result.json
gaussian_aniso_d16_cor,tflow,8925,complete,nfe,512,/mnt/vast01/users/fouad.oubari/msgm/rafm-additions/outputs_tflow_full/v2/final/gaussian_aniso_d16_cor/seed_8925/result.json
gaussian_aniso_d16_cor,tflow,8925,complete,q950_err,0.08065820276800309,/mnt/vast01/users/fouad.oubari/msgm/rafm-additions/outputs_tflow_full/v2/final/gaussian_aniso_d16_cor/seed_8925/result.json
gaussian_aniso_d16_cor,tflow,8925,complete,q990_err,0.11506001249786943,/mnt/vast01/users/fouad.oubari/msgm/rafm-additions/outputs_tflow_full/v2/final/gaussian_aniso_d16_cor/seed_8925/result.json
gaussian_aniso_d16_cor,tflow,8925,complete,q995_err,0.12372383817434997,/mnt/vast01/users/fouad.oubari/msgm/rafm-additions/outputs_tflow_full/v2/final/gaussian_aniso_d16_cor/seed_8925/result.json
gaussian_aniso_d16_cor,tflow,8925,complete,radial_w1,0.9307096004486084,/mnt/vast01/users/fouad.oubari/msgm/rafm-additions/outputs_tflow_full/v2/final/gaussian_aniso_d16_cor/seed_8925/result.json
gaussian_aniso_d16_cor,tflow,8925,complete,sample_time_s,0.4130830951035023,/mnt/vast01/users/fouad.oubari/msgm/rafm-additions/outputs_tflow_full/v2/final/gaussian_aniso_d16_cor/seed_8925/result.json
gaussian_aniso_d16_cor,tflow,8925,complete,sliced_w1,1.380802869796753,/mnt/vast01/users/fouad.oubari/msgm/rafm-additions/outputs_tflow_full/v2/final/gaussian_aniso_d16_cor/seed_8925/result.json
gaussian_aniso_d16_cor,tflow,8925,complete,tail_exc_95,0.03440000042319302,/mnt/vast01/users/fouad.oubari/msgm/rafm-additions/outputs_tflow_full/v2/final/gaussian_aniso_d16_cor/seed_8925/result.json
gaussian_aniso_d16_cor,tflow,8925,complete,tail_exc_99,0.008499999986961493,/mnt/vast01/users/fouad.oubari/msgm/rafm-additions/outputs_tflow_full/v2/final/gaussian_aniso_d16_cor/seed_8925/result.json
gaussian_aniso_d16_cor,tflow,8925,complete,total_train_time_s,34.970399640500546,/mnt/vast01/users/fouad.oubari/msgm/rafm-additions/outputs_tflow_full/v2/final/gaussian_aniso_d16_cor/seed_8925/result.json
gaussian_aniso_d16_cor,tflow,77395,complete,angular_sw_bin0,0.03754524141550064,/mnt/vast01/users/fouad.oubari/msgm/rafm-additions/outputs_tflow_full/v2/final/gaussian_aniso_d16_cor/seed_77395/result.json
gaussian_aniso_d16_cor,tflow,77395,complete,angular_sw_bin1,0.052362218499183655,/mnt/vast01/users/fouad.oubari/msgm/rafm-additions/outputs_tflow_full/v2/final/gaussian_aniso_d16_cor/seed_77395/result.json
gaussian_aniso_d16_cor,tflow,77395,complete,angular_sw_bin2,0.057572975754737854,/mnt/vast01/users/fouad.oubari/msgm/rafm-additions/outputs_tflow_full/v2/final/gaussian_aniso_d16_cor/seed_77395/result.json
gaussian_aniso_d16_cor,tflow,77395,complete,angular_sw_bin3,0.08223171532154083,/mnt/vast01/users/fouad.oubari/msgm/rafm-additions/outputs_tflow_full/v2/final/gaussian_aniso_d16_cor/seed_77395/result.json
gaussian_aniso_d16_cor,tflow,77395,complete,angular_sw_mean,0.057428037747740746,/mnt/vast01/users/fouad.oubari/msgm/rafm-additions/outputs_tflow_full/v2/final/gaussian_aniso_d16_cor/seed_77395/result.json
gaussian_aniso_d16_cor,tflow,77395,complete,exploding_norm_rate,0.0,/mnt/vast01/users/fouad.oubari/msgm/rafm-additions/outputs_tflow_full/v2/final/gaussian_aniso_d16_cor/seed_77395/result.json
gaussian_aniso_d16_cor,tflow,77395,complete,inf_rate,0.0,/mnt/vast01/users/fouad.oubari/msgm/rafm-additions/outputs_tflow_full/v2/final/gaussian_aniso_d16_cor/seed_77395/result.json
gaussian_aniso_d16_cor,tflow,77395,complete,invalid_rate,0.0,/mnt/vast01/users/fouad.oubari/msgm/rafm-additions/outputs_tflow_full/v2/final/gaussian_aniso_d16_cor/seed_77395/result.json
gaussian_aniso_d16_cor,tflow,77395,complete,ks_stat,0.1601000428199768,/mnt/vast01/users/fouad.oubari/msgm/rafm-additions/outputs_tflow_full/v2/final/gaussian_aniso_d16_cor/seed_77395/result.json
gaussian_aniso_d16_cor,tflow,77395,complete,mmd,0.018654823303222656,/mnt/vast01/users/fouad.oubari/msgm/rafm-additions/outputs_tflow_full/v2/final/gaussian_aniso_d16_cor/seed_77395/result.json
gaussian_aniso_d16_cor,tflow,77395,complete,n_params,37392,/mnt/vast01/users/fouad.oubari/msgm/rafm-additions/outputs_tflow_full/v2/final/gaussian_aniso_d16_cor/seed_77395/result.json
gaussian_aniso_d16_cor,tflow,77395,complete,nan_rate,0.0,/mnt/vast01/users/fouad.oubari/msgm/rafm-additions/outputs_tflow_full/v2/final/gaussian_aniso_d16_cor/seed_77395/result.json
gaussian_aniso_d16_cor,tflow,77395,complete,nfe,512,/mnt/vast01/users/fouad.oubari/msgm/rafm-additions/outputs_tflow_full/v2/final/gaussian_aniso_d16_cor/seed_77395/result.json
gaussian_aniso_d16_cor,tflow,77395,complete,q950_err,0.14773505287038816,/mnt/vast01/users/fouad.oubari/msgm/rafm-additions/outputs_tflow_full/v2/final/gaussian_aniso_d16_cor/seed_77395/result.json
gaussian_aniso_d16_cor,tflow,77395,complete,q990_err,0.1804454796068347,/mnt/vast01/users/fouad.oubari/msgm/rafm-additions/outputs_tflow_full/v2/final/gaussian_aniso_d16_cor/seed_77395/result.json
gaussian_aniso_d16_cor,tflow,77395,complete,q995_err,0.18791274954471657,/mnt/vast01/users/fouad.oubari/msgm/rafm-additions/outputs_tflow_full/v2/final/gaussian_aniso_d16_cor/seed_77395/result.json
gaussian_aniso_d16_cor,tflow,77395,complete,radial_w1,1.1746912002563477,/mnt/vast01/users/fouad.oubari/msgm/rafm-additions/outputs_tflow_full/v2/final/gaussian_aniso_d16_cor/seed_77395/result.json
gaussian_aniso_d16_cor,tflow,77395,complete,sample_time_s,0.41665590181946754,/mnt/vast01/users/fouad.oubari/msgm/rafm-additions/outputs_tflow_full/v2/final/gaussian_aniso_d16_cor/seed_77395/result.json
gaussian_aniso_d16_cor,tflow,77395,complete,sliced_w1,0.7897738218307495,/mnt/vast01/users/fouad.oubari/msgm/rafm-additions/outputs_tflow_full/v2/final/gaussian_aniso_d16_cor/seed_77395/result.json
gaussian_aniso_d16_cor,tflow,77395,complete,tail_exc_95,0.045800000149756714,/mnt/vast01/users/fouad.oubari/msgm/rafm-additions/outputs_tflow_full/v2/final/gaussian_aniso_d16_cor/seed_77395/result.json
gaussian_aniso_d16_cor,tflow,77395,complete,tail_exc_99,0.009699999985750773,/mnt/vast01/users/fouad.oubari/msgm/rafm-additions/outputs_tflow_full/v2/final/gaussian_aniso_d16_cor/seed_77395/result.json
gaussian_aniso_d16_cor,tflow,77395,complete,total_train_time_s,33.584449768066406,/mnt/vast01/users/fouad.oubari/msgm/rafm-additions/outputs_tflow_full/v2/final/gaussian_aniso_d16_cor/seed_77395/result.json
gaussian_aniso_d16_cor,tflow,65457,in_progress_or_interrupted,,,/mnt/vast01/users/fouad.oubari/msgm/rafm-additions/outputs_tflow_full/v2/final/gaussian_aniso_d16_cor/seed_65457/result.json
imagenette_dcae,A,8925,blocked,,,/mnt/vast01/users/fouad.oubari/msgm/rafm-additions/outputs_rafm_input_study/v1/final/imagenette_dcae/A/seed_8925/result.json
imagenette_dcae,A,1234,blocked,,,/mnt/vast01/users/fouad.oubari/msgm/rafm-additions/outputs_rafm_input_study/v1/final/imagenette_dcae/A/seed_1234/result.json
imagenette_dcae,A,7,blocked,,,/mnt/vast01/users/fouad.oubari/msgm/rafm-additions/outputs_rafm_input_study/v1/final/imagenette_dcae/A/seed_7/result.json
imagenette_dcae,B,8925,blocked,,,/mnt/vast01/users/fouad.oubari/msgm/rafm-additions/outputs_rafm_input_study/v1/final/imagenette_dcae/B/seed_8925/result.json
imagenette_dcae,B,1234,blocked,,,/mnt/vast01/users/fouad.oubari/msgm/rafm-additions/outputs_rafm_input_study/v1/final/imagenette_dcae/B/seed_1234/result.json
imagenette_dcae,B,7,blocked,,,/mnt/vast01/users/fouad.oubari/msgm/rafm-additions/outputs_rafm_input_study/v1/final/imagenette_dcae/B/seed_7/result.json
imagenette_dcae,C,8925,blocked,,,/mnt/vast01/users/fouad.oubari/msgm/rafm-additions/outputs_rafm_input_study/v1/final/imagenette_dcae/C/seed_8925/result.json
imagenette_dcae,C,1234,blocked,,,/mnt/vast01/users/fouad.oubari/msgm/rafm-additions/outputs_rafm_input_study/v1/final/imagenette_dcae/C/seed_1234/result.json
imagenette_dcae,C,7,blocked,,,/mnt/vast01/users/fouad.oubari/msgm/rafm-additions/outputs_rafm_input_study/v1/final/imagenette_dcae/C/seed_7/result.json
imagenette_dcae,tflow,8925,blocked,,,/mnt/vast01/users/fouad.oubari/msgm/rafm-additions/outputs_tflow_full/v2/final/imagenette_dcae/seed_8925/result.json
imagenette_dcae,tflow,1234,blocked,,,/mnt/vast01/users/fouad.oubari/msgm/rafm-additions/outputs_tflow_full/v2/final/imagenette_dcae/seed_1234/result.json
imagenette_dcae,tflow,7,blocked,,,/mnt/vast01/users/fouad.oubari/msgm/rafm-additions/outputs_tflow_full/v2/final/imagenette_dcae/seed_7/result.json
piv_d16,A,8925,missing,,,/mnt/vast01/users/fouad.oubari/msgm/rafm-additions/outputs_rafm_input_study/v1/final/piv_d16/A/seed_8925/result.json
piv_d16,A,77395,missing,,,/mnt/vast01/users/fouad.oubari/msgm/rafm-additions/outputs_rafm_input_study/v1/final/piv_d16/A/seed_77395/result.json
piv_d16,A,65457,missing,,,/mnt/vast01/users/fouad.oubari/msgm/rafm-additions/outputs_rafm_input_study/v1/final/piv_d16/A/seed_65457/result.json
piv_d16,B,8925,missing,,,/mnt/vast01/users/fouad.oubari/msgm/rafm-additions/outputs_rafm_input_study/v1/final/piv_d16/B/seed_8925/result.json
piv_d16,B,77395,missing,,,/mnt/vast01/users/fouad.oubari/msgm/rafm-additions/outputs_rafm_input_study/v1/final/piv_d16/B/seed_77395/result.json
piv_d16,B,65457,missing,,,/mnt/vast01/users/fouad.oubari/msgm/rafm-additions/outputs_rafm_input_study/v1/final/piv_d16/B/seed_65457/result.json
piv_d16,C,8925,missing,,,/mnt/vast01/users/fouad.oubari/msgm/rafm-additions/outputs_rafm_input_study/v1/final/piv_d16/C/seed_8925/result.json
piv_d16,C,77395,missing,,,/mnt/vast01/users/fouad.oubari/msgm/rafm-additions/outputs_rafm_input_study/v1/final/piv_d16/C/seed_77395/result.json
piv_d16,C,65457,missing,,,/mnt/vast01/users/fouad.oubari/msgm/rafm-additions/outputs_rafm_input_study/v1/final/piv_d16/C/seed_65457/result.json
piv_d16,tflow,8925,missing,,,/mnt/vast01/users/fouad.oubari/msgm/rafm-additions/outputs_tflow_full/v2/final/piv_d16/seed_8925/result.json
piv_d16,tflow,77395,missing,,,/mnt/vast01/users/fouad.oubari/msgm/rafm-additions/outputs_tflow_full/v2/final/piv_d16/seed_77395/result.json
piv_d16,tflow,65457,missing,,,/mnt/vast01/users/fouad.oubari/msgm/rafm-additions/outputs_tflow_full/v2/final/piv_d16/seed_65457/result.json
piv_d256,A,8925,missing,,,/mnt/vast01/users/fouad.oubari/msgm/rafm-additions/outputs_rafm_input_study/v1/final/piv_d256/A/seed_8925/result.json
piv_d256,A,77395,missing,,,/mnt/vast01/users/fouad.oubari/msgm/rafm-additions/outputs_rafm_input_study/v1/final/piv_d256/A/seed_77395/result.json
piv_d256,A,65457,missing,,,/mnt/vast01/users/fouad.oubari/msgm/rafm-additions/outputs_rafm_input_study/v1/final/piv_d256/A/seed_65457/result.json
piv_d256,B,8925,missing,,,/mnt/vast01/users/fouad.oubari/msgm/rafm-additions/outputs_rafm_input_study/v1/final/piv_d256/B/seed_8925/result.json
piv_d256,B,77395,missing,,,/mnt/vast01/users/fouad.oubari/msgm/rafm-additions/outputs_rafm_input_study/v1/final/piv_d256/B/seed_77395/result.json
piv_d256,B,65457,missing,,,/mnt/vast01/users/fouad.oubari/msgm/rafm-additions/outputs_rafm_input_study/v1/final/piv_d256/B/seed_65457/result.json
piv_d256,C,8925,missing,,,/mnt/vast01/users/fouad.oubari/msgm/rafm-additions/outputs_rafm_input_study/v1/final/piv_d256/C/seed_8925/result.json
piv_d256,C,77395,missing,,,/mnt/vast01/users/fouad.oubari/msgm/rafm-additions/outputs_rafm_input_study/v1/final/piv_d256/C/seed_77395/result.json
piv_d256,C,65457,missing,,,/mnt/vast01/users/fouad.oubari/msgm/rafm-additions/outputs_rafm_input_study/v1/final/piv_d256/C/seed_65457/result.json
piv_d256,tflow,8925,failed,exploding_norm_rate,0.0,/mnt/vast01/users/fouad.oubari/msgm/rafm-additions/outputs_tflow_full/v2/final/piv_d256/seed_8925/result.json
piv_d256,tflow,8925,failed,inf_rate,0.0,/mnt/vast01/users/fouad.oubari/msgm/rafm-additions/outputs_tflow_full/v2/final/piv_d256/seed_8925/result.json
piv_d256,tflow,8925,failed,invalid_rate,0.0,/mnt/vast01/users/fouad.oubari/msgm/rafm-additions/outputs_tflow_full/v2/final/piv_d256/seed_8925/result.json
piv_d256,tflow,8925,failed,ks_stat,1.0,/mnt/vast01/users/fouad.oubari/msgm/rafm-additions/outputs_tflow_full/v2/final/piv_d256/seed_8925/result.json
piv_d256,tflow,8925,failed,mmd,0.07095909118652344,/mnt/vast01/users/fouad.oubari/msgm/rafm-additions/outputs_tflow_full/v2/final/piv_d256/seed_8925/result.json
piv_d256,tflow,8925,failed,n_params,99072,/mnt/vast01/users/fouad.oubari/msgm/rafm-additions/outputs_tflow_full/v2/final/piv_d256/seed_8925/result.json
piv_d256,tflow,8925,failed,nan_rate,0.0,/mnt/vast01/users/fouad.oubari/msgm/rafm-additions/outputs_tflow_full/v2/final/piv_d256/seed_8925/result.json
piv_d256,tflow,8925,failed,nfe,512,/mnt/vast01/users/fouad.oubari/msgm/rafm-additions/outputs_tflow_full/v2/final/piv_d256/seed_8925/result.json
piv_d256,tflow,8925,failed,q950_err,782.9290199864662,/mnt/vast01/users/fouad.oubari/msgm/rafm-additions/outputs_tflow_full/v2/final/piv_d256/seed_8925/result.json
piv_d256,tflow,8925,failed,q990_err,1201.8483967307136,/mnt/vast01/users/fouad.oubari/msgm/rafm-additions/outputs_tflow_full/v2/final/piv_d256/seed_8925/result.json
piv_d256,tflow,8925,failed,q995_err,1432.0208694745952,/mnt/vast01/users/fouad.oubari/msgm/rafm-additions/outputs_tflow_full/v2/final/piv_d256/seed_8925/result.json
piv_d256,tflow,8925,failed,radial_w1,1462.048828125,/mnt/vast01/users/fouad.oubari/msgm/rafm-additions/outputs_tflow_full/v2/final/piv_d256/seed_8925/result.json
piv_d256,tflow,8925,failed,sample_time_s,0.5494778491556644,/mnt/vast01/users/fouad.oubari/msgm/rafm-additions/outputs_tflow_full/v2/final/piv_d256/seed_8925/result.json
piv_d256,tflow,8925,failed,sliced_w1,72.58660888671875,/mnt/vast01/users/fouad.oubari/msgm/rafm-additions/outputs_tflow_full/v2/final/piv_d256/seed_8925/result.json
piv_d256,tflow,8925,failed,tail_exc_95,0.95,/mnt/vast01/users/fouad.oubari/msgm/rafm-additions/outputs_tflow_full/v2/final/piv_d256/seed_8925/result.json
piv_d256,tflow,8925,failed,tail_exc_99,0.99,/mnt/vast01/users/fouad.oubari/msgm/rafm-additions/outputs_tflow_full/v2/final/piv_d256/seed_8925/result.json
piv_d256,tflow,8925,failed,total_train_time_s,34.57014872133732,/mnt/vast01/users/fouad.oubari/msgm/rafm-additions/outputs_tflow_full/v2/final/piv_d256/seed_8925/result.json
piv_d256,tflow,77395,failed,exploding_norm_rate,0.0,/mnt/vast01/users/fouad.oubari/msgm/rafm-additions/outputs_tflow_full/v2/final/piv_d256/seed_77395/result.json
piv_d256,tflow,77395,failed,inf_rate,0.0,/mnt/vast01/users/fouad.oubari/msgm/rafm-additions/outputs_tflow_full/v2/final/piv_d256/seed_77395/result.json
piv_d256,tflow,77395,failed,invalid_rate,0.0,/mnt/vast01/users/fouad.oubari/msgm/rafm-additions/outputs_tflow_full/v2/final/piv_d256/seed_77395/result.json
piv_d256,tflow,77395,failed,ks_stat,1.0,/mnt/vast01/users/fouad.oubari/msgm/rafm-additions/outputs_tflow_full/v2/final/piv_d256/seed_77395/result.json
piv_d256,tflow,77395,failed,mmd,0.07098174095153809,/mnt/vast01/users/fouad.oubari/msgm/rafm-additions/outputs_tflow_full/v2/final/piv_d256/seed_77395/result.json
piv_d256,tflow,77395,failed,n_params,99072,/mnt/vast01/users/fouad.oubari/msgm/rafm-additions/outputs_tflow_full/v2/final/piv_d256/seed_77395/result.json
piv_d256,tflow,77395,failed,nan_rate,0.0,/mnt/vast01/users/fouad.oubari/msgm/rafm-additions/outputs_tflow_full/v2/final/piv_d256/seed_77395/result.json
piv_d256,tflow,77395,failed,nfe,512,/mnt/vast01/users/fouad.oubari/msgm/rafm-additions/outputs_tflow_full/v2/final/piv_d256/seed_77395/result.json
piv_d256,tflow,77395,failed,q950_err,783.12314501341,/mnt/vast01/users/fouad.oubari/msgm/rafm-additions/outputs_tflow_full/v2/final/piv_d256/seed_77395/result.json
piv_d256,tflow,77395,failed,q990_err,1191.4112414387791,/mnt/vast01/users/fouad.oubari/msgm/rafm-additions/outputs_tflow_full/v2/final/piv_d256/seed_77395/result.json
piv_d256,tflow,77395,failed,q995_err,1440.0417889750356,/mnt/vast01/users/fouad.oubari/msgm/rafm-additions/outputs_tflow_full/v2/final/piv_d256/seed_77395/result.json
piv_d256,tflow,77395,failed,radial_w1,1454.0997314453125,/mnt/vast01/users/fouad.oubari/msgm/rafm-additions/outputs_tflow_full/v2/final/piv_d256/seed_77395/result.json
piv_d256,tflow,77395,failed,sample_time_s,0.5474041812121868,/mnt/vast01/users/fouad.oubari/msgm/rafm-additions/outputs_tflow_full/v2/final/piv_d256/seed_77395/result.json
piv_d256,tflow,77395,failed,sliced_w1,72.49027252197266,/mnt/vast01/users/fouad.oubari/msgm/rafm-additions/outputs_tflow_full/v2/final/piv_d256/seed_77395/result.json
piv_d256,tflow,77395,failed,tail_exc_95,0.95,/mnt/vast01/users/fouad.oubari/msgm/rafm-additions/outputs_tflow_full/v2/final/piv_d256/seed_77395/result.json
piv_d256,tflow,77395,failed,tail_exc_99,0.99,/mnt/vast01/users/fouad.oubari/msgm/rafm-additions/outputs_tflow_full/v2/final/piv_d256/seed_77395/result.json
piv_d256,tflow,77395,failed,total_train_time_s,31.37773833796382,/mnt/vast01/users/fouad.oubari/msgm/rafm-additions/outputs_tflow_full/v2/final/piv_d256/seed_77395/result.json
piv_d256,tflow,65457,failed,exploding_norm_rate,0.0,/mnt/vast01/users/fouad.oubari/msgm/rafm-additions/outputs_tflow_full/v2/final/piv_d256/seed_65457/result.json
piv_d256,tflow,65457,failed,inf_rate,0.0,/mnt/vast01/users/fouad.oubari/msgm/rafm-additions/outputs_tflow_full/v2/final/piv_d256/seed_65457/result.json
piv_d256,tflow,65457,failed,invalid_rate,0.0,/mnt/vast01/users/fouad.oubari/msgm/rafm-additions/outputs_tflow_full/v2/final/piv_d256/seed_65457/result.json
piv_d256,tflow,65457,failed,ks_stat,1.0,/mnt/vast01/users/fouad.oubari/msgm/rafm-additions/outputs_tflow_full/v2/final/piv_d256/seed_65457/result.json
piv_d256,tflow,65457,failed,mmd,0.07035684585571289,/mnt/vast01/users/fouad.oubari/msgm/rafm-additions/outputs_tflow_full/v2/final/piv_d256/seed_65457/result.json
piv_d256,tflow,65457,failed,n_params,99072,/mnt/vast01/users/fouad.oubari/msgm/rafm-additions/outputs_tflow_full/v2/final/piv_d256/seed_65457/result.json
piv_d256,tflow,65457,failed,nan_rate,0.0,/mnt/vast01/users/fouad.oubari/msgm/rafm-additions/outputs_tflow_full/v2/final/piv_d256/seed_65457/result.json
piv_d256,tflow,65457,failed,nfe,512,/mnt/vast01/users/fouad.oubari/msgm/rafm-additions/outputs_tflow_full/v2/final/piv_d256/seed_65457/result.json
piv_d256,tflow,65457,failed,q950_err,769.3311780221414,/mnt/vast01/users/fouad.oubari/msgm/rafm-additions/outputs_tflow_full/v2/final/piv_d256/seed_65457/result.json
piv_d256,tflow,65457,failed,q990_err,1190.1887116490946,/mnt/vast01/users/fouad.oubari/msgm/rafm-additions/outputs_tflow_full/v2/final/piv_d256/seed_65457/result.json
piv_d256,tflow,65457,failed,q995_err,1469.4932071612948,/mnt/vast01/users/fouad.oubari/msgm/rafm-additions/outputs_tflow_full/v2/final/piv_d256/seed_65457/result.json
piv_d256,tflow,65457,failed,radial_w1,1464.439208984375,/mnt/vast01/users/fouad.oubari/msgm/rafm-additions/outputs_tflow_full/v2/final/piv_d256/seed_65457/result.json
piv_d256,tflow,65457,failed,sample_time_s,0.5490500293672085,/mnt/vast01/users/fouad.oubari/msgm/rafm-additions/outputs_tflow_full/v2/final/piv_d256/seed_65457/result.json
piv_d256,tflow,65457,failed,sliced_w1,72.731689453125,/mnt/vast01/users/fouad.oubari/msgm/rafm-additions/outputs_tflow_full/v2/final/piv_d256/seed_65457/result.json
piv_d256,tflow,65457,failed,tail_exc_95,0.95,/mnt/vast01/users/fouad.oubari/msgm/rafm-additions/outputs_tflow_full/v2/final/piv_d256/seed_65457/result.json
piv_d256,tflow,65457,failed,tail_exc_99,0.99,/mnt/vast01/users/fouad.oubari/msgm/rafm-additions/outputs_tflow_full/v2/final/piv_d256/seed_65457/result.json
piv_d256,tflow,65457,failed,total_train_time_s,32.99340348690748,/mnt/vast01/users/fouad.oubari/msgm/rafm-additions/outputs_tflow_full/v2/final/piv_d256/seed_65457/result.json
piv_d32,A,8925,blocked,,,/mnt/vast01/users/fouad.oubari/msgm/rafm-additions/outputs_rafm_input_study/v1/final/piv_d32/A/seed_8925/result.json
piv_d32,A,77395,blocked,,,/mnt/vast01/users/fouad.oubari/msgm/rafm-additions/outputs_rafm_input_study/v1/final/piv_d32/A/seed_77395/result.json
piv_d32,A,65457,blocked,,,/mnt/vast01/users/fouad.oubari/msgm/rafm-additions/outputs_rafm_input_study/v1/final/piv_d32/A/seed_65457/result.json
piv_d32,B,8925,blocked,,,/mnt/vast01/users/fouad.oubari/msgm/rafm-additions/outputs_rafm_input_study/v1/final/piv_d32/B/seed_8925/result.json
piv_d32,B,77395,blocked,,,/mnt/vast01/users/fouad.oubari/msgm/rafm-additions/outputs_rafm_input_study/v1/final/piv_d32/B/seed_77395/result.json
piv_d32,B,65457,blocked,,,/mnt/vast01/users/fouad.oubari/msgm/rafm-additions/outputs_rafm_input_study/v1/final/piv_d32/B/seed_65457/result.json
piv_d32,C,8925,blocked,,,/mnt/vast01/users/fouad.oubari/msgm/rafm-additions/outputs_rafm_input_study/v1/final/piv_d32/C/seed_8925/result.json
piv_d32,C,77395,blocked,,,/mnt/vast01/users/fouad.oubari/msgm/rafm-additions/outputs_rafm_input_study/v1/final/piv_d32/C/seed_77395/result.json
piv_d32,C,65457,blocked,,,/mnt/vast01/users/fouad.oubari/msgm/rafm-additions/outputs_rafm_input_study/v1/final/piv_d32/C/seed_65457/result.json
piv_d32,tflow,8925,blocked,,,/mnt/vast01/users/fouad.oubari/msgm/rafm-additions/outputs_tflow_full/v2/final/piv_d32/seed_8925/result.json
piv_d32,tflow,77395,blocked,,,/mnt/vast01/users/fouad.oubari/msgm/rafm-additions/outputs_tflow_full/v2/final/piv_d32/seed_77395/result.json
piv_d32,tflow,65457,blocked,,,/mnt/vast01/users/fouad.oubari/msgm/rafm-additions/outputs_tflow_full/v2/final/piv_d32/seed_65457/result.json
piv_d64,A,8925,missing,,,/mnt/vast01/users/fouad.oubari/msgm/rafm-additions/outputs_rafm_input_study/v1/final/piv_d64/A/seed_8925/result.json
piv_d64,A,77395,missing,,,/mnt/vast01/users/fouad.oubari/msgm/rafm-additions/outputs_rafm_input_study/v1/final/piv_d64/A/seed_77395/result.json
piv_d64,A,65457,missing,,,/mnt/vast01/users/fouad.oubari/msgm/rafm-additions/outputs_rafm_input_study/v1/final/piv_d64/A/seed_65457/result.json
piv_d64,B,8925,missing,,,/mnt/vast01/users/fouad.oubari/msgm/rafm-additions/outputs_rafm_input_study/v1/final/piv_d64/B/seed_8925/result.json
piv_d64,B,77395,missing,,,/mnt/vast01/users/fouad.oubari/msgm/rafm-additions/outputs_rafm_input_study/v1/final/piv_d64/B/seed_77395/result.json
piv_d64,B,65457,missing,,,/mnt/vast01/users/fouad.oubari/msgm/rafm-additions/outputs_rafm_input_study/v1/final/piv_d64/B/seed_65457/result.json
piv_d64,C,8925,missing,,,/mnt/vast01/users/fouad.oubari/msgm/rafm-additions/outputs_rafm_input_study/v1/final/piv_d64/C/seed_8925/result.json
piv_d64,C,77395,missing,,,/mnt/vast01/users/fouad.oubari/msgm/rafm-additions/outputs_rafm_input_study/v1/final/piv_d64/C/seed_77395/result.json
piv_d64,C,65457,missing,,,/mnt/vast01/users/fouad.oubari/msgm/rafm-additions/outputs_rafm_input_study/v1/final/piv_d64/C/seed_65457/result.json
piv_d64,tflow,8925,failed,angular_sw_bin3,0.05620501562952995,/mnt/vast01/users/fouad.oubari/msgm/rafm-additions/outputs_tflow_full/v2/final/piv_d64/seed_8925/result.json
piv_d64,tflow,8925,failed,angular_sw_mean,0.05620501562952995,/mnt/vast01/users/fouad.oubari/msgm/rafm-additions/outputs_tflow_full/v2/final/piv_d64/seed_8925/result.json
piv_d64,tflow,8925,failed,exploding_norm_rate,0.0,/mnt/vast01/users/fouad.oubari/msgm/rafm-additions/outputs_tflow_full/v2/final/piv_d64/seed_8925/result.json
piv_d64,tflow,8925,failed,inf_rate,0.0,/mnt/vast01/users/fouad.oubari/msgm/rafm-additions/outputs_tflow_full/v2/final/piv_d64/seed_8925/result.json
piv_d64,tflow,8925,failed,invalid_rate,0.0,/mnt/vast01/users/fouad.oubari/msgm/rafm-additions/outputs_tflow_full/v2/final/piv_d64/seed_8925/result.json
piv_d64,tflow,8925,failed,ks_stat,0.9965999722480774,/mnt/vast01/users/fouad.oubari/msgm/rafm-additions/outputs_tflow_full/v2/final/piv_d64/seed_8925/result.json
piv_d64,tflow,8925,failed,mmd,0.12196063995361328,/mnt/vast01/users/fouad.oubari/msgm/rafm-additions/outputs_tflow_full/v2/final/piv_d64/seed_8925/result.json
piv_d64,tflow,8925,failed,n_params,49728,/mnt/vast01/users/fouad.oubari/msgm/rafm-additions/outputs_tflow_full/v2/final/piv_d64/seed_8925/result.json
piv_d64,tflow,8925,failed,nan_rate,0.0,/mnt/vast01/users/fouad.oubari/msgm/rafm-additions/outputs_tflow_full/v2/final/piv_d64/seed_8925/result.json
piv_d64,tflow,8925,failed,nfe,512,/mnt/vast01/users/fouad.oubari/msgm/rafm-additions/outputs_tflow_full/v2/final/piv_d64/seed_8925/result.json
piv_d64,tflow,8925,failed,q950_err,66.87890799227287,/mnt/vast01/users/fouad.oubari/msgm/rafm-additions/outputs_tflow_full/v2/final/piv_d64/seed_8925/result.json
piv_d64,tflow,8925,failed,q990_err,87.84487711063285,/mnt/vast01/users/fouad.oubari/msgm/rafm-additions/outputs_tflow_full/v2/final/piv_d64/seed_8925/result.json
piv_d64,tflow,8925,failed,q995_err,101.22610538117662,/mnt/vast01/users/fouad.oubari/msgm/rafm-additions/outputs_tflow_full/v2/final/piv_d64/seed_8925/result.json
piv_d64,tflow,8925,failed,radial_w1,93.28936767578125,/mnt/vast01/users/fouad.oubari/msgm/rafm-additions/outputs_tflow_full/v2/final/piv_d64/seed_8925/result.json
piv_d64,tflow,8925,failed,sample_time_s,0.4350461848080158,/mnt/vast01/users/fouad.oubari/msgm/rafm-additions/outputs_tflow_full/v2/final/piv_d64/seed_8925/result.json
piv_d64,tflow,8925,failed,sliced_w1,9.777153015136719,/mnt/vast01/users/fouad.oubari/msgm/rafm-additions/outputs_tflow_full/v2/final/piv_d64/seed_8925/result.json
piv_d64,tflow,8925,failed,tail_exc_95,0.9490000128746032,/mnt/vast01/users/fouad.oubari/msgm/rafm-additions/outputs_tflow_full/v2/final/piv_d64/seed_8925/result.json
piv_d64,tflow,8925,failed,tail_exc_99,0.9876000189781189,/mnt/vast01/users/fouad.oubari/msgm/rafm-additions/outputs_tflow_full/v2/final/piv_d64/seed_8925/result.json
piv_d64,tflow,8925,failed,total_train_time_s,31.657186709344387,/mnt/vast01/users/fouad.oubari/msgm/rafm-additions/outputs_tflow_full/v2/final/piv_d64/seed_8925/result.json
piv_d64,tflow,77395,failed,angular_sw_bin3,0.07307989150285721,/mnt/vast01/users/fouad.oubari/msgm/rafm-additions/outputs_tflow_full/v2/final/piv_d64/seed_77395/result.json
piv_d64,tflow,77395,failed,angular_sw_mean,0.07307989150285721,/mnt/vast01/users/fouad.oubari/msgm/rafm-additions/outputs_tflow_full/v2/final/piv_d64/seed_77395/result.json
piv_d64,tflow,77395,failed,exploding_norm_rate,0.0,/mnt/vast01/users/fouad.oubari/msgm/rafm-additions/outputs_tflow_full/v2/final/piv_d64/seed_77395/result.json
piv_d64,tflow,77395,failed,inf_rate,0.0,/mnt/vast01/users/fouad.oubari/msgm/rafm-additions/outputs_tflow_full/v2/final/piv_d64/seed_77395/result.json
piv_d64,tflow,77395,failed,invalid_rate,0.0,/mnt/vast01/users/fouad.oubari/msgm/rafm-additions/outputs_tflow_full/v2/final/piv_d64/seed_77395/result.json
piv_d64,tflow,77395,failed,ks_stat,0.9969000220298767,/mnt/vast01/users/fouad.oubari/msgm/rafm-additions/outputs_tflow_full/v2/final/piv_d64/seed_77395/result.json
piv_d64,tflow,77395,failed,mmd,0.1185922622680664,/mnt/vast01/users/fouad.oubari/msgm/rafm-additions/outputs_tflow_full/v2/final/piv_d64/seed_77395/result.json
piv_d64,tflow,77395,failed,n_params,49728,/mnt/vast01/users/fouad.oubari/msgm/rafm-additions/outputs_tflow_full/v2/final/piv_d64/seed_77395/result.json
piv_d64,tflow,77395,failed,nan_rate,0.0,/mnt/vast01/users/fouad.oubari/msgm/rafm-additions/outputs_tflow_full/v2/final/piv_d64/seed_77395/result.json
piv_d64,tflow,77395,failed,nfe,512,/mnt/vast01/users/fouad.oubari/msgm/rafm-additions/outputs_tflow_full/v2/final/piv_d64/seed_77395/result.json
piv_d64,tflow,77395,failed,q950_err,72.51231622440712,/mnt/vast01/users/fouad.oubari/msgm/rafm-additions/outputs_tflow_full/v2/final/piv_d64/seed_77395/result.json
piv_d64,tflow,77395,failed,q990_err,99.4015598995467,/mnt/vast01/users/fouad.oubari/msgm/rafm-additions/outputs_tflow_full/v2/final/piv_d64/seed_77395/result.json
piv_d64,tflow,77395,failed,q995_err,115.98101564808832,/mnt/vast01/users/fouad.oubari/msgm/rafm-additions/outputs_tflow_full/v2/final/piv_d64/seed_77395/result.json
piv_d64,tflow,77395,failed,radial_w1,99.6077651977539,/mnt/vast01/users/fouad.oubari/msgm/rafm-additions/outputs_tflow_full/v2/final/piv_d64/seed_77395/result.json
piv_d64,tflow,77395,failed,sample_time_s,0.43607812747359276,/mnt/vast01/users/fouad.oubari/msgm/rafm-additions/outputs_tflow_full/v2/final/piv_d64/seed_77395/result.json
piv_d64,tflow,77395,failed,sliced_w1,10.421619415283203,/mnt/vast01/users/fouad.oubari/msgm/rafm-additions/outputs_tflow_full/v2/final/piv_d64/seed_77395/result.json
piv_d64,tflow,77395,failed,tail_exc_95,0.9494999766349792,/mnt/vast01/users/fouad.oubari/msgm/rafm-additions/outputs_tflow_full/v2/final/piv_d64/seed_77395/result.json
piv_d64,tflow,77395,failed,tail_exc_99,0.9883000159263611,/mnt/vast01/users/fouad.oubari/msgm/rafm-additions/outputs_tflow_full/v2/final/piv_d64/seed_77395/result.json
piv_d64,tflow,77395,failed,total_train_time_s,31.10807902738452,/mnt/vast01/users/fouad.oubari/msgm/rafm-additions/outputs_tflow_full/v2/final/piv_d64/seed_77395/result.json
piv_d64,tflow,65457,failed,angular_sw_bin3,0.06935300678014755,/mnt/vast01/users/fouad.oubari/msgm/rafm-additions/outputs_tflow_full/v2/final/piv_d64/seed_65457/result.json
piv_d64,tflow,65457,failed,angular_sw_mean,0.06935300678014755,/mnt/vast01/users/fouad.oubari/msgm/rafm-additions/outputs_tflow_full/v2/final/piv_d64/seed_65457/result.json
piv_d64,tflow,65457,failed,exploding_norm_rate,0.0,/mnt/vast01/users/fouad.oubari/msgm/rafm-additions/outputs_tflow_full/v2/final/piv_d64/seed_65457/result.json
piv_d64,tflow,65457,failed,inf_rate,0.0,/mnt/vast01/users/fouad.oubari/msgm/rafm-additions/outputs_tflow_full/v2/final/piv_d64/seed_65457/result.json
piv_d64,tflow,65457,failed,invalid_rate,0.0,/mnt/vast01/users/fouad.oubari/msgm/rafm-additions/outputs_tflow_full/v2/final/piv_d64/seed_65457/result.json
piv_d64,tflow,65457,failed,ks_stat,0.9965999722480774,/mnt/vast01/users/fouad.oubari/msgm/rafm-additions/outputs_tflow_full/v2/final/piv_d64/seed_65457/result.json
piv_d64,tflow,65457,failed,mmd,0.124764084815979,/mnt/vast01/users/fouad.oubari/msgm/rafm-additions/outputs_tflow_full/v2/final/piv_d64/seed_65457/result.json
piv_d64,tflow,65457,failed,n_params,49728,/mnt/vast01/users/fouad.oubari/msgm/rafm-additions/outputs_tflow_full/v2/final/piv_d64/seed_65457/result.json
piv_d64,tflow,65457,failed,nan_rate,0.0,/mnt/vast01/users/fouad.oubari/msgm/rafm-additions/outputs_tflow_full/v2/final/piv_d64/seed_65457/result.json
piv_d64,tflow,65457,failed,nfe,512,/mnt/vast01/users/fouad.oubari/msgm/rafm-additions/outputs_tflow_full/v2/final/piv_d64/seed_65457/result.json
piv_d64,tflow,65457,failed,q950_err,66.39359741471067,/mnt/vast01/users/fouad.oubari/msgm/rafm-additions/outputs_tflow_full/v2/final/piv_d64/seed_65457/result.json
piv_d64,tflow,65457,failed,q990_err,87.60813399683339,/mnt/vast01/users/fouad.oubari/msgm/rafm-additions/outputs_tflow_full/v2/final/piv_d64/seed_65457/result.json
piv_d64,tflow,65457,failed,q995_err,96.45742576709104,/mnt/vast01/users/fouad.oubari/msgm/rafm-additions/outputs_tflow_full/v2/final/piv_d64/seed_65457/result.json
piv_d64,tflow,65457,failed,radial_w1,92.10020446777344,/mnt/vast01/users/fouad.oubari/msgm/rafm-additions/outputs_tflow_full/v2/final/piv_d64/seed_65457/result.json
piv_d64,tflow,65457,failed,sample_time_s,0.43604202196002007,/mnt/vast01/users/fouad.oubari/msgm/rafm-additions/outputs_tflow_full/v2/final/piv_d64/seed_65457/result.json
piv_d64,tflow,65457,failed,sliced_w1,9.643919944763184,/mnt/vast01/users/fouad.oubari/msgm/rafm-additions/outputs_tflow_full/v2/final/piv_d64/seed_65457/result.json
piv_d64,tflow,65457,failed,tail_exc_95,0.9491000294685363,/mnt/vast01/users/fouad.oubari/msgm/rafm-additions/outputs_tflow_full/v2/final/piv_d64/seed_65457/result.json
piv_d64,tflow,65457,failed,tail_exc_99,0.9875000023841858,/mnt/vast01/users/fouad.oubari/msgm/rafm-additions/outputs_tflow_full/v2/final/piv_d64/seed_65457/result.json
piv_d64,tflow,65457,failed,total_train_time_s,34.88465556502342,/mnt/vast01/users/fouad.oubari/msgm/rafm-additions/outputs_tflow_full/v2/final/piv_d64/seed_65457/result.json
student_t_d128_df3.0_cor,A,8925,missing,,,/mnt/vast01/users/fouad.oubari/msgm/rafm-additions/outputs_rafm_input_study/v1/final/student_t_d128_df3.0_cor/A/seed_8925/result.json
student_t_d128_df3.0_cor,A,77395,missing,,,/mnt/vast01/users/fouad.oubari/msgm/rafm-additions/outputs_rafm_input_study/v1/final/student_t_d128_df3.0_cor/A/seed_77395/result.json
student_t_d128_df3.0_cor,A,65457,missing,,,/mnt/vast01/users/fouad.oubari/msgm/rafm-additions/outputs_rafm_input_study/v1/final/student_t_d128_df3.0_cor/A/seed_65457/result.json
student_t_d128_df3.0_cor,B,8925,missing,,,/mnt/vast01/users/fouad.oubari/msgm/rafm-additions/outputs_rafm_input_study/v1/final/student_t_d128_df3.0_cor/B/seed_8925/result.json
student_t_d128_df3.0_cor,B,77395,missing,,,/mnt/vast01/users/fouad.oubari/msgm/rafm-additions/outputs_rafm_input_study/v1/final/student_t_d128_df3.0_cor/B/seed_77395/result.json
student_t_d128_df3.0_cor,B,65457,missing,,,/mnt/vast01/users/fouad.oubari/msgm/rafm-additions/outputs_rafm_input_study/v1/final/student_t_d128_df3.0_cor/B/seed_65457/result.json
student_t_d128_df3.0_cor,C,8925,missing,,,/mnt/vast01/users/fouad.oubari/msgm/rafm-additions/outputs_rafm_input_study/v1/final/student_t_d128_df3.0_cor/C/seed_8925/result.json
student_t_d128_df3.0_cor,C,77395,missing,,,/mnt/vast01/users/fouad.oubari/msgm/rafm-additions/outputs_rafm_input_study/v1/final/student_t_d128_df3.0_cor/C/seed_77395/result.json
student_t_d128_df3.0_cor,C,65457,missing,,,/mnt/vast01/users/fouad.oubari/msgm/rafm-additions/outputs_rafm_input_study/v1/final/student_t_d128_df3.0_cor/C/seed_65457/result.json
student_t_d128_df3.0_cor,tflow,8925,failed,exploding_norm_rate,0.0,/mnt/vast01/users/fouad.oubari/msgm/rafm-additions/outputs_tflow_full/v2/final/student_t_d128_df3.0_cor/seed_8925/result.json
student_t_d128_df3.0_cor,tflow,8925,failed,inf_rate,0.0,/mnt/vast01/users/fouad.oubari/msgm/rafm-additions/outputs_tflow_full/v2/final/student_t_d128_df3.0_cor/seed_8925/result.json
student_t_d128_df3.0_cor,tflow,8925,failed,invalid_rate,0.0,/mnt/vast01/users/fouad.oubari/msgm/rafm-additions/outputs_tflow_full/v2/final/student_t_d128_df3.0_cor/seed_8925/result.json
student_t_d128_df3.0_cor,tflow,8925,failed,ks_stat,1.0,/mnt/vast01/users/fouad.oubari/msgm/rafm-additions/outputs_tflow_full/v2/final/student_t_d128_df3.0_cor/seed_8925/result.json
student_t_d128_df3.0_cor,tflow,8925,failed,mmd,0.2034924030303955,/mnt/vast01/users/fouad.oubari/msgm/rafm-additions/outputs_tflow_full/v2/final/student_t_d128_df3.0_cor/seed_8925/result.json
student_t_d128_df3.0_cor,tflow,8925,failed,n_params,66176,/mnt/vast01/users/fouad.oubari/msgm/rafm-additions/outputs_tflow_full/v2/final/student_t_d128_df3.0_cor/seed_8925/result.json
student_t_d128_df3.0_cor,tflow,8925,failed,nan_rate,0.0,/mnt/vast01/users/fouad.oubari/msgm/rafm-additions/outputs_tflow_full/v2/final/student_t_d128_df3.0_cor/seed_8925/result.json
student_t_d128_df3.0_cor,tflow,8925,failed,nfe,512,/mnt/vast01/users/fouad.oubari/msgm/rafm-additions/outputs_tflow_full/v2/final/student_t_d128_df3.0_cor/seed_8925/result.json
student_t_d128_df3.0_cor,tflow,8925,failed,q950_err,327.4661641449106,/mnt/vast01/users/fouad.oubari/msgm/rafm-additions/outputs_tflow_full/v2/final/student_t_d128_df3.0_cor/seed_8925/result.json
student_t_d128_df3.0_cor,tflow,8925,failed,q990_err,319.66316936889734,/mnt/vast01/users/fouad.oubari/msgm/rafm-additions/outputs_tflow_full/v2/final/student_t_d128_df3.0_cor/seed_8925/result.json
student_t_d128_df3.0_cor,tflow,8925,failed,q995_err,301.8470697263039,/mnt/vast01/users/fouad.oubari/msgm/rafm-additions/outputs_tflow_full/v2/final/student_t_d128_df3.0_cor/seed_8925/result.json
student_t_d128_df3.0_cor,tflow,8925,failed,radial_w1,57947.109375,/mnt/vast01/users/fouad.oubari/msgm/rafm-additions/outputs_tflow_full/v2/final/student_t_d128_df3.0_cor/seed_8925/result.json
student_t_d128_df3.0_cor,tflow,8925,failed,sample_time_s,0.4834069721400738,/mnt/vast01/users/fouad.oubari/msgm/rafm-additions/outputs_tflow_full/v2/final/student_t_d128_df3.0_cor/seed_8925/result.json
student_t_d128_df3.0_cor,tflow,8925,failed,sliced_w1,4096.51806640625,/mnt/vast01/users/fouad.oubari/msgm/rafm-additions/outputs_tflow_full/v2/final/student_t_d128_df3.0_cor/seed_8925/result.json
student_t_d128_df3.0_cor,tflow,8925,failed,tail_exc_95,0.95,/mnt/vast01/users/fouad.oubari/msgm/rafm-additions/outputs_tflow_full/v2/final/student_t_d128_df3.0_cor/seed_8925/result.json
student_t_d128_df3.0_cor,tflow,8925,failed,tail_exc_99,0.99,/mnt/vast01/users/fouad.oubari/msgm/rafm-additions/outputs_tflow_full/v2/final/student_t_d128_df3.0_cor/seed_8925/result.json
student_t_d128_df3.0_cor,tflow,8925,failed,total_train_time_s,31.861090805381536,/mnt/vast01/users/fouad.oubari/msgm/rafm-additions/outputs_tflow_full/v2/final/student_t_d128_df3.0_cor/seed_8925/result.json
student_t_d128_df3.0_cor,tflow,77395,failed,exploding_norm_rate,0.0,/mnt/vast01/users/fouad.oubari/msgm/rafm-additions/outputs_tflow_full/v2/final/student_t_d128_df3.0_cor/seed_77395/result.json
student_t_d128_df3.0_cor,tflow,77395,failed,inf_rate,0.0,/mnt/vast01/users/fouad.oubari/msgm/rafm-additions/outputs_tflow_full/v2/final/student_t_d128_df3.0_cor/seed_77395/result.json
student_t_d128_df3.0_cor,tflow,77395,failed,invalid_rate,0.0,/mnt/vast01/users/fouad.oubari/msgm/rafm-additions/outputs_tflow_full/v2/final/student_t_d128_df3.0_cor/seed_77395/result.json
student_t_d128_df3.0_cor,tflow,77395,failed,ks_stat,1.0,/mnt/vast01/users/fouad.oubari/msgm/rafm-additions/outputs_tflow_full/v2/final/student_t_d128_df3.0_cor/seed_77395/result.json
student_t_d128_df3.0_cor,tflow,77395,failed,mmd,0.2051457166671753,/mnt/vast01/users/fouad.oubari/msgm/rafm-additions/outputs_tflow_full/v2/final/student_t_d128_df3.0_cor/seed_77395/result.json
student_t_d128_df3.0_cor,tflow,77395,failed,n_params,66176,/mnt/vast01/users/fouad.oubari/msgm/rafm-additions/outputs_tflow_full/v2/final/student_t_d128_df3.0_cor/seed_77395/result.json
student_t_d128_df3.0_cor,tflow,77395,failed,nan_rate,0.0,/mnt/vast01/users/fouad.oubari/msgm/rafm-additions/outputs_tflow_full/v2/final/student_t_d128_df3.0_cor/seed_77395/result.json
student_t_d128_df3.0_cor,tflow,77395,failed,nfe,512,/mnt/vast01/users/fouad.oubari/msgm/rafm-additions/outputs_tflow_full/v2/final/student_t_d128_df3.0_cor/seed_77395/result.json
student_t_d128_df3.0_cor,tflow,77395,failed,q950_err,320.84609991407933,/mnt/vast01/users/fouad.oubari/msgm/rafm-additions/outputs_tflow_full/v2/final/student_t_d128_df3.0_cor/seed_77395/result.json
student_t_d128_df3.0_cor,tflow,77395,failed,q990_err,316.83558906854387,/mnt/vast01/users/fouad.oubari/msgm/rafm-additions/outputs_tflow_full/v2/final/student_t_d128_df3.0_cor/seed_77395/result.json
student_t_d128_df3.0_cor,tflow,77395,failed,q995_err,299.1561824022932,/mnt/vast01/users/fouad.oubari/msgm/rafm-additions/outputs_tflow_full/v2/final/student_t_d128_df3.0_cor/seed_77395/result.json
student_t_d128_df3.0_cor,tflow,77395,failed,radial_w1,56970.01953125,/mnt/vast01/users/fouad.oubari/msgm/rafm-additions/outputs_tflow_full/v2/final/student_t_d128_df3.0_cor/seed_77395/result.json
student_t_d128_df3.0_cor,tflow,77395,failed,sample_time_s,0.48671650514006615,/mnt/vast01/users/fouad.oubari/msgm/rafm-additions/outputs_tflow_full/v2/final/student_t_d128_df3.0_cor/seed_77395/result.json
student_t_d128_df3.0_cor,tflow,77395,failed,sliced_w1,4028.393798828125,/mnt/vast01/users/fouad.oubari/msgm/rafm-additions/outputs_tflow_full/v2/final/student_t_d128_df3.0_cor/seed_77395/result.json
student_t_d128_df3.0_cor,tflow,77395,failed,tail_exc_95,0.95,/mnt/vast01/users/fouad.oubari/msgm/rafm-additions/outputs_tflow_full/v2/final/student_t_d128_df3.0_cor/seed_77395/result.json
student_t_d128_df3.0_cor,tflow,77395,failed,tail_exc_99,0.99,/mnt/vast01/users/fouad.oubari/msgm/rafm-additions/outputs_tflow_full/v2/final/student_t_d128_df3.0_cor/seed_77395/result.json
student_t_d128_df3.0_cor,tflow,77395,failed,total_train_time_s,33.230755873024464,/mnt/vast01/users/fouad.oubari/msgm/rafm-additions/outputs_tflow_full/v2/final/student_t_d128_df3.0_cor/seed_77395/result.json
student_t_d128_df3.0_cor,tflow,65457,failed,exploding_norm_rate,0.0,/mnt/vast01/users/fouad.oubari/msgm/rafm-additions/outputs_tflow_full/v2/final/student_t_d128_df3.0_cor/seed_65457/result.json
student_t_d128_df3.0_cor,tflow,65457,failed,inf_rate,0.0,/mnt/vast01/users/fouad.oubari/msgm/rafm-additions/outputs_tflow_full/v2/final/student_t_d128_df3.0_cor/seed_65457/result.json
student_t_d128_df3.0_cor,tflow,65457,failed,invalid_rate,0.0,/mnt/vast01/users/fouad.oubari/msgm/rafm-additions/outputs_tflow_full/v2/final/student_t_d128_df3.0_cor/seed_65457/result.json
student_t_d128_df3.0_cor,tflow,65457,failed,ks_stat,1.0,/mnt/vast01/users/fouad.oubari/msgm/rafm-additions/outputs_tflow_full/v2/final/student_t_d128_df3.0_cor/seed_65457/result.json
student_t_d128_df3.0_cor,tflow,65457,failed,mmd,0.20355606079101562,/mnt/vast01/users/fouad.oubari/msgm/rafm-additions/outputs_tflow_full/v2/final/student_t_d128_df3.0_cor/seed_65457/result.json
student_t_d128_df3.0_cor,tflow,65457,failed,n_params,66176,/mnt/vast01/users/fouad.oubari/msgm/rafm-additions/outputs_tflow_full/v2/final/student_t_d128_df3.0_cor/seed_65457/result.json
student_t_d128_df3.0_cor,tflow,65457,failed,nan_rate,0.0,/mnt/vast01/users/fouad.oubari/msgm/rafm-additions/outputs_tflow_full/v2/final/student_t_d128_df3.0_cor/seed_65457/result.json
student_t_d128_df3.0_cor,tflow,65457,failed,nfe,512,/mnt/vast01/users/fouad.oubari/msgm/rafm-additions/outputs_tflow_full/v2/final/student_t_d128_df3.0_cor/seed_65457/result.json
student_t_d128_df3.0_cor,tflow,65457,failed,q950_err,326.2796645777848,/mnt/vast01/users/fouad.oubari/msgm/rafm-additions/outputs_tflow_full/v2/final/student_t_d128_df3.0_cor/seed_65457/result.json
student_t_d128_df3.0_cor,tflow,65457,failed,q990_err,321.5470673329336,/mnt/vast01/users/fouad.oubari/msgm/rafm-additions/outputs_tflow_full/v2/final/student_t_d128_df3.0_cor/seed_65457/result.json
student_t_d128_df3.0_cor,tflow,65457,failed,q995_err,304.7537066574336,/mnt/vast01/users/fouad.oubari/msgm/rafm-additions/outputs_tflow_full/v2/final/student_t_d128_df3.0_cor/seed_65457/result.json
student_t_d128_df3.0_cor,tflow,65457,failed,radial_w1,57799.53515625,/mnt/vast01/users/fouad.oubari/msgm/rafm-additions/outputs_tflow_full/v2/final/student_t_d128_df3.0_cor/seed_65457/result.json
student_t_d128_df3.0_cor,tflow,65457,failed,sample_time_s,0.48334189504384995,/mnt/vast01/users/fouad.oubari/msgm/rafm-additions/outputs_tflow_full/v2/final/student_t_d128_df3.0_cor/seed_65457/result.json
student_t_d128_df3.0_cor,tflow,65457,failed,sliced_w1,4086.24462890625,/mnt/vast01/users/fouad.oubari/msgm/rafm-additions/outputs_tflow_full/v2/final/student_t_d128_df3.0_cor/seed_65457/result.json
student_t_d128_df3.0_cor,tflow,65457,failed,tail_exc_95,0.95,/mnt/vast01/users/fouad.oubari/msgm/rafm-additions/outputs_tflow_full/v2/final/student_t_d128_df3.0_cor/seed_65457/result.json
student_t_d128_df3.0_cor,tflow,65457,failed,tail_exc_99,0.99,/mnt/vast01/users/fouad.oubari/msgm/rafm-additions/outputs_tflow_full/v2/final/student_t_d128_df3.0_cor/seed_65457/result.json
student_t_d128_df3.0_cor,tflow,65457,failed,total_train_time_s,30.402115188539028,/mnt/vast01/users/fouad.oubari/msgm/rafm-additions/outputs_tflow_full/v2/final/student_t_d128_df3.0_cor/seed_65457/result.json
student_t_d16_df1.5_cor,A,8925,missing,,,/mnt/vast01/users/fouad.oubari/msgm/rafm-additions/outputs_rafm_input_study/v1/final/student_t_d16_df1.5_cor/A/seed_8925/result.json
student_t_d16_df1.5_cor,A,77395,missing,,,/mnt/vast01/users/fouad.oubari/msgm/rafm-additions/outputs_rafm_input_study/v1/final/student_t_d16_df1.5_cor/A/seed_77395/result.json
student_t_d16_df1.5_cor,A,65457,missing,,,/mnt/vast01/users/fouad.oubari/msgm/rafm-additions/outputs_rafm_input_study/v1/final/student_t_d16_df1.5_cor/A/seed_65457/result.json
student_t_d16_df1.5_cor,B,8925,missing,,,/mnt/vast01/users/fouad.oubari/msgm/rafm-additions/outputs_rafm_input_study/v1/final/student_t_d16_df1.5_cor/B/seed_8925/result.json
student_t_d16_df1.5_cor,B,77395,missing,,,/mnt/vast01/users/fouad.oubari/msgm/rafm-additions/outputs_rafm_input_study/v1/final/student_t_d16_df1.5_cor/B/seed_77395/result.json
student_t_d16_df1.5_cor,B,65457,missing,,,/mnt/vast01/users/fouad.oubari/msgm/rafm-additions/outputs_rafm_input_study/v1/final/student_t_d16_df1.5_cor/B/seed_65457/result.json
student_t_d16_df1.5_cor,C,8925,missing,,,/mnt/vast01/users/fouad.oubari/msgm/rafm-additions/outputs_rafm_input_study/v1/final/student_t_d16_df1.5_cor/C/seed_8925/result.json
student_t_d16_df1.5_cor,C,77395,missing,,,/mnt/vast01/users/fouad.oubari/msgm/rafm-additions/outputs_rafm_input_study/v1/final/student_t_d16_df1.5_cor/C/seed_77395/result.json
student_t_d16_df1.5_cor,C,65457,missing,,,/mnt/vast01/users/fouad.oubari/msgm/rafm-additions/outputs_rafm_input_study/v1/final/student_t_d16_df1.5_cor/C/seed_65457/result.json
student_t_d16_df1.5_cor,tflow,8925,complete,angular_sw_bin0,0.08804718405008316,/mnt/vast01/users/fouad.oubari/msgm/rafm-additions/outputs_tflow_full/v2/final/student_t_d16_df1.5_cor/seed_8925/result.json
student_t_d16_df1.5_cor,tflow,8925,complete,angular_sw_bin1,0.08199470490217209,/mnt/vast01/users/fouad.oubari/msgm/rafm-additions/outputs_tflow_full/v2/final/student_t_d16_df1.5_cor/seed_8925/result.json
student_t_d16_df1.5_cor,tflow,8925,complete,angular_sw_bin2,0.10127010941505432,/mnt/vast01/users/fouad.oubari/msgm/rafm-additions/outputs_tflow_full/v2/final/student_t_d16_df1.5_cor/seed_8925/result.json
student_t_d16_df1.5_cor,tflow,8925,complete,angular_sw_bin3,0.07335921376943588,/mnt/vast01/users/fouad.oubari/msgm/rafm-additions/outputs_tflow_full/v2/final/student_t_d16_df1.5_cor/seed_8925/result.json
student_t_d16_df1.5_cor,tflow,8925,complete,angular_sw_mean,0.08616780303418636,/mnt/vast01/users/fouad.oubari/msgm/rafm-additions/outputs_tflow_full/v2/final/student_t_d16_df1.5_cor/seed_8925/result.json
student_t_d16_df1.5_cor,tflow,8925,complete,exploding_norm_rate,0.0,/mnt/vast01/users/fouad.oubari/msgm/rafm-additions/outputs_tflow_full/v2/final/student_t_d16_df1.5_cor/seed_8925/result.json
student_t_d16_df1.5_cor,tflow,8925,complete,inf_rate,0.0,/mnt/vast01/users/fouad.oubari/msgm/rafm-additions/outputs_tflow_full/v2/final/student_t_d16_df1.5_cor/seed_8925/result.json
student_t_d16_df1.5_cor,tflow,8925,complete,invalid_rate,0.0,/mnt/vast01/users/fouad.oubari/msgm/rafm-additions/outputs_tflow_full/v2/final/student_t_d16_df1.5_cor/seed_8925/result.json
student_t_d16_df1.5_cor,tflow,8925,complete,ks_stat,0.7540000081062317,/mnt/vast01/users/fouad.oubari/msgm/rafm-additions/outputs_tflow_full/v2/final/student_t_d16_df1.5_cor/seed_8925/result.json
student_t_d16_df1.5_cor,tflow,8925,complete,mmd,0.2999858260154724,/mnt/vast01/users/fouad.oubari/msgm/rafm-additions/outputs_tflow_full/v2/final/student_t_d16_df1.5_cor/seed_8925/result.json
student_t_d16_df1.5_cor,tflow,8925,complete,n_params,37392,/mnt/vast01/users/fouad.oubari/msgm/rafm-additions/outputs_tflow_full/v2/final/student_t_d16_df1.5_cor/seed_8925/result.json
student_t_d16_df1.5_cor,tflow,8925,complete,nan_rate,0.0,/mnt/vast01/users/fouad.oubari/msgm/rafm-additions/outputs_tflow_full/v2/final/student_t_d16_df1.5_cor/seed_8925/result.json
student_t_d16_df1.5_cor,tflow,8925,complete,nfe,512,/mnt/vast01/users/fouad.oubari/msgm/rafm-additions/outputs_tflow_full/v2/final/student_t_d16_df1.5_cor/seed_8925/result.json
student_t_d16_df1.5_cor,tflow,8925,complete,q950_err,35.436387118001576,/mnt/vast01/users/fouad.oubari/msgm/rafm-additions/outputs_tflow_full/v2/final/student_t_d16_df1.5_cor/seed_8925/result.json
student_t_d16_df1.5_cor,tflow,8925,complete,q990_err,25.516292398232263,/mnt/vast01/users/fouad.oubari/msgm/rafm-additions/outputs_tflow_full/v2/final/student_t_d16_df1.5_cor/seed_8925/result.json
student_t_d16_df1.5_cor,tflow,8925,complete,q995_err,19.192880755392373,/mnt/vast01/users/fouad.oubari/msgm/rafm-additions/outputs_tflow_full/v2/final/student_t_d16_df1.5_cor/seed_8925/result.json
student_t_d16_df1.5_cor,tflow,8925,complete,radial_w1,1624.41748046875,/mnt/vast01/users/fouad.oubari/msgm/rafm-additions/outputs_tflow_full/v2/final/student_t_d16_df1.5_cor/seed_8925/result.json
student_t_d16_df1.5_cor,tflow,8925,complete,sample_time_s,0.41278380155563354,/mnt/vast01/users/fouad.oubari/msgm/rafm-additions/outputs_tflow_full/v2/final/student_t_d16_df1.5_cor/seed_8925/result.json
student_t_d16_df1.5_cor,tflow,8925,complete,sliced_w1,326.4949645996094,/mnt/vast01/users/fouad.oubari/msgm/rafm-additions/outputs_tflow_full/v2/final/student_t_d16_df1.5_cor/seed_8925/result.json
student_t_d16_df1.5_cor,tflow,8925,complete,tail_exc_95,0.7432999730110168,/mnt/vast01/users/fouad.oubari/msgm/rafm-additions/outputs_tflow_full/v2/final/student_t_d16_df1.5_cor/seed_8925/result.json
student_t_d16_df1.5_cor,tflow,8925,complete,tail_exc_99,0.6325999999046326,/mnt/vast01/users/fouad.oubari/msgm/rafm-additions/outputs_tflow_full/v2/final/student_t_d16_df1.5_cor/seed_8925/result.json
student_t_d16_df1.5_cor,tflow,8925,complete,total_train_time_s,32.215055514127016,/mnt/vast01/users/fouad.oubari/msgm/rafm-additions/outputs_tflow_full/v2/final/student_t_d16_df1.5_cor/seed_8925/result.json
student_t_d16_df1.5_cor,tflow,77395,complete,angular_sw_bin0,0.144637793302536,/mnt/vast01/users/fouad.oubari/msgm/rafm-additions/outputs_tflow_full/v2/final/student_t_d16_df1.5_cor/seed_77395/result.json
student_t_d16_df1.5_cor,tflow,77395,complete,angular_sw_bin1,0.13661690056324005,/mnt/vast01/users/fouad.oubari/msgm/rafm-additions/outputs_tflow_full/v2/final/student_t_d16_df1.5_cor/seed_77395/result.json
student_t_d16_df1.5_cor,tflow,77395,complete,angular_sw_bin2,0.13888737559318542,/mnt/vast01/users/fouad.oubari/msgm/rafm-additions/outputs_tflow_full/v2/final/student_t_d16_df1.5_cor/seed_77395/result.json
student_t_d16_df1.5_cor,tflow,77395,complete,angular_sw_bin3,0.09403194487094879,/mnt/vast01/users/fouad.oubari/msgm/rafm-additions/outputs_tflow_full/v2/final/student_t_d16_df1.5_cor/seed_77395/result.json
student_t_d16_df1.5_cor,tflow,77395,complete,angular_sw_mean,0.12854350358247757,/mnt/vast01/users/fouad.oubari/msgm/rafm-additions/outputs_tflow_full/v2/final/student_t_d16_df1.5_cor/seed_77395/result.json
student_t_d16_df1.5_cor,tflow,77395,complete,exploding_norm_rate,0.00039999998989515007,/mnt/vast01/users/fouad.oubari/msgm/rafm-additions/outputs_tflow_full/v2/final/student_t_d16_df1.5_cor/seed_77395/result.json
student_t_d16_df1.5_cor,tflow,77395,complete,inf_rate,0.0,/mnt/vast01/users/fouad.oubari/msgm/rafm-additions/outputs_tflow_full/v2/final/student_t_d16_df1.5_cor/seed_77395/result.json
student_t_d16_df1.5_cor,tflow,77395,complete,invalid_rate,0.00039999998989515007,/mnt/vast01/users/fouad.oubari/msgm/rafm-additions/outputs_tflow_full/v2/final/student_t_d16_df1.5_cor/seed_77395/result.json
student_t_d16_df1.5_cor,tflow,77395,complete,ks_stat,0.6349000334739685,/mnt/vast01/users/fouad.oubari/msgm/rafm-additions/outputs_tflow_full/v2/final/student_t_d16_df1.5_cor/seed_77395/result.json
student_t_d16_df1.5_cor,tflow,77395,complete,mmd,0.27384865283966064,/mnt/vast01/users/fouad.oubari/msgm/rafm-additions/outputs_tflow_full/v2/final/student_t_d16_df1.5_cor/seed_77395/result.json
student_t_d16_df1.5_cor,tflow,77395,complete,n_params,37392,/mnt/vast01/users/fouad.oubari/msgm/rafm-additions/outputs_tflow_full/v2/final/student_t_d16_df1.5_cor/seed_77395/result.json
student_t_d16_df1.5_cor,tflow,77395,complete,nan_rate,0.0,/mnt/vast01/users/fouad.oubari/msgm/rafm-additions/outputs_tflow_full/v2/final/student_t_d16_df1.5_cor/seed_77395/result.json
student_t_d16_df1.5_cor,tflow,77395,complete,nfe,512,/mnt/vast01/users/fouad.oubari/msgm/rafm-additions/outputs_tflow_full/v2/final/student_t_d16_df1.5_cor/seed_77395/result.json
student_t_d16_df1.5_cor,tflow,77395,complete,q950_err,33.53913369813618,/mnt/vast01/users/fouad.oubari/msgm/rafm-additions/outputs_tflow_full/v2/final/student_t_d16_df1.5_cor/seed_77395/result.json
student_t_d16_df1.5_cor,tflow,77395,complete,q990_err,26.50935424670358,/mnt/vast01/users/fouad.oubari/msgm/rafm-additions/outputs_tflow_full/v2/final/student_t_d16_df1.5_cor/seed_77395/result.json
student_t_d16_df1.5_cor,tflow,77395,complete,q995_err,19.51892947335386,/mnt/vast01/users/fouad.oubari/msgm/rafm-additions/outputs_tflow_full/v2/final/student_t_d16_df1.5_cor/seed_77395/result.json
student_t_d16_df1.5_cor,tflow,77395,complete,radial_w1,1244.6539306640625,/mnt/vast01/users/fouad.oubari/msgm/rafm-additions/outputs_tflow_full/v2/final/student_t_d16_df1.5_cor/seed_77395/result.json
student_t_d16_df1.5_cor,tflow,77395,complete,sample_time_s,0.4093243218958378,/mnt/vast01/users/fouad.oubari/msgm/rafm-additions/outputs_tflow_full/v2/final/student_t_d16_df1.5_cor/seed_77395/result.json
student_t_d16_df1.5_cor,tflow,77395,complete,sliced_w1,249.75523376464844,/mnt/vast01/users/fouad.oubari/msgm/rafm-additions/outputs_tflow_full/v2/final/student_t_d16_df1.5_cor/seed_77395/result.json
student_t_d16_df1.5_cor,tflow,77395,complete,tail_exc_95,0.5827999830245971,/mnt/vast01/users/fouad.oubari/msgm/rafm-additions/outputs_tflow_full/v2/final/student_t_d16_df1.5_cor/seed_77395/result.json
student_t_d16_df1.5_cor,tflow,77395,complete,tail_exc_99,0.4453999900817871,/mnt/vast01/users/fouad.oubari/msgm/rafm-additions/outputs_tflow_full/v2/final/student_t_d16_df1.5_cor/seed_77395/result.json
student_t_d16_df1.5_cor,tflow,77395,complete,total_train_time_s,30.849037542939186,/mnt/vast01/users/fouad.oubari/msgm/rafm-additions/outputs_tflow_full/v2/final/student_t_d16_df1.5_cor/seed_77395/result.json
student_t_d16_df1.5_cor,tflow,65457,missing,,,/mnt/vast01/users/fouad.oubari/msgm/rafm-additions/outputs_tflow_full/v2/final/student_t_d16_df1.5_cor/seed_65457/result.json
student_t_d16_df10.0_cor,A,8925,missing,,,/mnt/vast01/users/fouad.oubari/msgm/rafm-additions/outputs_rafm_input_study/v1/final/student_t_d16_df10.0_cor/A/seed_8925/result.json
student_t_d16_df10.0_cor,A,77395,missing,,,/mnt/vast01/users/fouad.oubari/msgm/rafm-additions/outputs_rafm_input_study/v1/final/student_t_d16_df10.0_cor/A/seed_77395/result.json
student_t_d16_df10.0_cor,A,65457,missing,,,/mnt/vast01/users/fouad.oubari/msgm/rafm-additions/outputs_rafm_input_study/v1/final/student_t_d16_df10.0_cor/A/seed_65457/result.json
student_t_d16_df10.0_cor,B,8925,missing,,,/mnt/vast01/users/fouad.oubari/msgm/rafm-additions/outputs_rafm_input_study/v1/final/student_t_d16_df10.0_cor/B/seed_8925/result.json
student_t_d16_df10.0_cor,B,77395,missing,,,/mnt/vast01/users/fouad.oubari/msgm/rafm-additions/outputs_rafm_input_study/v1/final/student_t_d16_df10.0_cor/B/seed_77395/result.json
student_t_d16_df10.0_cor,B,65457,missing,,,/mnt/vast01/users/fouad.oubari/msgm/rafm-additions/outputs_rafm_input_study/v1/final/student_t_d16_df10.0_cor/B/seed_65457/result.json
student_t_d16_df10.0_cor,C,8925,missing,,,/mnt/vast01/users/fouad.oubari/msgm/rafm-additions/outputs_rafm_input_study/v1/final/student_t_d16_df10.0_cor/C/seed_8925/result.json
student_t_d16_df10.0_cor,C,77395,missing,,,/mnt/vast01/users/fouad.oubari/msgm/rafm-additions/outputs_rafm_input_study/v1/final/student_t_d16_df10.0_cor/C/seed_77395/result.json
student_t_d16_df10.0_cor,C,65457,missing,,,/mnt/vast01/users/fouad.oubari/msgm/rafm-additions/outputs_rafm_input_study/v1/final/student_t_d16_df10.0_cor/C/seed_65457/result.json
student_t_d16_df10.0_cor,tflow,8925,missing,,,/mnt/vast01/users/fouad.oubari/msgm/rafm-additions/outputs_tflow_full/v2/final/student_t_d16_df10.0_cor/seed_8925/result.json
student_t_d16_df10.0_cor,tflow,77395,missing,,,/mnt/vast01/users/fouad.oubari/msgm/rafm-additions/outputs_tflow_full/v2/final/student_t_d16_df10.0_cor/seed_77395/result.json
student_t_d16_df10.0_cor,tflow,65457,missing,,,/mnt/vast01/users/fouad.oubari/msgm/rafm-additions/outputs_tflow_full/v2/final/student_t_d16_df10.0_cor/seed_65457/result.json
student_t_d16_df2.0_cor,A,8925,missing,,,/mnt/vast01/users/fouad.oubari/msgm/rafm-additions/outputs_rafm_input_study/v1/final/student_t_d16_df2.0_cor/A/seed_8925/result.json
student_t_d16_df2.0_cor,A,77395,missing,,,/mnt/vast01/users/fouad.oubari/msgm/rafm-additions/outputs_rafm_input_study/v1/final/student_t_d16_df2.0_cor/A/seed_77395/result.json
student_t_d16_df2.0_cor,A,65457,missing,,,/mnt/vast01/users/fouad.oubari/msgm/rafm-additions/outputs_rafm_input_study/v1/final/student_t_d16_df2.0_cor/A/seed_65457/result.json
student_t_d16_df2.0_cor,B,8925,missing,,,/mnt/vast01/users/fouad.oubari/msgm/rafm-additions/outputs_rafm_input_study/v1/final/student_t_d16_df2.0_cor/B/seed_8925/result.json
student_t_d16_df2.0_cor,B,77395,missing,,,/mnt/vast01/users/fouad.oubari/msgm/rafm-additions/outputs_rafm_input_study/v1/final/student_t_d16_df2.0_cor/B/seed_77395/result.json
student_t_d16_df2.0_cor,B,65457,missing,,,/mnt/vast01/users/fouad.oubari/msgm/rafm-additions/outputs_rafm_input_study/v1/final/student_t_d16_df2.0_cor/B/seed_65457/result.json
student_t_d16_df2.0_cor,C,8925,missing,,,/mnt/vast01/users/fouad.oubari/msgm/rafm-additions/outputs_rafm_input_study/v1/final/student_t_d16_df2.0_cor/C/seed_8925/result.json
student_t_d16_df2.0_cor,C,77395,missing,,,/mnt/vast01/users/fouad.oubari/msgm/rafm-additions/outputs_rafm_input_study/v1/final/student_t_d16_df2.0_cor/C/seed_77395/result.json
student_t_d16_df2.0_cor,C,65457,missing,,,/mnt/vast01/users/fouad.oubari/msgm/rafm-additions/outputs_rafm_input_study/v1/final/student_t_d16_df2.0_cor/C/seed_65457/result.json
student_t_d16_df2.0_cor,tflow,8925,complete,angular_sw_bin0,0.05903595685958862,/mnt/vast01/users/fouad.oubari/msgm/rafm-additions/outputs_tflow_full/v2/final/student_t_d16_df2.0_cor/seed_8925/result.json
student_t_d16_df2.0_cor,tflow,8925,complete,angular_sw_bin1,0.06587536633014679,/mnt/vast01/users/fouad.oubari/msgm/rafm-additions/outputs_tflow_full/v2/final/student_t_d16_df2.0_cor/seed_8925/result.json
student_t_d16_df2.0_cor,tflow,8925,complete,angular_sw_bin2,0.05421953648328781,/mnt/vast01/users/fouad.oubari/msgm/rafm-additions/outputs_tflow_full/v2/final/student_t_d16_df2.0_cor/seed_8925/result.json
student_t_d16_df2.0_cor,tflow,8925,complete,angular_sw_bin3,0.04080192372202873,/mnt/vast01/users/fouad.oubari/msgm/rafm-additions/outputs_tflow_full/v2/final/student_t_d16_df2.0_cor/seed_8925/result.json
student_t_d16_df2.0_cor,tflow,8925,complete,angular_sw_mean,0.05498319584876299,/mnt/vast01/users/fouad.oubari/msgm/rafm-additions/outputs_tflow_full/v2/final/student_t_d16_df2.0_cor/seed_8925/result.json
student_t_d16_df2.0_cor,tflow,8925,complete,exploding_norm_rate,0.0038999998942017555,/mnt/vast01/users/fouad.oubari/msgm/rafm-additions/outputs_tflow_full/v2/final/student_t_d16_df2.0_cor/seed_8925/result.json
student_t_d16_df2.0_cor,tflow,8925,complete,inf_rate,0.0,/mnt/vast01/users/fouad.oubari/msgm/rafm-additions/outputs_tflow_full/v2/final/student_t_d16_df2.0_cor/seed_8925/result.json
student_t_d16_df2.0_cor,tflow,8925,complete,invalid_rate,0.0038999998942017555,/mnt/vast01/users/fouad.oubari/msgm/rafm-additions/outputs_tflow_full/v2/final/student_t_d16_df2.0_cor/seed_8925/result.json
student_t_d16_df2.0_cor,tflow,8925,complete,ks_stat,0.4823000133037567,/mnt/vast01/users/fouad.oubari/msgm/rafm-additions/outputs_tflow_full/v2/final/student_t_d16_df2.0_cor/seed_8925/result.json
student_t_d16_df2.0_cor,tflow,8925,complete,mmd,0.16977494955062866,/mnt/vast01/users/fouad.oubari/msgm/rafm-additions/outputs_tflow_full/v2/final/student_t_d16_df2.0_cor/seed_8925/result.json
student_t_d16_df2.0_cor,tflow,8925,complete,n_params,37392,/mnt/vast01/users/fouad.oubari/msgm/rafm-additions/outputs_tflow_full/v2/final/student_t_d16_df2.0_cor/seed_8925/result.json
student_t_d16_df2.0_cor,tflow,8925,complete,nan_rate,0.0,/mnt/vast01/users/fouad.oubari/msgm/rafm-additions/outputs_tflow_full/v2/final/student_t_d16_df2.0_cor/seed_8925/result.json
student_t_d16_df2.0_cor,tflow,8925,complete,nfe,512,/mnt/vast01/users/fouad.oubari/msgm/rafm-additions/outputs_tflow_full/v2/final/student_t_d16_df2.0_cor/seed_8925/result.json
student_t_d16_df2.0_cor,tflow,8925,complete,q950_err,30.215641867572014,/mnt/vast01/users/fouad.oubari/msgm/rafm-additions/outputs_tflow_full/v2/final/student_t_d16_df2.0_cor/seed_8925/result.json
student_t_d16_df2.0_cor,tflow,8925,complete,q990_err,35.424760081925214,/mnt/vast01/users/fouad.oubari/msgm/rafm-additions/outputs_tflow_full/v2/final/student_t_d16_df2.0_cor/seed_8925/result.json
student_t_d16_df2.0_cor,tflow,8925,complete,q995_err,34.886032205666375,/mnt/vast01/users/fouad.oubari/msgm/rafm-additions/outputs_tflow_full/v2/final/student_t_d16_df2.0_cor/seed_8925/result.json
student_t_d16_df2.0_cor,tflow,8925,complete,radial_w1,463.1683349609375,/mnt/vast01/users/fouad.oubari/msgm/rafm-additions/outputs_tflow_full/v2/final/student_t_d16_df2.0_cor/seed_8925/result.json
student_t_d16_df2.0_cor,tflow,8925,complete,sample_time_s,0.4109302833676338,/mnt/vast01/users/fouad.oubari/msgm/rafm-additions/outputs_tflow_full/v2/final/student_t_d16_df2.0_cor/seed_8925/result.json
student_t_d16_df2.0_cor,tflow,8925,complete,sliced_w1,93.28093719482422,/mnt/vast01/users/fouad.oubari/msgm/rafm-additions/outputs_tflow_full/v2/final/student_t_d16_df2.0_cor/seed_8925/result.json
student_t_d16_df2.0_cor,tflow,8925,complete,tail_exc_95,0.4684000134468078,/mnt/vast01/users/fouad.oubari/msgm/rafm-additions/outputs_tflow_full/v2/final/student_t_d16_df2.0_cor/seed_8925/result.json
student_t_d16_df2.0_cor,tflow,8925,complete,tail_exc_99,0.37690000772476195,/mnt/vast01/users/fouad.oubari/msgm/rafm-additions/outputs_tflow_full/v2/final/student_t_d16_df2.0_cor/seed_8925/result.json
student_t_d16_df2.0_cor,tflow,8925,complete,total_train_time_s,31.582035917788744,/mnt/vast01/users/fouad.oubari/msgm/rafm-additions/outputs_tflow_full/v2/final/student_t_d16_df2.0_cor/seed_8925/result.json
student_t_d16_df2.0_cor,tflow,77395,in_progress_or_interrupted,,,/mnt/vast01/users/fouad.oubari/msgm/rafm-additions/outputs_tflow_full/v2/final/student_t_d16_df2.0_cor/seed_77395/result.json
student_t_d16_df2.0_cor,tflow,65457,missing,,,/mnt/vast01/users/fouad.oubari/msgm/rafm-additions/outputs_tflow_full/v2/final/student_t_d16_df2.0_cor/seed_65457/result.json
student_t_d16_df3.0_cor,A,8925,missing,,,/mnt/vast01/users/fouad.oubari/msgm/rafm-additions/outputs_rafm_input_study/v1/final/student_t_d16_df3.0_cor/A/seed_8925/result.json
student_t_d16_df3.0_cor,A,77395,missing,,,/mnt/vast01/users/fouad.oubari/msgm/rafm-additions/outputs_rafm_input_study/v1/final/student_t_d16_df3.0_cor/A/seed_77395/result.json
student_t_d16_df3.0_cor,A,65457,missing,,,/mnt/vast01/users/fouad.oubari/msgm/rafm-additions/outputs_rafm_input_study/v1/final/student_t_d16_df3.0_cor/A/seed_65457/result.json
student_t_d16_df3.0_cor,B,8925,missing,,,/mnt/vast01/users/fouad.oubari/msgm/rafm-additions/outputs_rafm_input_study/v1/final/student_t_d16_df3.0_cor/B/seed_8925/result.json
student_t_d16_df3.0_cor,B,77395,missing,,,/mnt/vast01/users/fouad.oubari/msgm/rafm-additions/outputs_rafm_input_study/v1/final/student_t_d16_df3.0_cor/B/seed_77395/result.json
student_t_d16_df3.0_cor,B,65457,missing,,,/mnt/vast01/users/fouad.oubari/msgm/rafm-additions/outputs_rafm_input_study/v1/final/student_t_d16_df3.0_cor/B/seed_65457/result.json
student_t_d16_df3.0_cor,C,8925,missing,,,/mnt/vast01/users/fouad.oubari/msgm/rafm-additions/outputs_rafm_input_study/v1/final/student_t_d16_df3.0_cor/C/seed_8925/result.json
student_t_d16_df3.0_cor,C,77395,missing,,,/mnt/vast01/users/fouad.oubari/msgm/rafm-additions/outputs_rafm_input_study/v1/final/student_t_d16_df3.0_cor/C/seed_77395/result.json
student_t_d16_df3.0_cor,C,65457,missing,,,/mnt/vast01/users/fouad.oubari/msgm/rafm-additions/outputs_rafm_input_study/v1/final/student_t_d16_df3.0_cor/C/seed_65457/result.json
student_t_d16_df3.0_cor,tflow,8925,missing,,,/mnt/vast01/users/fouad.oubari/msgm/rafm-additions/outputs_tflow_full/v2/final/student_t_d16_df3.0_cor/seed_8925/result.json
student_t_d16_df3.0_cor,tflow,77395,missing,,,/mnt/vast01/users/fouad.oubari/msgm/rafm-additions/outputs_tflow_full/v2/final/student_t_d16_df3.0_cor/seed_77395/result.json
student_t_d16_df3.0_cor,tflow,65457,missing,,,/mnt/vast01/users/fouad.oubari/msgm/rafm-additions/outputs_tflow_full/v2/final/student_t_d16_df3.0_cor/seed_65457/result.json
student_t_d16_df5.0_cor,A,8925,missing,,,/mnt/vast01/users/fouad.oubari/msgm/rafm-additions/outputs_rafm_input_study/v1/final/student_t_d16_df5.0_cor/A/seed_8925/result.json
student_t_d16_df5.0_cor,A,77395,missing,,,/mnt/vast01/users/fouad.oubari/msgm/rafm-additions/outputs_rafm_input_study/v1/final/student_t_d16_df5.0_cor/A/seed_77395/result.json
student_t_d16_df5.0_cor,A,65457,missing,,,/mnt/vast01/users/fouad.oubari/msgm/rafm-additions/outputs_rafm_input_study/v1/final/student_t_d16_df5.0_cor/A/seed_65457/result.json
student_t_d16_df5.0_cor,B,8925,missing,,,/mnt/vast01/users/fouad.oubari/msgm/rafm-additions/outputs_rafm_input_study/v1/final/student_t_d16_df5.0_cor/B/seed_8925/result.json
student_t_d16_df5.0_cor,B,77395,missing,,,/mnt/vast01/users/fouad.oubari/msgm/rafm-additions/outputs_rafm_input_study/v1/final/student_t_d16_df5.0_cor/B/seed_77395/result.json
student_t_d16_df5.0_cor,B,65457,missing,,,/mnt/vast01/users/fouad.oubari/msgm/rafm-additions/outputs_rafm_input_study/v1/final/student_t_d16_df5.0_cor/B/seed_65457/result.json
student_t_d16_df5.0_cor,C,8925,missing,,,/mnt/vast01/users/fouad.oubari/msgm/rafm-additions/outputs_rafm_input_study/v1/final/student_t_d16_df5.0_cor/C/seed_8925/result.json
student_t_d16_df5.0_cor,C,77395,missing,,,/mnt/vast01/users/fouad.oubari/msgm/rafm-additions/outputs_rafm_input_study/v1/final/student_t_d16_df5.0_cor/C/seed_77395/result.json
student_t_d16_df5.0_cor,C,65457,missing,,,/mnt/vast01/users/fouad.oubari/msgm/rafm-additions/outputs_rafm_input_study/v1/final/student_t_d16_df5.0_cor/C/seed_65457/result.json
student_t_d16_df5.0_cor,tflow,8925,awaiting_sample_audit,angular_sw_bin0,0.134679913520813,/mnt/vast01/users/fouad.oubari/msgm/rafm-additions/outputs_tflow_full/v2/final/student_t_d16_df5.0_cor/seed_8925/result.json
student_t_d16_df5.0_cor,tflow,8925,awaiting_sample_audit,angular_sw_bin1,0.17818978428840637,/mnt/vast01/users/fouad.oubari/msgm/rafm-additions/outputs_tflow_full/v2/final/student_t_d16_df5.0_cor/seed_8925/result.json
student_t_d16_df5.0_cor,tflow,8925,awaiting_sample_audit,angular_sw_bin2,0.19345498085021973,/mnt/vast01/users/fouad.oubari/msgm/rafm-additions/outputs_tflow_full/v2/final/student_t_d16_df5.0_cor/seed_8925/result.json
student_t_d16_df5.0_cor,tflow,8925,awaiting_sample_audit,angular_sw_bin3,0.20074619352817535,/mnt/vast01/users/fouad.oubari/msgm/rafm-additions/outputs_tflow_full/v2/final/student_t_d16_df5.0_cor/seed_8925/result.json
student_t_d16_df5.0_cor,tflow,8925,awaiting_sample_audit,angular_sw_mean,0.1767677180469036,/mnt/vast01/users/fouad.oubari/msgm/rafm-additions/outputs_tflow_full/v2/final/student_t_d16_df5.0_cor/seed_8925/result.json
student_t_d16_df5.0_cor,tflow,8925,awaiting_sample_audit,exploding_norm_rate,0.0,/mnt/vast01/users/fouad.oubari/msgm/rafm-additions/outputs_tflow_full/v2/final/student_t_d16_df5.0_cor/seed_8925/result.json
student_t_d16_df5.0_cor,tflow,8925,awaiting_sample_audit,inf_rate,0.0,/mnt/vast01/users/fouad.oubari/msgm/rafm-additions/outputs_tflow_full/v2/final/student_t_d16_df5.0_cor/seed_8925/result.json
student_t_d16_df5.0_cor,tflow,8925,awaiting_sample_audit,invalid_rate,0.0,/mnt/vast01/users/fouad.oubari/msgm/rafm-additions/outputs_tflow_full/v2/final/student_t_d16_df5.0_cor/seed_8925/result.json
student_t_d16_df5.0_cor,tflow,8925,awaiting_sample_audit,ks_stat,0.5936000347137451,/mnt/vast01/users/fouad.oubari/msgm/rafm-additions/outputs_tflow_full/v2/final/student_t_d16_df5.0_cor/seed_8925/result.json
student_t_d16_df5.0_cor,tflow,8925,awaiting_sample_audit,mmd,0.3922005295753479,/mnt/vast01/users/fouad.oubari/msgm/rafm-additions/outputs_tflow_full/v2/final/student_t_d16_df5.0_cor/seed_8925/result.json
student_t_d16_df5.0_cor,tflow,8925,awaiting_sample_audit,n_params,37392,/mnt/vast01/users/fouad.oubari/msgm/rafm-additions/outputs_tflow_full/v2/final/student_t_d16_df5.0_cor/seed_8925/result.json
student_t_d16_df5.0_cor,tflow,8925,awaiting_sample_audit,nan_rate,0.0,/mnt/vast01/users/fouad.oubari/msgm/rafm-additions/outputs_tflow_full/v2/final/student_t_d16_df5.0_cor/seed_8925/result.json
student_t_d16_df5.0_cor,tflow,8925,awaiting_sample_audit,nfe,512,/mnt/vast01/users/fouad.oubari/msgm/rafm-additions/outputs_tflow_full/v2/final/student_t_d16_df5.0_cor/seed_8925/result.json
student_t_d16_df5.0_cor,tflow,8925,awaiting_sample_audit,q950_err,1.080636142114244,/mnt/vast01/users/fouad.oubari/msgm/rafm-additions/outputs_tflow_full/v2/final/student_t_d16_df5.0_cor/seed_8925/result.json
student_t_d16_df5.0_cor,tflow,8925,awaiting_sample_audit,q990_err,1.8925583152965328,/mnt/vast01/users/fouad.oubari/msgm/rafm-additions/outputs_tflow_full/v2/final/student_t_d16_df5.0_cor/seed_8925/result.json
student_t_d16_df5.0_cor,tflow,8925,awaiting_sample_audit,q995_err,2.5806871802956013,/mnt/vast01/users/fouad.oubari/msgm/rafm-additions/outputs_tflow_full/v2/final/student_t_d16_df5.0_cor/seed_8925/result.json
student_t_d16_df5.0_cor,tflow,8925,awaiting_sample_audit,radial_w1,15.83308219909668,/mnt/vast01/users/fouad.oubari/msgm/rafm-additions/outputs_tflow_full/v2/final/student_t_d16_df5.0_cor/seed_8925/result.json
student_t_d16_df5.0_cor,tflow,8925,awaiting_sample_audit,sample_time_s,0.4131308048963547,/mnt/vast01/users/fouad.oubari/msgm/rafm-additions/outputs_tflow_full/v2/final/student_t_d16_df5.0_cor/seed_8925/result.json
student_t_d16_df5.0_cor,tflow,8925,awaiting_sample_audit,sliced_w1,6.253240585327148,/mnt/vast01/users/fouad.oubari/msgm/rafm-additions/outputs_tflow_full/v2/final/student_t_d16_df5.0_cor/seed_8925/result.json
student_t_d16_df5.0_cor,tflow,8925,awaiting_sample_audit,tail_exc_95,0.4616999745368957,/mnt/vast01/users/fouad.oubari/msgm/rafm-additions/outputs_tflow_full/v2/final/student_t_d16_df5.0_cor/seed_8925/result.json
student_t_d16_df5.0_cor,tflow,8925,awaiting_sample_audit,tail_exc_99,0.26340000867843627,/mnt/vast01/users/fouad.oubari/msgm/rafm-additions/outputs_tflow_full/v2/final/student_t_d16_df5.0_cor/seed_8925/result.json
student_t_d16_df5.0_cor,tflow,8925,awaiting_sample_audit,total_train_time_s,30.75216356292367,/mnt/vast01/users/fouad.oubari/msgm/rafm-additions/outputs_tflow_full/v2/final/student_t_d16_df5.0_cor/seed_8925/result.json
student_t_d16_df5.0_cor,tflow,77395,missing,,,/mnt/vast01/users/fouad.oubari/msgm/rafm-additions/outputs_tflow_full/v2/final/student_t_d16_df5.0_cor/seed_77395/result.json
student_t_d16_df5.0_cor,tflow,65457,missing,,,/mnt/vast01/users/fouad.oubari/msgm/rafm-additions/outputs_tflow_full/v2/final/student_t_d16_df5.0_cor/seed_65457/result.json
student_t_d16_df50.0_cor,A,8925,missing,,,/mnt/vast01/users/fouad.oubari/msgm/rafm-additions/outputs_rafm_input_study/v1/final/student_t_d16_df50.0_cor/A/seed_8925/result.json
student_t_d16_df50.0_cor,A,77395,missing,,,/mnt/vast01/users/fouad.oubari/msgm/rafm-additions/outputs_rafm_input_study/v1/final/student_t_d16_df50.0_cor/A/seed_77395/result.json
student_t_d16_df50.0_cor,A,65457,missing,,,/mnt/vast01/users/fouad.oubari/msgm/rafm-additions/outputs_rafm_input_study/v1/final/student_t_d16_df50.0_cor/A/seed_65457/result.json
student_t_d16_df50.0_cor,B,8925,missing,,,/mnt/vast01/users/fouad.oubari/msgm/rafm-additions/outputs_rafm_input_study/v1/final/student_t_d16_df50.0_cor/B/seed_8925/result.json
student_t_d16_df50.0_cor,B,77395,missing,,,/mnt/vast01/users/fouad.oubari/msgm/rafm-additions/outputs_rafm_input_study/v1/final/student_t_d16_df50.0_cor/B/seed_77395/result.json
student_t_d16_df50.0_cor,B,65457,missing,,,/mnt/vast01/users/fouad.oubari/msgm/rafm-additions/outputs_rafm_input_study/v1/final/student_t_d16_df50.0_cor/B/seed_65457/result.json
student_t_d16_df50.0_cor,C,8925,missing,,,/mnt/vast01/users/fouad.oubari/msgm/rafm-additions/outputs_rafm_input_study/v1/final/student_t_d16_df50.0_cor/C/seed_8925/result.json
student_t_d16_df50.0_cor,C,77395,missing,,,/mnt/vast01/users/fouad.oubari/msgm/rafm-additions/outputs_rafm_input_study/v1/final/student_t_d16_df50.0_cor/C/seed_77395/result.json
student_t_d16_df50.0_cor,C,65457,missing,,,/mnt/vast01/users/fouad.oubari/msgm/rafm-additions/outputs_rafm_input_study/v1/final/student_t_d16_df50.0_cor/C/seed_65457/result.json
student_t_d16_df50.0_cor,tflow,8925,missing,,,/mnt/vast01/users/fouad.oubari/msgm/rafm-additions/outputs_tflow_full/v2/final/student_t_d16_df50.0_cor/seed_8925/result.json
student_t_d16_df50.0_cor,tflow,77395,missing,,,/mnt/vast01/users/fouad.oubari/msgm/rafm-additions/outputs_tflow_full/v2/final/student_t_d16_df50.0_cor/seed_77395/result.json
student_t_d16_df50.0_cor,tflow,65457,missing,,,/mnt/vast01/users/fouad.oubari/msgm/rafm-additions/outputs_tflow_full/v2/final/student_t_d16_df50.0_cor/seed_65457/result.json
student_t_d256_df3.0_cor,A,8925,missing,,,/mnt/vast01/users/fouad.oubari/msgm/rafm-additions/outputs_rafm_input_study/v1/final/student_t_d256_df3.0_cor/A/seed_8925/result.json
student_t_d256_df3.0_cor,A,77395,missing,,,/mnt/vast01/users/fouad.oubari/msgm/rafm-additions/outputs_rafm_input_study/v1/final/student_t_d256_df3.0_cor/A/seed_77395/result.json
student_t_d256_df3.0_cor,A,65457,missing,,,/mnt/vast01/users/fouad.oubari/msgm/rafm-additions/outputs_rafm_input_study/v1/final/student_t_d256_df3.0_cor/A/seed_65457/result.json
student_t_d256_df3.0_cor,B,8925,missing,,,/mnt/vast01/users/fouad.oubari/msgm/rafm-additions/outputs_rafm_input_study/v1/final/student_t_d256_df3.0_cor/B/seed_8925/result.json
student_t_d256_df3.0_cor,B,77395,missing,,,/mnt/vast01/users/fouad.oubari/msgm/rafm-additions/outputs_rafm_input_study/v1/final/student_t_d256_df3.0_cor/B/seed_77395/result.json
student_t_d256_df3.0_cor,B,65457,missing,,,/mnt/vast01/users/fouad.oubari/msgm/rafm-additions/outputs_rafm_input_study/v1/final/student_t_d256_df3.0_cor/B/seed_65457/result.json
student_t_d256_df3.0_cor,C,8925,missing,,,/mnt/vast01/users/fouad.oubari/msgm/rafm-additions/outputs_rafm_input_study/v1/final/student_t_d256_df3.0_cor/C/seed_8925/result.json
student_t_d256_df3.0_cor,C,77395,missing,,,/mnt/vast01/users/fouad.oubari/msgm/rafm-additions/outputs_rafm_input_study/v1/final/student_t_d256_df3.0_cor/C/seed_77395/result.json
student_t_d256_df3.0_cor,C,65457,missing,,,/mnt/vast01/users/fouad.oubari/msgm/rafm-additions/outputs_rafm_input_study/v1/final/student_t_d256_df3.0_cor/C/seed_65457/result.json
student_t_d256_df3.0_cor,tflow,8925,missing,,,/mnt/vast01/users/fouad.oubari/msgm/rafm-additions/outputs_tflow_full/v2/final/student_t_d256_df3.0_cor/seed_8925/result.json
student_t_d256_df3.0_cor,tflow,77395,missing,,,/mnt/vast01/users/fouad.oubari/msgm/rafm-additions/outputs_tflow_full/v2/final/student_t_d256_df3.0_cor/seed_77395/result.json
student_t_d256_df3.0_cor,tflow,65457,missing,,,/mnt/vast01/users/fouad.oubari/msgm/rafm-additions/outputs_tflow_full/v2/final/student_t_d256_df3.0_cor/seed_65457/result.json
student_t_d2_df3.0_cor,A,8925,missing,,,/mnt/vast01/users/fouad.oubari/msgm/rafm-additions/outputs_rafm_input_study/v1/final/student_t_d2_df3.0_cor/A/seed_8925/result.json
student_t_d2_df3.0_cor,A,77395,missing,,,/mnt/vast01/users/fouad.oubari/msgm/rafm-additions/outputs_rafm_input_study/v1/final/student_t_d2_df3.0_cor/A/seed_77395/result.json
student_t_d2_df3.0_cor,A,65457,missing,,,/mnt/vast01/users/fouad.oubari/msgm/rafm-additions/outputs_rafm_input_study/v1/final/student_t_d2_df3.0_cor/A/seed_65457/result.json
student_t_d2_df3.0_cor,B,8925,missing,,,/mnt/vast01/users/fouad.oubari/msgm/rafm-additions/outputs_rafm_input_study/v1/final/student_t_d2_df3.0_cor/B/seed_8925/result.json
student_t_d2_df3.0_cor,B,77395,missing,,,/mnt/vast01/users/fouad.oubari/msgm/rafm-additions/outputs_rafm_input_study/v1/final/student_t_d2_df3.0_cor/B/seed_77395/result.json
student_t_d2_df3.0_cor,B,65457,missing,,,/mnt/vast01/users/fouad.oubari/msgm/rafm-additions/outputs_rafm_input_study/v1/final/student_t_d2_df3.0_cor/B/seed_65457/result.json
student_t_d2_df3.0_cor,C,8925,missing,,,/mnt/vast01/users/fouad.oubari/msgm/rafm-additions/outputs_rafm_input_study/v1/final/student_t_d2_df3.0_cor/C/seed_8925/result.json
student_t_d2_df3.0_cor,C,77395,missing,,,/mnt/vast01/users/fouad.oubari/msgm/rafm-additions/outputs_rafm_input_study/v1/final/student_t_d2_df3.0_cor/C/seed_77395/result.json
student_t_d2_df3.0_cor,C,65457,missing,,,/mnt/vast01/users/fouad.oubari/msgm/rafm-additions/outputs_rafm_input_study/v1/final/student_t_d2_df3.0_cor/C/seed_65457/result.json
student_t_d2_df3.0_cor,tflow,8925,missing,,,/mnt/vast01/users/fouad.oubari/msgm/rafm-additions/outputs_tflow_full/v2/final/student_t_d2_df3.0_cor/seed_8925/result.json
student_t_d2_df3.0_cor,tflow,77395,missing,,,/mnt/vast01/users/fouad.oubari/msgm/rafm-additions/outputs_tflow_full/v2/final/student_t_d2_df3.0_cor/seed_77395/result.json
student_t_d2_df3.0_cor,tflow,65457,missing,,,/mnt/vast01/users/fouad.oubari/msgm/rafm-additions/outputs_tflow_full/v2/final/student_t_d2_df3.0_cor/seed_65457/result.json
student_t_d32_df3.0_cor,A,8925,missing,,,/mnt/vast01/users/fouad.oubari/msgm/rafm-additions/outputs_rafm_input_study/v1/final/student_t_d32_df3.0_cor/A/seed_8925/result.json
student_t_d32_df3.0_cor,A,77395,missing,,,/mnt/vast01/users/fouad.oubari/msgm/rafm-additions/outputs_rafm_input_study/v1/final/student_t_d32_df3.0_cor/A/seed_77395/result.json
student_t_d32_df3.0_cor,A,65457,missing,,,/mnt/vast01/users/fouad.oubari/msgm/rafm-additions/outputs_rafm_input_study/v1/final/student_t_d32_df3.0_cor/A/seed_65457/result.json
student_t_d32_df3.0_cor,B,8925,missing,,,/mnt/vast01/users/fouad.oubari/msgm/rafm-additions/outputs_rafm_input_study/v1/final/student_t_d32_df3.0_cor/B/seed_8925/result.json
student_t_d32_df3.0_cor,B,77395,missing,,,/mnt/vast01/users/fouad.oubari/msgm/rafm-additions/outputs_rafm_input_study/v1/final/student_t_d32_df3.0_cor/B/seed_77395/result.json
student_t_d32_df3.0_cor,B,65457,missing,,,/mnt/vast01/users/fouad.oubari/msgm/rafm-additions/outputs_rafm_input_study/v1/final/student_t_d32_df3.0_cor/B/seed_65457/result.json
student_t_d32_df3.0_cor,C,8925,missing,,,/mnt/vast01/users/fouad.oubari/msgm/rafm-additions/outputs_rafm_input_study/v1/final/student_t_d32_df3.0_cor/C/seed_8925/result.json
student_t_d32_df3.0_cor,C,77395,missing,,,/mnt/vast01/users/fouad.oubari/msgm/rafm-additions/outputs_rafm_input_study/v1/final/student_t_d32_df3.0_cor/C/seed_77395/result.json
student_t_d32_df3.0_cor,C,65457,missing,,,/mnt/vast01/users/fouad.oubari/msgm/rafm-additions/outputs_rafm_input_study/v1/final/student_t_d32_df3.0_cor/C/seed_65457/result.json
student_t_d32_df3.0_cor,tflow,8925,missing,,,/mnt/vast01/users/fouad.oubari/msgm/rafm-additions/outputs_tflow_full/v2/final/student_t_d32_df3.0_cor/seed_8925/result.json
student_t_d32_df3.0_cor,tflow,77395,missing,,,/mnt/vast01/users/fouad.oubari/msgm/rafm-additions/outputs_tflow_full/v2/final/student_t_d32_df3.0_cor/seed_77395/result.json
student_t_d32_df3.0_cor,tflow,65457,missing,,,/mnt/vast01/users/fouad.oubari/msgm/rafm-additions/outputs_tflow_full/v2/final/student_t_d32_df3.0_cor/seed_65457/result.json
student_t_d64_df3.0_cor,A,8925,missing,,,/mnt/vast01/users/fouad.oubari/msgm/rafm-additions/outputs_rafm_input_study/v1/final/student_t_d64_df3.0_cor/A/seed_8925/result.json
student_t_d64_df3.0_cor,A,77395,missing,,,/mnt/vast01/users/fouad.oubari/msgm/rafm-additions/outputs_rafm_input_study/v1/final/student_t_d64_df3.0_cor/A/seed_77395/result.json
student_t_d64_df3.0_cor,A,65457,missing,,,/mnt/vast01/users/fouad.oubari/msgm/rafm-additions/outputs_rafm_input_study/v1/final/student_t_d64_df3.0_cor/A/seed_65457/result.json
student_t_d64_df3.0_cor,B,8925,missing,,,/mnt/vast01/users/fouad.oubari/msgm/rafm-additions/outputs_rafm_input_study/v1/final/student_t_d64_df3.0_cor/B/seed_8925/result.json
student_t_d64_df3.0_cor,B,77395,missing,,,/mnt/vast01/users/fouad.oubari/msgm/rafm-additions/outputs_rafm_input_study/v1/final/student_t_d64_df3.0_cor/B/seed_77395/result.json
student_t_d64_df3.0_cor,B,65457,missing,,,/mnt/vast01/users/fouad.oubari/msgm/rafm-additions/outputs_rafm_input_study/v1/final/student_t_d64_df3.0_cor/B/seed_65457/result.json
student_t_d64_df3.0_cor,C,8925,missing,,,/mnt/vast01/users/fouad.oubari/msgm/rafm-additions/outputs_rafm_input_study/v1/final/student_t_d64_df3.0_cor/C/seed_8925/result.json
student_t_d64_df3.0_cor,C,77395,missing,,,/mnt/vast01/users/fouad.oubari/msgm/rafm-additions/outputs_rafm_input_study/v1/final/student_t_d64_df3.0_cor/C/seed_77395/result.json
student_t_d64_df3.0_cor,C,65457,missing,,,/mnt/vast01/users/fouad.oubari/msgm/rafm-additions/outputs_rafm_input_study/v1/final/student_t_d64_df3.0_cor/C/seed_65457/result.json
student_t_d64_df3.0_cor,tflow,8925,missing,,,/mnt/vast01/users/fouad.oubari/msgm/rafm-additions/outputs_tflow_full/v2/final/student_t_d64_df3.0_cor/seed_8925/result.json
student_t_d64_df3.0_cor,tflow,77395,missing,,,/mnt/vast01/users/fouad.oubari/msgm/rafm-additions/outputs_tflow_full/v2/final/student_t_d64_df3.0_cor/seed_77395/result.json
student_t_d64_df3.0_cor,tflow,65457,missing,,,/mnt/vast01/users/fouad.oubari/msgm/rafm-additions/outputs_tflow_full/v2/final/student_t_d64_df3.0_cor/seed_65457/result.json
student_t_d8_df3.0_cor,A,8925,missing,,,/mnt/vast01/users/fouad.oubari/msgm/rafm-additions/outputs_rafm_input_study/v1/final/student_t_d8_df3.0_cor/A/seed_8925/result.json
student_t_d8_df3.0_cor,A,77395,missing,,,/mnt/vast01/users/fouad.oubari/msgm/rafm-additions/outputs_rafm_input_study/v1/final/student_t_d8_df3.0_cor/A/seed_77395/result.json
student_t_d8_df3.0_cor,A,65457,missing,,,/mnt/vast01/users/fouad.oubari/msgm/rafm-additions/outputs_rafm_input_study/v1/final/student_t_d8_df3.0_cor/A/seed_65457/result.json
student_t_d8_df3.0_cor,B,8925,missing,,,/mnt/vast01/users/fouad.oubari/msgm/rafm-additions/outputs_rafm_input_study/v1/final/student_t_d8_df3.0_cor/B/seed_8925/result.json
student_t_d8_df3.0_cor,B,77395,missing,,,/mnt/vast01/users/fouad.oubari/msgm/rafm-additions/outputs_rafm_input_study/v1/final/student_t_d8_df3.0_cor/B/seed_77395/result.json
student_t_d8_df3.0_cor,B,65457,missing,,,/mnt/vast01/users/fouad.oubari/msgm/rafm-additions/outputs_rafm_input_study/v1/final/student_t_d8_df3.0_cor/B/seed_65457/result.json
student_t_d8_df3.0_cor,C,8925,missing,,,/mnt/vast01/users/fouad.oubari/msgm/rafm-additions/outputs_rafm_input_study/v1/final/student_t_d8_df3.0_cor/C/seed_8925/result.json
student_t_d8_df3.0_cor,C,77395,missing,,,/mnt/vast01/users/fouad.oubari/msgm/rafm-additions/outputs_rafm_input_study/v1/final/student_t_d8_df3.0_cor/C/seed_77395/result.json
student_t_d8_df3.0_cor,C,65457,missing,,,/mnt/vast01/users/fouad.oubari/msgm/rafm-additions/outputs_rafm_input_study/v1/final/student_t_d8_df3.0_cor/C/seed_65457/result.json
student_t_d8_df3.0_cor,tflow,8925,missing,,,/mnt/vast01/users/fouad.oubari/msgm/rafm-additions/outputs_tflow_full/v2/final/student_t_d8_df3.0_cor/seed_8925/result.json
student_t_d8_df3.0_cor,tflow,77395,missing,,,/mnt/vast01/users/fouad.oubari/msgm/rafm-additions/outputs_tflow_full/v2/final/student_t_d8_df3.0_cor/seed_77395/result.json
student_t_d8_df3.0_cor,tflow,65457,missing,,,/mnt/vast01/users/fouad.oubari/msgm/rafm-additions/outputs_tflow_full/v2/final/student_t_d8_df3.0_cor/seed_65457/result.json
toy_radial_angular,A,8925,missing,,,/mnt/vast01/users/fouad.oubari/msgm/rafm-additions/outputs_rafm_input_study/v1/final/toy_radial_angular/A/seed_8925/result.json
toy_radial_angular,A,77395,missing,,,/mnt/vast01/users/fouad.oubari/msgm/rafm-additions/outputs_rafm_input_study/v1/final/toy_radial_angular/A/seed_77395/result.json
toy_radial_angular,A,65457,missing,,,/mnt/vast01/users/fouad.oubari/msgm/rafm-additions/outputs_rafm_input_study/v1/final/toy_radial_angular/A/seed_65457/result.json
toy_radial_angular,B,8925,missing,,,/mnt/vast01/users/fouad.oubari/msgm/rafm-additions/outputs_rafm_input_study/v1/final/toy_radial_angular/B/seed_8925/result.json
toy_radial_angular,B,77395,missing,,,/mnt/vast01/users/fouad.oubari/msgm/rafm-additions/outputs_rafm_input_study/v1/final/toy_radial_angular/B/seed_77395/result.json
toy_radial_angular,B,65457,missing,,,/mnt/vast01/users/fouad.oubari/msgm/rafm-additions/outputs_rafm_input_study/v1/final/toy_radial_angular/B/seed_65457/result.json
toy_radial_angular,C,8925,missing,,,/mnt/vast01/users/fouad.oubari/msgm/rafm-additions/outputs_rafm_input_study/v1/final/toy_radial_angular/C/seed_8925/result.json
toy_radial_angular,C,77395,missing,,,/mnt/vast01/users/fouad.oubari/msgm/rafm-additions/outputs_rafm_input_study/v1/final/toy_radial_angular/C/seed_77395/result.json
toy_radial_angular,C,65457,missing,,,/mnt/vast01/users/fouad.oubari/msgm/rafm-additions/outputs_rafm_input_study/v1/final/toy_radial_angular/C/seed_65457/result.json
toy_radial_angular,tflow,8925,missing,,,/mnt/vast01/users/fouad.oubari/msgm/rafm-additions/outputs_tflow_full/v2/final/toy_radial_angular/seed_8925/result.json
toy_radial_angular,tflow,77395,missing,,,/mnt/vast01/users/fouad.oubari/msgm/rafm-additions/outputs_tflow_full/v2/final/toy_radial_angular/seed_77395/result.json
toy_radial_angular,tflow,65457,missing,,,/mnt/vast01/users/fouad.oubari/msgm/rafm-additions/outputs_tflow_full/v2/final/toy_radial_angular/seed_65457/result.json
weather_au_wind,A,8925,missing,,,/mnt/vast01/users/fouad.oubari/msgm/rafm-additions/outputs_rafm_input_study/v1/final/weather_au_wind/A/seed_8925/result.json
weather_au_wind,A,77395,missing,,,/mnt/vast01/users/fouad.oubari/msgm/rafm-additions/outputs_rafm_input_study/v1/final/weather_au_wind/A/seed_77395/result.json
weather_au_wind,A,65457,missing,,,/mnt/vast01/users/fouad.oubari/msgm/rafm-additions/outputs_rafm_input_study/v1/final/weather_au_wind/A/seed_65457/result.json
weather_au_wind,B,8925,missing,,,/mnt/vast01/users/fouad.oubari/msgm/rafm-additions/outputs_rafm_input_study/v1/final/weather_au_wind/B/seed_8925/result.json
weather_au_wind,B,77395,missing,,,/mnt/vast01/users/fouad.oubari/msgm/rafm-additions/outputs_rafm_input_study/v1/final/weather_au_wind/B/seed_77395/result.json
weather_au_wind,B,65457,missing,,,/mnt/vast01/users/fouad.oubari/msgm/rafm-additions/outputs_rafm_input_study/v1/final/weather_au_wind/B/seed_65457/result.json
weather_au_wind,C,8925,missing,,,/mnt/vast01/users/fouad.oubari/msgm/rafm-additions/outputs_rafm_input_study/v1/final/weather_au_wind/C/seed_8925/result.json
weather_au_wind,C,77395,missing,,,/mnt/vast01/users/fouad.oubari/msgm/rafm-additions/outputs_rafm_input_study/v1/final/weather_au_wind/C/seed_77395/result.json
weather_au_wind,C,65457,missing,,,/mnt/vast01/users/fouad.oubari/msgm/rafm-additions/outputs_rafm_input_study/v1/final/weather_au_wind/C/seed_65457/result.json
weather_au_wind,tflow,8925,missing,,,/mnt/vast01/users/fouad.oubari/msgm/rafm-additions/outputs_tflow_full/v2/final/weather_au_wind/seed_8925/result.json
weather_au_wind,tflow,77395,missing,,,/mnt/vast01/users/fouad.oubari/msgm/rafm-additions/outputs_tflow_full/v2/final/weather_au_wind/seed_77395/result.json
weather_au_wind,tflow,65457,missing,,,/mnt/vast01/users/fouad.oubari/msgm/rafm-additions/outputs_tflow_full/v2/final/weather_au_wind/seed_65457/result.json
