condition,comparison_label,method,status,metric,mean,std_population,n,seeds
aniso_k1,new_matched_realization,A,complete,angular_sw_bin0,0.008176853880286217,0.00018583180721297983,3,"[8925, 77395, 65457]"
aniso_k1,new_matched_realization,A,complete,angular_sw_bin1,0.008172274256745974,8.480570682864474e-05,3,"[8925, 77395, 65457]"
aniso_k1,new_matched_realization,A,complete,angular_sw_bin2,0.007606657998015483,0.00012442371124698744,3,"[8925, 77395, 65457]"
aniso_k1,new_matched_realization,A,complete,angular_sw_bin3,0.00864439643919468,8.677132122149565e-05,3,"[8925, 77395, 65457]"
aniso_k1,new_matched_realization,A,complete,angular_sw_mean,0.008150045643560588,6.178520012978879e-05,3,"[8925, 77395, 65457]"
aniso_k1,new_matched_realization,A,complete,exploding_norm_rate,0.0,0.0,3,"[8925, 77395, 65457]"
aniso_k1,new_matched_realization,A,complete,inf_rate,0.0,0.0,3,"[8925, 77395, 65457]"
aniso_k1,new_matched_realization,A,complete,invalid_rate,0.0,0.0,3,"[8925, 77395, 65457]"
aniso_k1,new_matched_realization,A,complete,ks_stat,0.010100007057189941,0.0,3,"[8925, 77395, 65457]"
aniso_k1,new_matched_realization,A,complete,mmd,0.00013124942779541016,8.164458495052863e-06,3,"[8925, 77395, 65457]"
aniso_k1,new_matched_realization,A,complete,nan_rate,0.0,0.0,3,"[8925, 77395, 65457]"
aniso_k1,new_matched_realization,A,complete,nfe,512,0.0,3,"[8925, 77395, 65457]"
aniso_k1,new_matched_realization,A,complete,q950_err,0.003214405035232895,3.298567766310318e-08,3,"[8925, 77395, 65457]"
aniso_k1,new_matched_realization,A,complete,q990_err,0.0008871895818321581,3.060184241524519e-08,3,"[8925, 77395, 65457]"
aniso_k1,new_matched_realization,A,complete,q995_err,0.0030266671072267165,7.864629114039441e-08,3,"[8925, 77395, 65457]"
aniso_k1,new_matched_realization,A,complete,radial_w1,0.012358881843586763,1.5829439938045991e-09,3,"[8925, 77395, 65457]"
aniso_k1,new_matched_realization,A,complete,sample_time_s,0.189125195145607,0.0018821033792228168,3,"[8925, 77395, 65457]"
aniso_k1,new_matched_realization,A,complete,sliced_w1,0.021147213876247406,0.00022859801579665857,3,"[8925, 77395, 65457]"
aniso_k1,new_matched_realization,A,complete,tail_exc_95,0.002500000596046492,0.0,3,"[8925, 77395, 65457]"
aniso_k1,new_matched_realization,A,complete,tail_exc_99,0.0002000003680586726,0.0,3,"[8925, 77395, 65457]"
aniso_k1,new_matched_realization,A,complete,total_train_time_s,29.951571221152943,1.4042579922701937,3,"[8925, 77395, 65457]"
aniso_k1,new_matched_realization,B,complete,angular_sw_bin0,0.008248414223392805,0.0002180386179151259,3,"[8925, 77395, 65457]"
aniso_k1,new_matched_realization,B,complete,angular_sw_bin1,0.008191063068807125,3.939997140099477e-05,3,"[8925, 77395, 65457]"
aniso_k1,new_matched_realization,B,complete,angular_sw_bin2,0.007592441203693549,8.456755981157511e-05,3,"[8925, 77395, 65457]"
aniso_k1,new_matched_realization,B,complete,angular_sw_bin3,0.008860602354009947,0.00010553882284504479,3,"[8925, 77395, 65457]"
aniso_k1,new_matched_realization,B,complete,angular_sw_mean,0.008223130212475857,2.818883049699884e-05,3,"[8925, 77395, 65457]"
aniso_k1,new_matched_realization,B,complete,exploding_norm_rate,0.0,0.0,3,"[8925, 77395, 65457]"
aniso_k1,new_matched_realization,B,complete,inf_rate,0.0,0.0,3,"[8925, 77395, 65457]"
aniso_k1,new_matched_realization,B,complete,invalid_rate,0.0,0.0,3,"[8925, 77395, 65457]"
aniso_k1,new_matched_realization,B,complete,ks_stat,0.010100007057189941,0.0,3,"[8925, 77395, 65457]"
aniso_k1,new_matched_realization,B,complete,mmd,0.00013256072998046875,1.1392234160267606e-05,3,"[8925, 77395, 65457]"
aniso_k1,new_matched_realization,B,complete,nan_rate,0.0,0.0,3,"[8925, 77395, 65457]"
aniso_k1,new_matched_realization,B,complete,nfe,512,0.0,3,"[8925, 77395, 65457]"
aniso_k1,new_matched_realization,B,complete,q950_err,0.003214544981611041,3.298567766310318e-08,3,"[8925, 77395, 65457]"
aniso_k1,new_matched_realization,B,complete,q990_err,0.0008872328593727354,3.060184241519408e-08,3,"[8925, 77395, 65457]"
aniso_k1,new_matched_realization,B,complete,q995_err,0.0030267932218593684,5.94510079702233e-08,3,"[8925, 77395, 65457]"
aniso_k1,new_matched_realization,B,complete,radial_w1,0.01235888246446848,7.604216979143452e-10,3,"[8925, 77395, 65457]"
aniso_k1,new_matched_realization,B,complete,sample_time_s,0.28631020585695904,0.005477061841670412,3,"[8925, 77395, 65457]"
aniso_k1,new_matched_realization,B,complete,sliced_w1,0.021165456001957256,0.0003722794064664881,3,"[8925, 77395, 65457]"
aniso_k1,new_matched_realization,B,complete,tail_exc_95,0.002500000596046492,0.0,3,"[8925, 77395, 65457]"
aniso_k1,new_matched_realization,B,complete,tail_exc_99,0.0002000003680586726,0.0,3,"[8925, 77395, 65457]"
aniso_k1,new_matched_realization,B,complete,total_train_time_s,29.19903949648142,0.12990307202982396,3,"[8925, 77395, 65457]"
aniso_k1,new_matched_realization,C,complete,angular_sw_bin0,0.008129600125054518,0.00013318397461576395,3,"[8925, 77395, 65457]"
aniso_k1,new_matched_realization,C,complete,angular_sw_bin1,0.008073247969150543,9.257146878807646e-05,3,"[8925, 77395, 65457]"
aniso_k1,new_matched_realization,C,complete,angular_sw_bin2,0.007628417573869228,0.00012128496953248648,3,"[8925, 77395, 65457]"
aniso_k1,new_matched_realization,C,complete,angular_sw_bin3,0.008386931692560514,0.00012935237643972773,3,"[8925, 77395, 65457]"
aniso_k1,new_matched_realization,C,complete,angular_sw_mean,0.008054549340158701,4.99618476827705e-05,3,"[8925, 77395, 65457]"
aniso_k1,new_matched_realization,C,complete,exploding_norm_rate,0.0,0.0,3,"[8925, 77395, 65457]"
aniso_k1,new_matched_realization,C,complete,inf_rate,0.0,0.0,3,"[8925, 77395, 65457]"
aniso_k1,new_matched_realization,C,complete,invalid_rate,0.0,0.0,3,"[8925, 77395, 65457]"
aniso_k1,new_matched_realization,C,complete,ks_stat,0.010100007057189941,0.0,3,"[8925, 77395, 65457]"
aniso_k1,new_matched_realization,C,complete,mmd,0.00013299783070882162,1.0107904306376938e-05,3,"[8925, 77395, 65457]"
aniso_k1,new_matched_realization,C,complete,nan_rate,0.0,0.0,3,"[8925, 77395, 65457]"
aniso_k1,new_matched_realization,C,complete,nfe,512,0.0,3,"[8925, 77395, 65457]"
aniso_k1,new_matched_realization,C,complete,q950_err,0.003214475008421968,3.298567766310318e-08,3,"[8925, 77395, 65457]"
aniso_k1,new_matched_realization,C,complete,q990_err,0.0008871895818321581,3.060184241524519e-08,3,"[8925, 77395, 65457]"
aniso_k1,new_matched_realization,C,complete,q995_err,0.0030267091454376006,7.864629114058759e-08,3,"[8925, 77395, 65457]"
aniso_k1,new_matched_realization,C,complete,radial_w1,0.012358884637554487,2.44441376192241e-09,3,"[8925, 77395, 65457]"
aniso_k1,new_matched_realization,C,complete,sample_time_s,0.2525354747970899,0.007087023044166215,3,"[8925, 77395, 65457]"
aniso_k1,new_matched_realization,C,complete,sliced_w1,0.021152136226495106,0.00037622711299810607,3,"[8925, 77395, 65457]"
aniso_k1,new_matched_realization,C,complete,tail_exc_95,0.002500000596046492,0.0,3,"[8925, 77395, 65457]"
aniso_k1,new_matched_realization,C,complete,tail_exc_99,0.0002000003680586726,0.0,3,"[8925, 77395, 65457]"
aniso_k1,new_matched_realization,C,complete,total_train_time_s,29.820918301741283,0.7329158971651544,3,"[8925, 77395, 65457]"
aniso_k10,new_matched_realization,A,complete,angular_sw_bin0,0.009979458215336004,0.0007490156236126174,3,"[8925, 77395, 65457]"
aniso_k10,new_matched_realization,A,complete,angular_sw_bin1,0.008214032277464867,0.0001764762333240711,3,"[8925, 77395, 65457]"
aniso_k10,new_matched_realization,A,complete,angular_sw_bin2,0.009531539554397265,0.0008396060574723082,3,"[8925, 77395, 65457]"
aniso_k10,new_matched_realization,A,complete,angular_sw_bin3,0.008574870570252338,0.0006154908281048625,3,"[8925, 77395, 65457]"
aniso_k10,new_matched_realization,A,complete,angular_sw_mean,0.009074975154362619,0.0005253140458747733,3,"[8925, 77395, 65457]"
aniso_k10,new_matched_realization,A,complete,exploding_norm_rate,0.0,0.0,3,"[8925, 77395, 65457]"
aniso_k10,new_matched_realization,A,complete,inf_rate,0.0,0.0,3,"[8925, 77395, 65457]"
aniso_k10,new_matched_realization,A,complete,invalid_rate,0.0,0.0,3,"[8925, 77395, 65457]"
aniso_k10,new_matched_realization,A,complete,ks_stat,0.012400031089782715,0.0,3,"[8925, 77395, 65457]"
aniso_k10,new_matched_realization,A,complete,mmd,0.0002843141555786133,7.885800376781108e-05,3,"[8925, 77395, 65457]"
aniso_k10,new_matched_realization,A,complete,nan_rate,0.0,0.0,3,"[8925, 77395, 65457]"
aniso_k10,new_matched_realization,A,complete,nfe,512,0.0,3,"[8925, 77395, 65457]"
aniso_k10,new_matched_realization,A,complete,q950_err,0.0013593420858034294,8.852980500682242e-08,3,"[8925, 77395, 65457]"
aniso_k10,new_matched_realization,A,complete,q990_err,0.0008078052251168665,1.3553317180168173e-07,3,"[8925, 77395, 65457]"
aniso_k10,new_matched_realization,A,complete,q995_err,0.009980196061573144,7.532070064405205e-08,3,"[8925, 77395, 65457]"
aniso_k10,new_matched_realization,A,complete,radial_w1,0.07575116803248723,2.458566163135485e-08,3,"[8925, 77395, 65457]"
aniso_k10,new_matched_realization,A,complete,sample_time_s,0.19283282508452734,0.00798954247099634,3,"[8925, 77395, 65457]"
aniso_k10,new_matched_realization,A,complete,sliced_w1,0.13433870921532312,0.013378667211544517,3,"[8925, 77395, 65457]"
aniso_k10,new_matched_realization,A,complete,tail_exc_95,0.000900001078844026,0.0,3,"[8925, 77395, 65457]"
aniso_k10,new_matched_realization,A,complete,tail_exc_99,0.00010000005364418918,0.0,3,"[8925, 77395, 65457]"
aniso_k10,new_matched_realization,A,complete,total_train_time_s,28.49544669687748,1.847442205999618,3,"[8925, 77395, 65457]"
aniso_k10,new_matched_realization,B,complete,angular_sw_bin0,0.011246946640312672,0.00125446582145562,3,"[8925, 77395, 65457]"
aniso_k10,new_matched_realization,B,complete,angular_sw_bin1,0.008943293864528338,0.0005640511830713836,3,"[8925, 77395, 65457]"
aniso_k10,new_matched_realization,B,complete,angular_sw_bin2,0.009971094317734241,0.0016575656835901335,3,"[8925, 77395, 65457]"
aniso_k10,new_matched_realization,B,complete,angular_sw_bin3,0.008821187540888786,0.0008969382446030883,3,"[8925, 77395, 65457]"
aniso_k10,new_matched_realization,B,complete,angular_sw_mean,0.009745630590866009,0.0010385978082004458,3,"[8925, 77395, 65457]"
aniso_k10,new_matched_realization,B,complete,exploding_norm_rate,0.0,0.0,3,"[8925, 77395, 65457]"
aniso_k10,new_matched_realization,B,complete,inf_rate,0.0,0.0,3,"[8925, 77395, 65457]"
aniso_k10,new_matched_realization,B,complete,invalid_rate,0.0,0.0,3,"[8925, 77395, 65457]"
aniso_k10,new_matched_realization,B,complete,ks_stat,0.012400031089782715,0.0,3,"[8925, 77395, 65457]"
aniso_k10,new_matched_realization,B,complete,mmd,0.00042378902435302734,0.00021445047673759852,3,"[8925, 77395, 65457]"
aniso_k10,new_matched_realization,B,complete,nan_rate,0.0,0.0,3,"[8925, 77395, 65457]"
aniso_k10,new_matched_realization,B,complete,nfe,512,0.0,3,"[8925, 77395, 65457]"
aniso_k10,new_matched_realization,B,complete,q950_err,0.00135930594366188,1.0222541350398801e-07,3,"[8925, 77395, 65457]"
aniso_k10,new_matched_realization,B,complete,q990_err,0.000807869116066771,9.035544786780487e-08,3,"[8925, 77395, 65457]"
aniso_k10,new_matched_realization,B,complete,q995_err,0.00998010381293132,7.532070064405205e-08,3,"[8925, 77395, 65457]"
aniso_k10,new_matched_realization,B,complete,radial_w1,0.07575120280186336,9.292506642078214e-09,3,"[8925, 77395, 65457]"
aniso_k10,new_matched_realization,B,complete,sample_time_s,0.282808281481266,0.0008157953767964865,3,"[8925, 77395, 65457]"
aniso_k10,new_matched_realization,B,complete,sliced_w1,0.15405119955539703,0.033516650371153645,3,"[8925, 77395, 65457]"
aniso_k10,new_matched_realization,B,complete,tail_exc_95,0.000900001078844026,0.0,3,"[8925, 77395, 65457]"
aniso_k10,new_matched_realization,B,complete,tail_exc_99,0.00010000005364418918,0.0,3,"[8925, 77395, 65457]"
aniso_k10,new_matched_realization,B,complete,total_train_time_s,29.605324854453404,4.01658868403455,3,"[8925, 77395, 65457]"
aniso_k10,new_matched_realization,C,complete,angular_sw_bin0,0.010773865195612112,0.0003740658344189862,3,"[8925, 77395, 65457]"
aniso_k10,new_matched_realization,C,complete,angular_sw_bin1,0.008666954934597015,0.00018376029438411,3,"[8925, 77395, 65457]"
aniso_k10,new_matched_realization,C,complete,angular_sw_bin2,0.0096492866675059,0.0006753026142739692,3,"[8925, 77395, 65457]"
aniso_k10,new_matched_realization,C,complete,angular_sw_bin3,0.010028071701526642,0.00017676361005849342,3,"[8925, 77395, 65457]"
aniso_k10,new_matched_realization,C,complete,angular_sw_mean,0.009779544624810418,0.0002972269396423167,3,"[8925, 77395, 65457]"
aniso_k10,new_matched_realization,C,complete,exploding_norm_rate,0.0,0.0,3,"[8925, 77395, 65457]"
aniso_k10,new_matched_realization,C,complete,inf_rate,0.0,0.0,3,"[8925, 77395, 65457]"
aniso_k10,new_matched_realization,C,complete,invalid_rate,0.0,0.0,3,"[8925, 77395, 65457]"
aniso_k10,new_matched_realization,C,complete,ks_stat,0.012400031089782715,0.0,3,"[8925, 77395, 65457]"
aniso_k10,new_matched_realization,C,complete,mmd,0.0002702077229817708,5.594226069042783e-05,3,"[8925, 77395, 65457]"
aniso_k10,new_matched_realization,C,complete,nan_rate,0.0,0.0,3,"[8925, 77395, 65457]"
aniso_k10,new_matched_realization,C,complete,nfe,512,0.0,3,"[8925, 77395, 65457]"
aniso_k10,new_matched_realization,C,complete,q950_err,0.0013593059436618803,5.111270675204511e-08,3,"[8925, 77395, 65457]"
aniso_k10,new_matched_realization,C,complete,q990_err,0.0008079010615417232,1.5650022644763474e-07,3,"[8925, 77395, 65457]"
aniso_k10,new_matched_realization,C,complete,q995_err,0.009980073063384047,8.697285358478934e-08,3,"[8925, 77395, 65457]"
aniso_k10,new_matched_realization,C,complete,radial_w1,0.07575114816427231,1.609509363375073e-08,3,"[8925, 77395, 65457]"
aniso_k10,new_matched_realization,C,complete,sample_time_s,0.25344812621672946,0.003423501999664678,3,"[8925, 77395, 65457]"
aniso_k10,new_matched_realization,C,complete,sliced_w1,0.13446329782406488,0.009847782528117832,3,"[8925, 77395, 65457]"
aniso_k10,new_matched_realization,C,complete,tail_exc_95,0.000900001078844026,0.0,3,"[8925, 77395, 65457]"
aniso_k10,new_matched_realization,C,complete,tail_exc_99,0.00010000005364418918,0.0,3,"[8925, 77395, 65457]"
aniso_k10,new_matched_realization,C,complete,total_train_time_s,28.959818604091804,0.2501719985784563,3,"[8925, 77395, 65457]"
aniso_k100,new_matched_realization,A,complete,angular_sw_bin0,0.010005336254835129,0.0010734307123574322,3,"[8925, 77395, 65457]"
aniso_k100,new_matched_realization,A,complete,angular_sw_bin1,0.009950637196501097,0.0008533742324856459,3,"[8925, 77395, 65457]"
aniso_k100,new_matched_realization,A,complete,angular_sw_bin2,0.008776347618550062,0.0010789761657210798,3,"[8925, 77395, 65457]"
aniso_k100,new_matched_realization,A,complete,angular_sw_bin3,0.012096268745760122,0.0020484211979412783,3,"[8925, 77395, 65457]"
aniso_k100,new_matched_realization,A,complete,angular_sw_mean,0.010207147453911602,0.0009003493172950833,3,"[8925, 77395, 65457]"
aniso_k100,new_matched_realization,A,complete,exploding_norm_rate,0.0,0.0,3,"[8925, 77395, 65457]"
aniso_k100,new_matched_realization,A,complete,inf_rate,0.0,0.0,3,"[8925, 77395, 65457]"
aniso_k100,new_matched_realization,A,complete,invalid_rate,0.0,0.0,3,"[8925, 77395, 65457]"
aniso_k100,new_matched_realization,A,complete,ks_stat,0.011399984359741211,0.0,3,"[8925, 77395, 65457]"
aniso_k100,new_matched_realization,A,complete,mmd,0.0006992419560750326,0.00025198346219446413,3,"[8925, 77395, 65457]"
aniso_k100,new_matched_realization,A,complete,nan_rate,0.0,0.0,3,"[8925, 77395, 65457]"
aniso_k100,new_matched_realization,A,complete,nfe,512,0.0,3,"[8925, 77395, 65457]"
aniso_k100,new_matched_realization,A,complete,q950_err,0.007355078321737654,1.0121734935292869e-07,3,"[8925, 77395, 65457]"
aniso_k100,new_matched_realization,A,complete,q990_err,0.002717359611725893,0.0,3,"[8925, 77395, 65457]"
aniso_k100,new_matched_realization,A,complete,q995_err,0.014684905936310569,1.48962084243221e-07,3,"[8925, 77395, 65457]"
aniso_k100,new_matched_realization,A,complete,radial_w1,0.8959000507990519,5.6195798014525375e-08,3,"[8925, 77395, 65457]"
aniso_k100,new_matched_realization,A,complete,sample_time_s,0.1871843934059143,0.00021340674198557131,3,"[8925, 77395, 65457]"
aniso_k100,new_matched_realization,A,complete,sliced_w1,1.4761945406595867,0.2055364166657435,3,"[8925, 77395, 65457]"
aniso_k100,new_matched_realization,A,complete,tail_exc_95,0.003200001269578978,0.0,3,"[8925, 77395, 65457]"
aniso_k100,new_matched_realization,A,complete,tail_exc_99,0.0004000000283121974,0.0,3,"[8925, 77395, 65457]"
aniso_k100,new_matched_realization,A,complete,total_train_time_s,28.754304612676304,1.8748315214697093,3,"[8925, 77395, 65457]"
aniso_k100,new_matched_realization,B,complete,angular_sw_bin0,0.00857861495266358,0.0005051941526739048,3,"[8925, 77395, 65457]"
aniso_k100,new_matched_realization,B,complete,angular_sw_bin1,0.009591314320762953,0.0002488892309991127,3,"[8925, 77395, 65457]"
aniso_k100,new_matched_realization,B,complete,angular_sw_bin2,0.007868147765596708,0.0005615292623230062,3,"[8925, 77395, 65457]"
aniso_k100,new_matched_realization,B,complete,angular_sw_bin3,0.010121926665306091,0.001572856411211452,3,"[8925, 77395, 65457]"
aniso_k100,new_matched_realization,B,complete,angular_sw_mean,0.009040000926082334,0.0004231461047311196,3,"[8925, 77395, 65457]"
aniso_k100,new_matched_realization,B,complete,exploding_norm_rate,0.0,0.0,3,"[8925, 77395, 65457]"
aniso_k100,new_matched_realization,B,complete,inf_rate,0.0,0.0,3,"[8925, 77395, 65457]"
aniso_k100,new_matched_realization,B,complete,invalid_rate,0.0,0.0,3,"[8925, 77395, 65457]"
aniso_k100,new_matched_realization,B,complete,ks_stat,0.011399984359741211,0.0,3,"[8925, 77395, 65457]"
aniso_k100,new_matched_realization,B,complete,mmd,0.0004445314407348633,0.00010364277120411127,3,"[8925, 77395, 65457]"
aniso_k100,new_matched_realization,B,complete,nan_rate,0.0,0.0,3,"[8925, 77395, 65457]"
aniso_k100,new_matched_realization,B,complete,nfe,512,0.0,3,"[8925, 77395, 65457]"
aniso_k100,new_matched_realization,B,complete,q950_err,0.007355114107474705,5.06086746762599e-08,3,"[8925, 77395, 65457]"
aniso_k100,new_matched_realization,B,complete,q990_err,0.002717390465918666,4.363441787592424e-08,3,"[8925, 77395, 65457]"
aniso_k100,new_matched_realization,B,complete,q995_err,0.014684789080837594,0.0,3,"[8925, 77395, 65457]"
aniso_k100,new_matched_realization,B,complete,radial_w1,0.8959000706672668,1.2876074907000583e-07,3,"[8925, 77395, 65457]"
aniso_k100,new_matched_realization,B,complete,sample_time_s,0.28410721073548,0.002023949527545567,3,"[8925, 77395, 65457]"
aniso_k100,new_matched_realization,B,complete,sliced_w1,1.201482077439626,0.14762565800787025,3,"[8925, 77395, 65457]"
aniso_k100,new_matched_realization,B,complete,tail_exc_95,0.003200001269578978,0.0,3,"[8925, 77395, 65457]"
aniso_k100,new_matched_realization,B,complete,tail_exc_99,0.0004000000283121974,0.0,3,"[8925, 77395, 65457]"
aniso_k100,new_matched_realization,B,complete,total_train_time_s,27.28524188200633,0.6393697072650452,3,"[8925, 77395, 65457]"
aniso_k100,new_matched_realization,C,complete,angular_sw_bin0,0.011973868434627851,0.00026538747477128843,3,"[8925, 77395, 65457]"
aniso_k100,new_matched_realization,C,complete,angular_sw_bin1,0.009914284572005272,0.0001546137351035727,3,"[8925, 77395, 65457]"
aniso_k100,new_matched_realization,C,complete,angular_sw_bin2,0.007658383964250485,0.0003628787969374543,3,"[8925, 77395, 65457]"
aniso_k100,new_matched_realization,C,complete,angular_sw_bin3,0.012813015840947628,0.00017463742447944717,3,"[8925, 77395, 65457]"
aniso_k100,new_matched_realization,C,complete,angular_sw_mean,0.010589888202957809,9.269816174155099e-05,3,"[8925, 77395, 65457]"
aniso_k100,new_matched_realization,C,complete,exploding_norm_rate,0.0,0.0,3,"[8925, 77395, 65457]"
aniso_k100,new_matched_realization,C,complete,inf_rate,0.0,0.0,3,"[8925, 77395, 65457]"
aniso_k100,new_matched_realization,C,complete,invalid_rate,0.0,0.0,3,"[8925, 77395, 65457]"
aniso_k100,new_matched_realization,C,complete,ks_stat,0.011399984359741211,0.0,3,"[8925, 77395, 65457]"
aniso_k100,new_matched_realization,C,complete,mmd,0.00040086110432942707,6.101903706693336e-05,3,"[8925, 77395, 65457]"
aniso_k100,new_matched_realization,C,complete,nan_rate,0.0,0.0,3,"[8925, 77395, 65457]"
aniso_k100,new_matched_realization,C,complete,nfe,512,0.0,3,"[8925, 77395, 65457]"
aniso_k100,new_matched_realization,C,complete,q950_err,0.007355114107474705,1.012173493525198e-07,3,"[8925, 77395, 65457]"
aniso_k100,new_matched_realization,C,complete,q990_err,0.002717390465918666,4.363441787592424e-08,3,"[8925, 77395, 65457]"
aniso_k100,new_matched_realization,C,complete,q995_err,0.014684789080837594,7.155907061014765e-08,3,"[8925, 77395, 65457]"
aniso_k100,new_matched_realization,C,complete,radial_w1,0.8959003289540609,1.1239159602905075e-07,3,"[8925, 77395, 65457]"
aniso_k100,new_matched_realization,C,complete,sample_time_s,0.24951138347387314,0.003178561080611924,3,"[8925, 77395, 65457]"
aniso_k100,new_matched_realization,C,complete,sliced_w1,1.258186936378479,0.09357823344667285,3,"[8925, 77395, 65457]"
aniso_k100,new_matched_realization,C,complete,tail_exc_95,0.003200001269578978,0.0,3,"[8925, 77395, 65457]"
aniso_k100,new_matched_realization,C,complete,tail_exc_99,0.0004000000283121974,0.0,3,"[8925, 77395, 65457]"
aniso_k100,new_matched_realization,C,complete,total_train_time_s,26.88492163270712,0.17699203109208358,3,"[8925, 77395, 65457]"
aniso_k3,new_matched_realization,A,complete,angular_sw_bin0,0.00892355851829052,0.000538382925307104,3,"[8925, 77395, 65457]"
aniso_k3,new_matched_realization,A,complete,angular_sw_bin1,0.007842260723312696,0.00023381323536598203,3,"[8925, 77395, 65457]"
aniso_k3,new_matched_realization,A,complete,angular_sw_bin2,0.007721461666127046,0.00015993803911945706,3,"[8925, 77395, 65457]"
aniso_k3,new_matched_realization,A,complete,angular_sw_bin3,0.008413652113328377,0.0005317001941046101,3,"[8925, 77395, 65457]"
aniso_k3,new_matched_realization,A,complete,angular_sw_mean,0.00822523325526466,0.00013726199494203088,3,"[8925, 77395, 65457]"
aniso_k3,new_matched_realization,A,complete,exploding_norm_rate,0.0,0.0,3,"[8925, 77395, 65457]"
aniso_k3,new_matched_realization,A,complete,inf_rate,0.0,0.0,3,"[8925, 77395, 65457]"
aniso_k3,new_matched_realization,A,complete,invalid_rate,0.0,0.0,3,"[8925, 77395, 65457]"
aniso_k3,new_matched_realization,A,complete,ks_stat,0.015500009059906006,0.0,3,"[8925, 77395, 65457]"
aniso_k3,new_matched_realization,A,complete,mmd,0.00019236405690511069,9.865043895361937e-06,3,"[8925, 77395, 65457]"
aniso_k3,new_matched_realization,A,complete,nan_rate,0.0,0.0,3,"[8925, 77395, 65457]"
aniso_k3,new_matched_realization,A,complete,nfe,512,0.0,3,"[8925, 77395, 65457]"
aniso_k3,new_matched_realization,A,complete,q950_err,7.151622793256476e-05,8.843001405092245e-08,3,"[8925, 77395, 65457]"
aniso_k3,new_matched_realization,A,complete,q990_err,0.011286100988406138,1.5381060346893858e-07,3,"[8925, 77395, 65457]"
aniso_k3,new_matched_realization,A,complete,q995_err,0.0180618671130738,5.9441539956768923e-08,3,"[8925, 77395, 65457]"
aniso_k3,new_matched_realization,A,complete,radial_w1,0.035853048165639244,9.292506642078214e-09,3,"[8925, 77395, 65457]"
aniso_k3,new_matched_realization,A,complete,sample_time_s,0.19195741415023804,0.006245968888149115,3,"[8925, 77395, 65457]"
aniso_k3,new_matched_realization,A,complete,sliced_w1,0.04692881057659785,0.001869119134347326,3,"[8925, 77395, 65457]"
aniso_k3,new_matched_realization,A,complete,tail_exc_95,0.00040000006556506484,0.0,3,"[8925, 77395, 65457]"
aniso_k3,new_matched_realization,A,complete,tail_exc_99,0.003100000098347655,0.0,3,"[8925, 77395, 65457]"
aniso_k3,new_matched_realization,A,complete,total_train_time_s,28.6249133720994,1.9513888131317536,3,"[8925, 77395, 65457]"
aniso_k3,new_matched_realization,B,complete,angular_sw_bin0,0.009428884213169416,0.000819251903354649,3,"[8925, 77395, 65457]"
aniso_k3,new_matched_realization,B,complete,angular_sw_bin1,0.008004302779833475,0.00023281619333130352,3,"[8925, 77395, 65457]"
aniso_k3,new_matched_realization,B,complete,angular_sw_bin2,0.00788117852061987,3.131479704414943e-05,3,"[8925, 77395, 65457]"
aniso_k3,new_matched_realization,B,complete,angular_sw_bin3,0.009050946372250715,0.0006183823914809067,3,"[8925, 77395, 65457]"
aniso_k3,new_matched_realization,B,complete,angular_sw_mean,0.008591327971468369,0.00010406835768160498,3,"[8925, 77395, 65457]"
aniso_k3,new_matched_realization,B,complete,exploding_norm_rate,0.0,0.0,3,"[8925, 77395, 65457]"
aniso_k3,new_matched_realization,B,complete,inf_rate,0.0,0.0,3,"[8925, 77395, 65457]"
aniso_k3,new_matched_realization,B,complete,invalid_rate,0.0,0.0,3,"[8925, 77395, 65457]"
aniso_k3,new_matched_realization,B,complete,ks_stat,0.015500009059906006,0.0,3,"[8925, 77395, 65457]"
aniso_k3,new_matched_realization,B,complete,mmd,0.00021497408548990885,3.104852167862679e-05,3,"[8925, 77395, 65457]"
aniso_k3,new_matched_realization,B,complete,nan_rate,0.0,0.0,3,"[8925, 77395, 65457]"
aniso_k3,new_matched_realization,B,complete,nfe,512,0.0,3,"[8925, 77395, 65457]"
aniso_k3,new_matched_realization,B,complete,q950_err,7.16107635940751e-05,1.0027021097686547e-07,3,"[8925, 77395, 65457]"
aniso_k3,new_matched_realization,B,complete,q990_err,0.011286122740510286,8.138892115671602e-08,3,"[8925, 77395, 65457]"
aniso_k3,new_matched_realization,B,complete,q995_err,0.0180618671130738,2.9720769978384462e-08,3,"[8925, 77395, 65457]"
aniso_k3,new_matched_realization,B,complete,radial_w1,0.03585304940740267,7.654743893654367e-09,3,"[8925, 77395, 65457]"
aniso_k3,new_matched_realization,B,complete,sample_time_s,0.2900252789258957,0.007792401279664085,3,"[8925, 77395, 65457]"
aniso_k3,new_matched_realization,B,complete,sliced_w1,0.04905626798669497,0.0037226067288085906,3,"[8925, 77395, 65457]"
aniso_k3,new_matched_realization,B,complete,tail_exc_95,0.00040000006556506484,0.0,3,"[8925, 77395, 65457]"
aniso_k3,new_matched_realization,B,complete,tail_exc_99,0.003100000098347655,0.0,3,"[8925, 77395, 65457]"
aniso_k3,new_matched_realization,B,complete,total_train_time_s,29.52309328565995,1.074865499969626,3,"[8925, 77395, 65457]"
aniso_k3,new_matched_realization,C,complete,angular_sw_bin0,0.008828899202247461,0.00035960280099150803,3,"[8925, 77395, 65457]"
aniso_k3,new_matched_realization,C,complete,angular_sw_bin1,0.007616490280876557,0.00025595152007450335,3,"[8925, 77395, 65457]"
aniso_k3,new_matched_realization,C,complete,angular_sw_bin2,0.007758430981387694,0.00021341776359872048,3,"[8925, 77395, 65457]"
aniso_k3,new_matched_realization,C,complete,angular_sw_bin3,0.00918808983018001,0.00041505121202460907,3,"[8925, 77395, 65457]"
aniso_k3,new_matched_realization,C,complete,angular_sw_mean,0.00834797757367293,0.00016128450068458264,3,"[8925, 77395, 65457]"
aniso_k3,new_matched_realization,C,complete,exploding_norm_rate,0.0,0.0,3,"[8925, 77395, 65457]"
aniso_k3,new_matched_realization,C,complete,inf_rate,0.0,0.0,3,"[8925, 77395, 65457]"
aniso_k3,new_matched_realization,C,complete,invalid_rate,0.0,0.0,3,"[8925, 77395, 65457]"
aniso_k3,new_matched_realization,C,complete,ks_stat,0.015500009059906006,0.0,3,"[8925, 77395, 65457]"
aniso_k3,new_matched_realization,C,complete,mmd,0.00019653638203938803,6.2060111380750775e-06,3,"[8925, 77395, 65457]"
aniso_k3,new_matched_realization,C,complete,nan_rate,0.0,0.0,3,"[8925, 77395, 65457]"
aniso_k3,new_matched_realization,C,complete,nfe,512,0.0,3,"[8925, 77395, 65457]"
aniso_k3,new_matched_realization,C,complete,q950_err,7.156349576331993e-05,8.843001405092124e-08,3,"[8925, 77395, 65457]"
aniso_k3,new_matched_realization,C,complete,q990_err,0.011286100988406138,8.138892115671602e-08,3,"[8925, 77395, 65457]"
aniso_k3,new_matched_realization,C,complete,q995_err,0.018061930160347777,1.2954983285849454e-07,3,"[8925, 77395, 65457]"
aniso_k3,new_matched_realization,C,complete,radial_w1,0.03585304940740267,8.78059343976959e-09,3,"[8925, 77395, 65457]"
aniso_k3,new_matched_realization,C,complete,sample_time_s,0.2547219942013423,0.007975951025986057,3,"[8925, 77395, 65457]"
aniso_k3,new_matched_realization,C,complete,sliced_w1,0.04770535478989283,0.0010381402178315502,3,"[8925, 77395, 65457]"
aniso_k3,new_matched_realization,C,complete,tail_exc_95,0.00040000006556506484,0.0,3,"[8925, 77395, 65457]"
aniso_k3,new_matched_realization,C,complete,tail_exc_99,0.003100000098347655,0.0,3,"[8925, 77395, 65457]"
aniso_k3,new_matched_realization,C,complete,total_train_time_s,29.192205145955086,1.7758911494579117,3,"[8925, 77395, 65457]"
aniso_k30,new_matched_realization,A,complete,angular_sw_bin0,0.009323290238777796,0.0005110984105330668,3,"[8925, 77395, 65457]"
aniso_k30,new_matched_realization,A,complete,angular_sw_bin1,0.007834160389999548,0.0007377021302894989,3,"[8925, 77395, 65457]"
aniso_k30,new_matched_realization,A,complete,angular_sw_bin2,0.00785147569452723,0.0001551415401175395,3,"[8925, 77395, 65457]"
aniso_k30,new_matched_realization,A,complete,angular_sw_bin3,0.008078167835871378,0.00038203956974572605,3,"[8925, 77395, 65457]"
aniso_k30,new_matched_realization,A,complete,angular_sw_mean,0.008271773539793989,0.0003650452179992304,3,"[8925, 77395, 65457]"
aniso_k30,new_matched_realization,A,complete,exploding_norm_rate,0.0,0.0,3,"[8925, 77395, 65457]"
aniso_k30,new_matched_realization,A,complete,inf_rate,0.0,0.0,3,"[8925, 77395, 65457]"
aniso_k30,new_matched_realization,A,complete,invalid_rate,0.0,0.0,3,"[8925, 77395, 65457]"
aniso_k30,new_matched_realization,A,complete,ks_stat,0.012799978256225586,0.0,3,"[8925, 77395, 65457]"
aniso_k30,new_matched_realization,A,complete,mmd,0.0003192027409871419,6.768962906568059e-05,3,"[8925, 77395, 65457]"
aniso_k30,new_matched_realization,A,complete,nan_rate,0.0,0.0,3,"[8925, 77395, 65457]"
aniso_k30,new_matched_realization,A,complete,nfe,512,0.0,3,"[8925, 77395, 65457]"
aniso_k30,new_matched_realization,A,complete,q950_err,0.006984009734667787,3.900236649538513e-08,3,"[8925, 77395, 65457]"
aniso_k30,new_matched_realization,A,complete,q990_err,0.00547969106472784,8.913627749595423e-08,3,"[8925, 77395, 65457]"
aniso_k30,new_matched_realization,A,complete,q995_err,0.016515786799345206,1.1551208853768436e-07,3,"[8925, 77395, 65457]"
aniso_k30,new_matched_realization,A,complete,radial_w1,0.25316862265268963,5.6195798014525375e-08,3,"[8925, 77395, 65457]"
aniso_k30,new_matched_realization,A,complete,sample_time_s,0.1873817890882492,0.00022580542781484508,3,"[8925, 77395, 65457]"
aniso_k30,new_matched_realization,A,complete,sliced_w1,0.34035995602607727,0.036014548099405,3,"[8925, 77395, 65457]"
aniso_k30,new_matched_realization,A,complete,tail_exc_95,0.003100001066923097,0.0,3,"[8925, 77395, 65457]"
aniso_k30,new_matched_realization,A,complete,tail_exc_99,0.0008000002801418216,0.0,3,"[8925, 77395, 65457]"
aniso_k30,new_matched_realization,A,complete,total_train_time_s,27.822491919000942,2.01411609771243,3,"[8925, 77395, 65457]"
aniso_k30,new_matched_realization,B,complete,angular_sw_bin0,0.008867908890048662,0.0003928600386194139,3,"[8925, 77395, 65457]"
aniso_k30,new_matched_realization,B,complete,angular_sw_bin1,0.007787812811632951,0.00040516610716161995,3,"[8925, 77395, 65457]"
aniso_k30,new_matched_realization,B,complete,angular_sw_bin2,0.007408610700319211,0.00011278103897790381,3,"[8925, 77395, 65457]"
aniso_k30,new_matched_realization,B,complete,angular_sw_bin3,0.007555146391193072,0.0006303096962439514,3,"[8925, 77395, 65457]"
aniso_k30,new_matched_realization,B,complete,angular_sw_mean,0.007904869698298475,0.00012026886697454987,3,"[8925, 77395, 65457]"
aniso_k30,new_matched_realization,B,complete,exploding_norm_rate,0.0,0.0,3,"[8925, 77395, 65457]"
aniso_k30,new_matched_realization,B,complete,inf_rate,0.0,0.0,3,"[8925, 77395, 65457]"
aniso_k30,new_matched_realization,B,complete,invalid_rate,0.0,0.0,3,"[8925, 77395, 65457]"
aniso_k30,new_matched_realization,B,complete,ks_stat,0.012799978256225586,0.0,3,"[8925, 77395, 65457]"
aniso_k30,new_matched_realization,B,complete,mmd,0.000225067138671875,4.057332724971103e-05,3,"[8925, 77395, 65457]"
aniso_k30,new_matched_realization,B,complete,nan_rate,0.0,0.0,3,"[8925, 77395, 65457]"
aniso_k30,new_matched_realization,B,complete,nfe,512,0.0,3,"[8925, 77395, 65457]"
aniso_k30,new_matched_realization,B,complete,q950_err,0.006983954576992125,1.1700709948574651e-07,3,"[8925, 77395, 65457]"
aniso_k30,new_matched_realization,B,complete,q990_err,0.00547969106472784,8.913627749595423e-08,3,"[8925, 77395, 65457]"
aniso_k30,new_matched_realization,B,complete,q995_err,0.01651571883799211,8.476269961049395e-08,3,"[8925, 77395, 65457]"
aniso_k30,new_matched_realization,B,complete,radial_w1,0.25316863258679706,1.4048949503631344e-08,3,"[8925, 77395, 65457]"
aniso_k30,new_matched_realization,B,complete,sample_time_s,0.2930602903167407,0.0015158063256156846,3,"[8925, 77395, 65457]"
aniso_k30,new_matched_realization,B,complete,sliced_w1,0.30045175552368164,0.012010331505284787,3,"[8925, 77395, 65457]"
aniso_k30,new_matched_realization,B,complete,tail_exc_95,0.003100001066923097,0.0,3,"[8925, 77395, 65457]"
aniso_k30,new_matched_realization,B,complete,tail_exc_99,0.0008000002801418216,0.0,3,"[8925, 77395, 65457]"
aniso_k30,new_matched_realization,B,complete,total_train_time_s,29.131106689572334,0.5514269435712725,3,"[8925, 77395, 65457]"
aniso_k30,new_matched_realization,C,complete,angular_sw_bin0,0.011369126538435618,0.00010155752501801388,3,"[8925, 77395, 65457]"
aniso_k30,new_matched_realization,C,complete,angular_sw_bin1,0.008314590435475111,0.0004062972615204151,3,"[8925, 77395, 65457]"
aniso_k30,new_matched_realization,C,complete,angular_sw_bin2,0.007428101108719905,0.00026032737677191773,3,"[8925, 77395, 65457]"
aniso_k30,new_matched_realization,C,complete,angular_sw_bin3,0.011022874154150486,0.0004298302111986899,3,"[8925, 77395, 65457]"
aniso_k30,new_matched_realization,C,complete,angular_sw_mean,0.00953367305919528,0.000266097171190123,3,"[8925, 77395, 65457]"
aniso_k30,new_matched_realization,C,complete,exploding_norm_rate,0.0,0.0,3,"[8925, 77395, 65457]"
aniso_k30,new_matched_realization,C,complete,inf_rate,0.0,0.0,3,"[8925, 77395, 65457]"
aniso_k30,new_matched_realization,C,complete,invalid_rate,0.0,0.0,3,"[8925, 77395, 65457]"
aniso_k30,new_matched_realization,C,complete,ks_stat,0.012799978256225586,0.0,3,"[8925, 77395, 65457]"
aniso_k30,new_matched_realization,C,complete,mmd,0.0002722740173339844,7.922698769925838e-05,3,"[8925, 77395, 65457]"
aniso_k30,new_matched_realization,C,complete,nan_rate,0.0,0.0,3,"[8925, 77395, 65457]"
aniso_k30,new_matched_realization,C,complete,nfe,512,0.0,3,"[8925, 77395, 65457]"
aniso_k30,new_matched_realization,C,complete,q950_err,0.006983954576992125,0.0,3,"[8925, 77395, 65457]"
aniso_k30,new_matched_realization,C,complete,q990_err,0.0054796672420556174,1.5438856142028336e-07,3,"[8925, 77395, 65457]"
aniso_k30,new_matched_realization,C,complete,q995_err,0.01651576414556084,1.1098042487825499e-07,3,"[8925, 77395, 65457]"
aniso_k30,new_matched_realization,C,complete,radial_w1,0.25316864252090454,2.4333494333259047e-08,3,"[8925, 77395, 65457]"
aniso_k30,new_matched_realization,C,complete,sample_time_s,0.25548700739940006,0.006707782381882805,3,"[8925, 77395, 65457]"
aniso_k30,new_matched_realization,C,complete,sliced_w1,0.3529204527537028,0.031064380609056006,3,"[8925, 77395, 65457]"
aniso_k30,new_matched_realization,C,complete,tail_exc_95,0.003100001066923097,0.0,3,"[8925, 77395, 65457]"
aniso_k30,new_matched_realization,C,complete,tail_exc_99,0.0008000002801418216,0.0,3,"[8925, 77395, 65457]"
aniso_k30,new_matched_realization,C,complete,total_train_time_s,29.388148692746956,2.0620678724470825,3,"[8925, 77395, 65457]"
aniso_k300,new_matched_realization,A,complete,angular_sw_bin0,0.013320958862702051,0.0007933145512788163,3,"[8925, 77395, 65457]"
aniso_k300,new_matched_realization,A,complete,angular_sw_bin1,0.012669876217842102,0.002411696928428892,3,"[8925, 77395, 65457]"
aniso_k300,new_matched_realization,A,complete,angular_sw_bin2,0.013487572781741619,0.0026438241751602994,3,"[8925, 77395, 65457]"
aniso_k300,new_matched_realization,A,complete,angular_sw_bin3,0.013757042586803436,0.0012432973882178962,3,"[8925, 77395, 65457]"
aniso_k300,new_matched_realization,A,complete,angular_sw_mean,0.013308862612272302,0.0017053829039176723,3,"[8925, 77395, 65457]"
aniso_k300,new_matched_realization,A,complete,exploding_norm_rate,0.0,0.0,3,"[8925, 77395, 65457]"
aniso_k300,new_matched_realization,A,complete,inf_rate,0.0,0.0,3,"[8925, 77395, 65457]"
aniso_k300,new_matched_realization,A,complete,invalid_rate,0.0,0.0,3,"[8925, 77395, 65457]"
aniso_k300,new_matched_realization,A,complete,ks_stat,0.009999990463256836,0.0,3,"[8925, 77395, 65457]"
aniso_k300,new_matched_realization,A,complete,mmd,0.0016512870788574219,0.000293218360351659,3,"[8925, 77395, 65457]"
aniso_k300,new_matched_realization,A,complete,nan_rate,0.0,0.0,3,"[8925, 77395, 65457]"
aniso_k300,new_matched_realization,A,complete,nfe,512,0.0,3,"[8925, 77395, 65457]"
aniso_k300,new_matched_realization,A,complete,q950_err,0.005736564017691517,3.6338224438715966e-08,3,"[8925, 77395, 65457]"
aniso_k300,new_matched_realization,A,complete,q990_err,0.038335134751631486,1.1305190221060449e-07,3,"[8925, 77395, 65457]"
aniso_k300,new_matched_realization,A,complete,q995_err,0.059916483289010454,5.925967857438084e-08,3,"[8925, 77395, 65457]"
aniso_k300,new_matched_realization,A,complete,radial_w1,3.2963573932647705,3.8933590933214475e-07,3,"[8925, 77395, 65457]"
aniso_k300,new_matched_realization,A,complete,sample_time_s,0.19872799267371496,0.007703319501124667,3,"[8925, 77395, 65457]"
aniso_k300,new_matched_realization,A,complete,sliced_w1,6.040782610575358,0.5216605744953029,3,"[8925, 77395, 65457]"
aniso_k300,new_matched_realization,A,complete,tail_exc_95,0.0022000007331370863,0.0,3,"[8925, 77395, 65457]"
aniso_k300,new_matched_realization,A,complete,tail_exc_99,0.005100000426173201,0.0,3,"[8925, 77395, 65457]"
aniso_k300,new_matched_realization,A,complete,total_train_time_s,27.99104120830695,2.268465520766864,3,"[8925, 77395, 65457]"
aniso_k300,new_matched_realization,B,complete,angular_sw_bin0,0.00879132840782404,0.0002994762550099902,3,"[8925, 77395, 65457]"
aniso_k300,new_matched_realization,B,complete,angular_sw_bin1,0.006833981877813737,0.0003495114605824102,3,"[8925, 77395, 65457]"
aniso_k300,new_matched_realization,B,complete,angular_sw_bin2,0.007564404824127753,0.00021426280871134762,3,"[8925, 77395, 65457]"
aniso_k300,new_matched_realization,B,complete,angular_sw_bin3,0.007071029394865036,0.0010037394327867166,3,"[8925, 77395, 65457]"
aniso_k300,new_matched_realization,B,complete,angular_sw_mean,0.007565186126157641,0.00024382043565546478,3,"[8925, 77395, 65457]"
aniso_k300,new_matched_realization,B,complete,exploding_norm_rate,0.0,0.0,3,"[8925, 77395, 65457]"
aniso_k300,new_matched_realization,B,complete,inf_rate,0.0,0.0,3,"[8925, 77395, 65457]"
aniso_k300,new_matched_realization,B,complete,invalid_rate,0.0,0.0,3,"[8925, 77395, 65457]"
aniso_k300,new_matched_realization,B,complete,ks_stat,0.009999990463256836,0.0,3,"[8925, 77395, 65457]"
aniso_k300,new_matched_realization,B,complete,mmd,0.00024310747782389322,7.537675009945554e-05,3,"[8925, 77395, 65457]"
aniso_k300,new_matched_realization,B,complete,nan_rate,0.0,0.0,3,"[8925, 77395, 65457]"
aniso_k300,new_matched_realization,B,complete,nfe,512,0.0,3,"[8925, 77395, 65457]"
aniso_k300,new_matched_realization,B,complete,q950_err,0.005736641102706268,3.633822443830709e-08,3,"[8925, 77395, 65457]"
aniso_k300,new_matched_realization,B,complete,q990_err,0.038335179094235755,3.135495617080952e-08,3,"[8925, 77395, 65457]"
aniso_k300,new_matched_realization,B,complete,q995_err,0.059916483289010454,2.3703871429752337e-07,3,"[8925, 77395, 65457]"
aniso_k300,new_matched_realization,B,complete,radial_w1,3.2963569164276123,5.150429962800233e-07,3,"[8925, 77395, 65457]"
aniso_k300,new_matched_realization,B,complete,sample_time_s,0.282240887482961,0.0005298722031718687,3,"[8925, 77395, 65457]"
aniso_k300,new_matched_realization,B,complete,sliced_w1,2.5119043986002603,0.34293687635828346,3,"[8925, 77395, 65457]"
aniso_k300,new_matched_realization,B,complete,tail_exc_95,0.0022000007331370863,0.0,3,"[8925, 77395, 65457]"
aniso_k300,new_matched_realization,B,complete,tail_exc_99,0.005100000426173201,0.0,3,"[8925, 77395, 65457]"
aniso_k300,new_matched_realization,B,complete,total_train_time_s,28.228965528309345,1.1499661299997657,3,"[8925, 77395, 65457]"
aniso_k300,new_matched_realization,C,complete,angular_sw_bin0,0.013421509725352129,0.000250284014485722,3,"[8925, 77395, 65457]"
aniso_k300,new_matched_realization,C,complete,angular_sw_bin1,0.00824949579934279,0.00017767609660857743,3,"[8925, 77395, 65457]"
aniso_k300,new_matched_realization,C,complete,angular_sw_bin2,0.008516833186149597,0.0006317533747041721,3,"[8925, 77395, 65457]"
aniso_k300,new_matched_realization,C,complete,angular_sw_bin3,0.013381877914071083,0.00038439809018050373,3,"[8925, 77395, 65457]"
aniso_k300,new_matched_realization,C,complete,angular_sw_mean,0.0108924291562289,0.0002864910392653781,3,"[8925, 77395, 65457]"
aniso_k300,new_matched_realization,C,complete,exploding_norm_rate,0.0,0.0,3,"[8925, 77395, 65457]"
aniso_k300,new_matched_realization,C,complete,inf_rate,0.0,0.0,3,"[8925, 77395, 65457]"
aniso_k300,new_matched_realization,C,complete,invalid_rate,0.0,0.0,3,"[8925, 77395, 65457]"
aniso_k300,new_matched_realization,C,complete,ks_stat,0.009999990463256836,0.0,3,"[8925, 77395, 65457]"
aniso_k300,new_matched_realization,C,complete,mmd,0.00045541922251383465,0.000122050804907359,3,"[8925, 77395, 65457]"
aniso_k300,new_matched_realization,C,complete,nan_rate,0.0,0.0,3,"[8925, 77395, 65457]"
aniso_k300,new_matched_realization,C,complete,nfe,512,0.0,3,"[8925, 77395, 65457]"
aniso_k300,new_matched_realization,C,complete,q950_err,0.005736718187721018,3.6338224438715966e-08,3,"[8925, 77395, 65457]"
aniso_k300,new_matched_realization,C,complete,q990_err,0.03833522343684002,5.430837715410459e-08,3,"[8925, 77395, 65457]"
aniso_k300,new_matched_realization,C,complete,q995_err,0.05991639948316931,2.3703871429425234e-07,3,"[8925, 77395, 65457]"
aniso_k300,new_matched_realization,C,complete,radial_w1,3.296356280644735,2.9736021254650284e-07,3,"[8925, 77395, 65457]"
aniso_k300,new_matched_realization,C,complete,sample_time_s,0.2510409280657768,0.0051610794737147764,3,"[8925, 77395, 65457]"
aniso_k300,new_matched_realization,C,complete,sliced_w1,3.7402467727661133,0.40555479692990254,3,"[8925, 77395, 65457]"
aniso_k300,new_matched_realization,C,complete,tail_exc_95,0.0022000007331370863,0.0,3,"[8925, 77395, 65457]"
aniso_k300,new_matched_realization,C,complete,tail_exc_99,0.005100000426173201,0.0,3,"[8925, 77395, 65457]"
aniso_k300,new_matched_realization,C,complete,total_train_time_s,29.493296136458714,1.4266753354768293,3,"[8925, 77395, 65457]"
audiomnist_stft,new_matched_runs_on_verified_existing_cache,A,complete,PIT,0.49250116666666666,2.054804667649375e-06,3,"[8925, 1234, 7]"
audiomnist_stft,new_matched_runs_on_verified_existing_cache,A,complete,angular_sw_bin0,0.0006983210526717206,1.0675754636237609e-05,3,"[8925, 1234, 7]"
audiomnist_stft,new_matched_runs_on_verified_existing_cache,A,complete,angular_sw_bin1,0.0007501642879409095,9.483602397835016e-06,3,"[8925, 1234, 7]"
audiomnist_stft,new_matched_runs_on_verified_existing_cache,A,complete,angular_sw_bin2,0.0007265480817295611,2.2109958636133844e-06,3,"[8925, 1234, 7]"
audiomnist_stft,new_matched_runs_on_verified_existing_cache,A,complete,angular_sw_bin3,0.0007560365096045037,5.456807266479047e-06,3,"[8925, 1234, 7]"
audiomnist_stft,new_matched_runs_on_verified_existing_cache,A,complete,angular_sw_mean,0.0007327674829866737,2.3377298147165916e-06,3,"[8925, 1234, 7]"
audiomnist_stft,new_matched_runs_on_verified_existing_cache,A,complete,cov<q10,0.0975,0.0,3,"[8925, 1234, 7]"
audiomnist_stft,new_matched_runs_on_verified_existing_cache,A,complete,cov>q90,0.1055,0.0,3,"[8925, 1234, 7]"
audiomnist_stft,new_matched_runs_on_verified_existing_cache,A,complete,cov>q95,0.05,0.0,3,"[8925, 1234, 7]"
audiomnist_stft,new_matched_runs_on_verified_existing_cache,A,complete,cov>q99,0.0145,0.0,3,"[8925, 1234, 7]"
audiomnist_stft,new_matched_runs_on_verified_existing_cache,A,complete,digit_acc,0.7883333333333333,0.01133088208785572,3,"[8925, 1234, 7]"
audiomnist_stft,new_matched_runs_on_verified_existing_cache,A,complete,energy_KS,0.021833333333333333,0.0,3,"[8925, 1234, 7]"
audiomnist_stft,new_matched_runs_on_verified_existing_cache,A,complete,nfe,160,0.0,3,"[8925, 1234, 7]"
audiomnist_stft,new_matched_runs_on_verified_existing_cache,A,complete,radial_w1,0.0486861978835529,5.907838034611023e-06,3,"[8925, 1234, 7]"
audiomnist_stft,new_matched_runs_on_verified_existing_cache,A,complete,sample_time_s,873.5442486554384,3.2820619022483193,3,"[8925, 1234, 7]"
audiomnist_stft,new_matched_runs_on_verified_existing_cache,A,complete,total_train_time_s,8903.60055886954,19.48965490482415,3,"[8925, 1234, 7]"
audiomnist_stft,new_matched_runs_on_verified_existing_cache,B,complete,PIT,0.49249105555555556,1.701488092360239e-06,3,"[8925, 1234, 7]"
audiomnist_stft,new_matched_runs_on_verified_existing_cache,B,complete,angular_sw_bin0,0.0006917921709828079,1.0800467209275428e-05,3,"[8925, 1234, 7]"
audiomnist_stft,new_matched_runs_on_verified_existing_cache,B,complete,angular_sw_bin1,0.000756186549551785,9.955782516546102e-06,3,"[8925, 1234, 7]"
audiomnist_stft,new_matched_runs_on_verified_existing_cache,B,complete,angular_sw_bin2,0.000723336338220785,1.1361435945937343e-06,3,"[8925, 1234, 7]"
audiomnist_stft,new_matched_runs_on_verified_existing_cache,B,complete,angular_sw_bin3,0.0007462166637803117,1.07531584941201e-05,3,"[8925, 1234, 7]"
audiomnist_stft,new_matched_runs_on_verified_existing_cache,B,complete,angular_sw_mean,0.0007293829306339225,3.0394641566556e-06,3,"[8925, 1234, 7]"
audiomnist_stft,new_matched_runs_on_verified_existing_cache,B,complete,cov<q10,0.0975,0.0,3,"[8925, 1234, 7]"
audiomnist_stft,new_matched_runs_on_verified_existing_cache,B,complete,cov>q90,0.1055,0.0,3,"[8925, 1234, 7]"
audiomnist_stft,new_matched_runs_on_verified_existing_cache,B,complete,cov>q95,0.05,0.0,3,"[8925, 1234, 7]"
audiomnist_stft,new_matched_runs_on_verified_existing_cache,B,complete,cov>q99,0.0145,0.0,3,"[8925, 1234, 7]"
audiomnist_stft,new_matched_runs_on_verified_existing_cache,B,complete,digit_acc,0.7765,0.013496913227351937,3,"[8925, 1234, 7]"
audiomnist_stft,new_matched_runs_on_verified_existing_cache,B,complete,energy_KS,0.021833333333333333,0.0,3,"[8925, 1234, 7]"
audiomnist_stft,new_matched_runs_on_verified_existing_cache,B,complete,nfe,160,0.0,3,"[8925, 1234, 7]"
audiomnist_stft,new_matched_runs_on_verified_existing_cache,B,complete,radial_w1,0.04870265772276446,2.50649462649982e-06,3,"[8925, 1234, 7]"
audiomnist_stft,new_matched_runs_on_verified_existing_cache,B,complete,sample_time_s,876.7437753453851,7.972498233425283,3,"[8925, 1234, 7]"
audiomnist_stft,new_matched_runs_on_verified_existing_cache,B,complete,total_train_time_s,8921.076882777115,13.508624369844561,3,"[8925, 1234, 7]"
audiomnist_stft,new_matched_runs_on_verified_existing_cache,C,complete,PIT,0.4924902222222222,1.3630937940289652e-06,3,"[8925, 1234, 7]"
audiomnist_stft,new_matched_runs_on_verified_existing_cache,C,complete,angular_sw_bin0,0.0006954165097946922,8.194116349395033e-06,3,"[8925, 1234, 7]"
audiomnist_stft,new_matched_runs_on_verified_existing_cache,C,complete,angular_sw_bin1,0.0007588378308961788,6.493261629204863e-06,3,"[8925, 1234, 7]"
audiomnist_stft,new_matched_runs_on_verified_existing_cache,C,complete,angular_sw_bin2,0.0007176952785812318,5.724890573928346e-06,3,"[8925, 1234, 7]"
audiomnist_stft,new_matched_runs_on_verified_existing_cache,C,complete,angular_sw_bin3,0.000750635052099824,2.216546954641588e-06,3,"[8925, 1234, 7]"
audiomnist_stft,new_matched_runs_on_verified_existing_cache,C,complete,angular_sw_mean,0.0007306461678429818,2.7446474602737316e-06,3,"[8925, 1234, 7]"
audiomnist_stft,new_matched_runs_on_verified_existing_cache,C,complete,cov<q10,0.0975,0.0,3,"[8925, 1234, 7]"
audiomnist_stft,new_matched_runs_on_verified_existing_cache,C,complete,cov>q90,0.1055,0.0,3,"[8925, 1234, 7]"
audiomnist_stft,new_matched_runs_on_verified_existing_cache,C,complete,cov>q95,0.05,0.0,3,"[8925, 1234, 7]"
audiomnist_stft,new_matched_runs_on_verified_existing_cache,C,complete,cov>q99,0.0145,0.0,3,"[8925, 1234, 7]"
audiomnist_stft,new_matched_runs_on_verified_existing_cache,C,complete,digit_acc,0.7868333333333334,0.008209073570683194,3,"[8925, 1234, 7]"
audiomnist_stft,new_matched_runs_on_verified_existing_cache,C,complete,energy_KS,0.021833333333333333,0.0,3,"[8925, 1234, 7]"
audiomnist_stft,new_matched_runs_on_verified_existing_cache,C,complete,nfe,160,0.0,3,"[8925, 1234, 7]"
audiomnist_stft,new_matched_runs_on_verified_existing_cache,C,complete,radial_w1,0.04870410883426658,2.528723152688438e-06,3,"[8925, 1234, 7]"
audiomnist_stft,new_matched_runs_on_verified_existing_cache,C,complete,sample_time_s,869.892659522593,2.903130222982137,3,"[8925, 1234, 7]"
audiomnist_stft,new_matched_runs_on_verified_existing_cache,C,complete,total_train_time_s,8906.956527066728,11.778194374346237,3,"[8925, 1234, 7]"
finance_ff49,new_matched_runs_on_verified_existing_cache,A,complete,angular_sw_bin0,0.01409008726477623,0.0007894024333159282,3,"[8925, 77395, 65457]"
finance_ff49,new_matched_runs_on_verified_existing_cache,A,complete,angular_sw_bin1,0.016698578372597694,0.0002701585477110411,3,"[8925, 77395, 65457]"
finance_ff49,new_matched_runs_on_verified_existing_cache,A,complete,angular_sw_bin2,0.01887977992494901,0.00033164596770961235,3,"[8925, 77395, 65457]"
finance_ff49,new_matched_runs_on_verified_existing_cache,A,complete,angular_sw_bin3,0.022198384006818134,0.0023772068062212098,3,"[8925, 77395, 65457]"
finance_ff49,new_matched_runs_on_verified_existing_cache,A,complete,angular_sw_mean,0.01796670739228527,0.0007399661847759869,3,"[8925, 77395, 65457]"
finance_ff49,new_matched_runs_on_verified_existing_cache,A,complete,exploding_norm_rate,0.0,0.0,3,"[8925, 77395, 65457]"
finance_ff49,new_matched_runs_on_verified_existing_cache,A,complete,inf_rate,0.0,0.0,3,"[8925, 77395, 65457]"
finance_ff49,new_matched_runs_on_verified_existing_cache,A,complete,invalid_rate,0.0,0.0,3,"[8925, 77395, 65457]"
finance_ff49,new_matched_runs_on_verified_existing_cache,A,complete,ks_stat,0.200278639793396,0.0028009605353919837,3,"[8925, 77395, 65457]"
finance_ff49,new_matched_runs_on_verified_existing_cache,A,complete,mmd,0.00983413060506185,0.00040091146102529617,3,"[8925, 77395, 65457]"
finance_ff49,new_matched_runs_on_verified_existing_cache,A,complete,nan_rate,0.0,0.0,3,"[8925, 77395, 65457]"
finance_ff49,new_matched_runs_on_verified_existing_cache,A,complete,nfe,512,0.0,3,"[8925, 77395, 65457]"
finance_ff49,new_matched_runs_on_verified_existing_cache,A,complete,q950_err,0.20072914142451012,0.00989112411034528,3,"[8925, 77395, 65457]"
finance_ff49,new_matched_runs_on_verified_existing_cache,A,complete,q990_err,0.2759007230798766,0.0065055799616144635,3,"[8925, 77395, 65457]"
finance_ff49,new_matched_runs_on_verified_existing_cache,A,complete,q995_err,0.38124733698827484,0.021138705293873527,3,"[8925, 77395, 65457]"
finance_ff49,new_matched_runs_on_verified_existing_cache,A,complete,radial_w1,1.4228713909784954,0.04006019857150579,3,"[8925, 77395, 65457]"
finance_ff49,new_matched_runs_on_verified_existing_cache,A,complete,sample_time_s,0.14868721862634024,0.006000458838573225,3,"[8925, 77395, 65457]"
finance_ff49,new_matched_runs_on_verified_existing_cache,A,complete,sliced_w1,0.18109530210494995,0.003159868344256516,3,"[8925, 77395, 65457]"
finance_ff49,new_matched_runs_on_verified_existing_cache,A,complete,tail_exc_95,0.02770811555286253,0.0010253987335594869,3,"[8925, 77395, 65457]"
finance_ff49,new_matched_runs_on_verified_existing_cache,A,complete,tail_exc_99,0.007213514521718034,0.0007524370768593535,3,"[8925, 77395, 65457]"
finance_ff49,new_matched_runs_on_verified_existing_cache,A,complete,total_train_time_s,30.551564281185467,0.2737847351708354,3,"[8925, 77395, 65457]"
finance_ff49,new_matched_runs_on_verified_existing_cache,B,complete,angular_sw_bin0,0.014755312042931715,0.0011907535441207633,3,"[8925, 77395, 65457]"
finance_ff49,new_matched_runs_on_verified_existing_cache,B,complete,angular_sw_bin1,0.017238014688094456,0.0001823778736448724,3,"[8925, 77395, 65457]"
finance_ff49,new_matched_runs_on_verified_existing_cache,B,complete,angular_sw_bin2,0.018840833256642025,0.0006762303806441436,3,"[8925, 77395, 65457]"
finance_ff49,new_matched_runs_on_verified_existing_cache,B,complete,angular_sw_bin3,0.02154609685142835,0.0006838134668226031,3,"[8925, 77395, 65457]"
finance_ff49,new_matched_runs_on_verified_existing_cache,B,complete,angular_sw_mean,0.018095064209774137,0.00037377335110924453,3,"[8925, 77395, 65457]"
finance_ff49,new_matched_runs_on_verified_existing_cache,B,complete,exploding_norm_rate,0.0,0.0,3,"[8925, 77395, 65457]"
finance_ff49,new_matched_runs_on_verified_existing_cache,B,complete,inf_rate,0.0,0.0,3,"[8925, 77395, 65457]"
finance_ff49,new_matched_runs_on_verified_existing_cache,B,complete,invalid_rate,0.0,0.0,3,"[8925, 77395, 65457]"
finance_ff49,new_matched_runs_on_verified_existing_cache,B,complete,ks_stat,0.200278639793396,0.0028009605353919837,3,"[8925, 77395, 65457]"
finance_ff49,new_matched_runs_on_verified_existing_cache,B,complete,mmd,0.0098800261815389,0.0003621882091138015,3,"[8925, 77395, 65457]"
finance_ff49,new_matched_runs_on_verified_existing_cache,B,complete,nan_rate,0.0,0.0,3,"[8925, 77395, 65457]"
finance_ff49,new_matched_runs_on_verified_existing_cache,B,complete,nfe,512,0.0,3,"[8925, 77395, 65457]"
finance_ff49,new_matched_runs_on_verified_existing_cache,B,complete,q950_err,0.2007291200045001,0.009891107128569101,3,"[8925, 77395, 65457]"
finance_ff49,new_matched_runs_on_verified_existing_cache,B,complete,q990_err,0.2759007496230031,0.006505582552521569,3,"[8925, 77395, 65457]"
finance_ff49,new_matched_runs_on_verified_existing_cache,B,complete,q995_err,0.38124737588565244,0.021138677876243347,3,"[8925, 77395, 65457]"
finance_ff49,new_matched_runs_on_verified_existing_cache,B,complete,radial_w1,1.4228713512420654,0.040060150112757285,3,"[8925, 77395, 65457]"
finance_ff49,new_matched_runs_on_verified_existing_cache,B,complete,sample_time_s,0.22802640000979105,0.007493000183110352,3,"[8925, 77395, 65457]"
finance_ff49,new_matched_runs_on_verified_existing_cache,B,complete,sliced_w1,0.18192076683044434,0.0027713689659019398,3,"[8925, 77395, 65457]"
finance_ff49,new_matched_runs_on_verified_existing_cache,B,complete,tail_exc_95,0.02770811555286253,0.0010253987335594869,3,"[8925, 77395, 65457]"
finance_ff49,new_matched_runs_on_verified_existing_cache,B,complete,tail_exc_99,0.007213514521718034,0.0007524370768593535,3,"[8925, 77395, 65457]"
finance_ff49,new_matched_runs_on_verified_existing_cache,B,complete,total_train_time_s,31.026464295883972,2.632176746459293,3,"[8925, 77395, 65457]"
finance_ff49,new_matched_runs_on_verified_existing_cache,C,complete,angular_sw_bin0,0.01889692371090253,0.0007688976945815733,3,"[8925, 77395, 65457]"
finance_ff49,new_matched_runs_on_verified_existing_cache,C,complete,angular_sw_bin1,0.01723516918718815,0.0007165062559964271,3,"[8925, 77395, 65457]"
finance_ff49,new_matched_runs_on_verified_existing_cache,C,complete,angular_sw_bin2,0.017941937471429508,0.0006211476326458542,3,"[8925, 77395, 65457]"
finance_ff49,new_matched_runs_on_verified_existing_cache,C,complete,angular_sw_bin3,0.029631763075788815,0.003239506557577153,3,"[8925, 77395, 65457]"
finance_ff49,new_matched_runs_on_verified_existing_cache,C,complete,angular_sw_mean,0.02092644836132725,0.0008634371695347859,3,"[8925, 77395, 65457]"
finance_ff49,new_matched_runs_on_verified_existing_cache,C,complete,exploding_norm_rate,0.0,0.0,3,"[8925, 77395, 65457]"
finance_ff49,new_matched_runs_on_verified_existing_cache,C,complete,inf_rate,0.0,0.0,3,"[8925, 77395, 65457]"
finance_ff49,new_matched_runs_on_verified_existing_cache,C,complete,invalid_rate,0.0,0.0,3,"[8925, 77395, 65457]"
finance_ff49,new_matched_runs_on_verified_existing_cache,C,complete,ks_stat,0.200278639793396,0.0028009605353919837,3,"[8925, 77395, 65457]"
finance_ff49,new_matched_runs_on_verified_existing_cache,C,complete,mmd,0.010984222094217936,0.0004431976762457901,3,"[8925, 77395, 65457]"
finance_ff49,new_matched_runs_on_verified_existing_cache,C,complete,nan_rate,0.0,0.0,3,"[8925, 77395, 65457]"
finance_ff49,new_matched_runs_on_verified_existing_cache,C,complete,nfe,512,0.0,3,"[8925, 77395, 65457]"
finance_ff49,new_matched_runs_on_verified_existing_cache,C,complete,q950_err,0.2007291628445201,0.009891141092185068,3,"[8925, 77395, 65457]"
finance_ff49,new_matched_runs_on_verified_existing_cache,C,complete,q990_err,0.2759007230798766,0.006505630203411952,3,"[8925, 77395, 65457]"
finance_ff49,new_matched_runs_on_verified_existing_cache,C,complete,q995_err,0.3812473564369636,0.02113869347779727,3,"[8925, 77395, 65457]"
finance_ff49,new_matched_runs_on_verified_existing_cache,C,complete,radial_w1,1.4228713512420654,0.040060150112757285,3,"[8925, 77395, 65457]"
finance_ff49,new_matched_runs_on_verified_existing_cache,C,complete,sample_time_s,0.19229615728060404,0.004891471177719853,3,"[8925, 77395, 65457]"
finance_ff49,new_matched_runs_on_verified_existing_cache,C,complete,sliced_w1,0.19292230904102325,0.0032317688706460473,3,"[8925, 77395, 65457]"
finance_ff49,new_matched_runs_on_verified_existing_cache,C,complete,tail_exc_95,0.02770811555286253,0.0010253987335594869,3,"[8925, 77395, 65457]"
finance_ff49,new_matched_runs_on_verified_existing_cache,C,complete,tail_exc_99,0.007213514521718034,0.0007524370768593535,3,"[8925, 77395, 65457]"
finance_ff49,new_matched_runs_on_verified_existing_cache,C,complete,total_train_time_s,31.872254960238934,1.4673275581759826,3,"[8925, 77395, 65457]"
gaussian_aniso_d16_cor,new_matched_realization,A,complete,angular_sw_bin0,0.012268118870755037,0.0007971774898802796,3,"[8925, 77395, 65457]"
gaussian_aniso_d16_cor,new_matched_realization,A,complete,angular_sw_bin1,0.012632277173300585,0.0003642746643313754,3,"[8925, 77395, 65457]"
gaussian_aniso_d16_cor,new_matched_realization,A,complete,angular_sw_bin2,0.013387082144618034,0.0008440204430714062,3,"[8925, 77395, 65457]"
gaussian_aniso_d16_cor,new_matched_realization,A,complete,angular_sw_bin3,0.013061913972099623,0.0009300102734931876,3,"[8925, 77395, 65457]"
gaussian_aniso_d16_cor,new_matched_realization,A,complete,angular_sw_mean,0.01283734804019332,0.00044199125943676567,3,"[8925, 77395, 65457]"
gaussian_aniso_d16_cor,new_matched_realization,A,complete,exploding_norm_rate,0.0,0.0,3,"[8925, 77395, 65457]"
gaussian_aniso_d16_cor,new_matched_realization,A,complete,inf_rate,0.0,0.0,3,"[8925, 77395, 65457]"
gaussian_aniso_d16_cor,new_matched_realization,A,complete,invalid_rate,0.0,0.0,3,"[8925, 77395, 65457]"
gaussian_aniso_d16_cor,new_matched_realization,A,complete,ks_stat,0.011600017547607422,0.0,3,"[8925, 77395, 65457]"
gaussian_aniso_d16_cor,new_matched_realization,A,complete,mmd,0.0003228187561035156,7.532536836099671e-05,3,"[8925, 77395, 65457]"
gaussian_aniso_d16_cor,new_matched_realization,A,complete,nan_rate,0.0,0.0,3,"[8925, 77395, 65457]"
gaussian_aniso_d16_cor,new_matched_realization,A,complete,nfe,512,0.0,3,"[8925, 77395, 65457]"
gaussian_aniso_d16_cor,new_matched_realization,A,complete,q950_err,0.0009215616688174233,7.026351215833525e-08,3,"[8925, 77395, 65457]"
gaussian_aniso_d16_cor,new_matched_realization,A,complete,q990_err,0.0019920176870843733,9.283851942422715e-08,3,"[8925, 77395, 65457]"
gaussian_aniso_d16_cor,new_matched_realization,A,complete,q995_err,0.002190323897121869,3.333246272796982e-08,3,"[8925, 77395, 65457]"
gaussian_aniso_d16_cor,new_matched_realization,A,complete,radial_w1,0.052943925062815346,9.292506642078214e-09,3,"[8925, 77395, 65457]"
gaussian_aniso_d16_cor,new_matched_realization,A,complete,sample_time_s,0.17154786984125772,0.0005408313738049509,3,"[8925, 77395, 65457]"
gaussian_aniso_d16_cor,new_matched_realization,A,complete,sliced_w1,0.12239758670330048,0.014010810917127057,3,"[8925, 77395, 65457]"
gaussian_aniso_d16_cor,new_matched_realization,A,complete,tail_exc_95,0.0003000006079674211,0.0,3,"[8925, 77395, 65457]"
gaussian_aniso_d16_cor,new_matched_realization,A,complete,tail_exc_99,0.00010000005364418918,0.0,3,"[8925, 77395, 65457]"
gaussian_aniso_d16_cor,new_matched_realization,A,complete,total_train_time_s,28.046218862136204,1.0986119489744963,3,"[8925, 77395, 65457]"
gaussian_aniso_d16_cor,new_matched_realization,B,complete,angular_sw_bin0,0.013641263668735823,0.001278269204193541,3,"[8925, 77395, 65457]"
gaussian_aniso_d16_cor,new_matched_realization,B,complete,angular_sw_bin1,0.013246962490181128,0.0006866938513215056,3,"[8925, 77395, 65457]"
gaussian_aniso_d16_cor,new_matched_realization,B,complete,angular_sw_bin2,0.014560863065222899,0.0007708547986291417,3,"[8925, 77395, 65457]"
gaussian_aniso_d16_cor,new_matched_realization,B,complete,angular_sw_bin3,0.014416223702331385,0.002275294218046652,3,"[8925, 77395, 65457]"
gaussian_aniso_d16_cor,new_matched_realization,B,complete,angular_sw_mean,0.013966328231617808,0.001175494532708771,3,"[8925, 77395, 65457]"
gaussian_aniso_d16_cor,new_matched_realization,B,complete,exploding_norm_rate,0.0,0.0,3,"[8925, 77395, 65457]"
gaussian_aniso_d16_cor,new_matched_realization,B,complete,inf_rate,0.0,0.0,3,"[8925, 77395, 65457]"
gaussian_aniso_d16_cor,new_matched_realization,B,complete,invalid_rate,0.0,0.0,3,"[8925, 77395, 65457]"
gaussian_aniso_d16_cor,new_matched_realization,B,complete,ks_stat,0.011600017547607422,0.0,3,"[8925, 77395, 65457]"
gaussian_aniso_d16_cor,new_matched_realization,B,complete,mmd,0.0004388093948364258,0.00013388008182359736,3,"[8925, 77395, 65457]"
gaussian_aniso_d16_cor,new_matched_realization,B,complete,nan_rate,0.0,0.0,3,"[8925, 77395, 65457]"
gaussian_aniso_d16_cor,new_matched_realization,B,complete,nfe,512,0.0,3,"[8925, 77395, 65457]"
gaussian_aniso_d16_cor,new_matched_realization,B,complete,q950_err,0.0009216477236935852,7.026351215833525e-08,3,"[8925, 77395, 65457]"
gaussian_aniso_d16_cor,new_matched_realization,B,complete,q990_err,0.0019919928749463746,0.0,3,"[8925, 77395, 65457]"
gaussian_aniso_d16_cor,new_matched_realization,B,complete,q995_err,0.0021905595932261543,1.1546703797212517e-07,3,"[8925, 77395, 65457]"
gaussian_aniso_d16_cor,new_matched_realization,B,complete,radial_w1,0.05294394368926684,2.9542488985683318e-08,3,"[8925, 77395, 65457]"
gaussian_aniso_d16_cor,new_matched_realization,B,complete,sample_time_s,0.24802217880884805,0.0038314926926876196,3,"[8925, 77395, 65457]"
gaussian_aniso_d16_cor,new_matched_realization,B,complete,sliced_w1,0.13982233653465906,0.01980895828979768,3,"[8925, 77395, 65457]"
gaussian_aniso_d16_cor,new_matched_realization,B,complete,tail_exc_95,0.0003000006079674211,0.0,3,"[8925, 77395, 65457]"
gaussian_aniso_d16_cor,new_matched_realization,B,complete,tail_exc_99,0.00010000005364418918,0.0,3,"[8925, 77395, 65457]"
gaussian_aniso_d16_cor,new_matched_realization,B,complete,total_train_time_s,28.88554325203101,1.2355890106295058,3,"[8925, 77395, 65457]"
gaussian_aniso_d16_cor,new_matched_realization,C,complete,angular_sw_bin0,0.015547819125155607,0.0006558790538651458,3,"[8925, 77395, 65457]"
gaussian_aniso_d16_cor,new_matched_realization,C,complete,angular_sw_bin1,0.012929296121001244,0.0006233601050657369,3,"[8925, 77395, 65457]"
gaussian_aniso_d16_cor,new_matched_realization,C,complete,angular_sw_bin2,0.014101725071668625,0.001118660722898475,3,"[8925, 77395, 65457]"
gaussian_aniso_d16_cor,new_matched_realization,C,complete,angular_sw_bin3,0.017031744432946045,0.0012456866057478815,3,"[8925, 77395, 65457]"
gaussian_aniso_d16_cor,new_matched_realization,C,complete,angular_sw_mean,0.01490264618769288,0.0007725543268136055,3,"[8925, 77395, 65457]"
gaussian_aniso_d16_cor,new_matched_realization,C,complete,exploding_norm_rate,0.0,0.0,3,"[8925, 77395, 65457]"
gaussian_aniso_d16_cor,new_matched_realization,C,complete,inf_rate,0.0,0.0,3,"[8925, 77395, 65457]"
gaussian_aniso_d16_cor,new_matched_realization,C,complete,invalid_rate,0.0,0.0,3,"[8925, 77395, 65457]"
gaussian_aniso_d16_cor,new_matched_realization,C,complete,ks_stat,0.011600017547607422,0.0,3,"[8925, 77395, 65457]"
gaussian_aniso_d16_cor,new_matched_realization,C,complete,mmd,0.00038631757100423175,0.00013506766142839884,3,"[8925, 77395, 65457]"
gaussian_aniso_d16_cor,new_matched_realization,C,complete,nan_rate,0.0,0.0,3,"[8925, 77395, 65457]"
gaussian_aniso_d16_cor,new_matched_realization,C,complete,nfe,512,0.0,3,"[8925, 77395, 65457]"
gaussian_aniso_d16_cor,new_matched_realization,C,complete,q950_err,0.0009216764086523059,8.11333153176468e-08,3,"[8925, 77395, 65457]"
gaussian_aniso_d16_cor,new_matched_realization,C,complete,q990_err,0.001992042499222372,9.283851942422715e-08,3,"[8925, 77395, 65457]"
gaussian_aniso_d16_cor,new_matched_realization,C,complete,q995_err,0.002190323897121869,6.666492545573521e-08,3,"[8925, 77395, 65457]"
gaussian_aniso_d16_cor,new_matched_realization,C,complete,radial_w1,0.052943953623374305,1.5004284647100383e-08,3,"[8925, 77395, 65457]"
gaussian_aniso_d16_cor,new_matched_realization,C,complete,sample_time_s,0.22515356292327246,0.0019127784712050842,3,"[8925, 77395, 65457]"
gaussian_aniso_d16_cor,new_matched_realization,C,complete,sliced_w1,0.14056540528933206,0.02014878436753959,3,"[8925, 77395, 65457]"
gaussian_aniso_d16_cor,new_matched_realization,C,complete,tail_exc_95,0.0003000006079674211,0.0,3,"[8925, 77395, 65457]"
gaussian_aniso_d16_cor,new_matched_realization,C,complete,tail_exc_99,0.00010000005364418918,0.0,3,"[8925, 77395, 65457]"
gaussian_aniso_d16_cor,new_matched_realization,C,complete,total_train_time_s,29.551751126845677,1.5025885286916378,3,"[8925, 77395, 65457]"
imagenette_dcae,new_matched_runs_on_verified_existing_cache,A,complete,angular_sw_bin0,0.0018773165453846257,1.175244891532207e-05,3,"[8925, 1234, 7]"
imagenette_dcae,new_matched_runs_on_verified_existing_cache,A,complete,angular_sw_bin1,0.0018047073778385918,1.1599794757226613e-05,3,"[8925, 1234, 7]"
imagenette_dcae,new_matched_runs_on_verified_existing_cache,A,complete,angular_sw_bin2,0.0018626010278239846,1.0656196345746856e-05,3,"[8925, 1234, 7]"
imagenette_dcae,new_matched_runs_on_verified_existing_cache,A,complete,angular_sw_bin3,0.002456191461533308,4.739793041698997e-05,3,"[8925, 1234, 7]"
imagenette_dcae,new_matched_runs_on_verified_existing_cache,A,complete,angular_sw_mean,0.0020002041031451276,1.7311468918185386e-05,3,"[8925, 1234, 7]"
imagenette_dcae,new_matched_runs_on_verified_existing_cache,A,complete,coverage,0.06063694267515923,0.004646917713903846,3,"[8925, 1234, 7]"
imagenette_dcae,new_matched_runs_on_verified_existing_cache,A,complete,density,0.05444444444444445,0.0036799087481976657,3,"[8925, 1234, 7]"
imagenette_dcae,new_matched_runs_on_verified_existing_cache,A,complete,fid,147.9570705364819,0.37797351428389375,3,"[8925, 1234, 7]"
imagenette_dcae,new_matched_runs_on_verified_existing_cache,A,complete,kid,0.09576944351196288,5.485172914290621e-05,3,"[8925, 1234, 7]"
imagenette_dcae,new_matched_runs_on_verified_existing_cache,A,complete,kid_std,0.00264932976598315,4.990288752619079e-05,3,"[8925, 1234, 7]"
imagenette_dcae,new_matched_runs_on_verified_existing_cache,A,complete,ks,0.04048258066177368,0.0,3,"[8925, 1234, 7]"
imagenette_dcae,new_matched_runs_on_verified_existing_cache,A,complete,nfe,100,0.0,3,"[8925, 1234, 7]"
imagenette_dcae,new_matched_runs_on_verified_existing_cache,A,complete,precision,0.15922222222222224,0.004909049340972121,3,"[8925, 1234, 7]"
imagenette_dcae,new_matched_runs_on_verified_existing_cache,A,complete,radial_w1,0.26603636145591736,2.1900144899933143e-07,3,"[8925, 1234, 7]"
imagenette_dcae,new_matched_runs_on_verified_existing_cache,A,complete,recall,0.6811889596602972,0.011440092538656148,3,"[8925, 1234, 7]"
imagenette_dcae,new_matched_runs_on_verified_existing_cache,A,complete,sample_time_s,49.154609521230064,0.7545388618715059,3,"[8925, 1234, 7]"
imagenette_dcae,new_matched_runs_on_verified_existing_cache,A,complete,sliced_w1,0.04706759254137675,0.000817161031883816,3,"[8925, 1234, 7]"
imagenette_dcae,new_matched_runs_on_verified_existing_cache,A,complete,total_train_time_s,1775.3995405038197,33.070914055750784,3,"[8925, 1234, 7]"
imagenette_dcae,new_matched_runs_on_verified_existing_cache,B,complete,angular_sw_bin0,0.005371190685157974,0.0020911992012102028,3,"[8925, 1234, 7]"
imagenette_dcae,new_matched_runs_on_verified_existing_cache,B,complete,angular_sw_bin1,0.005356327708189686,0.0020185708576118196,3,"[8925, 1234, 7]"
imagenette_dcae,new_matched_runs_on_verified_existing_cache,B,complete,angular_sw_bin2,0.0060253367604066925,0.0028583201099036683,3,"[8925, 1234, 7]"
imagenette_dcae,new_matched_runs_on_verified_existing_cache,B,complete,angular_sw_bin3,0.006347476659963529,0.002293953686114781,3,"[8925, 1234, 7]"
imagenette_dcae,new_matched_runs_on_verified_existing_cache,B,complete,angular_sw_mean,0.005775082953429471,0.0023034116605964534,3,"[8925, 1234, 7]"
imagenette_dcae,new_matched_runs_on_verified_existing_cache,B,complete,coverage,0.00059447983014862,0.0002402061252438378,3,"[8925, 1234, 7]"
imagenette_dcae,new_matched_runs_on_verified_existing_cache,B,complete,density,0.0010222222222222223,0.0007390350732584841,3,"[8925, 1234, 7]"
imagenette_dcae,new_matched_runs_on_verified_existing_cache,B,complete,fid,311.40280945625057,11.058005244532191,3,"[8925, 1234, 7]"
imagenette_dcae,new_matched_runs_on_verified_existing_cache,B,complete,kid,0.3184788584709168,0.021294051103273415,3,"[8925, 1234, 7]"
imagenette_dcae,new_matched_runs_on_verified_existing_cache,B,complete,kid_std,0.0033808440031088452,0.00022771131093485408,3,"[8925, 1234, 7]"
imagenette_dcae,new_matched_runs_on_verified_existing_cache,B,complete,ks,0.04048258066177368,0.0,3,"[8925, 1234, 7]"
imagenette_dcae,new_matched_runs_on_verified_existing_cache,B,complete,nfe,100,0.0,3,"[8925, 1234, 7]"
imagenette_dcae,new_matched_runs_on_verified_existing_cache,B,complete,precision,0.005,0.003681787005729087,3,"[8925, 1234, 7]"
imagenette_dcae,new_matched_runs_on_verified_existing_cache,B,complete,radial_w1,0.26601141691207886,1.7033446033281332e-07,3,"[8925, 1234, 7]"
imagenette_dcae,new_matched_runs_on_verified_existing_cache,B,complete,recall,0.0,0.0,3,"[8925, 1234, 7]"
imagenette_dcae,new_matched_runs_on_verified_existing_cache,B,complete,sample_time_s,49.07617118706306,0.2539602242305605,3,"[8925, 1234, 7]"
imagenette_dcae,new_matched_runs_on_verified_existing_cache,B,complete,sliced_w1,0.22041369477907816,0.09318036384526314,3,"[8925, 1234, 7]"
imagenette_dcae,new_matched_runs_on_verified_existing_cache,B,complete,total_train_time_s,1805.704392053187,41.336614363834904,3,"[8925, 1234, 7]"
imagenette_dcae,new_matched_runs_on_verified_existing_cache,C,complete,angular_sw_bin0,0.0025189685014386973,0.0005569449079044322,3,"[8925, 1234, 7]"
imagenette_dcae,new_matched_runs_on_verified_existing_cache,C,complete,angular_sw_bin1,0.0021807411685585976,0.0002877535003205584,3,"[8925, 1234, 7]"
imagenette_dcae,new_matched_runs_on_verified_existing_cache,C,complete,angular_sw_bin2,0.0023118754227956138,0.00013592922915297615,3,"[8925, 1234, 7]"
imagenette_dcae,new_matched_runs_on_verified_existing_cache,C,complete,angular_sw_bin3,0.003159498873477181,0.00025055749880370043,3,"[8925, 1234, 7]"
imagenette_dcae,new_matched_runs_on_verified_existing_cache,C,complete,angular_sw_mean,0.0025427709915675223,0.00018310475714458844,3,"[8925, 1234, 7]"
imagenette_dcae,new_matched_runs_on_verified_existing_cache,C,complete,coverage,0.021316348195329085,0.014757045269823887,3,"[8925, 1234, 7]"
imagenette_dcae,new_matched_runs_on_verified_existing_cache,C,complete,density,0.021866666666666666,0.01465403496449837,3,"[8925, 1234, 7]"
imagenette_dcae,new_matched_runs_on_verified_existing_cache,C,complete,fid,227.43675485271265,67.72442808354815,3,"[8925, 1234, 7]"
imagenette_dcae,new_matched_runs_on_verified_existing_cache,C,complete,kid,0.1982350492477417,0.1063208060799008,3,"[8925, 1234, 7]"
imagenette_dcae,new_matched_runs_on_verified_existing_cache,C,complete,kid_std,0.0031293266026220946,0.00038804235443475234,3,"[8925, 1234, 7]"
imagenette_dcae,new_matched_runs_on_verified_existing_cache,C,complete,ks,0.04048258066177368,0.0,3,"[8925, 1234, 7]"
imagenette_dcae,new_matched_runs_on_verified_existing_cache,C,complete,nfe,100,0.0,3,"[8925, 1234, 7]"
imagenette_dcae,new_matched_runs_on_verified_existing_cache,C,complete,precision,0.06933333333333333,0.045191772440304846,3,"[8925, 1234, 7]"
imagenette_dcae,new_matched_runs_on_verified_existing_cache,C,complete,radial_w1,0.26602335770924884,8.4864376997497e-06,3,"[8925, 1234, 7]"
imagenette_dcae,new_matched_runs_on_verified_existing_cache,C,complete,recall,0.4473885350318471,0.3169173466302895,3,"[8925, 1234, 7]"
imagenette_dcae,new_matched_runs_on_verified_existing_cache,C,complete,sample_time_s,49.11000048369169,0.0954716157209419,3,"[8925, 1234, 7]"
imagenette_dcae,new_matched_runs_on_verified_existing_cache,C,complete,sliced_w1,0.06654396901528041,0.010403711077127592,3,"[8925, 1234, 7]"
imagenette_dcae,new_matched_runs_on_verified_existing_cache,C,complete,total_train_time_s,1785.2816286509235,15.469177386612106,3,"[8925, 1234, 7]"
piv_d16,new_matched_runs_on_verified_existing_cache,A,complete,angular_sw_bin0,0.04531486208240191,0.003195272643015345,3,"[8925, 77395, 65457]"
piv_d16,new_matched_runs_on_verified_existing_cache,A,complete,angular_sw_bin1,0.042064753671487175,0.002746832476523614,3,"[8925, 77395, 65457]"
piv_d16,new_matched_runs_on_verified_existing_cache,A,complete,angular_sw_bin2,0.06722289696335793,0.006073089599811689,3,"[8925, 77395, 65457]"
piv_d16,new_matched_runs_on_verified_existing_cache,A,complete,angular_sw_bin3,0.07102724661429723,0.004616778629741178,3,"[8925, 77395, 65457]"
piv_d16,new_matched_runs_on_verified_existing_cache,A,complete,angular_sw_mean,0.05640743983288606,0.003250665229124229,3,"[8925, 77395, 65457]"
piv_d16,new_matched_runs_on_verified_existing_cache,A,complete,exploding_norm_rate,0.0,0.0,3,"[8925, 77395, 65457]"
piv_d16,new_matched_runs_on_verified_existing_cache,A,complete,inf_rate,0.0,0.0,3,"[8925, 77395, 65457]"
piv_d16,new_matched_runs_on_verified_existing_cache,A,complete,invalid_rate,0.0,0.0,3,"[8925, 77395, 65457]"
piv_d16,new_matched_runs_on_verified_existing_cache,A,complete,ks_stat,0.08239004015922546,0.0049504203746330066,3,"[8925, 77395, 65457]"
piv_d16,new_matched_runs_on_verified_existing_cache,A,complete,mmd,0.0052060286204020185,0.001602018050387979,3,"[8925, 77395, 65457]"
piv_d16,new_matched_runs_on_verified_existing_cache,A,complete,nan_rate,0.0,0.0,3,"[8925, 77395, 65457]"
piv_d16,new_matched_runs_on_verified_existing_cache,A,complete,nfe,512,0.0,3,"[8925, 77395, 65457]"
piv_d16,new_matched_runs_on_verified_existing_cache,A,complete,q950_err,0.04330559475545012,0.003446368387231789,3,"[8925, 77395, 65457]"
piv_d16,new_matched_runs_on_verified_existing_cache,A,complete,q990_err,0.09883281634688655,0.0008614785229344301,3,"[8925, 77395, 65457]"
piv_d16,new_matched_runs_on_verified_existing_cache,A,complete,q995_err,0.1858478364917882,0.004973695504276529,3,"[8925, 77395, 65457]"
piv_d16,new_matched_runs_on_verified_existing_cache,A,complete,radial_w1,0.011107543172935644,0.00046657780046173057,3,"[8925, 77395, 65457]"
piv_d16,new_matched_runs_on_verified_existing_cache,A,complete,sample_time_s,0.1779422586162885,0.007081109518078426,3,"[8925, 77395, 65457]"
piv_d16,new_matched_runs_on_verified_existing_cache,A,complete,sliced_w1,0.012024956134458384,0.0012722595232980503,3,"[8925, 77395, 65457]"
piv_d16,new_matched_runs_on_verified_existing_cache,A,complete,tail_exc_95,0.015800001223881994,0.0008981462341555165,3,"[8925, 77395, 65457]"
piv_d16,new_matched_runs_on_verified_existing_cache,A,complete,tail_exc_99,0.005866667032241812,0.0010873009038449674,3,"[8925, 77395, 65457]"
piv_d16,new_matched_runs_on_verified_existing_cache,A,complete,total_train_time_s,30.67017214745283,5.139779680537425,3,"[8925, 77395, 65457]"
piv_d16,new_matched_runs_on_verified_existing_cache,B,complete,angular_sw_bin0,0.04363919794559479,0.004098800170728978,3,"[8925, 77395, 65457]"
piv_d16,new_matched_runs_on_verified_existing_cache,B,complete,angular_sw_bin1,0.03896413743495941,0.0012623173432695465,3,"[8925, 77395, 65457]"
piv_d16,new_matched_runs_on_verified_existing_cache,B,complete,angular_sw_bin2,0.06736714020371437,0.008068898646461268,3,"[8925, 77395, 65457]"
piv_d16,new_matched_runs_on_verified_existing_cache,B,complete,angular_sw_bin3,0.08032082517941792,0.004047790885751585,3,"[8925, 77395, 65457]"
piv_d16,new_matched_runs_on_verified_existing_cache,B,complete,angular_sw_mean,0.05757282519092163,0.0034384217001033387,3,"[8925, 77395, 65457]"
piv_d16,new_matched_runs_on_verified_existing_cache,B,complete,exploding_norm_rate,0.0,0.0,3,"[8925, 77395, 65457]"
piv_d16,new_matched_runs_on_verified_existing_cache,B,complete,inf_rate,0.0,0.0,3,"[8925, 77395, 65457]"
piv_d16,new_matched_runs_on_verified_existing_cache,B,complete,invalid_rate,0.0,0.0,3,"[8925, 77395, 65457]"
piv_d16,new_matched_runs_on_verified_existing_cache,B,complete,ks_stat,0.08239004015922546,0.0049504203746330066,3,"[8925, 77395, 65457]"
piv_d16,new_matched_runs_on_verified_existing_cache,B,complete,mmd,0.005332390467325847,0.001554166872599097,3,"[8925, 77395, 65457]"
piv_d16,new_matched_runs_on_verified_existing_cache,B,complete,nan_rate,0.0,0.0,3,"[8925, 77395, 65457]"
piv_d16,new_matched_runs_on_verified_existing_cache,B,complete,nfe,512,0.0,3,"[8925, 77395, 65457]"
piv_d16,new_matched_runs_on_verified_existing_cache,B,complete,q950_err,0.04330569151230547,0.0034464086203449917,3,"[8925, 77395, 65457]"
piv_d16,new_matched_runs_on_verified_existing_cache,B,complete,q990_err,0.09883273754400322,0.0008615661367595013,3,"[8925, 77395, 65457]"
piv_d16,new_matched_runs_on_verified_existing_cache,B,complete,q995_err,0.18584806745525925,0.004973421917883556,3,"[8925, 77395, 65457]"
piv_d16,new_matched_runs_on_verified_existing_cache,B,complete,radial_w1,0.011107543172935644,0.0004665778638413855,3,"[8925, 77395, 65457]"
piv_d16,new_matched_runs_on_verified_existing_cache,B,complete,sample_time_s,0.2549923037489255,0.002059300972722609,3,"[8925, 77395, 65457]"
piv_d16,new_matched_runs_on_verified_existing_cache,B,complete,sliced_w1,0.012623651884496212,0.0011022667359851467,3,"[8925, 77395, 65457]"
piv_d16,new_matched_runs_on_verified_existing_cache,B,complete,tail_exc_95,0.015800001223881994,0.0008981462341555165,3,"[8925, 77395, 65457]"
piv_d16,new_matched_runs_on_verified_existing_cache,B,complete,tail_exc_99,0.005866667032241812,0.0010873009038449674,3,"[8925, 77395, 65457]"
piv_d16,new_matched_runs_on_verified_existing_cache,B,complete,total_train_time_s,30.92328132688999,2.1121383183847553,3,"[8925, 77395, 65457]"
piv_d16,new_matched_runs_on_verified_existing_cache,C,complete,angular_sw_bin0,0.06239003191391627,0.004940142608967987,3,"[8925, 77395, 65457]"
piv_d16,new_matched_runs_on_verified_existing_cache,C,complete,angular_sw_bin1,0.05556445320447286,0.003366111932010507,3,"[8925, 77395, 65457]"
piv_d16,new_matched_runs_on_verified_existing_cache,C,complete,angular_sw_bin2,0.06383317708969116,0.00821573842867507,3,"[8925, 77395, 65457]"
piv_d16,new_matched_runs_on_verified_existing_cache,C,complete,angular_sw_bin3,0.06199909498294195,0.0065385566565419155,3,"[8925, 77395, 65457]"
piv_d16,new_matched_runs_on_verified_existing_cache,C,complete,angular_sw_mean,0.06094668929775556,0.002654757283197317,3,"[8925, 77395, 65457]"
piv_d16,new_matched_runs_on_verified_existing_cache,C,complete,exploding_norm_rate,0.0,0.0,3,"[8925, 77395, 65457]"
piv_d16,new_matched_runs_on_verified_existing_cache,C,complete,inf_rate,0.0,0.0,3,"[8925, 77395, 65457]"
piv_d16,new_matched_runs_on_verified_existing_cache,C,complete,invalid_rate,0.0,0.0,3,"[8925, 77395, 65457]"
piv_d16,new_matched_runs_on_verified_existing_cache,C,complete,ks_stat,0.08239004015922546,0.0049504203746330066,3,"[8925, 77395, 65457]"
piv_d16,new_matched_runs_on_verified_existing_cache,C,complete,mmd,0.004995266596476237,0.0016018839952911359,3,"[8925, 77395, 65457]"
piv_d16,new_matched_runs_on_verified_existing_cache,C,complete,nan_rate,0.0,0.0,3,"[8925, 77395, 65457]"
piv_d16,new_matched_runs_on_verified_existing_cache,C,complete,nfe,512,0.0,3,"[8925, 77395, 65457]"
piv_d16,new_matched_runs_on_verified_existing_cache,C,complete,q950_err,0.04330559475545013,0.0034464086203449917,3,"[8925, 77395, 65457]"
piv_d16,new_matched_runs_on_verified_existing_cache,C,complete,q990_err,0.09883286888214211,0.0008614532378475088,3,"[8925, 77395, 65457]"
piv_d16,new_matched_runs_on_verified_existing_cache,C,complete,q995_err,0.18584760552831717,0.004973630749168372,3,"[8925, 77395, 65457]"
piv_d16,new_matched_runs_on_verified_existing_cache,C,complete,radial_w1,0.011107543172935644,0.00046657848840450915,3,"[8925, 77395, 65457]"
piv_d16,new_matched_runs_on_verified_existing_cache,C,complete,sample_time_s,0.22906331966320673,0.005734347348576147,3,"[8925, 77395, 65457]"
piv_d16,new_matched_runs_on_verified_existing_cache,C,complete,sliced_w1,0.012300283337632814,0.0010419081629391672,3,"[8925, 77395, 65457]"
piv_d16,new_matched_runs_on_verified_existing_cache,C,complete,tail_exc_95,0.015800001223881994,0.0008981462341555165,3,"[8925, 77395, 65457]"
piv_d16,new_matched_runs_on_verified_existing_cache,C,complete,tail_exc_99,0.005866667032241812,0.0010873009038449674,3,"[8925, 77395, 65457]"
piv_d16,new_matched_runs_on_verified_existing_cache,C,complete,total_train_time_s,31.079304325083893,1.479603171239742,3,"[8925, 77395, 65457]"
piv_d256,new_matched_runs_on_verified_existing_cache,A,complete,angular_sw_bin0,0.01214138325303793,0.0005819101091273768,3,"[8925, 77395, 65457]"
piv_d256,new_matched_runs_on_verified_existing_cache,A,complete,angular_sw_bin1,0.01435616984963417,0.0011363041347825476,3,"[8925, 77395, 65457]"
piv_d256,new_matched_runs_on_verified_existing_cache,A,complete,angular_sw_bin2,0.01074612575272719,0.0002962577431729777,3,"[8925, 77395, 65457]"
piv_d256,new_matched_runs_on_verified_existing_cache,A,complete,angular_sw_bin3,0.01143353587637345,0.0006836984107826981,3,"[8925, 77395, 65457]"
piv_d256,new_matched_runs_on_verified_existing_cache,A,complete,angular_sw_mean,0.012169303682943186,0.0005602161606304293,3,"[8925, 77395, 65457]"
piv_d256,new_matched_runs_on_verified_existing_cache,A,complete,exploding_norm_rate,0.0,0.0,3,"[8925, 77395, 65457]"
piv_d256,new_matched_runs_on_verified_existing_cache,A,complete,inf_rate,0.0,0.0,3,"[8925, 77395, 65457]"
piv_d256,new_matched_runs_on_verified_existing_cache,A,complete,invalid_rate,0.0,0.0,3,"[8925, 77395, 65457]"
piv_d256,new_matched_runs_on_verified_existing_cache,A,complete,ks_stat,0.0578653613726298,0.0014188932526390124,3,"[8925, 77395, 65457]"
piv_d256,new_matched_runs_on_verified_existing_cache,A,complete,mmd,0.003966967264811198,0.0006471956342426392,3,"[8925, 77395, 65457]"
piv_d256,new_matched_runs_on_verified_existing_cache,A,complete,nan_rate,0.0,0.0,3,"[8925, 77395, 65457]"
piv_d256,new_matched_runs_on_verified_existing_cache,A,complete,nfe,512,0.0,3,"[8925, 77395, 65457]"
piv_d256,new_matched_runs_on_verified_existing_cache,A,complete,q950_err,0.0076266592250528766,0.0019175926591713515,3,"[8925, 77395, 65457]"
piv_d256,new_matched_runs_on_verified_existing_cache,A,complete,q990_err,0.019439740786493926,0.004953267356891913,3,"[8925, 77395, 65457]"
piv_d256,new_matched_runs_on_verified_existing_cache,A,complete,q995_err,0.052674230301179695,0.007732784137795169,3,"[8925, 77395, 65457]"
piv_d256,new_matched_runs_on_verified_existing_cache,A,complete,radial_w1,0.0370533453921477,0.0012661850552363307,3,"[8925, 77395, 65457]"
piv_d256,new_matched_runs_on_verified_existing_cache,A,complete,sample_time_s,0.3235489676396052,0.0028360103030144294,3,"[8925, 77395, 65457]"
piv_d256,new_matched_runs_on_verified_existing_cache,A,complete,sliced_w1,0.023286751781900723,0.0012920962575962442,3,"[8925, 77395, 65457]"
piv_d256,new_matched_runs_on_verified_existing_cache,A,complete,tail_exc_95,0.00706666658322012,0.0009843228929520232,3,"[8925, 77395, 65457]"
piv_d256,new_matched_runs_on_verified_existing_cache,A,complete,tail_exc_99,0.003633333146572104,0.0008730534835705815,3,"[8925, 77395, 65457]"
piv_d256,new_matched_runs_on_verified_existing_cache,A,complete,total_train_time_s,29.280169802407425,2.171098584996576,3,"[8925, 77395, 65457]"
piv_d256,new_matched_runs_on_verified_existing_cache,B,complete,angular_sw_bin0,0.012185471753279368,0.00035956568310216663,3,"[8925, 77395, 65457]"
piv_d256,new_matched_runs_on_verified_existing_cache,B,complete,angular_sw_bin1,0.01461294728020827,0.0012146794171573074,3,"[8925, 77395, 65457]"
piv_d256,new_matched_runs_on_verified_existing_cache,B,complete,angular_sw_bin2,0.010728170163929462,0.0005048921652116256,3,"[8925, 77395, 65457]"
piv_d256,new_matched_runs_on_verified_existing_cache,B,complete,angular_sw_bin3,0.011923178099095821,0.0011688247574593972,3,"[8925, 77395, 65457]"
piv_d256,new_matched_runs_on_verified_existing_cache,B,complete,angular_sw_mean,0.012362441824128231,0.0006000112736559043,3,"[8925, 77395, 65457]"
piv_d256,new_matched_runs_on_verified_existing_cache,B,complete,exploding_norm_rate,0.0,0.0,3,"[8925, 77395, 65457]"
piv_d256,new_matched_runs_on_verified_existing_cache,B,complete,inf_rate,0.0,0.0,3,"[8925, 77395, 65457]"
piv_d256,new_matched_runs_on_verified_existing_cache,B,complete,invalid_rate,0.0,0.0,3,"[8925, 77395, 65457]"
piv_d256,new_matched_runs_on_verified_existing_cache,B,complete,ks_stat,0.0578653613726298,0.0014188932526390124,3,"[8925, 77395, 65457]"
piv_d256,new_matched_runs_on_verified_existing_cache,B,complete,mmd,0.00443422794342041,0.0009347706726779394,3,"[8925, 77395, 65457]"
piv_d256,new_matched_runs_on_verified_existing_cache,B,complete,nan_rate,0.0,0.0,3,"[8925, 77395, 65457]"
piv_d256,new_matched_runs_on_verified_existing_cache,B,complete,nfe,512,0.0,3,"[8925, 77395, 65457]"
piv_d256,new_matched_runs_on_verified_existing_cache,B,complete,q950_err,0.0076266195067998645,0.00191753713741474,3,"[8925, 77395, 65457]"
piv_d256,new_matched_runs_on_verified_existing_cache,B,complete,q990_err,0.01943980772659753,0.004953307741471549,3,"[8925, 77395, 65457]"
piv_d256,new_matched_runs_on_verified_existing_cache,B,complete,q995_err,0.052674326135583975,0.0077328089496145405,3,"[8925, 77395, 65457]"
piv_d256,new_matched_runs_on_verified_existing_cache,B,complete,radial_w1,0.03705334663391113,0.001266184961791112,3,"[8925, 77395, 65457]"
piv_d256,new_matched_runs_on_verified_existing_cache,B,complete,sample_time_s,0.4427945787707965,0.006152961229905647,3,"[8925, 77395, 65457]"
piv_d256,new_matched_runs_on_verified_existing_cache,B,complete,sliced_w1,0.024350446338454883,0.001534213858597361,3,"[8925, 77395, 65457]"
piv_d256,new_matched_runs_on_verified_existing_cache,B,complete,tail_exc_95,0.00706666658322012,0.0009843228929520232,3,"[8925, 77395, 65457]"
piv_d256,new_matched_runs_on_verified_existing_cache,B,complete,tail_exc_99,0.003633333146572104,0.0008730534835705815,3,"[8925, 77395, 65457]"
piv_d256,new_matched_runs_on_verified_existing_cache,B,complete,total_train_time_s,31.704305241505306,4.2873489942228895,3,"[8925, 77395, 65457]"
piv_d256,new_matched_runs_on_verified_existing_cache,C,complete,angular_sw_bin0,0.012257898847262064,0.0007837340032572125,3,"[8925, 77395, 65457]"
piv_d256,new_matched_runs_on_verified_existing_cache,C,complete,angular_sw_bin1,0.01481541432440281,0.0011776091538302051,3,"[8925, 77395, 65457]"
piv_d256,new_matched_runs_on_verified_existing_cache,C,complete,angular_sw_bin2,0.011405155373116335,0.000789573335268434,3,"[8925, 77395, 65457]"
piv_d256,new_matched_runs_on_verified_existing_cache,C,complete,angular_sw_bin3,0.01234075209746758,0.0007610823606994326,3,"[8925, 77395, 65457]"
piv_d256,new_matched_runs_on_verified_existing_cache,C,complete,angular_sw_mean,0.012704805160562197,0.0006521210228520662,3,"[8925, 77395, 65457]"
piv_d256,new_matched_runs_on_verified_existing_cache,C,complete,exploding_norm_rate,0.0,0.0,3,"[8925, 77395, 65457]"
piv_d256,new_matched_runs_on_verified_existing_cache,C,complete,inf_rate,0.0,0.0,3,"[8925, 77395, 65457]"
piv_d256,new_matched_runs_on_verified_existing_cache,C,complete,invalid_rate,0.0,0.0,3,"[8925, 77395, 65457]"
piv_d256,new_matched_runs_on_verified_existing_cache,C,complete,ks_stat,0.0578653613726298,0.0014188932526390124,3,"[8925, 77395, 65457]"
piv_d256,new_matched_runs_on_verified_existing_cache,C,complete,mmd,0.004570802052815755,0.0010248599964473714,3,"[8925, 77395, 65457]"
piv_d256,new_matched_runs_on_verified_existing_cache,C,complete,nan_rate,0.0,0.0,3,"[8925, 77395, 65457]"
piv_d256,new_matched_runs_on_verified_existing_cache,C,complete,nfe,512,0.0,3,"[8925, 77395, 65457]"
piv_d256,new_matched_runs_on_verified_existing_cache,C,complete,q950_err,0.0076266195067998645,0.00191753713741474,3,"[8925, 77395, 65457]"
piv_d256,new_matched_runs_on_verified_existing_cache,C,complete,q990_err,0.01943977425654573,0.0049533089310775606,3,"[8925, 77395, 65457]"
piv_d256,new_matched_runs_on_verified_existing_cache,C,complete,q995_err,0.052674262245981124,0.007732903657303257,3,"[8925, 77395, 65457]"
piv_d256,new_matched_runs_on_verified_existing_cache,C,complete,radial_w1,0.03705334415038427,0.0012661834898246346,3,"[8925, 77395, 65457]"
piv_d256,new_matched_runs_on_verified_existing_cache,C,complete,sample_time_s,0.4183332771062851,0.006447506780205572,3,"[8925, 77395, 65457]"
piv_d256,new_matched_runs_on_verified_existing_cache,C,complete,sliced_w1,0.024836143478751183,0.0018013459321371457,3,"[8925, 77395, 65457]"
piv_d256,new_matched_runs_on_verified_existing_cache,C,complete,tail_exc_95,0.00706666658322012,0.0009843228929520232,3,"[8925, 77395, 65457]"
piv_d256,new_matched_runs_on_verified_existing_cache,C,complete,tail_exc_99,0.003633333146572104,0.0008730534835705815,3,"[8925, 77395, 65457]"
piv_d256,new_matched_runs_on_verified_existing_cache,C,complete,total_train_time_s,29.987061962485313,1.8995756853000574,3,"[8925, 77395, 65457]"
piv_d32,new_matched_runs_on_verified_existing_cache,A,complete,angular_sw_bin0,0.029602513338128727,0.0009821728541987067,3,"[8925, 77395, 65457]"
piv_d32,new_matched_runs_on_verified_existing_cache,A,complete,angular_sw_bin1,0.03450479110081991,0.0008587211920436112,3,"[8925, 77395, 65457]"
piv_d32,new_matched_runs_on_verified_existing_cache,A,complete,angular_sw_bin2,0.036771501104036965,0.0031890117172424046,3,"[8925, 77395, 65457]"
piv_d32,new_matched_runs_on_verified_existing_cache,A,complete,angular_sw_bin3,0.0404981275399526,0.002891600985589308,3,"[8925, 77395, 65457]"
piv_d32,new_matched_runs_on_verified_existing_cache,A,complete,angular_sw_mean,0.03534423327073455,0.0013204021083766588,3,"[8925, 77395, 65457]"
piv_d32,new_matched_runs_on_verified_existing_cache,A,complete,exploding_norm_rate,0.0,0.0,3,"[8925, 77395, 65457]"
piv_d32,new_matched_runs_on_verified_existing_cache,A,complete,inf_rate,0.0,0.0,3,"[8925, 77395, 65457]"
piv_d32,new_matched_runs_on_verified_existing_cache,A,complete,invalid_rate,0.0,0.0,3,"[8925, 77395, 65457]"
piv_d32,new_matched_runs_on_verified_existing_cache,A,complete,ks_stat,0.05118506153424581,0.0028994318257634316,3,"[8925, 77395, 65457]"
piv_d32,new_matched_runs_on_verified_existing_cache,A,complete,mmd,0.008264660835266113,0.0014030330028379698,3,"[8925, 77395, 65457]"
piv_d32,new_matched_runs_on_verified_existing_cache,A,complete,nan_rate,0.0,0.0,3,"[8925, 77395, 65457]"
piv_d32,new_matched_runs_on_verified_existing_cache,A,complete,nfe,512,0.0,3,"[8925, 77395, 65457]"
piv_d32,new_matched_runs_on_verified_existing_cache,A,complete,q950_err,0.015797446162244558,0.0022050814941844588,3,"[8925, 77395, 65457]"
piv_d32,new_matched_runs_on_verified_existing_cache,A,complete,q990_err,0.030726901697024068,0.004063195616457017,3,"[8925, 77395, 65457]"
piv_d32,new_matched_runs_on_verified_existing_cache,A,complete,q995_err,0.015708176354184936,0.003368667176439547,3,"[8925, 77395, 65457]"
piv_d32,new_matched_runs_on_verified_existing_cache,A,complete,radial_w1,0.018826718752582867,0.00030098383674494503,3,"[8925, 77395, 65457]"
piv_d32,new_matched_runs_on_verified_existing_cache,A,complete,sample_time_s,0.18822954098383585,0.004816323920430121,3,"[8925, 77395, 65457]"
piv_d32,new_matched_runs_on_verified_existing_cache,A,complete,sliced_w1,0.020231545592347782,0.0015749904456782752,3,"[8925, 77395, 65457]"
piv_d32,new_matched_runs_on_verified_existing_cache,A,complete,tail_exc_95,0.013666666547457332,0.0008806586320263189,3,"[8925, 77395, 65457]"
piv_d32,new_matched_runs_on_verified_existing_cache,A,complete,tail_exc_99,0.007133333409825952,0.0013199327365879614,3,"[8925, 77395, 65457]"
piv_d32,new_matched_runs_on_verified_existing_cache,A,complete,total_train_time_s,30.315092116594315,0.5251763921215631,3,"[8925, 77395, 65457]"
piv_d32,new_matched_runs_on_verified_existing_cache,B,complete,angular_sw_bin0,0.03042079322040081,0.0016957437724611463,3,"[8925, 77395, 65457]"
piv_d32,new_matched_runs_on_verified_existing_cache,B,complete,angular_sw_bin1,0.03335635488231977,0.001210829943079503,3,"[8925, 77395, 65457]"
piv_d32,new_matched_runs_on_verified_existing_cache,B,complete,angular_sw_bin2,0.03622890387972196,0.0029441678754005157,3,"[8925, 77395, 65457]"
piv_d32,new_matched_runs_on_verified_existing_cache,B,complete,angular_sw_bin3,0.04405698925256729,0.00820828718811161,3,"[8925, 77395, 65457]"
piv_d32,new_matched_runs_on_verified_existing_cache,B,complete,angular_sw_mean,0.036015760308752455,0.0030081500696552445,3,"[8925, 77395, 65457]"
piv_d32,new_matched_runs_on_verified_existing_cache,B,complete,exploding_norm_rate,0.0,0.0,3,"[8925, 77395, 65457]"
piv_d32,new_matched_runs_on_verified_existing_cache,B,complete,inf_rate,0.0,0.0,3,"[8925, 77395, 65457]"
piv_d32,new_matched_runs_on_verified_existing_cache,B,complete,invalid_rate,0.0,0.0,3,"[8925, 77395, 65457]"
piv_d32,new_matched_runs_on_verified_existing_cache,B,complete,ks_stat,0.05118506153424581,0.0028994318257634316,3,"[8925, 77395, 65457]"
piv_d32,new_matched_runs_on_verified_existing_cache,B,complete,mmd,0.009103178977966309,0.0027814441723185332,3,"[8925, 77395, 65457]"
piv_d32,new_matched_runs_on_verified_existing_cache,B,complete,nan_rate,0.0,0.0,3,"[8925, 77395, 65457]"
piv_d32,new_matched_runs_on_verified_existing_cache,B,complete,nfe,512,0.0,3,"[8925, 77395, 65457]"
piv_d32,new_matched_runs_on_verified_existing_cache,B,complete,q950_err,0.015797411454024933,0.0022049958287538077,3,"[8925, 77395, 65457]"
piv_d32,new_matched_runs_on_verified_existing_cache,B,complete,q990_err,0.030726901697024068,0.0040631578425192215,3,"[8925, 77395, 65457]"
piv_d32,new_matched_runs_on_verified_existing_cache,B,complete,q995_err,0.015708028476895404,0.003368643163268039,3,"[8925, 77395, 65457]"
piv_d32,new_matched_runs_on_verified_existing_cache,B,complete,radial_w1,0.018826719373464584,0.0003009839917205769,3,"[8925, 77395, 65457]"
piv_d32,new_matched_runs_on_verified_existing_cache,B,complete,sample_time_s,0.28897776703039807,0.003648027982019325,3,"[8925, 77395, 65457]"
piv_d32,new_matched_runs_on_verified_existing_cache,B,complete,sliced_w1,0.02108982888360818,0.0030042956341926135,3,"[8925, 77395, 65457]"
piv_d32,new_matched_runs_on_verified_existing_cache,B,complete,tail_exc_95,0.013666666547457332,0.0008806586320263189,3,"[8925, 77395, 65457]"
piv_d32,new_matched_runs_on_verified_existing_cache,B,complete,tail_exc_99,0.007133333409825952,0.0013199327365879614,3,"[8925, 77395, 65457]"
piv_d32,new_matched_runs_on_verified_existing_cache,B,complete,total_train_time_s,30.34535374244054,1.6232680047958128,3,"[8925, 77395, 65457]"
piv_d32,new_matched_runs_on_verified_existing_cache,C,complete,angular_sw_bin0,0.03564521173636118,0.0021848403956577986,3,"[8925, 77395, 65457]"
piv_d32,new_matched_runs_on_verified_existing_cache,C,complete,angular_sw_bin1,0.03898011272152265,0.00044506838585890577,3,"[8925, 77395, 65457]"
piv_d32,new_matched_runs_on_verified_existing_cache,C,complete,angular_sw_bin2,0.03798722724119822,0.002378342284356879,3,"[8925, 77395, 65457]"
piv_d32,new_matched_runs_on_verified_existing_cache,C,complete,angular_sw_bin3,0.03883622835079829,0.002902124318529605,3,"[8925, 77395, 65457]"
piv_d32,new_matched_runs_on_verified_existing_cache,C,complete,angular_sw_mean,0.03786219501247009,0.0010291573884861644,3,"[8925, 77395, 65457]"
piv_d32,new_matched_runs_on_verified_existing_cache,C,complete,exploding_norm_rate,0.0,0.0,3,"[8925, 77395, 65457]"
piv_d32,new_matched_runs_on_verified_existing_cache,C,complete,inf_rate,0.0,0.0,3,"[8925, 77395, 65457]"
piv_d32,new_matched_runs_on_verified_existing_cache,C,complete,invalid_rate,0.0,0.0,3,"[8925, 77395, 65457]"
piv_d32,new_matched_runs_on_verified_existing_cache,C,complete,ks_stat,0.05118506153424581,0.0028994318257634316,3,"[8925, 77395, 65457]"
piv_d32,new_matched_runs_on_verified_existing_cache,C,complete,mmd,0.008305549621582031,0.0011481911904690175,3,"[8925, 77395, 65457]"
piv_d32,new_matched_runs_on_verified_existing_cache,C,complete,nan_rate,0.0,0.0,3,"[8925, 77395, 65457]"
piv_d32,new_matched_runs_on_verified_existing_cache,C,complete,nfe,512,0.0,3,"[8925, 77395, 65457]"
piv_d32,new_matched_runs_on_verified_existing_cache,C,complete,q950_err,0.015797376745805308,0.0022049971410436756,3,"[8925, 77395, 65457]"
piv_d32,new_matched_runs_on_verified_existing_cache,C,complete,q990_err,0.030726870678673954,0.004063347430889686,3,"[8925, 77395, 65457]"
piv_d32,new_matched_runs_on_verified_existing_cache,C,complete,q995_err,0.015708176354184936,0.003368660962513259,3,"[8925, 77395, 65457]"
piv_d32,new_matched_runs_on_verified_existing_cache,C,complete,radial_w1,0.018826719373464584,0.0003009839917205769,3,"[8925, 77395, 65457]"
piv_d32,new_matched_runs_on_verified_existing_cache,C,complete,sample_time_s,0.2630079040924708,0.0029755222332110724,3,"[8925, 77395, 65457]"
piv_d32,new_matched_runs_on_verified_existing_cache,C,complete,sliced_w1,0.020634109154343605,0.00125219667530716,3,"[8925, 77395, 65457]"
piv_d32,new_matched_runs_on_verified_existing_cache,C,complete,tail_exc_95,0.013666666547457332,0.0008806586320263189,3,"[8925, 77395, 65457]"
piv_d32,new_matched_runs_on_verified_existing_cache,C,complete,tail_exc_99,0.007133333409825952,0.0013199327365879614,3,"[8925, 77395, 65457]"
piv_d32,new_matched_runs_on_verified_existing_cache,C,complete,total_train_time_s,29.62700659284989,1.3928494632764732,3,"[8925, 77395, 65457]"
piv_d64,new_matched_runs_on_verified_existing_cache,A,complete,angular_sw_bin0,0.027507526179154713,0.0011124994301792463,3,"[8925, 77395, 65457]"
piv_d64,new_matched_runs_on_verified_existing_cache,A,complete,angular_sw_bin1,0.0277743445088466,0.0013087684768510808,3,"[8925, 77395, 65457]"
piv_d64,new_matched_runs_on_verified_existing_cache,A,complete,angular_sw_bin2,0.01972146766881148,0.0009337956068108253,3,"[8925, 77395, 65457]"
piv_d64,new_matched_runs_on_verified_existing_cache,A,complete,angular_sw_bin3,0.017856189981102943,0.0018529577467516088,3,"[8925, 77395, 65457]"
piv_d64,new_matched_runs_on_verified_existing_cache,A,complete,angular_sw_mean,0.023214882084478933,0.0008395100505541375,3,"[8925, 77395, 65457]"
piv_d64,new_matched_runs_on_verified_existing_cache,A,complete,exploding_norm_rate,0.0,0.0,3,"[8925, 77395, 65457]"
piv_d64,new_matched_runs_on_verified_existing_cache,A,complete,inf_rate,0.0,0.0,3,"[8925, 77395, 65457]"
piv_d64,new_matched_runs_on_verified_existing_cache,A,complete,invalid_rate,0.0,0.0,3,"[8925, 77395, 65457]"
piv_d64,new_matched_runs_on_verified_existing_cache,A,complete,ks_stat,0.04690547784169515,0.0026487544272382193,3,"[8925, 77395, 65457]"
piv_d64,new_matched_runs_on_verified_existing_cache,A,complete,mmd,0.004379669825236003,0.0008619216147809743,3,"[8925, 77395, 65457]"
piv_d64,new_matched_runs_on_verified_existing_cache,A,complete,nan_rate,0.0,0.0,3,"[8925, 77395, 65457]"
piv_d64,new_matched_runs_on_verified_existing_cache,A,complete,nfe,512,0.0,3,"[8925, 77395, 65457]"
piv_d64,new_matched_runs_on_verified_existing_cache,A,complete,q950_err,0.023577365448642935,0.006669320374224647,3,"[8925, 77395, 65457]"
piv_d64,new_matched_runs_on_verified_existing_cache,A,complete,q990_err,0.025260633904387014,0.0035133398900518238,3,"[8925, 77395, 65457]"
piv_d64,new_matched_runs_on_verified_existing_cache,A,complete,q995_err,0.05632799467811265,0.009557720923946465,3,"[8925, 77395, 65457]"
piv_d64,new_matched_runs_on_verified_existing_cache,A,complete,radial_w1,0.04821785042683283,0.0018668875374814075,3,"[8925, 77395, 65457]"
piv_d64,new_matched_runs_on_verified_existing_cache,A,complete,sample_time_s,0.21524047603209814,0.0049923605371920915,3,"[8925, 77395, 65457]"
piv_d64,new_matched_runs_on_verified_existing_cache,A,complete,sliced_w1,0.028788040702541668,0.001971510823182658,3,"[8925, 77395, 65457]"
piv_d64,new_matched_runs_on_verified_existing_cache,A,complete,tail_exc_95,0.004600000133117084,0.0011575837620230879,3,"[8925, 77395, 65457]"
piv_d64,new_matched_runs_on_verified_existing_cache,A,complete,tail_exc_99,0.0008000001062949588,0.0002943919505904144,3,"[8925, 77395, 65457]"
piv_d64,new_matched_runs_on_verified_existing_cache,A,complete,total_train_time_s,31.720116518437862,4.894505781602358,3,"[8925, 77395, 65457]"
piv_d64,new_matched_runs_on_verified_existing_cache,B,complete,angular_sw_bin0,0.026984840631484985,0.0006422077101503608,3,"[8925, 77395, 65457]"
piv_d64,new_matched_runs_on_verified_existing_cache,B,complete,angular_sw_bin1,0.027476852138837177,0.001312491880707668,3,"[8925, 77395, 65457]"
piv_d64,new_matched_runs_on_verified_existing_cache,B,complete,angular_sw_bin2,0.019605613003174465,0.0008296186087841135,3,"[8925, 77395, 65457]"
piv_d64,new_matched_runs_on_verified_existing_cache,B,complete,angular_sw_bin3,0.020303482189774513,0.003811386472675916,3,"[8925, 77395, 65457]"
piv_d64,new_matched_runs_on_verified_existing_cache,B,complete,angular_sw_mean,0.023592696990817785,0.0011686262380395953,3,"[8925, 77395, 65457]"
piv_d64,new_matched_runs_on_verified_existing_cache,B,complete,exploding_norm_rate,0.0,0.0,3,"[8925, 77395, 65457]"
piv_d64,new_matched_runs_on_verified_existing_cache,B,complete,inf_rate,0.0,0.0,3,"[8925, 77395, 65457]"
piv_d64,new_matched_runs_on_verified_existing_cache,B,complete,invalid_rate,0.0,0.0,3,"[8925, 77395, 65457]"
piv_d64,new_matched_runs_on_verified_existing_cache,B,complete,ks_stat,0.04690547784169515,0.0026487544272382193,3,"[8925, 77395, 65457]"
piv_d64,new_matched_runs_on_verified_existing_cache,B,complete,mmd,0.0040605465571085615,0.0011337892535412592,3,"[8925, 77395, 65457]"
piv_d64,new_matched_runs_on_verified_existing_cache,B,complete,nan_rate,0.0,0.0,3,"[8925, 77395, 65457]"
piv_d64,new_matched_runs_on_verified_existing_cache,B,complete,nfe,512,0.0,3,"[8925, 77395, 65457]"
piv_d64,new_matched_runs_on_verified_existing_cache,B,complete,q950_err,0.023577365448642935,0.00666941529870398,3,"[8925, 77395, 65457]"
piv_d64,new_matched_runs_on_verified_existing_cache,B,complete,q990_err,0.025260702393128148,0.003513399387214118,3,"[8925, 77395, 65457]"
piv_d64,new_matched_runs_on_verified_existing_cache,B,complete,q995_err,0.05632793014236475,0.009557873191193587,3,"[8925, 77395, 65457]"
piv_d64,new_matched_runs_on_verified_existing_cache,B,complete,radial_w1,0.04821785042683283,0.001866884628238597,3,"[8925, 77395, 65457]"
piv_d64,new_matched_runs_on_verified_existing_cache,B,complete,sample_time_s,0.3222867126266162,0.0029203405361413115,3,"[8925, 77395, 65457]"
piv_d64,new_matched_runs_on_verified_existing_cache,B,complete,sliced_w1,0.029082538560032845,0.003976575191871666,3,"[8925, 77395, 65457]"
piv_d64,new_matched_runs_on_verified_existing_cache,B,complete,tail_exc_95,0.004600000133117084,0.0011575837620230879,3,"[8925, 77395, 65457]"
piv_d64,new_matched_runs_on_verified_existing_cache,B,complete,tail_exc_99,0.0008000001062949588,0.0002943919505904144,3,"[8925, 77395, 65457]"
piv_d64,new_matched_runs_on_verified_existing_cache,B,complete,total_train_time_s,29.45053127159675,1.9677180083075125,3,"[8925, 77395, 65457]"
piv_d64,new_matched_runs_on_verified_existing_cache,C,complete,angular_sw_bin0,0.03055643600722154,0.0009900593154217343,3,"[8925, 77395, 65457]"
piv_d64,new_matched_runs_on_verified_existing_cache,C,complete,angular_sw_bin1,0.029119754830996197,0.001407812505699191,3,"[8925, 77395, 65457]"
piv_d64,new_matched_runs_on_verified_existing_cache,C,complete,angular_sw_bin2,0.020898194362719853,0.0012851728836516558,3,"[8925, 77395, 65457]"
piv_d64,new_matched_runs_on_verified_existing_cache,C,complete,angular_sw_bin3,0.03387432048718134,0.0015007400330069069,3,"[8925, 77395, 65457]"
piv_d64,new_matched_runs_on_verified_existing_cache,C,complete,angular_sw_mean,0.028612176422029734,0.0008583727374825836,3,"[8925, 77395, 65457]"
piv_d64,new_matched_runs_on_verified_existing_cache,C,complete,exploding_norm_rate,0.0,0.0,3,"[8925, 77395, 65457]"
piv_d64,new_matched_runs_on_verified_existing_cache,C,complete,inf_rate,0.0,0.0,3,"[8925, 77395, 65457]"
piv_d64,new_matched_runs_on_verified_existing_cache,C,complete,invalid_rate,0.0,0.0,3,"[8925, 77395, 65457]"
piv_d64,new_matched_runs_on_verified_existing_cache,C,complete,ks_stat,0.04690547784169515,0.0026487544272382193,3,"[8925, 77395, 65457]"
piv_d64,new_matched_runs_on_verified_existing_cache,C,complete,mmd,0.006651957829793294,0.0011074110823298055,3,"[8925, 77395, 65457]"
piv_d64,new_matched_runs_on_verified_existing_cache,C,complete,nan_rate,0.0,0.0,3,"[8925, 77395, 65457]"
piv_d64,new_matched_runs_on_verified_existing_cache,C,complete,nfe,512,0.0,3,"[8925, 77395, 65457]"
piv_d64,new_matched_runs_on_verified_existing_cache,C,complete,q950_err,0.023577299701800888,0.006669480161929227,3,"[8925, 77395, 65457]"
piv_d64,new_matched_runs_on_verified_existing_cache,C,complete,q990_err,0.025260736637498716,0.0035134797026964088,3,"[8925, 77395, 65457]"
piv_d64,new_matched_runs_on_verified_existing_cache,C,complete,q995_err,0.0563280269459866,0.009558030357383531,3,"[8925, 77395, 65457]"
piv_d64,new_matched_runs_on_verified_existing_cache,C,complete,radial_w1,0.048217845459779106,0.001866886339142016,3,"[8925, 77395, 65457]"
piv_d64,new_matched_runs_on_verified_existing_cache,C,complete,sample_time_s,0.29535942276318866,0.007028618441856321,3,"[8925, 77395, 65457]"
piv_d64,new_matched_runs_on_verified_existing_cache,C,complete,sliced_w1,0.039156039555867515,0.0018021112668623691,3,"[8925, 77395, 65457]"
piv_d64,new_matched_runs_on_verified_existing_cache,C,complete,tail_exc_95,0.004600000133117084,0.0011575837620230879,3,"[8925, 77395, 65457]"
piv_d64,new_matched_runs_on_verified_existing_cache,C,complete,tail_exc_99,0.0008000001062949588,0.0002943919505904144,3,"[8925, 77395, 65457]"
piv_d64,new_matched_runs_on_verified_existing_cache,C,complete,total_train_time_s,30.662070870399475,0.5633719057495602,3,"[8925, 77395, 65457]"
student_t_d128_df3.0_cor,new_matched_realization,A,complete,angular_sw_bin0,0.008018506380418936,0.0003122637197873833,3,"[8925, 77395, 65457]"
student_t_d128_df3.0_cor,new_matched_realization,A,complete,angular_sw_bin1,0.007879465507964293,0.00030553603601959185,3,"[8925, 77395, 65457]"
student_t_d128_df3.0_cor,new_matched_realization,A,complete,angular_sw_bin2,0.008429874976476034,0.00019623416842422603,3,"[8925, 77395, 65457]"
student_t_d128_df3.0_cor,new_matched_realization,A,complete,angular_sw_bin3,0.007732765283435583,0.00036496429402396334,3,"[8925, 77395, 65457]"
student_t_d128_df3.0_cor,new_matched_realization,A,complete,angular_sw_mean,0.008015153037073711,0.00018521912435667755,3,"[8925, 77395, 65457]"
student_t_d128_df3.0_cor,new_matched_realization,A,complete,exploding_norm_rate,0.0,0.0,3,"[8925, 77395, 65457]"
student_t_d128_df3.0_cor,new_matched_realization,A,complete,inf_rate,0.0,0.0,3,"[8925, 77395, 65457]"
student_t_d128_df3.0_cor,new_matched_realization,A,complete,invalid_rate,0.0,0.0,3,"[8925, 77395, 65457]"
student_t_d128_df3.0_cor,new_matched_realization,A,complete,ks_stat,0.014299988746643066,0.0,3,"[8925, 77395, 65457]"
student_t_d128_df3.0_cor,new_matched_realization,A,complete,mmd,0.0025330384572347007,0.0002356503701574486,3,"[8925, 77395, 65457]"
student_t_d128_df3.0_cor,new_matched_realization,A,complete,nan_rate,0.0,0.0,3,"[8925, 77395, 65457]"
student_t_d128_df3.0_cor,new_matched_realization,A,complete,nfe,512,0.0,3,"[8925, 77395, 65457]"
student_t_d128_df3.0_cor,new_matched_realization,A,complete,q950_err,0.0004973753162602602,8.359515133063557e-08,3,"[8925, 77395, 65457]"
student_t_d128_df3.0_cor,new_matched_realization,A,complete,q990_err,0.010877235215376424,3.3955745211023e-08,3,"[8925, 77395, 65457]"
student_t_d128_df3.0_cor,new_matched_realization,A,complete,q995_err,0.030401526722982707,0.0,3,"[8925, 77395, 65457]"
student_t_d128_df3.0_cor,new_matched_realization,A,complete,radial_w1,1.1712861061096191,0.0,3,"[8925, 77395, 65457]"
student_t_d128_df3.0_cor,new_matched_realization,A,complete,sample_time_s,0.2595699851711591,0.0009942042895258367,3,"[8925, 77395, 65457]"
student_t_d128_df3.0_cor,new_matched_realization,A,complete,sliced_w1,1.5099712212880452,0.08400866726478279,3,"[8925, 77395, 65457]"
student_t_d128_df3.0_cor,new_matched_realization,A,complete,tail_exc_95,0.00010000094771389634,0.0,3,"[8925, 77395, 65457]"
student_t_d128_df3.0_cor,new_matched_realization,A,complete,tail_exc_99,0.00010000005364418918,0.0,3,"[8925, 77395, 65457]"
student_t_d128_df3.0_cor,new_matched_realization,A,complete,total_train_time_s,28.0057006975015,2.1468532614963185,3,"[8925, 77395, 65457]"
student_t_d128_df3.0_cor,new_matched_realization,B,complete,angular_sw_bin0,0.006454166024923325,0.0002772133888508693,3,"[8925, 77395, 65457]"
student_t_d128_df3.0_cor,new_matched_realization,B,complete,angular_sw_bin1,0.005973500665277243,0.0001592451589722037,3,"[8925, 77395, 65457]"
student_t_d128_df3.0_cor,new_matched_realization,B,complete,angular_sw_bin2,0.006400655799855788,0.0006333234506541187,3,"[8925, 77395, 65457]"
student_t_d128_df3.0_cor,new_matched_realization,B,complete,angular_sw_bin3,0.006026771540443103,0.00036059957819653223,3,"[8925, 77395, 65457]"
student_t_d128_df3.0_cor,new_matched_realization,B,complete,angular_sw_mean,0.006213773507624865,0.00029455555471012636,3,"[8925, 77395, 65457]"
student_t_d128_df3.0_cor,new_matched_realization,B,complete,exploding_norm_rate,0.0,0.0,3,"[8925, 77395, 65457]"
student_t_d128_df3.0_cor,new_matched_realization,B,complete,inf_rate,0.0,0.0,3,"[8925, 77395, 65457]"
student_t_d128_df3.0_cor,new_matched_realization,B,complete,invalid_rate,0.0,0.0,3,"[8925, 77395, 65457]"
student_t_d128_df3.0_cor,new_matched_realization,B,complete,ks_stat,0.014299988746643066,0.0,3,"[8925, 77395, 65457]"
student_t_d128_df3.0_cor,new_matched_realization,B,complete,mmd,0.0012982686360677083,0.00021664414524475114,3,"[8925, 77395, 65457]"
student_t_d128_df3.0_cor,new_matched_realization,B,complete,nan_rate,0.0,0.0,3,"[8925, 77395, 65457]"
student_t_d128_df3.0_cor,new_matched_realization,B,complete,nfe,512,0.0,3,"[8925, 77395, 65457]"
student_t_d128_df3.0_cor,new_matched_realization,B,complete,q950_err,0.0004973411886826383,4.826368312371551e-08,3,"[8925, 77395, 65457]"
student_t_d128_df3.0_cor,new_matched_realization,B,complete,q990_err,0.010877259225714123,5.8813075914355416e-08,3,"[8925, 77395, 65457]"
student_t_d128_df3.0_cor,new_matched_realization,B,complete,q995_err,0.030401526722982707,0.0,3,"[8925, 77395, 65457]"
student_t_d128_df3.0_cor,new_matched_realization,B,complete,radial_w1,1.1712862253189087,0.0,3,"[8925, 77395, 65457]"
student_t_d128_df3.0_cor,new_matched_realization,B,complete,sample_time_s,0.41296354432900745,0.005188955395589618,3,"[8925, 77395, 65457]"
student_t_d128_df3.0_cor,new_matched_realization,B,complete,sliced_w1,1.1120896538098652,0.08964857231095189,3,"[8925, 77395, 65457]"
student_t_d128_df3.0_cor,new_matched_realization,B,complete,tail_exc_95,0.00010000094771389634,0.0,3,"[8925, 77395, 65457]"
student_t_d128_df3.0_cor,new_matched_realization,B,complete,tail_exc_99,0.00010000005364418918,0.0,3,"[8925, 77395, 65457]"
student_t_d128_df3.0_cor,new_matched_realization,B,complete,total_train_time_s,29.510089203715324,1.7311036069440673,3,"[8925, 77395, 65457]"
student_t_d128_df3.0_cor,new_matched_realization,C,complete,angular_sw_bin0,0.006279728064934413,0.00017383123479860517,3,"[8925, 77395, 65457]"
student_t_d128_df3.0_cor,new_matched_realization,C,complete,angular_sw_bin1,0.005892388677845399,0.00024402010261467187,3,"[8925, 77395, 65457]"
student_t_d128_df3.0_cor,new_matched_realization,C,complete,angular_sw_bin2,0.0064015489382048445,0.0006519188688704076,3,"[8925, 77395, 65457]"
student_t_d128_df3.0_cor,new_matched_realization,C,complete,angular_sw_bin3,0.006043489711980025,0.0002810429374509122,3,"[8925, 77395, 65457]"
student_t_d128_df3.0_cor,new_matched_realization,C,complete,angular_sw_mean,0.00615428884824117,0.00028733468216966113,3,"[8925, 77395, 65457]"
student_t_d128_df3.0_cor,new_matched_realization,C,complete,exploding_norm_rate,0.0,0.0,3,"[8925, 77395, 65457]"
student_t_d128_df3.0_cor,new_matched_realization,C,complete,inf_rate,0.0,0.0,3,"[8925, 77395, 65457]"
student_t_d128_df3.0_cor,new_matched_realization,C,complete,invalid_rate,0.0,0.0,3,"[8925, 77395, 65457]"
student_t_d128_df3.0_cor,new_matched_realization,C,complete,ks_stat,0.014299988746643066,0.0,3,"[8925, 77395, 65457]"
student_t_d128_df3.0_cor,new_matched_realization,C,complete,mmd,0.0012946128845214844,0.00021799362680678617,3,"[8925, 77395, 65457]"
student_t_d128_df3.0_cor,new_matched_realization,C,complete,nan_rate,0.0,0.0,3,"[8925, 77395, 65457]"
student_t_d128_df3.0_cor,new_matched_realization,C,complete,nfe,512,0.0,3,"[8925, 77395, 65457]"
student_t_d128_df3.0_cor,new_matched_realization,C,complete,q950_err,0.0004973411886826383,4.826368312371551e-08,3,"[8925, 77395, 65457]"
student_t_d128_df3.0_cor,new_matched_realization,C,complete,q990_err,0.010877235215376424,6.7911490422046e-08,3,"[8925, 77395, 65457]"
student_t_d128_df3.0_cor,new_matched_realization,C,complete,q995_err,0.030401526722982707,9.835911622949432e-08,3,"[8925, 77395, 65457]"
student_t_d128_df3.0_cor,new_matched_realization,C,complete,radial_w1,1.1712861855824788,1.1239159602905075e-07,3,"[8925, 77395, 65457]"
student_t_d128_df3.0_cor,new_matched_realization,C,complete,sample_time_s,0.3669843375682831,0.007389247035067618,3,"[8925, 77395, 65457]"
student_t_d128_df3.0_cor,new_matched_realization,C,complete,sliced_w1,1.1085449655850728,0.09175319423476125,3,"[8925, 77395, 65457]"
student_t_d128_df3.0_cor,new_matched_realization,C,complete,tail_exc_95,0.00010000094771389634,0.0,3,"[8925, 77395, 65457]"
student_t_d128_df3.0_cor,new_matched_realization,C,complete,tail_exc_99,0.00010000005364418918,0.0,3,"[8925, 77395, 65457]"
student_t_d128_df3.0_cor,new_matched_realization,C,complete,total_train_time_s,29.418818245331448,0.6979073673550089,3,"[8925, 77395, 65457]"
student_t_d16_df1.5_cor,new_matched_realization,A,complete,angular_sw_bin0,0.01711992671092351,0.0011582850044980734,3,"[8925, 77395, 65457]"
student_t_d16_df1.5_cor,new_matched_realization,A,complete,angular_sw_bin1,0.015756193548440933,0.0016442311027526195,3,"[8925, 77395, 65457]"
student_t_d16_df1.5_cor,new_matched_realization,A,complete,angular_sw_bin2,0.018564507986108463,0.001421788999518389,3,"[8925, 77395, 65457]"
student_t_d16_df1.5_cor,new_matched_realization,A,complete,angular_sw_bin3,0.022505180289347965,0.003010696799761304,3,"[8925, 77395, 65457]"
student_t_d16_df1.5_cor,new_matched_realization,A,complete,angular_sw_mean,0.018486452133705217,0.0016203469242405386,3,"[8925, 77395, 65457]"
student_t_d16_df1.5_cor,new_matched_realization,A,complete,exploding_norm_rate,0.0005000000237487257,0.0,3,"[8925, 77395, 65457]"
student_t_d16_df1.5_cor,new_matched_realization,A,complete,inf_rate,0.0,0.0,3,"[8925, 77395, 65457]"
student_t_d16_df1.5_cor,new_matched_realization,A,complete,invalid_rate,0.0005000000237487257,0.0,3,"[8925, 77395, 65457]"
student_t_d16_df1.5_cor,new_matched_realization,A,complete,ks_stat,0.011199995875358582,0.0,3,"[8925, 77395, 65457]"
student_t_d16_df1.5_cor,new_matched_realization,A,complete,mmd,0.0009257793426513672,0.0002394872200297188,3,"[8925, 77395, 65457]"
student_t_d16_df1.5_cor,new_matched_realization,A,complete,nan_rate,0.0,0.0,3,"[8925, 77395, 65457]"
student_t_d16_df1.5_cor,new_matched_realization,A,complete,nfe,512,0.0,3,"[8925, 77395, 65457]"
student_t_d16_df1.5_cor,new_matched_realization,A,complete,q950_err,0.007135370880927143,7.614798164826229e-08,3,"[8925, 77395, 65457]"
student_t_d16_df1.5_cor,new_matched_realization,A,complete,q990_err,0.07842462602108911,3.2953582299183966e-08,3,"[8925, 77395, 65457]"
student_t_d16_df1.5_cor,new_matched_realization,A,complete,q995_err,0.15253510392954786,1.1740440642190559e-07,3,"[8925, 77395, 65457]"
student_t_d16_df1.5_cor,new_matched_realization,A,complete,radial_w1,5.134227275848389,3.8933590933214475e-07,3,"[8925, 77395, 65457]"
student_t_d16_df1.5_cor,new_matched_realization,A,complete,sample_time_s,0.17304344226916632,0.0016764681793499455,3,"[8925, 77395, 65457]"
student_t_d16_df1.5_cor,new_matched_realization,A,complete,sliced_w1,2.1171229680379233,0.12130765821545557,3,"[8925, 77395, 65457]"
student_t_d16_df1.5_cor,new_matched_realization,A,complete,tail_exc_95,0.0003000006079674211,0.0,3,"[8925, 77395, 65457]"
student_t_d16_df1.5_cor,new_matched_realization,A,complete,tail_exc_99,0.001500000022351733,0.0,3,"[8925, 77395, 65457]"
student_t_d16_df1.5_cor,new_matched_realization,A,complete,total_train_time_s,27.20096590866645,1.421609362697729,3,"[8925, 77395, 65457]"
student_t_d16_df1.5_cor,new_matched_realization,B,complete,angular_sw_bin0,0.0154243732492129,0.002171882036830993,3,"[8925, 77395, 65457]"
student_t_d16_df1.5_cor,new_matched_realization,B,complete,angular_sw_bin1,0.013142194598913193,0.000798036597629718,3,"[8925, 77395, 65457]"
student_t_d16_df1.5_cor,new_matched_realization,B,complete,angular_sw_bin2,0.01446585077792406,0.0011201701495378651,3,"[8925, 77395, 65457]"
student_t_d16_df1.5_cor,new_matched_realization,B,complete,angular_sw_bin3,0.018689024572571118,0.0009439495579138529,3,"[8925, 77395, 65457]"
student_t_d16_df1.5_cor,new_matched_realization,B,complete,angular_sw_mean,0.015430360799655318,0.0006488974598908235,3,"[8925, 77395, 65457]"
student_t_d16_df1.5_cor,new_matched_realization,B,complete,exploding_norm_rate,0.0005000000237487257,0.0,3,"[8925, 77395, 65457]"
student_t_d16_df1.5_cor,new_matched_realization,B,complete,inf_rate,0.0,0.0,3,"[8925, 77395, 65457]"
student_t_d16_df1.5_cor,new_matched_realization,B,complete,invalid_rate,0.0005000000237487257,0.0,3,"[8925, 77395, 65457]"
student_t_d16_df1.5_cor,new_matched_realization,B,complete,ks_stat,0.011199995875358582,0.0,3,"[8925, 77395, 65457]"
student_t_d16_df1.5_cor,new_matched_realization,B,complete,mmd,0.0005538860956827799,8.645220815951383e-05,3,"[8925, 77395, 65457]"
student_t_d16_df1.5_cor,new_matched_realization,B,complete,nan_rate,0.0,0.0,3,"[8925, 77395, 65457]"
student_t_d16_df1.5_cor,new_matched_realization,B,complete,nfe,512,0.0,3,"[8925, 77395, 65457]"
student_t_d16_df1.5_cor,new_matched_realization,B,complete,q950_err,0.007135401968210473,4.3964057703075354e-08,3,"[8925, 77395, 65457]"
student_t_d16_df1.5_cor,new_matched_realization,B,complete,q990_err,0.07842464932279063,5.7077278827923465e-08,3,"[8925, 77395, 65457]"
student_t_d16_df1.5_cor,new_matched_realization,B,complete,q995_err,0.15253521461948377,1.0354095408502646e-07,3,"[8925, 77395, 65457]"
student_t_d16_df1.5_cor,new_matched_realization,B,complete,radial_w1,5.134227275848389,3.8933590933214475e-07,3,"[8925, 77395, 65457]"
student_t_d16_df1.5_cor,new_matched_realization,B,complete,sample_time_s,0.25552090754111606,0.0016631637951391258,3,"[8925, 77395, 65457]"
student_t_d16_df1.5_cor,new_matched_realization,B,complete,sliced_w1,1.8650490442911785,0.02615052510477318,3,"[8925, 77395, 65457]"
student_t_d16_df1.5_cor,new_matched_realization,B,complete,tail_exc_95,0.0003000006079674211,0.0,3,"[8925, 77395, 65457]"
student_t_d16_df1.5_cor,new_matched_realization,B,complete,tail_exc_99,0.001500000022351733,0.0,3,"[8925, 77395, 65457]"
student_t_d16_df1.5_cor,new_matched_realization,B,complete,total_train_time_s,28.493688484032948,1.5073906806587887,3,"[8925, 77395, 65457]"
student_t_d16_df1.5_cor,new_matched_realization,C,complete,angular_sw_bin0,0.014936151914298534,0.001487019870218405,3,"[8925, 77395, 65457]"
student_t_d16_df1.5_cor,new_matched_realization,C,complete,angular_sw_bin1,0.012504988349974155,0.00040519974473854467,3,"[8925, 77395, 65457]"
student_t_d16_df1.5_cor,new_matched_realization,C,complete,angular_sw_bin2,0.014221739023923874,0.0012124844865587276,3,"[8925, 77395, 65457]"
student_t_d16_df1.5_cor,new_matched_realization,C,complete,angular_sw_bin3,0.01919454087813695,5.7379099106024115e-05,3,"[8925, 77395, 65457]"
student_t_d16_df1.5_cor,new_matched_realization,C,complete,angular_sw_mean,0.01521435504158338,0.0006136831149605448,3,"[8925, 77395, 65457]"
student_t_d16_df1.5_cor,new_matched_realization,C,complete,exploding_norm_rate,0.0005000000237487257,0.0,3,"[8925, 77395, 65457]"
student_t_d16_df1.5_cor,new_matched_realization,C,complete,inf_rate,0.0,0.0,3,"[8925, 77395, 65457]"
student_t_d16_df1.5_cor,new_matched_realization,C,complete,invalid_rate,0.0005000000237487257,0.0,3,"[8925, 77395, 65457]"
student_t_d16_df1.5_cor,new_matched_realization,C,complete,ks_stat,0.011199995875358582,0.0,3,"[8925, 77395, 65457]"
student_t_d16_df1.5_cor,new_matched_realization,C,complete,mmd,0.0005172093709309896,0.00011187131118764267,3,"[8925, 77395, 65457]"
student_t_d16_df1.5_cor,new_matched_realization,C,complete,nan_rate,0.0,0.0,3,"[8925, 77395, 65457]"
student_t_d16_df1.5_cor,new_matched_realization,C,complete,nfe,512,0.0,3,"[8925, 77395, 65457]"
student_t_d16_df1.5_cor,new_matched_realization,C,complete,q950_err,0.007135464142777134,7.614798164861639e-08,3,"[8925, 77395, 65457]"
student_t_d16_df1.5_cor,new_matched_realization,C,complete,q990_err,0.07842478913299966,5.707727883358905e-08,3,"[8925, 77395, 65457]"
student_t_d16_df1.5_cor,new_matched_realization,C,complete,q995_err,0.15253518694699977,6.778346565551248e-08,3,"[8925, 77395, 65457]"
student_t_d16_df1.5_cor,new_matched_realization,C,complete,radial_w1,5.134227275848389,3.8933590933214475e-07,3,"[8925, 77395, 65457]"
student_t_d16_df1.5_cor,new_matched_realization,C,complete,sample_time_s,0.23237188657124838,0.006704338877437595,3,"[8925, 77395, 65457]"
student_t_d16_df1.5_cor,new_matched_realization,C,complete,sliced_w1,1.8044095039367676,0.03963705521094543,3,"[8925, 77395, 65457]"
student_t_d16_df1.5_cor,new_matched_realization,C,complete,tail_exc_95,0.0003000006079674211,0.0,3,"[8925, 77395, 65457]"
student_t_d16_df1.5_cor,new_matched_realization,C,complete,tail_exc_99,0.001500000022351733,0.0,3,"[8925, 77395, 65457]"
student_t_d16_df1.5_cor,new_matched_realization,C,complete,total_train_time_s,29.67071909457445,0.6907300207083247,3,"[8925, 77395, 65457]"
student_t_d16_df10.0_cor,new_matched_realization,A,complete,angular_sw_bin0,0.011691645408670107,0.0017736294336271224,3,"[8925, 77395, 65457]"
student_t_d16_df10.0_cor,new_matched_realization,A,complete,angular_sw_bin1,0.011871091400583586,0.0005460998624164907,3,"[8925, 77395, 65457]"
student_t_d16_df10.0_cor,new_matched_realization,A,complete,angular_sw_bin2,0.014074730686843395,0.0009952944703720441,3,"[8925, 77395, 65457]"
student_t_d16_df10.0_cor,new_matched_realization,A,complete,angular_sw_bin3,0.01399213851739963,0.0015015547377723467,3,"[8925, 77395, 65457]"
student_t_d16_df10.0_cor,new_matched_realization,A,complete,angular_sw_mean,0.01290740150337418,0.00036619750333681176,3,"[8925, 77395, 65457]"
student_t_d16_df10.0_cor,new_matched_realization,A,complete,exploding_norm_rate,0.0,0.0,3,"[8925, 77395, 65457]"
student_t_d16_df10.0_cor,new_matched_realization,A,complete,inf_rate,0.0,0.0,3,"[8925, 77395, 65457]"
student_t_d16_df10.0_cor,new_matched_realization,A,complete,invalid_rate,0.0,0.0,3,"[8925, 77395, 65457]"
student_t_d16_df10.0_cor,new_matched_realization,A,complete,ks_stat,0.01199999451637268,0.0,3,"[8925, 77395, 65457]"
student_t_d16_df10.0_cor,new_matched_realization,A,complete,mmd,0.0004967848459879557,0.00015245997676868094,3,"[8925, 77395, 65457]"
student_t_d16_df10.0_cor,new_matched_realization,A,complete,nan_rate,0.0,0.0,3,"[8925, 77395, 65457]"
student_t_d16_df10.0_cor,new_matched_realization,A,complete,nfe,512,0.0,3,"[8925, 77395, 65457]"
student_t_d16_df10.0_cor,new_matched_realization,A,complete,q950_err,0.0073444150113036455,7.111289263923782e-08,3,"[8925, 77395, 65457]"
student_t_d16_df10.0_cor,new_matched_realization,A,complete,q990_err,0.026209938421783603,3.000821753866738e-08,3,"[8925, 77395, 65457]"
student_t_d16_df10.0_cor,new_matched_realization,A,complete,q995_err,0.014925293917208645,9.630208822781847e-08,3,"[8925, 77395, 65457]"
student_t_d16_df10.0_cor,new_matched_realization,A,complete,radial_w1,0.0982167050242424,1.8250120749944284e-08,3,"[8925, 77395, 65457]"
student_t_d16_df10.0_cor,new_matched_realization,A,complete,sample_time_s,0.18259559075037637,0.009371292436054208,3,"[8925, 77395, 65457]"
student_t_d16_df10.0_cor,new_matched_realization,A,complete,sliced_w1,0.15832656621932983,0.015232895456505148,3,"[8925, 77395, 65457]"
student_t_d16_df10.0_cor,new_matched_realization,A,complete,tail_exc_95,0.002600000053644136,0.0,3,"[8925, 77395, 65457]"
student_t_d16_df10.0_cor,new_matched_realization,A,complete,tail_exc_99,0.0030000002682208926,0.0,3,"[8925, 77395, 65457]"
student_t_d16_df10.0_cor,new_matched_realization,A,complete,total_train_time_s,27.996307839949925,1.3973012462703425,3,"[8925, 77395, 65457]"
student_t_d16_df10.0_cor,new_matched_realization,B,complete,angular_sw_bin0,0.01323656520495812,0.002289226804683178,3,"[8925, 77395, 65457]"
student_t_d16_df10.0_cor,new_matched_realization,B,complete,angular_sw_bin1,0.013215504897137484,0.0013551363519891785,3,"[8925, 77395, 65457]"
student_t_d16_df10.0_cor,new_matched_realization,B,complete,angular_sw_bin2,0.016205776793261368,0.0008092234245718059,3,"[8925, 77395, 65457]"
student_t_d16_df10.0_cor,new_matched_realization,B,complete,angular_sw_bin3,0.01594129887719949,0.0009506340775158367,3,"[8925, 77395, 65457]"
student_t_d16_df10.0_cor,new_matched_realization,B,complete,angular_sw_mean,0.014649786443139115,0.00047104811600760305,3,"[8925, 77395, 65457]"
student_t_d16_df10.0_cor,new_matched_realization,B,complete,exploding_norm_rate,0.0,0.0,3,"[8925, 77395, 65457]"
student_t_d16_df10.0_cor,new_matched_realization,B,complete,inf_rate,0.0,0.0,3,"[8925, 77395, 65457]"
student_t_d16_df10.0_cor,new_matched_realization,B,complete,invalid_rate,0.0,0.0,3,"[8925, 77395, 65457]"
student_t_d16_df10.0_cor,new_matched_realization,B,complete,ks_stat,0.01199999451637268,0.0,3,"[8925, 77395, 65457]"
student_t_d16_df10.0_cor,new_matched_realization,B,complete,mmd,0.000702063242594401,0.00013576022060298427,3,"[8925, 77395, 65457]"
student_t_d16_df10.0_cor,new_matched_realization,B,complete,nan_rate,0.0,0.0,3,"[8925, 77395, 65457]"
student_t_d16_df10.0_cor,new_matched_realization,B,complete,nfe,512,0.0,3,"[8925, 77395, 65457]"
student_t_d16_df10.0_cor,new_matched_realization,B,complete,q950_err,0.007344591006733798,1.066693389592656e-07,3,"[8925, 77395, 65457]"
student_t_d16_df10.0_cor,new_matched_realization,B,complete,q990_err,0.026209959640797715,5.197575742013498e-08,3,"[8925, 77395, 65457]"
student_t_d16_df10.0_cor,new_matched_realization,B,complete,q995_err,0.01492537254753442,1.4710386962907368e-07,3,"[8925, 77395, 65457]"
student_t_d16_df10.0_cor,new_matched_realization,B,complete,radial_w1,0.09821669012308121,1.0536712127723509e-08,3,"[8925, 77395, 65457]"
student_t_d16_df10.0_cor,new_matched_realization,B,complete,sample_time_s,0.25389476865530014,0.0009399436329274124,3,"[8925, 77395, 65457]"
student_t_d16_df10.0_cor,new_matched_realization,B,complete,sliced_w1,0.1851738542318344,0.0055297059660443385,3,"[8925, 77395, 65457]"
student_t_d16_df10.0_cor,new_matched_realization,B,complete,tail_exc_95,0.002600000053644136,0.0,3,"[8925, 77395, 65457]"
student_t_d16_df10.0_cor,new_matched_realization,B,complete,tail_exc_99,0.0030000002682208926,0.0,3,"[8925, 77395, 65457]"
student_t_d16_df10.0_cor,new_matched_realization,B,complete,total_train_time_s,28.480515701075394,0.47089843486298927,3,"[8925, 77395, 65457]"
student_t_d16_df10.0_cor,new_matched_realization,C,complete,angular_sw_bin0,0.014881344822545847,0.0017764384105427816,3,"[8925, 77395, 65457]"
student_t_d16_df10.0_cor,new_matched_realization,C,complete,angular_sw_bin1,0.013142203291257223,0.0007979995974704478,3,"[8925, 77395, 65457]"
student_t_d16_df10.0_cor,new_matched_realization,C,complete,angular_sw_bin2,0.0156785286962986,0.0007809104116463575,3,"[8925, 77395, 65457]"
student_t_d16_df10.0_cor,new_matched_realization,C,complete,angular_sw_bin3,0.017227642859021824,9.472505436322552e-05,3,"[8925, 77395, 65457]"
student_t_d16_df10.0_cor,new_matched_realization,C,complete,angular_sw_mean,0.015232429917280873,0.000492431357678867,3,"[8925, 77395, 65457]"
student_t_d16_df10.0_cor,new_matched_realization,C,complete,exploding_norm_rate,0.0,0.0,3,"[8925, 77395, 65457]"
student_t_d16_df10.0_cor,new_matched_realization,C,complete,inf_rate,0.0,0.0,3,"[8925, 77395, 65457]"
student_t_d16_df10.0_cor,new_matched_realization,C,complete,invalid_rate,0.0,0.0,3,"[8925, 77395, 65457]"
student_t_d16_df10.0_cor,new_matched_realization,C,complete,ks_stat,0.01199999451637268,0.0,3,"[8925, 77395, 65457]"
student_t_d16_df10.0_cor,new_matched_realization,C,complete,mmd,0.000652472178141276,0.00011429107700045885,3,"[8925, 77395, 65457]"
student_t_d16_df10.0_cor,new_matched_realization,C,complete,nan_rate,0.0,0.0,3,"[8925, 77395, 65457]"
student_t_d16_df10.0_cor,new_matched_realization,C,complete,nfe,512,0.0,3,"[8925, 77395, 65457]"
student_t_d16_df10.0_cor,new_matched_realization,C,complete,q950_err,0.0073445658645294905,2.1628141938387405e-07,3,"[8925, 77395, 65457]"
student_t_d16_df10.0_cor,new_matched_realization,C,complete,q990_err,0.026209938421783603,3.000821753866738e-08,3,"[8925, 77395, 65457]"
student_t_d16_df10.0_cor,new_matched_realization,C,complete,q995_err,0.014925215286882872,5.56000365614452e-08,3,"[8925, 77395, 65457]"
student_t_d16_df10.0_cor,new_matched_realization,C,complete,radial_w1,0.09821666280428569,2.5327103900873586e-08,3,"[8925, 77395, 65457]"
student_t_d16_df10.0_cor,new_matched_realization,C,complete,sample_time_s,0.22639334698518118,0.0034135251227187247,3,"[8925, 77395, 65457]"
student_t_d16_df10.0_cor,new_matched_realization,C,complete,sliced_w1,0.18464234471321106,0.00475562121168992,3,"[8925, 77395, 65457]"
student_t_d16_df10.0_cor,new_matched_realization,C,complete,tail_exc_95,0.002600000053644136,0.0,3,"[8925, 77395, 65457]"
student_t_d16_df10.0_cor,new_matched_realization,C,complete,tail_exc_99,0.0030000002682208926,0.0,3,"[8925, 77395, 65457]"
student_t_d16_df10.0_cor,new_matched_realization,C,complete,total_train_time_s,29.887269094586372,1.0168522002295917,3,"[8925, 77395, 65457]"
student_t_d16_df2.0_cor,new_matched_realization,A,complete,angular_sw_bin0,0.015363849389056364,0.0009288966581409837,3,"[8925, 77395, 65457]"
student_t_d16_df2.0_cor,new_matched_realization,A,complete,angular_sw_bin1,0.014475488103926182,0.0011771442455910908,3,"[8925, 77395, 65457]"
student_t_d16_df2.0_cor,new_matched_realization,A,complete,angular_sw_bin2,0.01696017012000084,0.0010527145159960646,3,"[8925, 77395, 65457]"
student_t_d16_df2.0_cor,new_matched_realization,A,complete,angular_sw_bin3,0.018135507280627888,0.00018104317005324214,3,"[8925, 77395, 65457]"
student_t_d16_df2.0_cor,new_matched_realization,A,complete,angular_sw_mean,0.016233753723402817,0.0002548689267461399,3,"[8925, 77395, 65457]"
student_t_d16_df2.0_cor,new_matched_realization,A,complete,exploding_norm_rate,0.0,0.0,3,"[8925, 77395, 65457]"
student_t_d16_df2.0_cor,new_matched_realization,A,complete,inf_rate,0.0,0.0,3,"[8925, 77395, 65457]"
student_t_d16_df2.0_cor,new_matched_realization,A,complete,invalid_rate,0.0,0.0,3,"[8925, 77395, 65457]"
student_t_d16_df2.0_cor,new_matched_realization,A,complete,ks_stat,0.0065000057220458984,0.0,3,"[8925, 77395, 65457]"
student_t_d16_df2.0_cor,new_matched_realization,A,complete,mmd,0.000717004140218099,9.772434732961776e-05,3,"[8925, 77395, 65457]"
student_t_d16_df2.0_cor,new_matched_realization,A,complete,nan_rate,0.0,0.0,3,"[8925, 77395, 65457]"
student_t_d16_df2.0_cor,new_matched_realization,A,complete,nfe,512,0.0,3,"[8925, 77395, 65457]"
student_t_d16_df2.0_cor,new_matched_realization,A,complete,q950_err,0.005908815610292372,8.179245135439134e-08,3,"[8925, 77395, 65457]"
student_t_d16_df2.0_cor,new_matched_realization,A,complete,q990_err,0.021808551736542642,4.391832283884145e-08,3,"[8925, 77395, 65457]"
student_t_d16_df2.0_cor,new_matched_realization,A,complete,q995_err,0.1537999860632783,1.1979705375625413e-07,3,"[8925, 77395, 65457]"
student_t_d16_df2.0_cor,new_matched_realization,A,complete,radial_w1,0.9923965136210123,1.2786859599514077e-06,3,"[8925, 77395, 65457]"
student_t_d16_df2.0_cor,new_matched_realization,A,complete,sample_time_s,0.1779614786307017,0.008662055908954157,3,"[8925, 77395, 65457]"
student_t_d16_df2.0_cor,new_matched_realization,A,complete,sliced_w1,0.6273964643478394,0.01822374565653918,3,"[8925, 77395, 65457]"
student_t_d16_df2.0_cor,new_matched_realization,A,complete,tail_exc_95,0.000900001078844026,0.0,3,"[8925, 77395, 65457]"
student_t_d16_df2.0_cor,new_matched_realization,A,complete,tail_exc_99,0.00010000005364418918,0.0,3,"[8925, 77395, 65457]"
student_t_d16_df2.0_cor,new_matched_realization,A,complete,total_train_time_s,27.69144620249669,0.9093444194247551,3,"[8925, 77395, 65457]"
student_t_d16_df2.0_cor,new_matched_realization,B,complete,angular_sw_bin0,0.014034341089427471,0.002205038768764532,3,"[8925, 77395, 65457]"
student_t_d16_df2.0_cor,new_matched_realization,B,complete,angular_sw_bin1,0.013269344344735146,0.001944347932846107,3,"[8925, 77395, 65457]"
student_t_d16_df2.0_cor,new_matched_realization,B,complete,angular_sw_bin2,0.015260090430577597,0.00013501300579503797,3,"[8925, 77395, 65457]"
student_t_d16_df2.0_cor,new_matched_realization,B,complete,angular_sw_bin3,0.017645282670855522,0.0022298022362207603,3,"[8925, 77395, 65457]"
student_t_d16_df2.0_cor,new_matched_realization,B,complete,angular_sw_mean,0.015052264633898934,0.0007333599374815498,3,"[8925, 77395, 65457]"
student_t_d16_df2.0_cor,new_matched_realization,B,complete,exploding_norm_rate,0.0,0.0,3,"[8925, 77395, 65457]"
student_t_d16_df2.0_cor,new_matched_realization,B,complete,inf_rate,0.0,0.0,3,"[8925, 77395, 65457]"
student_t_d16_df2.0_cor,new_matched_realization,B,complete,invalid_rate,0.0,0.0,3,"[8925, 77395, 65457]"
student_t_d16_df2.0_cor,new_matched_realization,B,complete,ks_stat,0.0065000057220458984,0.0,3,"[8925, 77395, 65457]"
student_t_d16_df2.0_cor,new_matched_realization,B,complete,mmd,0.0005460580190022787,0.00017443186566295116,3,"[8925, 77395, 65457]"
student_t_d16_df2.0_cor,new_matched_realization,B,complete,nan_rate,0.0,0.0,3,"[8925, 77395, 65457]"
student_t_d16_df2.0_cor,new_matched_realization,B,complete,nfe,512,0.0,3,"[8925, 77395, 65457]"
student_t_d16_df2.0_cor,new_matched_realization,B,complete,q950_err,0.00590884900192081,4.722289380713721e-08,3,"[8925, 77395, 65457]"
student_t_d16_df2.0_cor,new_matched_realization,B,complete,q990_err,0.021808520681598744,1.5834976492623643e-07,3,"[8925, 77395, 65457]"
student_t_d16_df2.0_cor,new_matched_realization,B,complete,q995_err,0.1538001035339542,1.4482757590153308e-07,3,"[8925, 77395, 65457]"
student_t_d16_df2.0_cor,new_matched_realization,B,complete,radial_w1,0.9923956195513407,7.434005313662571e-08,3,"[8925, 77395, 65457]"
student_t_d16_df2.0_cor,new_matched_realization,B,complete,sample_time_s,0.2547507534424464,0.0015948908596048555,3,"[8925, 77395, 65457]"
student_t_d16_df2.0_cor,new_matched_realization,B,complete,sliced_w1,0.5756263534228007,0.05167455922041113,3,"[8925, 77395, 65457]"
student_t_d16_df2.0_cor,new_matched_realization,B,complete,tail_exc_95,0.000900001078844026,0.0,3,"[8925, 77395, 65457]"
student_t_d16_df2.0_cor,new_matched_realization,B,complete,tail_exc_99,0.00010000005364418918,0.0,3,"[8925, 77395, 65457]"
student_t_d16_df2.0_cor,new_matched_realization,B,complete,total_train_time_s,30.372497374812763,4.878189529798649,3,"[8925, 77395, 65457]"
student_t_d16_df2.0_cor,new_matched_realization,C,complete,angular_sw_bin0,0.014421142948170504,0.0018732429627728929,3,"[8925, 77395, 65457]"
student_t_d16_df2.0_cor,new_matched_realization,C,complete,angular_sw_bin1,0.01326836614559094,0.001591315261271952,3,"[8925, 77395, 65457]"
student_t_d16_df2.0_cor,new_matched_realization,C,complete,angular_sw_bin2,0.015629139107962448,0.00017777695666622244,3,"[8925, 77395, 65457]"
student_t_d16_df2.0_cor,new_matched_realization,C,complete,angular_sw_bin3,0.01797819696366787,0.0010891893764891796,3,"[8925, 77395, 65457]"
student_t_d16_df2.0_cor,new_matched_realization,C,complete,angular_sw_mean,0.015324211291347941,0.0007877455914172317,3,"[8925, 77395, 65457]"
student_t_d16_df2.0_cor,new_matched_realization,C,complete,exploding_norm_rate,0.0,0.0,3,"[8925, 77395, 65457]"
student_t_d16_df2.0_cor,new_matched_realization,C,complete,inf_rate,0.0,0.0,3,"[8925, 77395, 65457]"
student_t_d16_df2.0_cor,new_matched_realization,C,complete,invalid_rate,0.0,0.0,3,"[8925, 77395, 65457]"
student_t_d16_df2.0_cor,new_matched_realization,C,complete,ks_stat,0.0065000057220458984,0.0,3,"[8925, 77395, 65457]"
student_t_d16_df2.0_cor,new_matched_realization,C,complete,mmd,0.0005483229955037435,0.00016231053849524577,3,"[8925, 77395, 65457]"
student_t_d16_df2.0_cor,new_matched_realization,C,complete,nan_rate,0.0,0.0,3,"[8925, 77395, 65457]"
student_t_d16_df2.0_cor,new_matched_realization,C,complete,nfe,512,0.0,3,"[8925, 77395, 65457]"
student_t_d16_df2.0_cor,new_matched_realization,C,complete,q950_err,0.005908782218663934,9.444578761427441e-08,3,"[8925, 77395, 65457]"
student_t_d16_df2.0_cor,new_matched_realization,C,complete,q990_err,0.021808551736542642,1.1619696022907731e-07,3,"[8925, 77395, 65457]"
student_t_d16_df2.0_cor,new_matched_realization,C,complete,q995_err,0.1538002444987653,1.7581400889893512e-07,3,"[8925, 77395, 65457]"
student_t_d16_df2.0_cor,new_matched_realization,C,complete,radial_w1,0.9923956791559855,5.6195798014525375e-08,3,"[8925, 77395, 65457]"
student_t_d16_df2.0_cor,new_matched_realization,C,complete,sample_time_s,0.227621927857399,0.004355707960115564,3,"[8925, 77395, 65457]"
student_t_d16_df2.0_cor,new_matched_realization,C,complete,sliced_w1,0.5701110462347666,0.052659686690116246,3,"[8925, 77395, 65457]"
student_t_d16_df2.0_cor,new_matched_realization,C,complete,tail_exc_95,0.000900001078844026,0.0,3,"[8925, 77395, 65457]"
student_t_d16_df2.0_cor,new_matched_realization,C,complete,tail_exc_99,0.00010000005364418918,0.0,3,"[8925, 77395, 65457]"
student_t_d16_df2.0_cor,new_matched_realization,C,complete,total_train_time_s,29.020772581299145,1.6339895360235506,3,"[8925, 77395, 65457]"
student_t_d16_df3.0_cor,new_matched_realization,A,complete,angular_sw_bin0,0.013899642353256544,0.001627909716775088,3,"[8925, 77395, 65457]"
student_t_d16_df3.0_cor,new_matched_realization,A,complete,angular_sw_bin1,0.01180497898409764,7.414961000119727e-05,3,"[8925, 77395, 65457]"
student_t_d16_df3.0_cor,new_matched_realization,A,complete,angular_sw_bin2,0.013267275566856066,0.002481239778338356,3,"[8925, 77395, 65457]"
student_t_d16_df3.0_cor,new_matched_realization,A,complete,angular_sw_bin3,0.019185567274689674,0.0004549726284422771,3,"[8925, 77395, 65457]"
student_t_d16_df3.0_cor,new_matched_realization,A,complete,angular_sw_mean,0.01453936604472498,0.0008644290356813228,3,"[8925, 77395, 65457]"
student_t_d16_df3.0_cor,new_matched_realization,A,complete,exploding_norm_rate,0.0,0.0,3,"[8925, 77395, 65457]"
student_t_d16_df3.0_cor,new_matched_realization,A,complete,inf_rate,0.0,0.0,3,"[8925, 77395, 65457]"
student_t_d16_df3.0_cor,new_matched_realization,A,complete,invalid_rate,0.0,0.0,3,"[8925, 77395, 65457]"
student_t_d16_df3.0_cor,new_matched_realization,A,complete,ks_stat,0.019299983978271484,0.0,3,"[8925, 77395, 65457]"
student_t_d16_df3.0_cor,new_matched_realization,A,complete,mmd,0.0006490548451741537,0.0001918549316954615,3,"[8925, 77395, 65457]"
student_t_d16_df3.0_cor,new_matched_realization,A,complete,nan_rate,0.0,0.0,3,"[8925, 77395, 65457]"
student_t_d16_df3.0_cor,new_matched_realization,A,complete,nfe,512,0.0,3,"[8925, 77395, 65457]"
student_t_d16_df3.0_cor,new_matched_realization,A,complete,q950_err,0.006655055222932562,8.288860333770796e-08,3,"[8925, 77395, 65457]"
student_t_d16_df3.0_cor,new_matched_realization,A,complete,q990_err,0.0197414418100506,1.068577395269195e-07,3,"[8925, 77395, 65457]"
student_t_d16_df3.0_cor,new_matched_realization,A,complete,q995_err,0.10132850460026953,1.5882388155643364e-07,3,"[8925, 77395, 65457]"
student_t_d16_df3.0_cor,new_matched_realization,A,complete,radial_w1,0.39025790492693585,1.4048949503631344e-08,3,"[8925, 77395, 65457]"
student_t_d16_df3.0_cor,new_matched_realization,A,complete,sample_time_s,0.17413169890642166,0.0021501123417538895,3,"[8925, 77395, 65457]"
student_t_d16_df3.0_cor,new_matched_realization,A,complete,sliced_w1,0.3104114731152852,0.03131255657258536,3,"[8925, 77395, 65457]"
student_t_d16_df3.0_cor,new_matched_realization,A,complete,tail_exc_95,0.0011000007390975508,0.0,3,"[8925, 77395, 65457]"
student_t_d16_df3.0_cor,new_matched_realization,A,complete,tail_exc_99,0.000900000110268584,0.0,3,"[8925, 77395, 65457]"
student_t_d16_df3.0_cor,new_matched_realization,A,complete,total_train_time_s,28.7809782375892,1.537774845202148,3,"[8925, 77395, 65457]"
student_t_d16_df3.0_cor,new_matched_realization,B,complete,angular_sw_bin0,0.014840424060821533,0.0026249112700170076,3,"[8925, 77395, 65457]"
student_t_d16_df3.0_cor,new_matched_realization,B,complete,angular_sw_bin1,0.012407624473174414,0.000664743349718561,3,"[8925, 77395, 65457]"
student_t_d16_df3.0_cor,new_matched_realization,B,complete,angular_sw_bin2,0.013253529245654741,0.0027718543645981783,3,"[8925, 77395, 65457]"
student_t_d16_df3.0_cor,new_matched_realization,B,complete,angular_sw_bin3,0.020725355794032414,0.0007431812431397275,3,"[8925, 77395, 65457]"
student_t_d16_df3.0_cor,new_matched_realization,B,complete,angular_sw_mean,0.015306733393420776,0.0011741270194512157,3,"[8925, 77395, 65457]"
student_t_d16_df3.0_cor,new_matched_realization,B,complete,exploding_norm_rate,0.0,0.0,3,"[8925, 77395, 65457]"
student_t_d16_df3.0_cor,new_matched_realization,B,complete,inf_rate,0.0,0.0,3,"[8925, 77395, 65457]"
student_t_d16_df3.0_cor,new_matched_realization,B,complete,invalid_rate,0.0,0.0,3,"[8925, 77395, 65457]"
student_t_d16_df3.0_cor,new_matched_realization,B,complete,ks_stat,0.019299983978271484,0.0,3,"[8925, 77395, 65457]"
student_t_d16_df3.0_cor,new_matched_realization,B,complete,mmd,0.000689228375752767,0.0002581326134540186,3,"[8925, 77395, 65457]"
student_t_d16_df3.0_cor,new_matched_realization,B,complete,nan_rate,0.0,0.0,3,"[8925, 77395, 65457]"
student_t_d16_df3.0_cor,new_matched_realization,B,complete,nfe,512,0.0,3,"[8925, 77395, 65457]"
student_t_d16_df3.0_cor,new_matched_realization,B,complete,q950_err,0.006654791473011797,1.096513154770677e-07,3,"[8925, 77395, 65457]"
student_t_d16_df3.0_cor,new_matched_realization,B,complete,q990_err,0.0197414418100506,5.342886976427751e-08,3,"[8925, 77395, 65457]"
student_t_d16_df3.0_cor,new_matched_realization,B,complete,q995_err,0.10132863427942579,1.6530913706917846e-07,3,"[8925, 77395, 65457]"
student_t_d16_df3.0_cor,new_matched_realization,B,complete,radial_w1,0.39025789499282837,4.2146848510894035e-08,3,"[8925, 77395, 65457]"
student_t_d16_df3.0_cor,new_matched_realization,B,complete,sample_time_s,0.2653512756029765,0.006119233456691011,3,"[8925, 77395, 65457]"
student_t_d16_df3.0_cor,new_matched_realization,B,complete,sliced_w1,0.3234737515449524,0.035526004471866324,3,"[8925, 77395, 65457]"
student_t_d16_df3.0_cor,new_matched_realization,B,complete,tail_exc_95,0.0011000007390975508,0.0,3,"[8925, 77395, 65457]"
student_t_d16_df3.0_cor,new_matched_realization,B,complete,tail_exc_99,0.000900000110268584,0.0,3,"[8925, 77395, 65457]"
student_t_d16_df3.0_cor,new_matched_realization,B,complete,total_train_time_s,30.2523935859402,1.6859589594827813,3,"[8925, 77395, 65457]"
student_t_d16_df3.0_cor,new_matched_realization,C,complete,angular_sw_bin0,0.01544936653226614,0.0020251534764203446,3,"[8925, 77395, 65457]"
student_t_d16_df3.0_cor,new_matched_realization,C,complete,angular_sw_bin1,0.012323023130496344,0.0008561598402022179,3,"[8925, 77395, 65457]"
student_t_d16_df3.0_cor,new_matched_realization,C,complete,angular_sw_bin2,0.013739462631444136,0.0024853947169461432,3,"[8925, 77395, 65457]"
student_t_d16_df3.0_cor,new_matched_realization,C,complete,angular_sw_bin3,0.01967587259908517,0.0006199106007194786,3,"[8925, 77395, 65457]"
student_t_d16_df3.0_cor,new_matched_realization,C,complete,angular_sw_mean,0.015296931223322948,0.001353205782169787,3,"[8925, 77395, 65457]"
student_t_d16_df3.0_cor,new_matched_realization,C,complete,exploding_norm_rate,0.0,0.0,3,"[8925, 77395, 65457]"
student_t_d16_df3.0_cor,new_matched_realization,C,complete,inf_rate,0.0,0.0,3,"[8925, 77395, 65457]"
student_t_d16_df3.0_cor,new_matched_realization,C,complete,invalid_rate,0.0,0.0,3,"[8925, 77395, 65457]"
student_t_d16_df3.0_cor,new_matched_realization,C,complete,ks_stat,0.019299983978271484,0.0,3,"[8925, 77395, 65457]"
student_t_d16_df3.0_cor,new_matched_realization,C,complete,mmd,0.0006892681121826172,0.00024037228243202558,3,"[8925, 77395, 65457]"
student_t_d16_df3.0_cor,new_matched_realization,C,complete,nan_rate,0.0,0.0,3,"[8925, 77395, 65457]"
student_t_d16_df3.0_cor,new_matched_realization,C,complete,nfe,512,0.0,3,"[8925, 77395, 65457]"
student_t_d16_df3.0_cor,new_matched_realization,C,complete,q950_err,0.006654908695198804,4.144430166905841e-08,3,"[8925, 77395, 65457]"
student_t_d16_df3.0_cor,new_matched_realization,C,complete,q990_err,0.019741517369882843,1.60286609291197e-07,3,"[8925, 77395, 65457]"
student_t_d16_df3.0_cor,new_matched_realization,C,complete,q995_err,0.10132866669921485,4.584850538680962e-08,3,"[8925, 77395, 65457]"
student_t_d16_df3.0_cor,new_matched_realization,C,complete,radial_w1,0.39025790492693585,3.7170026568312855e-08,3,"[8925, 77395, 65457]"
student_t_d16_df3.0_cor,new_matched_realization,C,complete,sample_time_s,0.2279432068268458,0.005504127466214805,3,"[8925, 77395, 65457]"
student_t_d16_df3.0_cor,new_matched_realization,C,complete,sliced_w1,0.31962769230206806,0.038513359142983955,3,"[8925, 77395, 65457]"
student_t_d16_df3.0_cor,new_matched_realization,C,complete,tail_exc_95,0.0011000007390975508,0.0,3,"[8925, 77395, 65457]"
student_t_d16_df3.0_cor,new_matched_realization,C,complete,tail_exc_99,0.000900000110268584,0.0,3,"[8925, 77395, 65457]"
student_t_d16_df3.0_cor,new_matched_realization,C,complete,total_train_time_s,29.904127702116966,1.2827971079418294,3,"[8925, 77395, 65457]"
student_t_d16_df5.0_cor,new_matched_realization,A,complete,angular_sw_bin0,0.013697154199083647,0.0008962120676818808,3,"[8925, 77395, 65457]"
student_t_d16_df5.0_cor,new_matched_realization,A,complete,angular_sw_bin1,0.013420618760089079,0.0011225822153352284,3,"[8925, 77395, 65457]"
student_t_d16_df5.0_cor,new_matched_realization,A,complete,angular_sw_bin2,0.011220892891287804,0.0011802103874412227,3,"[8925, 77395, 65457]"
student_t_d16_df5.0_cor,new_matched_realization,A,complete,angular_sw_bin3,0.013983251216510931,0.0012369198713609332,3,"[8925, 77395, 65457]"
student_t_d16_df5.0_cor,new_matched_realization,A,complete,angular_sw_mean,0.013080479266742865,0.0006532569501564051,3,"[8925, 77395, 65457]"
student_t_d16_df5.0_cor,new_matched_realization,A,complete,exploding_norm_rate,0.0,0.0,3,"[8925, 77395, 65457]"
student_t_d16_df5.0_cor,new_matched_realization,A,complete,inf_rate,0.0,0.0,3,"[8925, 77395, 65457]"
student_t_d16_df5.0_cor,new_matched_realization,A,complete,invalid_rate,0.0,0.0,3,"[8925, 77395, 65457]"
student_t_d16_df5.0_cor,new_matched_realization,A,complete,ks_stat,0.007299989461898804,0.0,3,"[8925, 77395, 65457]"
student_t_d16_df5.0_cor,new_matched_realization,A,complete,mmd,0.0005596478780110677,0.00010474521401076722,3,"[8925, 77395, 65457]"
student_t_d16_df5.0_cor,new_matched_realization,A,complete,nan_rate,0.0,0.0,3,"[8925, 77395, 65457]"
student_t_d16_df5.0_cor,new_matched_realization,A,complete,nfe,512,0.0,3,"[8925, 77395, 65457]"
student_t_d16_df5.0_cor,new_matched_realization,A,complete,q950_err,0.003113268544462379,2.9479331509205316e-08,3,"[8925, 77395, 65457]"
student_t_d16_df5.0_cor,new_matched_realization,A,complete,q990_err,0.01489235632487597,2.0412337293314394e-07,3,"[8925, 77395, 65457]"
student_t_d16_df5.0_cor,new_matched_realization,A,complete,q995_err,0.025393389586803518,4.165850891094227e-08,3,"[8925, 77395, 65457]"
student_t_d16_df5.0_cor,new_matched_realization,A,complete,radial_w1,0.07371849318345387,3.512237375907836e-09,3,"[8925, 77395, 65457]"
student_t_d16_df5.0_cor,new_matched_realization,A,complete,sample_time_s,0.17224106937646866,0.0014497641060529497,3,"[8925, 77395, 65457]"
student_t_d16_df5.0_cor,new_matched_realization,A,complete,sliced_w1,0.20445023973782858,0.019996861920477647,3,"[8925, 77395, 65457]"
student_t_d16_df5.0_cor,new_matched_realization,A,complete,tail_exc_95,0.000900001078844026,0.0,3,"[8925, 77395, 65457]"
student_t_d16_df5.0_cor,new_matched_realization,A,complete,tail_exc_99,0.0013000003620982081,0.0,3,"[8925, 77395, 65457]"
student_t_d16_df5.0_cor,new_matched_realization,A,complete,total_train_time_s,28.001937424143154,1.5136975058049513,3,"[8925, 77395, 65457]"
student_t_d16_df5.0_cor,new_matched_realization,B,complete,angular_sw_bin0,0.015509544561306635,0.0015971979699305726,3,"[8925, 77395, 65457]"
student_t_d16_df5.0_cor,new_matched_realization,B,complete,angular_sw_bin1,0.014779829109708468,0.0019960433470225616,3,"[8925, 77395, 65457]"
student_t_d16_df5.0_cor,new_matched_realization,B,complete,angular_sw_bin2,0.012176130587855974,0.001964518915176133,3,"[8925, 77395, 65457]"
student_t_d16_df5.0_cor,new_matched_realization,B,complete,angular_sw_bin3,0.013695969556768736,0.0007307569614008802,3,"[8925, 77395, 65457]"
student_t_d16_df5.0_cor,new_matched_realization,B,complete,angular_sw_mean,0.014040368453909954,0.0012108020234086678,3,"[8925, 77395, 65457]"
student_t_d16_df5.0_cor,new_matched_realization,B,complete,exploding_norm_rate,0.0,0.0,3,"[8925, 77395, 65457]"
student_t_d16_df5.0_cor,new_matched_realization,B,complete,inf_rate,0.0,0.0,3,"[8925, 77395, 65457]"
student_t_d16_df5.0_cor,new_matched_realization,B,complete,invalid_rate,0.0,0.0,3,"[8925, 77395, 65457]"
student_t_d16_df5.0_cor,new_matched_realization,B,complete,ks_stat,0.007299989461898804,0.0,3,"[8925, 77395, 65457]"
student_t_d16_df5.0_cor,new_matched_realization,B,complete,mmd,0.000659942626953125,0.00023885379249077992,3,"[8925, 77395, 65457]"
student_t_d16_df5.0_cor,new_matched_realization,B,complete,nan_rate,0.0,0.0,3,"[8925, 77395, 65457]"
student_t_d16_df5.0_cor,new_matched_realization,B,complete,nfe,512,0.0,3,"[8925, 77395, 65457]"
student_t_d16_df5.0_cor,new_matched_realization,B,complete,q950_err,0.0031136229100610334,1.350912680774294e-07,3,"[8925, 77395, 65457]"
student_t_d16_df5.0_cor,new_matched_realization,B,complete,q990_err,0.014892256985325042,1.2389818817817199e-07,3,"[8925, 77395, 65457]"
student_t_d16_df5.0_cor,new_matched_realization,B,complete,q995_err,0.025393330672775227,7.215465400131284e-08,3,"[8925, 77395, 65457]"
student_t_d16_df5.0_cor,new_matched_realization,B,complete,radial_w1,0.07371850808461507,1.8585013284156427e-08,3,"[8925, 77395, 65457]"
student_t_d16_df5.0_cor,new_matched_realization,B,complete,sample_time_s,0.25829851378997165,0.004270781075337687,3,"[8925, 77395, 65457]"
student_t_d16_df5.0_cor,new_matched_realization,B,complete,sliced_w1,0.21314812699953714,0.03137122327440019,3,"[8925, 77395, 65457]"
student_t_d16_df5.0_cor,new_matched_realization,B,complete,tail_exc_95,0.000900001078844026,0.0,3,"[8925, 77395, 65457]"
student_t_d16_df5.0_cor,new_matched_realization,B,complete,tail_exc_99,0.0013000003620982081,0.0,3,"[8925, 77395, 65457]"
student_t_d16_df5.0_cor,new_matched_realization,B,complete,total_train_time_s,28.132404173413914,1.1022532015489455,3,"[8925, 77395, 65457]"
student_t_d16_df5.0_cor,new_matched_realization,C,complete,angular_sw_bin0,0.016152348990241688,0.000708501219017012,3,"[8925, 77395, 65457]"
student_t_d16_df5.0_cor,new_matched_realization,C,complete,angular_sw_bin1,0.013866077487667402,0.0012919828969853938,3,"[8925, 77395, 65457]"
student_t_d16_df5.0_cor,new_matched_realization,C,complete,angular_sw_bin2,0.011915341019630432,0.0013862470400198648,3,"[8925, 77395, 65457]"
student_t_d16_df5.0_cor,new_matched_realization,C,complete,angular_sw_bin3,0.017040836314360302,0.00039069476652555914,3,"[8925, 77395, 65457]"
student_t_d16_df5.0_cor,new_matched_realization,C,complete,angular_sw_mean,0.014743650952974955,0.0004858219111938961,3,"[8925, 77395, 65457]"
student_t_d16_df5.0_cor,new_matched_realization,C,complete,exploding_norm_rate,0.0,0.0,3,"[8925, 77395, 65457]"
student_t_d16_df5.0_cor,new_matched_realization,C,complete,inf_rate,0.0,0.0,3,"[8925, 77395, 65457]"
student_t_d16_df5.0_cor,new_matched_realization,C,complete,invalid_rate,0.0,0.0,3,"[8925, 77395, 65457]"
student_t_d16_df5.0_cor,new_matched_realization,C,complete,ks_stat,0.007299989461898804,0.0,3,"[8925, 77395, 65457]"
student_t_d16_df5.0_cor,new_matched_realization,C,complete,mmd,0.0006733735402425131,9.913958142257247e-05,3,"[8925, 77395, 65457]"
student_t_d16_df5.0_cor,new_matched_realization,C,complete,nan_rate,0.0,0.0,3,"[8925, 77395, 65457]"
student_t_d16_df5.0_cor,new_matched_realization,C,complete,nfe,512,0.0,3,"[8925, 77395, 65457]"
student_t_d16_df5.0_cor,new_matched_realization,C,complete,q950_err,0.003113289389497594,2.063553205642474e-07,3,"[8925, 77395, 65457]"
student_t_d16_df5.0_cor,new_matched_realization,C,complete,q990_err,0.014892157645774111,4.682911340126878e-08,3,"[8925, 77395, 65457]"
student_t_d16_df5.0_cor,new_matched_realization,C,complete,q995_err,0.025393301215761083,4.165850891094227e-08,3,"[8925, 77395, 65457]"
student_t_d16_df5.0_cor,new_matched_realization,C,complete,radial_w1,0.07371850808461507,4.050509738499942e-08,3,"[8925, 77395, 65457]"
student_t_d16_df5.0_cor,new_matched_realization,C,complete,sample_time_s,0.22839057197173437,0.001901714232537646,3,"[8925, 77395, 65457]"
student_t_d16_df5.0_cor,new_matched_realization,C,complete,sliced_w1,0.229948028922081,0.014361575094501582,3,"[8925, 77395, 65457]"
student_t_d16_df5.0_cor,new_matched_realization,C,complete,tail_exc_95,0.000900001078844026,0.0,3,"[8925, 77395, 65457]"
student_t_d16_df5.0_cor,new_matched_realization,C,complete,tail_exc_99,0.0013000003620982081,0.0,3,"[8925, 77395, 65457]"
student_t_d16_df5.0_cor,new_matched_realization,C,complete,total_train_time_s,28.68619546542565,0.6298393788865678,3,"[8925, 77395, 65457]"
student_t_d16_df50.0_cor,new_matched_realization,A,complete,angular_sw_bin0,0.013495936679343382,0.002545900468497439,3,"[8925, 77395, 65457]"
student_t_d16_df50.0_cor,new_matched_realization,A,complete,angular_sw_bin1,0.015220736463864645,0.0035646977208181195,3,"[8925, 77395, 65457]"
student_t_d16_df50.0_cor,new_matched_realization,A,complete,angular_sw_bin2,0.014393103308975697,0.0024692716050797483,3,"[8925, 77395, 65457]"
student_t_d16_df50.0_cor,new_matched_realization,A,complete,angular_sw_bin3,0.015290988609194756,0.0011394707244160192,3,"[8925, 77395, 65457]"
student_t_d16_df50.0_cor,new_matched_realization,A,complete,angular_sw_mean,0.01460019126534462,0.0024143502528681227,3,"[8925, 77395, 65457]"
student_t_d16_df50.0_cor,new_matched_realization,A,complete,exploding_norm_rate,0.0,0.0,3,"[8925, 77395, 65457]"
student_t_d16_df50.0_cor,new_matched_realization,A,complete,inf_rate,0.0,0.0,3,"[8925, 77395, 65457]"
student_t_d16_df50.0_cor,new_matched_realization,A,complete,invalid_rate,0.0,0.0,3,"[8925, 77395, 65457]"
student_t_d16_df50.0_cor,new_matched_realization,A,complete,ks_stat,0.013599991798400879,0.0,3,"[8925, 77395, 65457]"
student_t_d16_df50.0_cor,new_matched_realization,A,complete,mmd,0.0008273522059122721,0.00048218276204982634,3,"[8925, 77395, 65457]"
student_t_d16_df50.0_cor,new_matched_realization,A,complete,nan_rate,0.0,0.0,3,"[8925, 77395, 65457]"
student_t_d16_df50.0_cor,new_matched_realization,A,complete,nfe,512,0.0,3,"[8925, 77395, 65457]"
student_t_d16_df50.0_cor,new_matched_realization,A,complete,q950_err,0.009865690387547508,3.935139117938715e-08,3,"[8925, 77395, 65457]"
student_t_d16_df50.0_cor,new_matched_realization,A,complete,q990_err,0.005890591035235068,5.8460319913358546e-08,3,"[8925, 77395, 65457]"
student_t_d16_df50.0_cor,new_matched_realization,A,complete,q995_err,0.02292104845798415,6.284377217371581e-08,3,"[8925, 77395, 65457]"
student_t_d16_df50.0_cor,new_matched_realization,A,complete,radial_w1,0.09306201338768005,1.2166747166629524e-08,3,"[8925, 77395, 65457]"
student_t_d16_df50.0_cor,new_matched_realization,A,complete,sample_time_s,0.17253151287635168,0.0003800840819686222,3,"[8925, 77395, 65457]"
student_t_d16_df50.0_cor,new_matched_realization,A,complete,sliced_w1,0.18109992643197378,0.04547244880019899,3,"[8925, 77395, 65457]"
student_t_d16_df50.0_cor,new_matched_realization,A,complete,tail_exc_95,0.004300001263618514,0.0,3,"[8925, 77395, 65457]"
student_t_d16_df50.0_cor,new_matched_realization,A,complete,tail_exc_99,0.0006000001356005757,0.0,3,"[8925, 77395, 65457]"
student_t_d16_df50.0_cor,new_matched_realization,A,complete,total_train_time_s,27.19460941106081,0.8696029980022788,3,"[8925, 77395, 65457]"
student_t_d16_df50.0_cor,new_matched_realization,B,complete,angular_sw_bin0,0.015593806592126688,0.002886697858406204,3,"[8925, 77395, 65457]"
student_t_d16_df50.0_cor,new_matched_realization,B,complete,angular_sw_bin1,0.016668017022311687,0.004026151948788543,3,"[8925, 77395, 65457]"
student_t_d16_df50.0_cor,new_matched_realization,B,complete,angular_sw_bin2,0.01556380403538545,0.0030799854865685332,3,"[8925, 77395, 65457]"
student_t_d16_df50.0_cor,new_matched_realization,B,complete,angular_sw_bin3,0.016820795834064484,0.0005562755307940447,3,"[8925, 77395, 65457]"
student_t_d16_df50.0_cor,new_matched_realization,B,complete,angular_sw_mean,0.016161605870972078,0.0025640037180753943,3,"[8925, 77395, 65457]"
student_t_d16_df50.0_cor,new_matched_realization,B,complete,exploding_norm_rate,0.0,0.0,3,"[8925, 77395, 65457]"
student_t_d16_df50.0_cor,new_matched_realization,B,complete,inf_rate,0.0,0.0,3,"[8925, 77395, 65457]"
student_t_d16_df50.0_cor,new_matched_realization,B,complete,invalid_rate,0.0,0.0,3,"[8925, 77395, 65457]"
student_t_d16_df50.0_cor,new_matched_realization,B,complete,ks_stat,0.013599991798400879,0.0,3,"[8925, 77395, 65457]"
student_t_d16_df50.0_cor,new_matched_realization,B,complete,mmd,0.001048445701599121,0.0005545489388217347,3,"[8925, 77395, 65457]"
student_t_d16_df50.0_cor,new_matched_realization,B,complete,nan_rate,0.0,0.0,3,"[8925, 77395, 65457]"
student_t_d16_df50.0_cor,new_matched_realization,B,complete,nfe,512,0.0,3,"[8925, 77395, 65457]"
student_t_d16_df50.0_cor,new_matched_realization,B,complete,q950_err,0.009865690387547508,3.935139117938715e-08,3,"[8925, 77395, 65457]"
student_t_d16_df50.0_cor,new_matched_realization,B,complete,q990_err,0.0058907819658403845,8.929961371809993e-08,3,"[8925, 77395, 65457]"
student_t_d16_df50.0_cor,new_matched_realization,B,complete,q995_err,0.022920892927583047,5.4424303170663115e-08,3,"[8925, 77395, 65457]"
student_t_d16_df50.0_cor,new_matched_realization,B,complete,radial_w1,0.09306202083826065,2.6516810685473957e-08,3,"[8925, 77395, 65457]"
student_t_d16_df50.0_cor,new_matched_realization,B,complete,sample_time_s,0.25479962925116223,0.0009199427431459277,3,"[8925, 77395, 65457]"
student_t_d16_df50.0_cor,new_matched_realization,B,complete,sliced_w1,0.20070554316043854,0.049269104235322304,3,"[8925, 77395, 65457]"
student_t_d16_df50.0_cor,new_matched_realization,B,complete,tail_exc_95,0.004300001263618514,0.0,3,"[8925, 77395, 65457]"
student_t_d16_df50.0_cor,new_matched_realization,B,complete,tail_exc_99,0.0006000001356005757,0.0,3,"[8925, 77395, 65457]"
student_t_d16_df50.0_cor,new_matched_realization,B,complete,total_train_time_s,28.888633308311302,1.6527606965635726,3,"[8925, 77395, 65457]"
student_t_d16_df50.0_cor,new_matched_realization,C,complete,angular_sw_bin0,0.016803727485239506,0.00295844825080659,3,"[8925, 77395, 65457]"
student_t_d16_df50.0_cor,new_matched_realization,C,complete,angular_sw_bin1,0.01593286357820034,0.0039064171290479855,3,"[8925, 77395, 65457]"
student_t_d16_df50.0_cor,new_matched_realization,C,complete,angular_sw_bin2,0.015875238925218582,0.0027375818992743995,3,"[8925, 77395, 65457]"
student_t_d16_df50.0_cor,new_matched_realization,C,complete,angular_sw_bin3,0.01956574742992719,0.0006882683200439959,3,"[8925, 77395, 65457]"
student_t_d16_df50.0_cor,new_matched_realization,C,complete,angular_sw_mean,0.017044394354646403,0.002506846155812699,3,"[8925, 77395, 65457]"
student_t_d16_df50.0_cor,new_matched_realization,C,complete,exploding_norm_rate,0.0,0.0,3,"[8925, 77395, 65457]"
student_t_d16_df50.0_cor,new_matched_realization,C,complete,inf_rate,0.0,0.0,3,"[8925, 77395, 65457]"
student_t_d16_df50.0_cor,new_matched_realization,C,complete,invalid_rate,0.0,0.0,3,"[8925, 77395, 65457]"
student_t_d16_df50.0_cor,new_matched_realization,C,complete,ks_stat,0.013599991798400879,0.0,3,"[8925, 77395, 65457]"
student_t_d16_df50.0_cor,new_matched_realization,C,complete,mmd,0.0010064045588175456,0.0004726795932768286,3,"[8925, 77395, 65457]"
student_t_d16_df50.0_cor,new_matched_realization,C,complete,nan_rate,0.0,0.0,3,"[8925, 77395, 65457]"
student_t_d16_df50.0_cor,new_matched_realization,C,complete,nfe,512,0.0,3,"[8925, 77395, 65457]"
student_t_d16_df50.0_cor,new_matched_realization,C,complete,q950_err,0.009865746038818613,3.935139117938715e-08,3,"[8925, 77395, 65457]"
student_t_d16_df50.0_cor,new_matched_realization,C,complete,q990_err,0.0058907580995147205,6.75041628777784e-08,3,"[8925, 77395, 65457]"
student_t_d16_df50.0_cor,new_matched_realization,C,complete,q995_err,0.022920937364840504,6.284377217208031e-08,3,"[8925, 77395, 65457]"
student_t_d16_df50.0_cor,new_matched_realization,C,complete,radial_w1,0.09306202083826065,0.0,3,"[8925, 77395, 65457]"
student_t_d16_df50.0_cor,new_matched_realization,C,complete,sample_time_s,0.22391065955162048,0.0010116639915972038,3,"[8925, 77395, 65457]"
student_t_d16_df50.0_cor,new_matched_realization,C,complete,sliced_w1,0.20758060117562613,0.04576647857483459,3,"[8925, 77395, 65457]"
student_t_d16_df50.0_cor,new_matched_realization,C,complete,tail_exc_95,0.004300001263618514,0.0,3,"[8925, 77395, 65457]"
student_t_d16_df50.0_cor,new_matched_realization,C,complete,tail_exc_99,0.0006000001356005757,0.0,3,"[8925, 77395, 65457]"
student_t_d16_df50.0_cor,new_matched_realization,C,complete,total_train_time_s,30.275231428444386,2.945535139679055,3,"[8925, 77395, 65457]"
student_t_d256_df3.0_cor,new_matched_realization,A,complete,angular_sw_bin0,0.00518058364590009,0.00028617275827608223,3,"[8925, 77395, 65457]"
student_t_d256_df3.0_cor,new_matched_realization,A,complete,angular_sw_bin1,0.004743045195937157,0.0003289111277527311,3,"[8925, 77395, 65457]"
student_t_d256_df3.0_cor,new_matched_realization,A,complete,angular_sw_bin2,0.004694369000693162,0.00013724092831429637,3,"[8925, 77395, 65457]"
student_t_d256_df3.0_cor,new_matched_realization,A,complete,angular_sw_bin3,0.00444240914657712,8.327668858015448e-05,3,"[8925, 77395, 65457]"
student_t_d256_df3.0_cor,new_matched_realization,A,complete,angular_sw_mean,0.004765101747276883,0.00017831861644030118,3,"[8925, 77395, 65457]"
student_t_d256_df3.0_cor,new_matched_realization,A,complete,exploding_norm_rate,0.0,0.0,3,"[8925, 77395, 65457]"
student_t_d256_df3.0_cor,new_matched_realization,A,complete,inf_rate,0.0,0.0,3,"[8925, 77395, 65457]"
student_t_d256_df3.0_cor,new_matched_realization,A,complete,invalid_rate,0.0,0.0,3,"[8925, 77395, 65457]"
student_t_d256_df3.0_cor,new_matched_realization,A,complete,ks_stat,0.013999998569488525,0.0,3,"[8925, 77395, 65457]"
student_t_d256_df3.0_cor,new_matched_realization,A,complete,mmd,0.0016192197799682617,0.0001305953953493372,3,"[8925, 77395, 65457]"
student_t_d256_df3.0_cor,new_matched_realization,A,complete,nan_rate,0.0,0.0,3,"[8925, 77395, 65457]"
student_t_d256_df3.0_cor,new_matched_realization,A,complete,nfe,512,0.0,3,"[8925, 77395, 65457]"
student_t_d256_df3.0_cor,new_matched_realization,A,complete,q950_err,0.00884262823250553,5.0269791865476146e-08,3,"[8925, 77395, 65457]"
student_t_d256_df3.0_cor,new_matched_realization,A,complete,q990_err,0.0029334623043829754,3.769688483032678e-08,3,"[8925, 77395, 65457]"
student_t_d256_df3.0_cor,new_matched_realization,A,complete,q995_err,0.036863170552669196,3.2104905946787046e-08,3,"[8925, 77395, 65457]"
student_t_d256_df3.0_cor,new_matched_realization,A,complete,radial_w1,2.7428935368855796,1.1239159602905075e-07,3,"[8925, 77395, 65457]"
student_t_d256_df3.0_cor,new_matched_realization,A,complete,sample_time_s,0.32617710282405216,0.0069415183765014765,3,"[8925, 77395, 65457]"
student_t_d256_df3.0_cor,new_matched_realization,A,complete,sliced_w1,1.7648390928904216,0.07956658786607645,3,"[8925, 77395, 65457]"
student_t_d256_df3.0_cor,new_matched_realization,A,complete,tail_exc_95,0.0032999992370605913,0.0,3,"[8925, 77395, 65457]"
student_t_d256_df3.0_cor,new_matched_realization,A,complete,tail_exc_99,2.2351742678949904e-10,0.0,3,"[8925, 77395, 65457]"
student_t_d256_df3.0_cor,new_matched_realization,A,complete,total_train_time_s,27.35350416103999,0.8908592220683,3,"[8925, 77395, 65457]"
student_t_d256_df3.0_cor,new_matched_realization,B,complete,angular_sw_bin0,0.003915409402300914,0.00012675368412799848,3,"[8925, 77395, 65457]"
student_t_d256_df3.0_cor,new_matched_realization,B,complete,angular_sw_bin1,0.0038417146230737367,0.00037696723827848686,3,"[8925, 77395, 65457]"
student_t_d256_df3.0_cor,new_matched_realization,B,complete,angular_sw_bin2,0.0037656172644346952,0.00022294501372160735,3,"[8925, 77395, 65457]"
student_t_d256_df3.0_cor,new_matched_realization,B,complete,angular_sw_bin3,0.003783335288365682,0.0001558812678433402,3,"[8925, 77395, 65457]"
student_t_d256_df3.0_cor,new_matched_realization,B,complete,angular_sw_mean,0.003826519144543757,0.0002037378491667558,3,"[8925, 77395, 65457]"
student_t_d256_df3.0_cor,new_matched_realization,B,complete,exploding_norm_rate,0.0,0.0,3,"[8925, 77395, 65457]"
student_t_d256_df3.0_cor,new_matched_realization,B,complete,inf_rate,0.0,0.0,3,"[8925, 77395, 65457]"
student_t_d256_df3.0_cor,new_matched_realization,B,complete,invalid_rate,0.0,0.0,3,"[8925, 77395, 65457]"
student_t_d256_df3.0_cor,new_matched_realization,B,complete,ks_stat,0.013999998569488525,0.0,3,"[8925, 77395, 65457]"
student_t_d256_df3.0_cor,new_matched_realization,B,complete,mmd,0.0006997982660929362,0.00010515873600781762,3,"[8925, 77395, 65457]"
student_t_d256_df3.0_cor,new_matched_realization,B,complete,nan_rate,0.0,0.0,3,"[8925, 77395, 65457]"
student_t_d256_df3.0_cor,new_matched_realization,B,complete,nfe,512,0.0,3,"[8925, 77395, 65457]"
student_t_d256_df3.0_cor,new_matched_realization,B,complete,q950_err,0.00884262823250553,5.0269791865476146e-08,3,"[8925, 77395, 65457]"
student_t_d256_df3.0_cor,new_matched_realization,B,complete,q990_err,0.0029334889601058682,3.769688483032678e-08,3,"[8925, 77395, 65457]"
student_t_d256_df3.0_cor,new_matched_realization,B,complete,q995_err,0.036863170552669196,3.2104905946787046e-08,3,"[8925, 77395, 65457]"
student_t_d256_df3.0_cor,new_matched_realization,B,complete,radial_w1,2.74289337793986,2.9736021254650284e-07,3,"[8925, 77395, 65457]"
student_t_d256_df3.0_cor,new_matched_realization,B,complete,sample_time_s,0.44770248979330063,0.0006744721269490731,3,"[8925, 77395, 65457]"
student_t_d256_df3.0_cor,new_matched_realization,B,complete,sliced_w1,1.2118473847707112,0.05100692005637442,3,"[8925, 77395, 65457]"
student_t_d256_df3.0_cor,new_matched_realization,B,complete,tail_exc_95,0.0032999992370605913,0.0,3,"[8925, 77395, 65457]"
student_t_d256_df3.0_cor,new_matched_realization,B,complete,tail_exc_99,2.2351742678949904e-10,0.0,3,"[8925, 77395, 65457]"
student_t_d256_df3.0_cor,new_matched_realization,B,complete,total_train_time_s,29.665591058631737,1.2013050914844712,3,"[8925, 77395, 65457]"
student_t_d256_df3.0_cor,new_matched_realization,C,complete,angular_sw_bin0,0.0037505310804893575,0.00013265513675688096,3,"[8925, 77395, 65457]"
student_t_d256_df3.0_cor,new_matched_realization,C,complete,angular_sw_bin1,0.0037848102704932294,0.0003398835822639367,3,"[8925, 77395, 65457]"
student_t_d256_df3.0_cor,new_matched_realization,C,complete,angular_sw_bin2,0.0037627285346388817,0.0002385550671885589,3,"[8925, 77395, 65457]"
student_t_d256_df3.0_cor,new_matched_realization,C,complete,angular_sw_bin3,0.003702346235513687,0.00011544392758045606,3,"[8925, 77395, 65457]"
student_t_d256_df3.0_cor,new_matched_realization,C,complete,angular_sw_mean,0.0037501040302837887,0.00018629207099239324,3,"[8925, 77395, 65457]"
student_t_d256_df3.0_cor,new_matched_realization,C,complete,exploding_norm_rate,0.0,0.0,3,"[8925, 77395, 65457]"
student_t_d256_df3.0_cor,new_matched_realization,C,complete,inf_rate,0.0,0.0,3,"[8925, 77395, 65457]"
student_t_d256_df3.0_cor,new_matched_realization,C,complete,invalid_rate,0.0,0.0,3,"[8925, 77395, 65457]"
student_t_d256_df3.0_cor,new_matched_realization,C,complete,ks_stat,0.013999998569488525,0.0,3,"[8925, 77395, 65457]"
student_t_d256_df3.0_cor,new_matched_realization,C,complete,mmd,0.000686804453531901,9.406795563005036e-05,3,"[8925, 77395, 65457]"
student_t_d256_df3.0_cor,new_matched_realization,C,complete,nan_rate,0.0,0.0,3,"[8925, 77395, 65457]"
student_t_d256_df3.0_cor,new_matched_realization,C,complete,nfe,512,0.0,3,"[8925, 77395, 65457]"
student_t_d256_df3.0_cor,new_matched_realization,C,complete,q950_err,0.008842592686394812,5.0269791865476146e-08,3,"[8925, 77395, 65457]"
student_t_d256_df3.0_cor,new_matched_realization,C,complete,q990_err,0.0029334623043829754,3.769688483032678e-08,3,"[8925, 77395, 65457]"
student_t_d256_df3.0_cor,new_matched_realization,C,complete,q995_err,0.03686314785107249,5.560732827205536e-08,3,"[8925, 77395, 65457]"
student_t_d256_df3.0_cor,new_matched_realization,C,complete,radial_w1,2.7428932984670005,1.1239159602905075e-07,3,"[8925, 77395, 65457]"
student_t_d256_df3.0_cor,new_matched_realization,C,complete,sample_time_s,0.41161788006623584,0.0002609506045120389,3,"[8925, 77395, 65457]"
student_t_d256_df3.0_cor,new_matched_realization,C,complete,sliced_w1,1.2017592986424763,0.04246641225250745,3,"[8925, 77395, 65457]"
student_t_d256_df3.0_cor,new_matched_realization,C,complete,tail_exc_95,0.0032999992370605913,0.0,3,"[8925, 77395, 65457]"
student_t_d256_df3.0_cor,new_matched_realization,C,complete,tail_exc_99,2.2351742678949904e-10,0.0,3,"[8925, 77395, 65457]"
student_t_d256_df3.0_cor,new_matched_realization,C,complete,total_train_time_s,27.82119319339593,1.2897443814080256,3,"[8925, 77395, 65457]"
student_t_d2_df3.0_cor,new_matched_realization,A,incomplete,,,,,[]
student_t_d2_df3.0_cor,new_matched_realization,B,complete,angular_sw_bin0,0.5762986739476522,0.17807705846336866,3,"[8925, 77395, 65457]"
student_t_d2_df3.0_cor,new_matched_realization,B,complete,angular_sw_bin1,0.7742182811101278,0.14361748975525893,3,"[8925, 77395, 65457]"
student_t_d2_df3.0_cor,new_matched_realization,B,complete,angular_sw_bin2,0.8056720892588297,0.09626581033043627,3,"[8925, 77395, 65457]"
student_t_d2_df3.0_cor,new_matched_realization,B,complete,angular_sw_bin3,0.8225915233294169,0.05501039290261479,3,"[8925, 77395, 65457]"
student_t_d2_df3.0_cor,new_matched_realization,B,complete,angular_sw_mean,0.7446951419115067,0.10861119397747197,3,"[8925, 77395, 65457]"
student_t_d2_df3.0_cor,new_matched_realization,B,complete,exploding_norm_rate,0.0,0.0,3,"[8925, 77395, 65457]"
student_t_d2_df3.0_cor,new_matched_realization,B,complete,inf_rate,0.0,0.0,3,"[8925, 77395, 65457]"
student_t_d2_df3.0_cor,new_matched_realization,B,complete,invalid_rate,0.0,0.0,3,"[8925, 77395, 65457]"
student_t_d2_df3.0_cor,new_matched_realization,B,complete,ks_stat,0.017399996519088745,0.0,3,"[8925, 77395, 65457]"
student_t_d2_df3.0_cor,new_matched_realization,B,complete,mmd,0.2529442509015401,0.0623560557364108,3,"[8925, 77395, 65457]"
student_t_d2_df3.0_cor,new_matched_realization,B,complete,nan_rate,0.0,0.0,3,"[8925, 77395, 65457]"
student_t_d2_df3.0_cor,new_matched_realization,B,complete,nfe,512,0.0,3,"[8925, 77395, 65457]"
student_t_d2_df3.0_cor,new_matched_realization,B,complete,q950_err,0.00884338696729554,9.373077577378449e-06,3,"[8925, 77395, 65457]"
student_t_d2_df3.0_cor,new_matched_realization,B,complete,q990_err,0.03713191448954789,3.559860893201247e-05,3,"[8925, 77395, 65457]"
student_t_d2_df3.0_cor,new_matched_realization,B,complete,q995_err,0.10754192239189544,0.00013174483761915317,3,"[8925, 77395, 65457]"
student_t_d2_df3.0_cor,new_matched_realization,B,complete,radial_w1,0.017188587536414463,5.794666673411463e-06,3,"[8925, 77395, 65457]"
student_t_d2_df3.0_cor,new_matched_realization,B,complete,sample_time_s,0.24826511989037195,0.00791595909846174,3,"[8925, 77395, 65457]"
student_t_d2_df3.0_cor,new_matched_realization,B,complete,sliced_w1,0.43577656149864197,0.047062121674231176,3,"[8925, 77395, 65457]"
student_t_d2_df3.0_cor,new_matched_realization,B,complete,tail_exc_95,0.0008999995887279955,0.0,3,"[8925, 77395, 65457]"
student_t_d2_df3.0_cor,new_matched_realization,B,complete,tail_exc_99,0.0010999997705221087,0.0,3,"[8925, 77395, 65457]"
student_t_d2_df3.0_cor,new_matched_realization,B,complete,total_train_time_s,30.197632466753323,1.295211802868466,3,"[8925, 77395, 65457]"
student_t_d2_df3.0_cor,new_matched_realization,C,complete,angular_sw_bin0,0.8153391281763712,0.022560861208502984,3,"[8925, 77395, 65457]"
student_t_d2_df3.0_cor,new_matched_realization,C,complete,angular_sw_bin1,0.8687249024709066,0.019513627272184385,3,"[8925, 77395, 65457]"
student_t_d2_df3.0_cor,new_matched_realization,C,complete,angular_sw_bin2,0.8712670604387919,0.025467038507558694,3,"[8925, 77395, 65457]"
student_t_d2_df3.0_cor,new_matched_realization,C,complete,angular_sw_bin3,0.8708388010660807,0.027783909295739876,3,"[8925, 77395, 65457]"
student_t_d2_df3.0_cor,new_matched_realization,C,complete,angular_sw_mean,0.8565424730380377,0.022760128451248963,3,"[8925, 77395, 65457]"
student_t_d2_df3.0_cor,new_matched_realization,C,complete,exploding_norm_rate,0.0,0.0,3,"[8925, 77395, 65457]"
student_t_d2_df3.0_cor,new_matched_realization,C,complete,inf_rate,0.0,0.0,3,"[8925, 77395, 65457]"
student_t_d2_df3.0_cor,new_matched_realization,C,complete,invalid_rate,0.0,0.0,3,"[8925, 77395, 65457]"
student_t_d2_df3.0_cor,new_matched_realization,C,complete,ks_stat,0.01733332872390747,9.428250011886994e-05,3,"[8925, 77395, 65457]"
student_t_d2_df3.0_cor,new_matched_realization,C,complete,mmd,0.30193716287612915,0.010038569016096567,3,"[8925, 77395, 65457]"
student_t_d2_df3.0_cor,new_matched_realization,C,complete,nan_rate,0.0,0.0,3,"[8925, 77395, 65457]"
student_t_d2_df3.0_cor,new_matched_realization,C,complete,nfe,512,0.0,3,"[8925, 77395, 65457]"
student_t_d2_df3.0_cor,new_matched_realization,C,complete,q950_err,0.008016239736745074,0.0009394818568697478,3,"[8925, 77395, 65457]"
student_t_d2_df3.0_cor,new_matched_realization,C,complete,q990_err,0.03715139581795099,3.325637172914358e-05,3,"[8925, 77395, 65457]"
student_t_d2_df3.0_cor,new_matched_realization,C,complete,q995_err,0.10737211077001363,0.00010850624627654018,3,"[8925, 77395, 65457]"
student_t_d2_df3.0_cor,new_matched_realization,C,complete,radial_w1,0.017236443236470222,4.7566281490905893e-05,3,"[8925, 77395, 65457]"
student_t_d2_df3.0_cor,new_matched_realization,C,complete,sample_time_s,0.2195235217610995,0.006953517778927024,3,"[8925, 77395, 65457]"
student_t_d2_df3.0_cor,new_matched_realization,C,complete,sliced_w1,0.47268229722976685,0.008276604550474593,3,"[8925, 77395, 65457]"
student_t_d2_df3.0_cor,new_matched_realization,C,complete,tail_exc_95,0.0008666669329007911,4.713949394074702e-05,3,"[8925, 77395, 65457]"
student_t_d2_df3.0_cor,new_matched_realization,C,complete,tail_exc_99,0.0010999997705221087,0.0,3,"[8925, 77395, 65457]"
student_t_d2_df3.0_cor,new_matched_realization,C,complete,total_train_time_s,29.5117053737243,1.8757507216020972,3,"[8925, 77395, 65457]"
student_t_d32_df3.0_cor,new_matched_realization,A,complete,angular_sw_bin0,0.009913029459615549,0.00030496568910283,3,"[8925, 77395, 65457]"
student_t_d32_df3.0_cor,new_matched_realization,A,complete,angular_sw_bin1,0.010696777453025183,0.0011556466967311424,3,"[8925, 77395, 65457]"
student_t_d32_df3.0_cor,new_matched_realization,A,complete,angular_sw_bin2,0.013291628410418829,0.0009424436617598493,3,"[8925, 77395, 65457]"
student_t_d32_df3.0_cor,new_matched_realization,A,complete,angular_sw_bin3,0.011778106292088827,0.0006274307076153899,3,"[8925, 77395, 65457]"
student_t_d32_df3.0_cor,new_matched_realization,A,complete,angular_sw_mean,0.011419885403787097,0.0004333351935223414,3,"[8925, 77395, 65457]"
student_t_d32_df3.0_cor,new_matched_realization,A,complete,exploding_norm_rate,0.0,0.0,3,"[8925, 77395, 65457]"
student_t_d32_df3.0_cor,new_matched_realization,A,complete,inf_rate,0.0,0.0,3,"[8925, 77395, 65457]"
student_t_d32_df3.0_cor,new_matched_realization,A,complete,invalid_rate,0.0,0.0,3,"[8925, 77395, 65457]"
student_t_d32_df3.0_cor,new_matched_realization,A,complete,ks_stat,0.010100007057189941,0.0,3,"[8925, 77395, 65457]"
student_t_d32_df3.0_cor,new_matched_realization,A,complete,mmd,0.0008532206217447916,0.00013935453208515887,3,"[8925, 77395, 65457]"
student_t_d32_df3.0_cor,new_matched_realization,A,complete,nan_rate,0.0,0.0,3,"[8925, 77395, 65457]"
student_t_d32_df3.0_cor,new_matched_realization,A,complete,nfe,512,0.0,3,"[8925, 77395, 65457]"
student_t_d32_df3.0_cor,new_matched_realization,A,complete,q950_err,0.00515995909690614,4.3004126020316886e-08,3,"[8925, 77395, 65457]"
student_t_d32_df3.0_cor,new_matched_realization,A,complete,q990_err,0.009318078661866121,5.092728152069618e-08,3,"[8925, 77395, 65457]"
student_t_d32_df3.0_cor,new_matched_realization,A,complete,q995_err,0.08700622681753814,1.3234918307967263e-07,3,"[8925, 77395, 65457]"
student_t_d32_df3.0_cor,new_matched_realization,A,complete,radial_w1,0.4210686882336934,2.8097899007262688e-08,3,"[8925, 77395, 65457]"
student_t_d32_df3.0_cor,new_matched_realization,A,complete,sample_time_s,0.1873335043589274,0.0007208219741617469,3,"[8925, 77395, 65457]"
student_t_d32_df3.0_cor,new_matched_realization,A,complete,sliced_w1,0.46892229715983075,0.03662706845435366,3,"[8925, 77395, 65457]"
student_t_d32_df3.0_cor,new_matched_realization,A,complete,tail_exc_95,0.001000001281499907,0.0,3,"[8925, 77395, 65457]"
student_t_d32_df3.0_cor,new_matched_realization,A,complete,tail_exc_99,0.0004000000283121974,0.0,3,"[8925, 77395, 65457]"
student_t_d32_df3.0_cor,new_matched_realization,A,complete,total_train_time_s,30.59152177472909,2.7605627047874957,3,"[8925, 77395, 65457]"
student_t_d32_df3.0_cor,new_matched_realization,B,complete,angular_sw_bin0,0.009853405257066091,0.00026219897942350725,3,"[8925, 77395, 65457]"
student_t_d32_df3.0_cor,new_matched_realization,B,complete,angular_sw_bin1,0.010211647177735964,0.001172955663722122,3,"[8925, 77395, 65457]"
student_t_d32_df3.0_cor,new_matched_realization,B,complete,angular_sw_bin2,0.012272043774525324,0.0005856121081406359,3,"[8925, 77395, 65457]"
student_t_d32_df3.0_cor,new_matched_realization,B,complete,angular_sw_bin3,0.010427449829876423,0.00047734390286294025,3,"[8925, 77395, 65457]"
student_t_d32_df3.0_cor,new_matched_realization,B,complete,angular_sw_mean,0.01069113650980095,0.00032476238538878396,3,"[8925, 77395, 65457]"
student_t_d32_df3.0_cor,new_matched_realization,B,complete,exploding_norm_rate,0.0,0.0,3,"[8925, 77395, 65457]"
student_t_d32_df3.0_cor,new_matched_realization,B,complete,inf_rate,0.0,0.0,3,"[8925, 77395, 65457]"
student_t_d32_df3.0_cor,new_matched_realization,B,complete,invalid_rate,0.0,0.0,3,"[8925, 77395, 65457]"
student_t_d32_df3.0_cor,new_matched_realization,B,complete,ks_stat,0.010100007057189941,0.0,3,"[8925, 77395, 65457]"
student_t_d32_df3.0_cor,new_matched_realization,B,complete,mmd,0.0006337960561116537,4.68485261625419e-05,3,"[8925, 77395, 65457]"
student_t_d32_df3.0_cor,new_matched_realization,B,complete,nan_rate,0.0,0.0,3,"[8925, 77395, 65457]"
student_t_d32_df3.0_cor,new_matched_realization,B,complete,nfe,512,0.0,3,"[8925, 77395, 65457]"
student_t_d32_df3.0_cor,new_matched_realization,B,complete,q950_err,0.005160019913924396,8.600825204063377e-08,3,"[8925, 77395, 65457]"
student_t_d32_df3.0_cor,new_matched_realization,B,complete,q990_err,0.009317974706988027,7.779270750230533e-08,3,"[8925, 77395, 65457]"
student_t_d32_df3.0_cor,new_matched_realization,B,complete,q995_err,0.08700612070211704,5.0023289240115795e-08,3,"[8925, 77395, 65457]"
student_t_d32_df3.0_cor,new_matched_realization,B,complete,radial_w1,0.4210686186949412,1.4048949503631344e-08,3,"[8925, 77395, 65457]"
student_t_d32_df3.0_cor,new_matched_realization,B,complete,sample_time_s,0.276601642370224,0.003236783058658036,3,"[8925, 77395, 65457]"
student_t_d32_df3.0_cor,new_matched_realization,B,complete,sliced_w1,0.41846488912900287,0.019367585333767746,3,"[8925, 77395, 65457]"
student_t_d32_df3.0_cor,new_matched_realization,B,complete,tail_exc_95,0.001000001281499907,0.0,3,"[8925, 77395, 65457]"
student_t_d32_df3.0_cor,new_matched_realization,B,complete,tail_exc_99,0.0004000000283121974,0.0,3,"[8925, 77395, 65457]"
student_t_d32_df3.0_cor,new_matched_realization,B,complete,total_train_time_s,28.26986573636532,1.482000947725227,3,"[8925, 77395, 65457]"
student_t_d32_df3.0_cor,new_matched_realization,C,complete,angular_sw_bin0,0.00974282001455625,0.0002450973001933016,3,"[8925, 77395, 65457]"
student_t_d32_df3.0_cor,new_matched_realization,C,complete,angular_sw_bin1,0.01018155924975872,0.0012533516161336777,3,"[8925, 77395, 65457]"
student_t_d32_df3.0_cor,new_matched_realization,C,complete,angular_sw_bin2,0.012413668756683668,0.0006739262124767138,3,"[8925, 77395, 65457]"
student_t_d32_df3.0_cor,new_matched_realization,C,complete,angular_sw_bin3,0.010409758426249027,0.0004452332335502943,3,"[8925, 77395, 65457]"
student_t_d32_df3.0_cor,new_matched_realization,C,complete,angular_sw_mean,0.010686951611811915,0.0003813787476936409,3,"[8925, 77395, 65457]"
student_t_d32_df3.0_cor,new_matched_realization,C,complete,exploding_norm_rate,0.0,0.0,3,"[8925, 77395, 65457]"
student_t_d32_df3.0_cor,new_matched_realization,C,complete,inf_rate,0.0,0.0,3,"[8925, 77395, 65457]"
student_t_d32_df3.0_cor,new_matched_realization,C,complete,invalid_rate,0.0,0.0,3,"[8925, 77395, 65457]"
student_t_d32_df3.0_cor,new_matched_realization,C,complete,ks_stat,0.010100007057189941,0.0,3,"[8925, 77395, 65457]"
student_t_d32_df3.0_cor,new_matched_realization,C,complete,mmd,0.0006252527236938477,6.956887727977878e-05,3,"[8925, 77395, 65457]"
student_t_d32_df3.0_cor,new_matched_realization,C,complete,nan_rate,0.0,0.0,3,"[8925, 77395, 65457]"
student_t_d32_df3.0_cor,new_matched_realization,C,complete,nfe,512,0.0,3,"[8925, 77395, 65457]"
student_t_d32_df3.0_cor,new_matched_realization,C,complete,q950_err,0.005160050322433524,8.600825204063377e-08,3,"[8925, 77395, 65457]"
student_t_d32_df3.0_cor,new_matched_realization,C,complete,q990_err,0.009318078661866121,1.0185456304139235e-07,3,"[8925, 77395, 65457]"
student_t_d32_df3.0_cor,new_matched_realization,C,complete,q995_err,0.08700615607392408,8.664287851992851e-08,3,"[8925, 77395, 65457]"
student_t_d32_df3.0_cor,new_matched_realization,C,complete,radial_w1,0.4210686484972636,5.6195798014525375e-08,3,"[8925, 77395, 65457]"
student_t_d32_df3.0_cor,new_matched_realization,C,complete,sample_time_s,0.24872376024723053,0.0001561975690576777,3,"[8925, 77395, 65457]"
student_t_d32_df3.0_cor,new_matched_realization,C,complete,sliced_w1,0.4152299662431081,0.02532527083018764,3,"[8925, 77395, 65457]"
student_t_d32_df3.0_cor,new_matched_realization,C,complete,tail_exc_95,0.001000001281499907,0.0,3,"[8925, 77395, 65457]"
student_t_d32_df3.0_cor,new_matched_realization,C,complete,tail_exc_99,0.0004000000283121974,0.0,3,"[8925, 77395, 65457]"
student_t_d32_df3.0_cor,new_matched_realization,C,complete,total_train_time_s,30.62312711775303,0.38259643482391525,3,"[8925, 77395, 65457]"
student_t_d64_df3.0_cor,new_matched_realization,A,complete,angular_sw_bin0,0.009128733848532041,0.0005094697656864534,3,"[8925, 77395, 65457]"
student_t_d64_df3.0_cor,new_matched_realization,A,complete,angular_sw_bin1,0.009114241848389307,0.0008566081488635894,3,"[8925, 77395, 65457]"
student_t_d64_df3.0_cor,new_matched_realization,A,complete,angular_sw_bin2,0.009038942555586496,0.0003073603565455843,3,"[8925, 77395, 65457]"
student_t_d64_df3.0_cor,new_matched_realization,A,complete,angular_sw_bin3,0.010183443004886309,0.0007385927414596323,3,"[8925, 77395, 65457]"
student_t_d64_df3.0_cor,new_matched_realization,A,complete,angular_sw_mean,0.00936634031434854,0.000597347785737927,3,"[8925, 77395, 65457]"
student_t_d64_df3.0_cor,new_matched_realization,A,complete,exploding_norm_rate,0.0,0.0,3,"[8925, 77395, 65457]"
student_t_d64_df3.0_cor,new_matched_realization,A,complete,inf_rate,0.0,0.0,3,"[8925, 77395, 65457]"
student_t_d64_df3.0_cor,new_matched_realization,A,complete,invalid_rate,0.0,0.0,3,"[8925, 77395, 65457]"
student_t_d64_df3.0_cor,new_matched_realization,A,complete,ks_stat,0.013800002634525299,0.0,3,"[8925, 77395, 65457]"
student_t_d64_df3.0_cor,new_matched_realization,A,complete,mmd,0.001776576042175293,0.00028742622975070703,3,"[8925, 77395, 65457]"
student_t_d64_df3.0_cor,new_matched_realization,A,complete,nan_rate,0.0,0.0,3,"[8925, 77395, 65457]"
student_t_d64_df3.0_cor,new_matched_realization,A,complete,nfe,512,0.0,3,"[8925, 77395, 65457]"
student_t_d64_df3.0_cor,new_matched_realization,A,complete,q950_err,0.012755703019110855,7.909256386627765e-08,3,"[8925, 77395, 65457]"
student_t_d64_df3.0_cor,new_matched_realization,A,complete,q990_err,0.00146712604725795,3.13337897177794e-08,3,"[8925, 77395, 65457]"
student_t_d64_df3.0_cor,new_matched_realization,A,complete,q995_err,0.016933600112216108,5.1431691240256274e-08,3,"[8925, 77395, 65457]"
student_t_d64_df3.0_cor,new_matched_realization,A,complete,radial_w1,0.819345494111379,2.8097899007262688e-08,3,"[8925, 77395, 65457]"
student_t_d64_df3.0_cor,new_matched_realization,A,complete,sample_time_s,0.21458546072244644,0.0004928210363480465,3,"[8925, 77395, 65457]"
student_t_d64_df3.0_cor,new_matched_realization,A,complete,sliced_w1,0.9176100293795267,0.06660982257247332,3,"[8925, 77395, 65457]"
student_t_d64_df3.0_cor,new_matched_realization,A,complete,tail_exc_95,0.0032999992370605913,0.0,3,"[8925, 77395, 65457]"
student_t_d64_df3.0_cor,new_matched_realization,A,complete,tail_exc_99,2.2351742678949904e-10,0.0,3,"[8925, 77395, 65457]"
student_t_d64_df3.0_cor,new_matched_realization,A,complete,total_train_time_s,29.44469617555539,2.678023706575681,3,"[8925, 77395, 65457]"
student_t_d64_df3.0_cor,new_matched_realization,B,complete,angular_sw_bin0,0.008435148435334364,0.0009173789820200604,3,"[8925, 77395, 65457]"
student_t_d64_df3.0_cor,new_matched_realization,B,complete,angular_sw_bin1,0.008542164073636135,0.0007256114142781291,3,"[8925, 77395, 65457]"
student_t_d64_df3.0_cor,new_matched_realization,B,complete,angular_sw_bin2,0.008036349589625994,0.0008212803800424754,3,"[8925, 77395, 65457]"
student_t_d64_df3.0_cor,new_matched_realization,B,complete,angular_sw_bin3,0.007900307110200325,0.0005182088196263123,3,"[8925, 77395, 65457]"
student_t_d64_df3.0_cor,new_matched_realization,B,complete,angular_sw_mean,0.008228492302199205,0.0007193359619488277,3,"[8925, 77395, 65457]"
student_t_d64_df3.0_cor,new_matched_realization,B,complete,exploding_norm_rate,0.0,0.0,3,"[8925, 77395, 65457]"
student_t_d64_df3.0_cor,new_matched_realization,B,complete,inf_rate,0.0,0.0,3,"[8925, 77395, 65457]"
student_t_d64_df3.0_cor,new_matched_realization,B,complete,invalid_rate,0.0,0.0,3,"[8925, 77395, 65457]"
student_t_d64_df3.0_cor,new_matched_realization,B,complete,ks_stat,0.013800002634525299,0.0,3,"[8925, 77395, 65457]"
student_t_d64_df3.0_cor,new_matched_realization,B,complete,mmd,0.0011554559071858723,0.00032652549939739993,3,"[8925, 77395, 65457]"
student_t_d64_df3.0_cor,new_matched_realization,B,complete,nan_rate,0.0,0.0,3,"[8925, 77395, 65457]"
student_t_d64_df3.0_cor,new_matched_realization,B,complete,nfe,512,0.0,3,"[8925, 77395, 65457]"
student_t_d64_df3.0_cor,new_matched_realization,B,complete,q950_err,0.012755638440302882,4.566411303909307e-08,3,"[8925, 77395, 65457]"
student_t_d64_df3.0_cor,new_matched_realization,B,complete,q990_err,0.0014671703599283294,0.0,3,"[8925, 77395, 65457]"
student_t_d64_df3.0_cor,new_matched_realization,B,complete,q995_err,0.01693363647991375,5.1431691240256274e-08,3,"[8925, 77395, 65457]"
student_t_d64_df3.0_cor,new_matched_realization,B,complete,radial_w1,0.8193454543749491,2.8097899007262688e-08,3,"[8925, 77395, 65457]"
student_t_d64_df3.0_cor,new_matched_realization,B,complete,sample_time_s,0.33674491693576175,0.004680361484442714,3,"[8925, 77395, 65457]"
student_t_d64_df3.0_cor,new_matched_realization,B,complete,sliced_w1,0.7339073816935221,0.11586560442567764,3,"[8925, 77395, 65457]"
student_t_d64_df3.0_cor,new_matched_realization,B,complete,tail_exc_95,0.0032999992370605913,0.0,3,"[8925, 77395, 65457]"
student_t_d64_df3.0_cor,new_matched_realization,B,complete,tail_exc_99,2.2351742678949904e-10,0.0,3,"[8925, 77395, 65457]"
student_t_d64_df3.0_cor,new_matched_realization,B,complete,total_train_time_s,29.808939655621845,1.5317691993798443,3,"[8925, 77395, 65457]"
student_t_d64_df3.0_cor,new_matched_realization,C,complete,angular_sw_bin0,0.008227440839012464,0.0008648921765139278,3,"[8925, 77395, 65457]"
student_t_d64_df3.0_cor,new_matched_realization,C,complete,angular_sw_bin1,0.008475177766134342,0.0007265234339401149,3,"[8925, 77395, 65457]"
student_t_d64_df3.0_cor,new_matched_realization,C,complete,angular_sw_bin2,0.00802195817232132,0.0007990234690430367,3,"[8925, 77395, 65457]"
student_t_d64_df3.0_cor,new_matched_realization,C,complete,angular_sw_bin3,0.007592255560060342,0.0004726081337232378,3,"[8925, 77395, 65457]"
student_t_d64_df3.0_cor,new_matched_realization,C,complete,angular_sw_mean,0.008079208084382117,0.0007095503047559252,3,"[8925, 77395, 65457]"
student_t_d64_df3.0_cor,new_matched_realization,C,complete,exploding_norm_rate,0.0,0.0,3,"[8925, 77395, 65457]"
student_t_d64_df3.0_cor,new_matched_realization,C,complete,inf_rate,0.0,0.0,3,"[8925, 77395, 65457]"
student_t_d64_df3.0_cor,new_matched_realization,C,complete,invalid_rate,0.0,0.0,3,"[8925, 77395, 65457]"
student_t_d64_df3.0_cor,new_matched_realization,C,complete,ks_stat,0.013800002634525299,0.0,3,"[8925, 77395, 65457]"
student_t_d64_df3.0_cor,new_matched_realization,C,complete,mmd,0.0011405547459920247,0.00032232784531917606,3,"[8925, 77395, 65457]"
student_t_d64_df3.0_cor,new_matched_realization,C,complete,nan_rate,0.0,0.0,3,"[8925, 77395, 65457]"
student_t_d64_df3.0_cor,new_matched_realization,C,complete,nfe,512,0.0,3,"[8925, 77395, 65457]"
student_t_d64_df3.0_cor,new_matched_realization,C,complete,q950_err,0.012755670729706868,4.566411303909307e-08,3,"[8925, 77395, 65457]"
student_t_d64_df3.0_cor,new_matched_realization,C,complete,q990_err,0.0014671482035931397,3.13337897177794e-08,3,"[8925, 77395, 65457]"
student_t_d64_df3.0_cor,new_matched_realization,C,complete,q995_err,0.01693363647991375,5.1431691240256274e-08,3,"[8925, 77395, 65457]"
student_t_d64_df3.0_cor,new_matched_realization,C,complete,radial_w1,0.8193453550338745,9.733397733303619e-08,3,"[8925, 77395, 65457]"
student_t_d64_df3.0_cor,new_matched_realization,C,complete,sample_time_s,0.2965576226512591,0.0038179279518464407,3,"[8925, 77395, 65457]"
student_t_d64_df3.0_cor,new_matched_realization,C,complete,sliced_w1,0.7282162110010783,0.11406779969961783,3,"[8925, 77395, 65457]"
student_t_d64_df3.0_cor,new_matched_realization,C,complete,tail_exc_95,0.0032999992370605913,0.0,3,"[8925, 77395, 65457]"
student_t_d64_df3.0_cor,new_matched_realization,C,complete,tail_exc_99,2.2351742678949904e-10,0.0,3,"[8925, 77395, 65457]"
student_t_d64_df3.0_cor,new_matched_realization,C,complete,total_train_time_s,30.22074167430401,4.886044815452155,3,"[8925, 77395, 65457]"
student_t_d8_df3.0_cor,new_matched_realization,A,complete,angular_sw_bin0,0.0224812850356102,0.0024771224773820965,3,"[8925, 77395, 65457]"
student_t_d8_df3.0_cor,new_matched_realization,A,complete,angular_sw_bin1,0.015804677891234558,0.0009890780213930356,3,"[8925, 77395, 65457]"
student_t_d8_df3.0_cor,new_matched_realization,A,complete,angular_sw_bin2,0.0175227802246809,0.0029162323044086835,3,"[8925, 77395, 65457]"
student_t_d8_df3.0_cor,new_matched_realization,A,complete,angular_sw_bin3,0.015609835584958395,0.0022713572314162116,3,"[8925, 77395, 65457]"
student_t_d8_df3.0_cor,new_matched_realization,A,complete,angular_sw_mean,0.017854644684121013,0.0015182473515699033,3,"[8925, 77395, 65457]"
student_t_d8_df3.0_cor,new_matched_realization,A,complete,exploding_norm_rate,0.0,0.0,3,"[8925, 77395, 65457]"
student_t_d8_df3.0_cor,new_matched_realization,A,complete,inf_rate,0.0,0.0,3,"[8925, 77395, 65457]"
student_t_d8_df3.0_cor,new_matched_realization,A,complete,invalid_rate,0.0,0.0,3,"[8925, 77395, 65457]"
student_t_d8_df3.0_cor,new_matched_realization,A,complete,ks_stat,0.013899996876716614,0.0,3,"[8925, 77395, 65457]"
student_t_d8_df3.0_cor,new_matched_realization,A,complete,mmd,0.0005482832590738932,0.00021411798886074494,3,"[8925, 77395, 65457]"
student_t_d8_df3.0_cor,new_matched_realization,A,complete,nan_rate,0.0,0.0,3,"[8925, 77395, 65457]"
student_t_d8_df3.0_cor,new_matched_realization,A,complete,nfe,512,0.0,3,"[8925, 77395, 65457]"
student_t_d8_df3.0_cor,new_matched_realization,A,complete,q950_err,0.0016198119458964819,6.429610673656845e-08,3,"[8925, 77395, 65457]"
student_t_d8_df3.0_cor,new_matched_realization,A,complete,q990_err,0.0194765076969145,9.344119486005658e-08,3,"[8925, 77395, 65457]"
student_t_d8_df3.0_cor,new_matched_realization,A,complete,q995_err,0.11283480562669396,0.0,3,"[8925, 77395, 65457]"
student_t_d8_df3.0_cor,new_matched_realization,A,complete,radial_w1,0.1924387514591217,1.2166747166629524e-08,3,"[8925, 77395, 65457]"
student_t_d8_df3.0_cor,new_matched_realization,A,complete,sample_time_s,0.17076212167739868,0.0005566730259418773,3,"[8925, 77395, 65457]"
student_t_d8_df3.0_cor,new_matched_realization,A,complete,sliced_w1,0.19770289957523346,0.02692466147890092,3,"[8925, 77395, 65457]"
student_t_d8_df3.0_cor,new_matched_realization,A,complete,tail_exc_95,0.0003000006079674211,0.0,3,"[8925, 77395, 65457]"
student_t_d8_df3.0_cor,new_matched_realization,A,complete,tail_exc_99,0.0008000002801418216,0.0,3,"[8925, 77395, 65457]"
student_t_d8_df3.0_cor,new_matched_realization,A,complete,total_train_time_s,28.742095045745373,1.1921107346238204,3,"[8925, 77395, 65457]"
student_t_d8_df3.0_cor,new_matched_realization,B,complete,angular_sw_bin0,0.02431296867628892,0.0023510440804593823,3,"[8925, 77395, 65457]"
student_t_d8_df3.0_cor,new_matched_realization,B,complete,angular_sw_bin1,0.015585162676870823,0.0005448111120922943,3,"[8925, 77395, 65457]"
student_t_d8_df3.0_cor,new_matched_realization,B,complete,angular_sw_bin2,0.016634217463433743,0.002038694296374884,3,"[8925, 77395, 65457]"
student_t_d8_df3.0_cor,new_matched_realization,B,complete,angular_sw_bin3,0.014449044751624266,0.0009271081424004869,3,"[8925, 77395, 65457]"
student_t_d8_df3.0_cor,new_matched_realization,B,complete,angular_sw_mean,0.01774534839205444,0.00037740936914735005,3,"[8925, 77395, 65457]"
student_t_d8_df3.0_cor,new_matched_realization,B,complete,exploding_norm_rate,0.0,0.0,3,"[8925, 77395, 65457]"
student_t_d8_df3.0_cor,new_matched_realization,B,complete,inf_rate,0.0,0.0,3,"[8925, 77395, 65457]"
student_t_d8_df3.0_cor,new_matched_realization,B,complete,invalid_rate,0.0,0.0,3,"[8925, 77395, 65457]"
student_t_d8_df3.0_cor,new_matched_realization,B,complete,ks_stat,0.013899996876716614,0.0,3,"[8925, 77395, 65457]"
student_t_d8_df3.0_cor,new_matched_realization,B,complete,mmd,0.000478823979695638,0.00012427709307025913,3,"[8925, 77395, 65457]"
student_t_d8_df3.0_cor,new_matched_realization,B,complete,nan_rate,0.0,0.0,3,"[8925, 77395, 65457]"
student_t_d8_df3.0_cor,new_matched_realization,B,complete,nfe,512,0.0,3,"[8925, 77395, 65457]"
student_t_d8_df3.0_cor,new_matched_realization,B,complete,q950_err,0.0016196807020181885,9.8213925337095e-08,3,"[8925, 77395, 65457]"
student_t_d8_df3.0_cor,new_matched_realization,B,complete,q990_err,0.019476309478206916,9.344119486005658e-08,3,"[8925, 77395, 65457]"
student_t_d8_df3.0_cor,new_matched_realization,B,complete,q995_err,0.11283486028208882,2.0450176192624227e-07,3,"[8925, 77395, 65457]"
student_t_d8_df3.0_cor,new_matched_realization,B,complete,radial_w1,0.19243875642617544,3.512237375907836e-08,3,"[8925, 77395, 65457]"
student_t_d8_df3.0_cor,new_matched_realization,B,complete,sample_time_s,0.24749628454446793,0.00782203718604709,3,"[8925, 77395, 65457]"
student_t_d8_df3.0_cor,new_matched_realization,B,complete,sliced_w1,0.18293369313081106,0.013048033157865352,3,"[8925, 77395, 65457]"
student_t_d8_df3.0_cor,new_matched_realization,B,complete,tail_exc_95,0.0003000006079674211,0.0,3,"[8925, 77395, 65457]"
student_t_d8_df3.0_cor,new_matched_realization,B,complete,tail_exc_99,0.0008000002801418216,0.0,3,"[8925, 77395, 65457]"
student_t_d8_df3.0_cor,new_matched_realization,B,complete,total_train_time_s,29.280481837689877,2.0111185237727036,3,"[8925, 77395, 65457]"
student_t_d8_df3.0_cor,new_matched_realization,C,complete,angular_sw_bin0,0.027017942319313686,0.0017875230245307703,3,"[8925, 77395, 65457]"
student_t_d8_df3.0_cor,new_matched_realization,C,complete,angular_sw_bin1,0.01624479579428832,0.000655815441872893,3,"[8925, 77395, 65457]"
student_t_d8_df3.0_cor,new_matched_realization,C,complete,angular_sw_bin2,0.018532841776808102,0.0016302275489228839,3,"[8925, 77395, 65457]"
student_t_d8_df3.0_cor,new_matched_realization,C,complete,angular_sw_bin3,0.022755160306890804,0.0018064708630614436,3,"[8925, 77395, 65457]"
student_t_d8_df3.0_cor,new_matched_realization,C,complete,angular_sw_mean,0.021137685049325228,0.00039376662228917,3,"[8925, 77395, 65457]"
student_t_d8_df3.0_cor,new_matched_realization,C,complete,exploding_norm_rate,0.0,0.0,3,"[8925, 77395, 65457]"
student_t_d8_df3.0_cor,new_matched_realization,C,complete,inf_rate,0.0,0.0,3,"[8925, 77395, 65457]"
student_t_d8_df3.0_cor,new_matched_realization,C,complete,invalid_rate,0.0,0.0,3,"[8925, 77395, 65457]"
student_t_d8_df3.0_cor,new_matched_realization,C,complete,ks_stat,0.013899996876716614,0.0,3,"[8925, 77395, 65457]"
student_t_d8_df3.0_cor,new_matched_realization,C,complete,mmd,0.0006961425145467123,0.00015244282509115192,3,"[8925, 77395, 65457]"
student_t_d8_df3.0_cor,new_matched_realization,C,complete,nan_rate,0.0,0.0,3,"[8925, 77395, 65457]"
student_t_d8_df3.0_cor,new_matched_realization,C,complete,nfe,512,0.0,3,"[8925, 77395, 65457]"
student_t_d8_df3.0_cor,new_matched_realization,C,complete,q950_err,0.0016197331995695058,6.429610673656845e-08,3,"[8925, 77395, 65457]"
student_t_d8_df3.0_cor,new_matched_realization,C,complete,q990_err,0.01947640858756071,9.34411948616921e-08,3,"[8925, 77395, 65457]"
student_t_d8_df3.0_cor,new_matched_realization,C,complete,q995_err,0.11283499692057598,2.0450176192624227e-07,3,"[8925, 77395, 65457]"
student_t_d8_df3.0_cor,new_matched_realization,C,complete,radial_w1,0.19243877629439035,2.5327103900873586e-08,3,"[8925, 77395, 65457]"
student_t_d8_df3.0_cor,new_matched_realization,C,complete,sample_time_s,0.21658490598201752,0.00022080179371154044,3,"[8925, 77395, 65457]"
student_t_d8_df3.0_cor,new_matched_realization,C,complete,sliced_w1,0.24244736631711325,0.01912145879722741,3,"[8925, 77395, 65457]"
student_t_d8_df3.0_cor,new_matched_realization,C,complete,tail_exc_95,0.0003000006079674211,0.0,3,"[8925, 77395, 65457]"
student_t_d8_df3.0_cor,new_matched_realization,C,complete,tail_exc_99,0.0008000002801418216,0.0,3,"[8925, 77395, 65457]"
student_t_d8_df3.0_cor,new_matched_realization,C,complete,total_train_time_s,30.933189012110233,3.1460525750766877,3,"[8925, 77395, 65457]"
toy_radial_angular,new_matched_realization,A,incomplete,,,,,[]
toy_radial_angular,new_matched_realization,B,incomplete,,,,,[]
toy_radial_angular,new_matched_realization,C,incomplete,,,,,[]
weather_au_wind,new_matched_runs_on_verified_existing_cache,A,complete,angular_sw_bin0,0.01655888929963112,0.0006259642617193864,3,"[8925, 77395, 65457]"
weather_au_wind,new_matched_runs_on_verified_existing_cache,A,complete,angular_sw_bin1,0.014370839421947798,0.0008312278177137199,3,"[8925, 77395, 65457]"
weather_au_wind,new_matched_runs_on_verified_existing_cache,A,complete,angular_sw_bin2,0.012202555313706398,0.0003107308870969692,3,"[8925, 77395, 65457]"
weather_au_wind,new_matched_runs_on_verified_existing_cache,A,complete,angular_sw_bin3,0.014651205701132616,0.0015019823542074824,3,"[8925, 77395, 65457]"
weather_au_wind,new_matched_runs_on_verified_existing_cache,A,complete,angular_sw_mean,0.014445872434104482,0.000456231230379416,3,"[8925, 77395, 65457]"
weather_au_wind,new_matched_runs_on_verified_existing_cache,A,complete,exploding_norm_rate,0.0,0.0,3,"[8925, 77395, 65457]"
weather_au_wind,new_matched_runs_on_verified_existing_cache,A,complete,inf_rate,0.0,0.0,3,"[8925, 77395, 65457]"
weather_au_wind,new_matched_runs_on_verified_existing_cache,A,complete,invalid_rate,0.0,0.0,3,"[8925, 77395, 65457]"
weather_au_wind,new_matched_runs_on_verified_existing_cache,A,complete,ks_stat,0.0330484410127004,0.0017562448125893913,3,"[8925, 77395, 65457]"
weather_au_wind,new_matched_runs_on_verified_existing_cache,A,complete,mmd,0.0020056962966918945,8.472658562445441e-05,3,"[8925, 77395, 65457]"
weather_au_wind,new_matched_runs_on_verified_existing_cache,A,complete,nan_rate,0.0,0.0,3,"[8925, 77395, 65457]"
weather_au_wind,new_matched_runs_on_verified_existing_cache,A,complete,nfe,512,0.0,3,"[8925, 77395, 65457]"
weather_au_wind,new_matched_runs_on_verified_existing_cache,A,complete,q950_err,0.012157265417953122,0.008803431648779376,3,"[8925, 77395, 65457]"
weather_au_wind,new_matched_runs_on_verified_existing_cache,A,complete,q990_err,0.027691109710111975,0.004221341710029541,3,"[8925, 77395, 65457]"
weather_au_wind,new_matched_runs_on_verified_existing_cache,A,complete,q995_err,0.008280195598957537,0.002365036483382514,3,"[8925, 77395, 65457]"
weather_au_wind,new_matched_runs_on_verified_existing_cache,A,complete,radial_w1,0.08726942787567775,0.004774250306321568,3,"[8925, 77395, 65457]"
weather_au_wind,new_matched_runs_on_verified_existing_cache,A,complete,sample_time_s,0.14456033955017725,0.0010310975116158715,3,"[8925, 77395, 65457]"
weather_au_wind,new_matched_runs_on_verified_existing_cache,A,complete,sliced_w1,0.07666529963413875,0.0007494695428524451,3,"[8925, 77395, 65457]"
weather_au_wind,new_matched_runs_on_verified_existing_cache,A,complete,tail_exc_95,0.006980055818955148,0.004750236754052717,3,"[8925, 77395, 65457]"
weather_au_wind,new_matched_runs_on_verified_existing_cache,A,complete,tail_exc_99,0.007948718741536132,0.0006978602839835361,3,"[8925, 77395, 65457]"
weather_au_wind,new_matched_runs_on_verified_existing_cache,A,complete,total_train_time_s,28.705377265810966,0.48873669094056776,3,"[8925, 77395, 65457]"
weather_au_wind,new_matched_runs_on_verified_existing_cache,B,complete,angular_sw_bin0,0.015602820242444674,0.0007383938901501546,3,"[8925, 77395, 65457]"
weather_au_wind,new_matched_runs_on_verified_existing_cache,B,complete,angular_sw_bin1,0.015161198253432909,0.000184362845590482,3,"[8925, 77395, 65457]"
weather_au_wind,new_matched_runs_on_verified_existing_cache,B,complete,angular_sw_bin2,0.01283988356590271,0.000364393822585792,3,"[8925, 77395, 65457]"
weather_au_wind,new_matched_runs_on_verified_existing_cache,B,complete,angular_sw_bin3,0.015091124611596266,0.0010375735121644961,3,"[8925, 77395, 65457]"
weather_au_wind,new_matched_runs_on_verified_existing_cache,B,complete,angular_sw_mean,0.01467375666834414,0.0002101124729953709,3,"[8925, 77395, 65457]"
weather_au_wind,new_matched_runs_on_verified_existing_cache,B,complete,exploding_norm_rate,0.0,0.0,3,"[8925, 77395, 65457]"
weather_au_wind,new_matched_runs_on_verified_existing_cache,B,complete,inf_rate,0.0,0.0,3,"[8925, 77395, 65457]"
weather_au_wind,new_matched_runs_on_verified_existing_cache,B,complete,invalid_rate,0.0,0.0,3,"[8925, 77395, 65457]"
weather_au_wind,new_matched_runs_on_verified_existing_cache,B,complete,ks_stat,0.0330484410127004,0.0017562448125893913,3,"[8925, 77395, 65457]"
weather_au_wind,new_matched_runs_on_verified_existing_cache,B,complete,mmd,0.0023470322291056314,0.00020206403196371846,3,"[8925, 77395, 65457]"
weather_au_wind,new_matched_runs_on_verified_existing_cache,B,complete,nan_rate,0.0,0.0,3,"[8925, 77395, 65457]"
weather_au_wind,new_matched_runs_on_verified_existing_cache,B,complete,nfe,512,0.0,3,"[8925, 77395, 65457]"
weather_au_wind,new_matched_runs_on_verified_existing_cache,B,complete,q950_err,0.012157216166650494,0.00880345651678006,3,"[8925, 77395, 65457]"
weather_au_wind,new_matched_runs_on_verified_existing_cache,B,complete,q990_err,0.02769113263968871,0.004221255915933402,3,"[8925, 77395, 65457]"
weather_au_wind,new_matched_runs_on_verified_existing_cache,B,complete,q995_err,0.008280195598957537,0.0023650216213186486,3,"[8925, 77395, 65457]"
weather_au_wind,new_matched_runs_on_verified_existing_cache,B,complete,radial_w1,0.08726940800746281,0.004774268528671011,3,"[8925, 77395, 65457]"
weather_au_wind,new_matched_runs_on_verified_existing_cache,B,complete,sample_time_s,0.2152646705508232,0.004488657138432191,3,"[8925, 77395, 65457]"
weather_au_wind,new_matched_runs_on_verified_existing_cache,B,complete,sliced_w1,0.08192249635855357,0.0028151027221003226,3,"[8925, 77395, 65457]"
weather_au_wind,new_matched_runs_on_verified_existing_cache,B,complete,tail_exc_95,0.006980055818955148,0.004750236754052717,3,"[8925, 77395, 65457]"
weather_au_wind,new_matched_runs_on_verified_existing_cache,B,complete,tail_exc_99,0.007948718741536132,0.0006978602839835361,3,"[8925, 77395, 65457]"
weather_au_wind,new_matched_runs_on_verified_existing_cache,B,complete,total_train_time_s,29.27618556966384,2.001145482894742,3,"[8925, 77395, 65457]"
weather_au_wind,new_matched_runs_on_verified_existing_cache,C,complete,angular_sw_bin0,0.022563104207317036,0.0007405670247552225,3,"[8925, 77395, 65457]"
weather_au_wind,new_matched_runs_on_verified_existing_cache,C,complete,angular_sw_bin1,0.015423451860745748,0.0001676978441799927,3,"[8925, 77395, 65457]"
weather_au_wind,new_matched_runs_on_verified_existing_cache,C,complete,angular_sw_bin2,0.012857502326369286,0.0003739886935674003,3,"[8925, 77395, 65457]"
weather_au_wind,new_matched_runs_on_verified_existing_cache,C,complete,angular_sw_bin3,0.02034785846869151,0.0025393086872531486,3,"[8925, 77395, 65457]"
weather_au_wind,new_matched_runs_on_verified_existing_cache,C,complete,angular_sw_mean,0.017797979215780895,0.0006163232667505144,3,"[8925, 77395, 65457]"
weather_au_wind,new_matched_runs_on_verified_existing_cache,C,complete,exploding_norm_rate,0.0,0.0,3,"[8925, 77395, 65457]"
weather_au_wind,new_matched_runs_on_verified_existing_cache,C,complete,inf_rate,0.0,0.0,3,"[8925, 77395, 65457]"
weather_au_wind,new_matched_runs_on_verified_existing_cache,C,complete,invalid_rate,0.0,0.0,3,"[8925, 77395, 65457]"
weather_au_wind,new_matched_runs_on_verified_existing_cache,C,complete,ks_stat,0.0330484410127004,0.0017562448125893913,3,"[8925, 77395, 65457]"
weather_au_wind,new_matched_runs_on_verified_existing_cache,C,complete,mmd,0.0020775794982910156,0.00016937197239089881,3,"[8925, 77395, 65457]"
weather_au_wind,new_matched_runs_on_verified_existing_cache,C,complete,nan_rate,0.0,0.0,3,"[8925, 77395, 65457]"
weather_au_wind,new_matched_runs_on_verified_existing_cache,C,complete,nfe,512,0.0,3,"[8925, 77395, 65457]"
weather_au_wind,new_matched_runs_on_verified_existing_cache,C,complete,q950_err,0.012157216166650494,0.008803440329363116,3,"[8925, 77395, 65457]"
weather_au_wind,new_matched_runs_on_verified_existing_cache,C,complete,q990_err,0.02769113263968871,0.004221366296877233,3,"[8925, 77395, 65457]"
weather_au_wind,new_matched_runs_on_verified_existing_cache,C,complete,q995_err,0.008280195598957537,0.002365036483382514,3,"[8925, 77395, 65457]"
weather_au_wind,new_matched_runs_on_verified_existing_cache,C,complete,radial_w1,0.08726940304040909,0.004774267515793422,3,"[8925, 77395, 65457]"
weather_au_wind,new_matched_runs_on_verified_existing_cache,C,complete,sample_time_s,0.18393790970245996,0.002865163915853077,3,"[8925, 77395, 65457]"
weather_au_wind,new_matched_runs_on_verified_existing_cache,C,complete,sliced_w1,0.0813395803173383,0.0015758528220282046,3,"[8925, 77395, 65457]"
weather_au_wind,new_matched_runs_on_verified_existing_cache,C,complete,tail_exc_95,0.006980055818955148,0.004750236754052717,3,"[8925, 77395, 65457]"
weather_au_wind,new_matched_runs_on_verified_existing_cache,C,complete,tail_exc_99,0.007948718741536132,0.0006978602839835361,3,"[8925, 77395, 65457]"
weather_au_wind,new_matched_runs_on_verified_existing_cache,C,complete,total_train_time_s,30.151646574338276,2.630774639854301,3,"[8925, 77395, 65457]"
