condition,comparison_label,method,seed,status,metric,value,result_path
aniso_k1,new_matched_realization,tflow,8925,complete,angular_sw_bin0,0.08609000593423843,/mnt/vast01/users/fouad.oubari/msgm/rafm-additions/outputs_tflow_full/v2/final/aniso_k1/seed_8925/result.json
aniso_k1,new_matched_realization,tflow,8925,complete,angular_sw_bin1,0.09823734313249588,/mnt/vast01/users/fouad.oubari/msgm/rafm-additions/outputs_tflow_full/v2/final/aniso_k1/seed_8925/result.json
aniso_k1,new_matched_realization,tflow,8925,complete,angular_sw_bin2,0.09733874350786209,/mnt/vast01/users/fouad.oubari/msgm/rafm-additions/outputs_tflow_full/v2/final/aniso_k1/seed_8925/result.json
aniso_k1,new_matched_realization,tflow,8925,complete,angular_sw_bin3,0.1088414192199707,/mnt/vast01/users/fouad.oubari/msgm/rafm-additions/outputs_tflow_full/v2/final/aniso_k1/seed_8925/result.json
aniso_k1,new_matched_realization,tflow,8925,complete,angular_sw_mean,0.09762687794864178,/mnt/vast01/users/fouad.oubari/msgm/rafm-additions/outputs_tflow_full/v2/final/aniso_k1/seed_8925/result.json
aniso_k1,new_matched_realization,tflow,8925,complete,exploding_norm_rate,0.0,/mnt/vast01/users/fouad.oubari/msgm/rafm-additions/outputs_tflow_full/v2/final/aniso_k1/seed_8925/result.json
aniso_k1,new_matched_realization,tflow,8925,complete,inf_rate,0.0,/mnt/vast01/users/fouad.oubari/msgm/rafm-additions/outputs_tflow_full/v2/final/aniso_k1/seed_8925/result.json
aniso_k1,new_matched_realization,tflow,8925,complete,invalid_rate,0.0,/mnt/vast01/users/fouad.oubari/msgm/rafm-additions/outputs_tflow_full/v2/final/aniso_k1/seed_8925/result.json
aniso_k1,new_matched_realization,tflow,8925,complete,ks_stat,0.27790001034736633,/mnt/vast01/users/fouad.oubari/msgm/rafm-additions/outputs_tflow_full/v2/final/aniso_k1/seed_8925/result.json
aniso_k1,new_matched_realization,tflow,8925,complete,mmd,0.1567096710205078,/mnt/vast01/users/fouad.oubari/msgm/rafm-additions/outputs_tflow_full/v2/final/aniso_k1/seed_8925/result.json
aniso_k1,new_matched_realization,tflow,8925,complete,n_params,41504,/mnt/vast01/users/fouad.oubari/msgm/rafm-additions/outputs_tflow_full/v2/final/aniso_k1/seed_8925/result.json
aniso_k1,new_matched_realization,tflow,8925,complete,nan_rate,0.0,/mnt/vast01/users/fouad.oubari/msgm/rafm-additions/outputs_tflow_full/v2/final/aniso_k1/seed_8925/result.json
aniso_k1,new_matched_realization,tflow,8925,complete,nfe,512,/mnt/vast01/users/fouad.oubari/msgm/rafm-additions/outputs_tflow_full/v2/final/aniso_k1/seed_8925/result.json
aniso_k1,new_matched_realization,tflow,8925,complete,q950_err,0.011927000050658838,/mnt/vast01/users/fouad.oubari/msgm/rafm-additions/outputs_tflow_full/v2/final/aniso_k1/seed_8925/result.json
aniso_k1,new_matched_realization,tflow,8925,complete,q990_err,0.012191348096902033,/mnt/vast01/users/fouad.oubari/msgm/rafm-additions/outputs_tflow_full/v2/final/aniso_k1/seed_8925/result.json
aniso_k1,new_matched_realization,tflow,8925,complete,q995_err,0.011738056376770454,/mnt/vast01/users/fouad.oubari/msgm/rafm-additions/outputs_tflow_full/v2/final/aniso_k1/seed_8925/result.json
aniso_k1,new_matched_realization,tflow,8925,complete,radial_w1,0.34423890709877014,/mnt/vast01/users/fouad.oubari/msgm/rafm-additions/outputs_tflow_full/v2/final/aniso_k1/seed_8925/result.json
aniso_k1,new_matched_realization,tflow,8925,complete,sample_time_s,0.42219915986061096,/mnt/vast01/users/fouad.oubari/msgm/rafm-additions/outputs_tflow_full/v2/final/aniso_k1/seed_8925/result.json
aniso_k1,new_matched_realization,tflow,8925,complete,sliced_w1,0.5661951303482056,/mnt/vast01/users/fouad.oubari/msgm/rafm-additions/outputs_tflow_full/v2/final/aniso_k1/seed_8925/result.json
aniso_k1,new_matched_realization,tflow,8925,complete,tail_exc_95,0.011500000208616301,/mnt/vast01/users/fouad.oubari/msgm/rafm-additions/outputs_tflow_full/v2/final/aniso_k1/seed_8925/result.json
aniso_k1,new_matched_realization,tflow,8925,complete,tail_exc_99,0.0016000002995133489,/mnt/vast01/users/fouad.oubari/msgm/rafm-additions/outputs_tflow_full/v2/final/aniso_k1/seed_8925/result.json
aniso_k1,new_matched_realization,tflow,8925,complete,total_train_time_s,34.1471820063889,/mnt/vast01/users/fouad.oubari/msgm/rafm-additions/outputs_tflow_full/v2/final/aniso_k1/seed_8925/result.json
aniso_k1,new_matched_realization,tflow,77395,complete,angular_sw_bin0,0.06665108352899551,/mnt/vast01/users/fouad.oubari/msgm/rafm-additions/outputs_tflow_full/v2/final/aniso_k1/seed_77395/result.json
aniso_k1,new_matched_realization,tflow,77395,complete,angular_sw_bin1,0.0752098485827446,/mnt/vast01/users/fouad.oubari/msgm/rafm-additions/outputs_tflow_full/v2/final/aniso_k1/seed_77395/result.json
aniso_k1,new_matched_realization,tflow,77395,complete,angular_sw_bin2,0.08079222589731216,/mnt/vast01/users/fouad.oubari/msgm/rafm-additions/outputs_tflow_full/v2/final/aniso_k1/seed_77395/result.json
aniso_k1,new_matched_realization,tflow,77395,complete,angular_sw_bin3,0.08923330157995224,/mnt/vast01/users/fouad.oubari/msgm/rafm-additions/outputs_tflow_full/v2/final/aniso_k1/seed_77395/result.json
aniso_k1,new_matched_realization,tflow,77395,complete,angular_sw_mean,0.07797161489725113,/mnt/vast01/users/fouad.oubari/msgm/rafm-additions/outputs_tflow_full/v2/final/aniso_k1/seed_77395/result.json
aniso_k1,new_matched_realization,tflow,77395,complete,exploding_norm_rate,0.0,/mnt/vast01/users/fouad.oubari/msgm/rafm-additions/outputs_tflow_full/v2/final/aniso_k1/seed_77395/result.json
aniso_k1,new_matched_realization,tflow,77395,complete,inf_rate,0.0,/mnt/vast01/users/fouad.oubari/msgm/rafm-additions/outputs_tflow_full/v2/final/aniso_k1/seed_77395/result.json
aniso_k1,new_matched_realization,tflow,77395,complete,invalid_rate,0.0,/mnt/vast01/users/fouad.oubari/msgm/rafm-additions/outputs_tflow_full/v2/final/aniso_k1/seed_77395/result.json
aniso_k1,new_matched_realization,tflow,77395,complete,ks_stat,0.21010001003742218,/mnt/vast01/users/fouad.oubari/msgm/rafm-additions/outputs_tflow_full/v2/final/aniso_k1/seed_77395/result.json
aniso_k1,new_matched_realization,tflow,77395,complete,mmd,0.09868752956390381,/mnt/vast01/users/fouad.oubari/msgm/rafm-additions/outputs_tflow_full/v2/final/aniso_k1/seed_77395/result.json
aniso_k1,new_matched_realization,tflow,77395,complete,n_params,41504,/mnt/vast01/users/fouad.oubari/msgm/rafm-additions/outputs_tflow_full/v2/final/aniso_k1/seed_77395/result.json
aniso_k1,new_matched_realization,tflow,77395,complete,nan_rate,0.0,/mnt/vast01/users/fouad.oubari/msgm/rafm-additions/outputs_tflow_full/v2/final/aniso_k1/seed_77395/result.json
aniso_k1,new_matched_realization,tflow,77395,complete,nfe,512,/mnt/vast01/users/fouad.oubari/msgm/rafm-additions/outputs_tflow_full/v2/final/aniso_k1/seed_77395/result.json
aniso_k1,new_matched_realization,tflow,77395,complete,q950_err,0.02736987295947283,/mnt/vast01/users/fouad.oubari/msgm/rafm-additions/outputs_tflow_full/v2/final/aniso_k1/seed_77395/result.json
aniso_k1,new_matched_realization,tflow,77395,complete,q990_err,0.01658806491552961,/mnt/vast01/users/fouad.oubari/msgm/rafm-additions/outputs_tflow_full/v2/final/aniso_k1/seed_77395/result.json
aniso_k1,new_matched_realization,tflow,77395,complete,q995_err,0.009316844601800644,/mnt/vast01/users/fouad.oubari/msgm/rafm-additions/outputs_tflow_full/v2/final/aniso_k1/seed_77395/result.json
aniso_k1,new_matched_realization,tflow,77395,complete,radial_w1,0.2570391893386841,/mnt/vast01/users/fouad.oubari/msgm/rafm-additions/outputs_tflow_full/v2/final/aniso_k1/seed_77395/result.json
aniso_k1,new_matched_realization,tflow,77395,complete,sample_time_s,0.42110590264201164,/mnt/vast01/users/fouad.oubari/msgm/rafm-additions/outputs_tflow_full/v2/final/aniso_k1/seed_77395/result.json
aniso_k1,new_matched_realization,tflow,77395,complete,sliced_w1,0.45194119215011597,/mnt/vast01/users/fouad.oubari/msgm/rafm-additions/outputs_tflow_full/v2/final/aniso_k1/seed_77395/result.json
aniso_k1,new_matched_realization,tflow,77395,complete,tail_exc_95,0.021899999305605933,/mnt/vast01/users/fouad.oubari/msgm/rafm-additions/outputs_tflow_full/v2/final/aniso_k1/seed_77395/result.json
aniso_k1,new_matched_realization,tflow,77395,complete,tail_exc_99,0.0023000000417232602,/mnt/vast01/users/fouad.oubari/msgm/rafm-additions/outputs_tflow_full/v2/final/aniso_k1/seed_77395/result.json
aniso_k1,new_matched_realization,tflow,77395,complete,total_train_time_s,32.28887553885579,/mnt/vast01/users/fouad.oubari/msgm/rafm-additions/outputs_tflow_full/v2/final/aniso_k1/seed_77395/result.json
aniso_k1,new_matched_realization,tflow,65457,complete,angular_sw_bin0,0.0809328630566597,/mnt/vast01/users/fouad.oubari/msgm/rafm-additions/outputs_tflow_full/v2/final/aniso_k1/seed_65457/result.json
aniso_k1,new_matched_realization,tflow,65457,complete,angular_sw_bin1,0.08295507729053497,/mnt/vast01/users/fouad.oubari/msgm/rafm-additions/outputs_tflow_full/v2/final/aniso_k1/seed_65457/result.json
aniso_k1,new_matched_realization,tflow,65457,complete,angular_sw_bin2,0.0908370316028595,/mnt/vast01/users/fouad.oubari/msgm/rafm-additions/outputs_tflow_full/v2/final/aniso_k1/seed_65457/result.json
aniso_k1,new_matched_realization,tflow,65457,complete,angular_sw_bin3,0.10010900348424911,/mnt/vast01/users/fouad.oubari/msgm/rafm-additions/outputs_tflow_full/v2/final/aniso_k1/seed_65457/result.json
aniso_k1,new_matched_realization,tflow,65457,complete,angular_sw_mean,0.08870849385857582,/mnt/vast01/users/fouad.oubari/msgm/rafm-additions/outputs_tflow_full/v2/final/aniso_k1/seed_65457/result.json
aniso_k1,new_matched_realization,tflow,65457,complete,exploding_norm_rate,0.0,/mnt/vast01/users/fouad.oubari/msgm/rafm-additions/outputs_tflow_full/v2/final/aniso_k1/seed_65457/result.json
aniso_k1,new_matched_realization,tflow,65457,complete,inf_rate,0.0,/mnt/vast01/users/fouad.oubari/msgm/rafm-additions/outputs_tflow_full/v2/final/aniso_k1/seed_65457/result.json
aniso_k1,new_matched_realization,tflow,65457,complete,invalid_rate,0.0,/mnt/vast01/users/fouad.oubari/msgm/rafm-additions/outputs_tflow_full/v2/final/aniso_k1/seed_65457/result.json
aniso_k1,new_matched_realization,tflow,65457,complete,ks_stat,0.26440000534057617,/mnt/vast01/users/fouad.oubari/msgm/rafm-additions/outputs_tflow_full/v2/final/aniso_k1/seed_65457/result.json
aniso_k1,new_matched_realization,tflow,65457,complete,mmd,0.12753021717071533,/mnt/vast01/users/fouad.oubari/msgm/rafm-additions/outputs_tflow_full/v2/final/aniso_k1/seed_65457/result.json
aniso_k1,new_matched_realization,tflow,65457,complete,n_params,41504,/mnt/vast01/users/fouad.oubari/msgm/rafm-additions/outputs_tflow_full/v2/final/aniso_k1/seed_65457/result.json
aniso_k1,new_matched_realization,tflow,65457,complete,nan_rate,0.0,/mnt/vast01/users/fouad.oubari/msgm/rafm-additions/outputs_tflow_full/v2/final/aniso_k1/seed_65457/result.json
aniso_k1,new_matched_realization,tflow,65457,complete,nfe,512,/mnt/vast01/users/fouad.oubari/msgm/rafm-additions/outputs_tflow_full/v2/final/aniso_k1/seed_65457/result.json
aniso_k1,new_matched_realization,tflow,65457,complete,q950_err,0.006104740907472996,/mnt/vast01/users/fouad.oubari/msgm/rafm-additions/outputs_tflow_full/v2/final/aniso_k1/seed_65457/result.json
aniso_k1,new_matched_realization,tflow,65457,complete,q990_err,0.01319190319627611,/mnt/vast01/users/fouad.oubari/msgm/rafm-additions/outputs_tflow_full/v2/final/aniso_k1/seed_65457/result.json
aniso_k1,new_matched_realization,tflow,65457,complete,q995_err,0.028715040708538475,/mnt/vast01/users/fouad.oubari/msgm/rafm-additions/outputs_tflow_full/v2/final/aniso_k1/seed_65457/result.json
aniso_k1,new_matched_realization,tflow,65457,complete,radial_w1,0.3507610559463501,/mnt/vast01/users/fouad.oubari/msgm/rafm-additions/outputs_tflow_full/v2/final/aniso_k1/seed_65457/result.json
aniso_k1,new_matched_realization,tflow,65457,complete,sample_time_s,0.4175105392932892,/mnt/vast01/users/fouad.oubari/msgm/rafm-additions/outputs_tflow_full/v2/final/aniso_k1/seed_65457/result.json
aniso_k1,new_matched_realization,tflow,65457,complete,sliced_w1,0.49603885412216187,/mnt/vast01/users/fouad.oubari/msgm/rafm-additions/outputs_tflow_full/v2/final/aniso_k1/seed_65457/result.json
aniso_k1,new_matched_realization,tflow,65457,complete,tail_exc_95,0.005799998342990831,/mnt/vast01/users/fouad.oubari/msgm/rafm-additions/outputs_tflow_full/v2/final/aniso_k1/seed_65457/result.json
aniso_k1,new_matched_realization,tflow,65457,complete,tail_exc_99,0.0016999996826052577,/mnt/vast01/users/fouad.oubari/msgm/rafm-additions/outputs_tflow_full/v2/final/aniso_k1/seed_65457/result.json
aniso_k1,new_matched_realization,tflow,65457,complete,total_train_time_s,33.330613892525434,/mnt/vast01/users/fouad.oubari/msgm/rafm-additions/outputs_tflow_full/v2/final/aniso_k1/seed_65457/result.json
aniso_k10,new_matched_realization,tflow,8925,complete,angular_sw_bin0,0.08640007674694061,/mnt/vast01/users/fouad.oubari/msgm/rafm-additions/outputs_tflow_full/v2/final/aniso_k10/seed_8925/result.json
aniso_k10,new_matched_realization,tflow,8925,complete,angular_sw_bin1,0.1261405050754547,/mnt/vast01/users/fouad.oubari/msgm/rafm-additions/outputs_tflow_full/v2/final/aniso_k10/seed_8925/result.json
aniso_k10,new_matched_realization,tflow,8925,complete,angular_sw_bin2,0.11167827993631363,/mnt/vast01/users/fouad.oubari/msgm/rafm-additions/outputs_tflow_full/v2/final/aniso_k10/seed_8925/result.json
aniso_k10,new_matched_realization,tflow,8925,complete,angular_sw_bin3,0.11868194490671158,/mnt/vast01/users/fouad.oubari/msgm/rafm-additions/outputs_tflow_full/v2/final/aniso_k10/seed_8925/result.json
aniso_k10,new_matched_realization,tflow,8925,complete,angular_sw_mean,0.11072520166635513,/mnt/vast01/users/fouad.oubari/msgm/rafm-additions/outputs_tflow_full/v2/final/aniso_k10/seed_8925/result.json
aniso_k10,new_matched_realization,tflow,8925,complete,exploding_norm_rate,0.0,/mnt/vast01/users/fouad.oubari/msgm/rafm-additions/outputs_tflow_full/v2/final/aniso_k10/seed_8925/result.json
aniso_k10,new_matched_realization,tflow,8925,complete,inf_rate,0.0,/mnt/vast01/users/fouad.oubari/msgm/rafm-additions/outputs_tflow_full/v2/final/aniso_k10/seed_8925/result.json
aniso_k10,new_matched_realization,tflow,8925,complete,invalid_rate,0.0,/mnt/vast01/users/fouad.oubari/msgm/rafm-additions/outputs_tflow_full/v2/final/aniso_k10/seed_8925/result.json
aniso_k10,new_matched_realization,tflow,8925,complete,ks_stat,0.8094000220298767,/mnt/vast01/users/fouad.oubari/msgm/rafm-additions/outputs_tflow_full/v2/final/aniso_k10/seed_8925/result.json
aniso_k10,new_matched_realization,tflow,8925,complete,mmd,0.12117993831634521,/mnt/vast01/users/fouad.oubari/msgm/rafm-additions/outputs_tflow_full/v2/final/aniso_k10/seed_8925/result.json
aniso_k10,new_matched_realization,tflow,8925,complete,n_params,41504,/mnt/vast01/users/fouad.oubari/msgm/rafm-additions/outputs_tflow_full/v2/final/aniso_k10/seed_8925/result.json
aniso_k10,new_matched_realization,tflow,8925,complete,nan_rate,0.0,/mnt/vast01/users/fouad.oubari/msgm/rafm-additions/outputs_tflow_full/v2/final/aniso_k10/seed_8925/result.json
aniso_k10,new_matched_realization,tflow,8925,complete,nfe,512,/mnt/vast01/users/fouad.oubari/msgm/rafm-additions/outputs_tflow_full/v2/final/aniso_k10/seed_8925/result.json
aniso_k10,new_matched_realization,tflow,8925,complete,q950_err,0.39764399137618456,/mnt/vast01/users/fouad.oubari/msgm/rafm-additions/outputs_tflow_full/v2/final/aniso_k10/seed_8925/result.json
aniso_k10,new_matched_realization,tflow,8925,complete,q990_err,0.38385042195818536,/mnt/vast01/users/fouad.oubari/msgm/rafm-additions/outputs_tflow_full/v2/final/aniso_k10/seed_8925/result.json
aniso_k10,new_matched_realization,tflow,8925,complete,q995_err,0.35447416982678903,/mnt/vast01/users/fouad.oubari/msgm/rafm-additions/outputs_tflow_full/v2/final/aniso_k10/seed_8925/result.json
aniso_k10,new_matched_realization,tflow,8925,complete,radial_w1,9.691010475158691,/mnt/vast01/users/fouad.oubari/msgm/rafm-additions/outputs_tflow_full/v2/final/aniso_k10/seed_8925/result.json
aniso_k10,new_matched_realization,tflow,8925,complete,sample_time_s,0.4179636873304844,/mnt/vast01/users/fouad.oubari/msgm/rafm-additions/outputs_tflow_full/v2/final/aniso_k10/seed_8925/result.json
aniso_k10,new_matched_realization,tflow,8925,complete,sliced_w1,2.32033634185791,/mnt/vast01/users/fouad.oubari/msgm/rafm-additions/outputs_tflow_full/v2/final/aniso_k10/seed_8925/result.json
aniso_k10,new_matched_realization,tflow,8925,complete,tail_exc_95,0.04949999997625132,/mnt/vast01/users/fouad.oubari/msgm/rafm-additions/outputs_tflow_full/v2/final/aniso_k10/seed_8925/result.json
aniso_k10,new_matched_realization,tflow,8925,complete,tail_exc_99,0.009800000005052434,/mnt/vast01/users/fouad.oubari/msgm/rafm-additions/outputs_tflow_full/v2/final/aniso_k10/seed_8925/result.json
aniso_k10,new_matched_realization,tflow,8925,complete,total_train_time_s,33.14421213790774,/mnt/vast01/users/fouad.oubari/msgm/rafm-additions/outputs_tflow_full/v2/final/aniso_k10/seed_8925/result.json
aniso_k10,new_matched_realization,tflow,77395,failed,angular_sw_bin0,0.08815637230873108,/mnt/vast01/users/fouad.oubari/msgm/rafm-additions/outputs_tflow_full/v2/final/aniso_k10/seed_77395/result.json
aniso_k10,new_matched_realization,tflow,77395,failed,angular_sw_bin1,0.10849886387586594,/mnt/vast01/users/fouad.oubari/msgm/rafm-additions/outputs_tflow_full/v2/final/aniso_k10/seed_77395/result.json
aniso_k10,new_matched_realization,tflow,77395,failed,angular_sw_bin2,0.11667628586292267,/mnt/vast01/users/fouad.oubari/msgm/rafm-additions/outputs_tflow_full/v2/final/aniso_k10/seed_77395/result.json
aniso_k10,new_matched_realization,tflow,77395,failed,angular_sw_bin3,null,/mnt/vast01/users/fouad.oubari/msgm/rafm-additions/outputs_tflow_full/v2/final/aniso_k10/seed_77395/result.json
aniso_k10,new_matched_realization,tflow,77395,failed,angular_sw_mean,0.10444384068250656,/mnt/vast01/users/fouad.oubari/msgm/rafm-additions/outputs_tflow_full/v2/final/aniso_k10/seed_77395/result.json
aniso_k10,new_matched_realization,tflow,77395,failed,exploding_norm_rate,0.0,/mnt/vast01/users/fouad.oubari/msgm/rafm-additions/outputs_tflow_full/v2/final/aniso_k10/seed_77395/result.json
aniso_k10,new_matched_realization,tflow,77395,failed,inf_rate,0.0,/mnt/vast01/users/fouad.oubari/msgm/rafm-additions/outputs_tflow_full/v2/final/aniso_k10/seed_77395/result.json
aniso_k10,new_matched_realization,tflow,77395,failed,invalid_rate,0.0,/mnt/vast01/users/fouad.oubari/msgm/rafm-additions/outputs_tflow_full/v2/final/aniso_k10/seed_77395/result.json
aniso_k10,new_matched_realization,tflow,77395,failed,ks_stat,0.9132000207901001,/mnt/vast01/users/fouad.oubari/msgm/rafm-additions/outputs_tflow_full/v2/final/aniso_k10/seed_77395/result.json
aniso_k10,new_matched_realization,tflow,77395,failed,mmd,0.11939108371734619,/mnt/vast01/users/fouad.oubari/msgm/rafm-additions/outputs_tflow_full/v2/final/aniso_k10/seed_77395/result.json
aniso_k10,new_matched_realization,tflow,77395,failed,n_params,41504,/mnt/vast01/users/fouad.oubari/msgm/rafm-additions/outputs_tflow_full/v2/final/aniso_k10/seed_77395/result.json
aniso_k10,new_matched_realization,tflow,77395,failed,nan_rate,0.0,/mnt/vast01/users/fouad.oubari/msgm/rafm-additions/outputs_tflow_full/v2/final/aniso_k10/seed_77395/result.json
aniso_k10,new_matched_realization,tflow,77395,failed,nfe,512,/mnt/vast01/users/fouad.oubari/msgm/rafm-additions/outputs_tflow_full/v2/final/aniso_k10/seed_77395/result.json
aniso_k10,new_matched_realization,tflow,77395,failed,q950_err,0.4795818946953753,/mnt/vast01/users/fouad.oubari/msgm/rafm-additions/outputs_tflow_full/v2/final/aniso_k10/seed_77395/result.json
aniso_k10,new_matched_realization,tflow,77395,failed,q990_err,0.471254487300991,/mnt/vast01/users/fouad.oubari/msgm/rafm-additions/outputs_tflow_full/v2/final/aniso_k10/seed_77395/result.json
aniso_k10,new_matched_realization,tflow,77395,failed,q995_err,0.4485045019182074,/mnt/vast01/users/fouad.oubari/msgm/rafm-additions/outputs_tflow_full/v2/final/aniso_k10/seed_77395/result.json
aniso_k10,new_matched_realization,tflow,77395,failed,radial_w1,11.814059257507324,/mnt/vast01/users/fouad.oubari/msgm/rafm-additions/outputs_tflow_full/v2/final/aniso_k10/seed_77395/result.json
aniso_k10,new_matched_realization,tflow,77395,failed,sample_time_s,0.4148201607167721,/mnt/vast01/users/fouad.oubari/msgm/rafm-additions/outputs_tflow_full/v2/final/aniso_k10/seed_77395/result.json
aniso_k10,new_matched_realization,tflow,77395,failed,sliced_w1,2.3383231163024902,/mnt/vast01/users/fouad.oubari/msgm/rafm-additions/outputs_tflow_full/v2/final/aniso_k10/seed_77395/result.json
aniso_k10,new_matched_realization,tflow,77395,failed,tail_exc_95,0.049399999971501574,/mnt/vast01/users/fouad.oubari/msgm/rafm-additions/outputs_tflow_full/v2/final/aniso_k10/seed_77395/result.json
aniso_k10,new_matched_realization,tflow,77395,failed,tail_exc_99,0.009800000005052434,/mnt/vast01/users/fouad.oubari/msgm/rafm-additions/outputs_tflow_full/v2/final/aniso_k10/seed_77395/result.json
aniso_k10,new_matched_realization,tflow,77395,failed,total_train_time_s,31.179942689836025,/mnt/vast01/users/fouad.oubari/msgm/rafm-additions/outputs_tflow_full/v2/final/aniso_k10/seed_77395/result.json
aniso_k10,new_matched_realization,tflow,65457,complete,angular_sw_bin0,0.08875434845685959,/mnt/vast01/users/fouad.oubari/msgm/rafm-additions/outputs_tflow_full/v2/final/aniso_k10/seed_65457/result.json
aniso_k10,new_matched_realization,tflow,65457,complete,angular_sw_bin1,0.105913907289505,/mnt/vast01/users/fouad.oubari/msgm/rafm-additions/outputs_tflow_full/v2/final/aniso_k10/seed_65457/result.json
aniso_k10,new_matched_realization,tflow,65457,complete,angular_sw_bin2,0.10406973212957382,/mnt/vast01/users/fouad.oubari/msgm/rafm-additions/outputs_tflow_full/v2/final/aniso_k10/seed_65457/result.json
aniso_k10,new_matched_realization,tflow,65457,complete,angular_sw_bin3,0.12344761192798615,/mnt/vast01/users/fouad.oubari/msgm/rafm-additions/outputs_tflow_full/v2/final/aniso_k10/seed_65457/result.json
aniso_k10,new_matched_realization,tflow,65457,complete,angular_sw_mean,0.10554639995098114,/mnt/vast01/users/fouad.oubari/msgm/rafm-additions/outputs_tflow_full/v2/final/aniso_k10/seed_65457/result.json
aniso_k10,new_matched_realization,tflow,65457,complete,exploding_norm_rate,0.0,/mnt/vast01/users/fouad.oubari/msgm/rafm-additions/outputs_tflow_full/v2/final/aniso_k10/seed_65457/result.json
aniso_k10,new_matched_realization,tflow,65457,complete,inf_rate,0.0,/mnt/vast01/users/fouad.oubari/msgm/rafm-additions/outputs_tflow_full/v2/final/aniso_k10/seed_65457/result.json
aniso_k10,new_matched_realization,tflow,65457,complete,invalid_rate,0.0,/mnt/vast01/users/fouad.oubari/msgm/rafm-additions/outputs_tflow_full/v2/final/aniso_k10/seed_65457/result.json
aniso_k10,new_matched_realization,tflow,65457,complete,ks_stat,0.8220000267028809,/mnt/vast01/users/fouad.oubari/msgm/rafm-additions/outputs_tflow_full/v2/final/aniso_k10/seed_65457/result.json
aniso_k10,new_matched_realization,tflow,65457,complete,mmd,0.1183398962020874,/mnt/vast01/users/fouad.oubari/msgm/rafm-additions/outputs_tflow_full/v2/final/aniso_k10/seed_65457/result.json
aniso_k10,new_matched_realization,tflow,65457,complete,n_params,41504,/mnt/vast01/users/fouad.oubari/msgm/rafm-additions/outputs_tflow_full/v2/final/aniso_k10/seed_65457/result.json
aniso_k10,new_matched_realization,tflow,65457,complete,nan_rate,0.0,/mnt/vast01/users/fouad.oubari/msgm/rafm-additions/outputs_tflow_full/v2/final/aniso_k10/seed_65457/result.json
aniso_k10,new_matched_realization,tflow,65457,complete,nfe,512,/mnt/vast01/users/fouad.oubari/msgm/rafm-additions/outputs_tflow_full/v2/final/aniso_k10/seed_65457/result.json
aniso_k10,new_matched_realization,tflow,65457,complete,q950_err,0.40611214935435247,/mnt/vast01/users/fouad.oubari/msgm/rafm-additions/outputs_tflow_full/v2/final/aniso_k10/seed_65457/result.json
aniso_k10,new_matched_realization,tflow,65457,complete,q990_err,0.3858317921238846,/mnt/vast01/users/fouad.oubari/msgm/rafm-additions/outputs_tflow_full/v2/final/aniso_k10/seed_65457/result.json
aniso_k10,new_matched_realization,tflow,65457,complete,q995_err,0.3600681274669506,/mnt/vast01/users/fouad.oubari/msgm/rafm-additions/outputs_tflow_full/v2/final/aniso_k10/seed_65457/result.json
aniso_k10,new_matched_realization,tflow,65457,complete,radial_w1,9.460418701171875,/mnt/vast01/users/fouad.oubari/msgm/rafm-additions/outputs_tflow_full/v2/final/aniso_k10/seed_65457/result.json
aniso_k10,new_matched_realization,tflow,65457,complete,sample_time_s,0.42214925959706306,/mnt/vast01/users/fouad.oubari/msgm/rafm-additions/outputs_tflow_full/v2/final/aniso_k10/seed_65457/result.json
aniso_k10,new_matched_realization,tflow,65457,complete,sliced_w1,2.3100008964538574,/mnt/vast01/users/fouad.oubari/msgm/rafm-additions/outputs_tflow_full/v2/final/aniso_k10/seed_65457/result.json
aniso_k10,new_matched_realization,tflow,65457,complete,tail_exc_95,0.04899999995250259,/mnt/vast01/users/fouad.oubari/msgm/rafm-additions/outputs_tflow_full/v2/final/aniso_k10/seed_65457/result.json
aniso_k10,new_matched_realization,tflow,65457,complete,tail_exc_99,0.009699999985750773,/mnt/vast01/users/fouad.oubari/msgm/rafm-additions/outputs_tflow_full/v2/final/aniso_k10/seed_65457/result.json
aniso_k10,new_matched_realization,tflow,65457,complete,total_train_time_s,35.15874359384179,/mnt/vast01/users/fouad.oubari/msgm/rafm-additions/outputs_tflow_full/v2/final/aniso_k10/seed_65457/result.json
aniso_k100,new_matched_realization,tflow,8925,complete,angular_sw_bin0,0.06271353363990784,/mnt/vast01/users/fouad.oubari/msgm/rafm-additions/outputs_tflow_full/v2/final/aniso_k100/seed_8925/result.json
aniso_k100,new_matched_realization,tflow,8925,complete,angular_sw_bin1,0.08097807317972183,/mnt/vast01/users/fouad.oubari/msgm/rafm-additions/outputs_tflow_full/v2/final/aniso_k100/seed_8925/result.json
aniso_k100,new_matched_realization,tflow,8925,complete,angular_sw_bin2,0.09257469326257706,/mnt/vast01/users/fouad.oubari/msgm/rafm-additions/outputs_tflow_full/v2/final/aniso_k100/seed_8925/result.json
aniso_k100,new_matched_realization,tflow,8925,complete,angular_sw_bin3,0.10055746883153915,/mnt/vast01/users/fouad.oubari/msgm/rafm-additions/outputs_tflow_full/v2/final/aniso_k100/seed_8925/result.json
aniso_k100,new_matched_realization,tflow,8925,complete,angular_sw_mean,0.08420594222843647,/mnt/vast01/users/fouad.oubari/msgm/rafm-additions/outputs_tflow_full/v2/final/aniso_k100/seed_8925/result.json
aniso_k100,new_matched_realization,tflow,8925,complete,exploding_norm_rate,0.0,/mnt/vast01/users/fouad.oubari/msgm/rafm-additions/outputs_tflow_full/v2/final/aniso_k100/seed_8925/result.json
aniso_k100,new_matched_realization,tflow,8925,complete,inf_rate,0.0,/mnt/vast01/users/fouad.oubari/msgm/rafm-additions/outputs_tflow_full/v2/final/aniso_k100/seed_8925/result.json
aniso_k100,new_matched_realization,tflow,8925,complete,invalid_rate,0.0,/mnt/vast01/users/fouad.oubari/msgm/rafm-additions/outputs_tflow_full/v2/final/aniso_k100/seed_8925/result.json
aniso_k100,new_matched_realization,tflow,8925,complete,ks_stat,0.6166000366210938,/mnt/vast01/users/fouad.oubari/msgm/rafm-additions/outputs_tflow_full/v2/final/aniso_k100/seed_8925/result.json
aniso_k100,new_matched_realization,tflow,8925,complete,mmd,0.06879031658172607,/mnt/vast01/users/fouad.oubari/msgm/rafm-additions/outputs_tflow_full/v2/final/aniso_k100/seed_8925/result.json
aniso_k100,new_matched_realization,tflow,8925,complete,n_params,41504,/mnt/vast01/users/fouad.oubari/msgm/rafm-additions/outputs_tflow_full/v2/final/aniso_k100/seed_8925/result.json
aniso_k100,new_matched_realization,tflow,8925,complete,nan_rate,0.0,/mnt/vast01/users/fouad.oubari/msgm/rafm-additions/outputs_tflow_full/v2/final/aniso_k100/seed_8925/result.json
aniso_k100,new_matched_realization,tflow,8925,complete,nfe,512,/mnt/vast01/users/fouad.oubari/msgm/rafm-additions/outputs_tflow_full/v2/final/aniso_k100/seed_8925/result.json
aniso_k100,new_matched_realization,tflow,8925,complete,q950_err,0.2953434453806221,/mnt/vast01/users/fouad.oubari/msgm/rafm-additions/outputs_tflow_full/v2/final/aniso_k100/seed_8925/result.json
aniso_k100,new_matched_realization,tflow,8925,complete,q990_err,0.1572267955335219,/mnt/vast01/users/fouad.oubari/msgm/rafm-additions/outputs_tflow_full/v2/final/aniso_k100/seed_8925/result.json
aniso_k100,new_matched_realization,tflow,8925,complete,q995_err,0.11818566803849115,/mnt/vast01/users/fouad.oubari/msgm/rafm-additions/outputs_tflow_full/v2/final/aniso_k100/seed_8925/result.json
aniso_k100,new_matched_realization,tflow,8925,complete,radial_w1,74.7741928100586,/mnt/vast01/users/fouad.oubari/msgm/rafm-additions/outputs_tflow_full/v2/final/aniso_k100/seed_8925/result.json
aniso_k100,new_matched_realization,tflow,8925,complete,sample_time_s,0.42114515975117683,/mnt/vast01/users/fouad.oubari/msgm/rafm-additions/outputs_tflow_full/v2/final/aniso_k100/seed_8925/result.json
aniso_k100,new_matched_realization,tflow,8925,complete,sliced_w1,13.196778297424316,/mnt/vast01/users/fouad.oubari/msgm/rafm-additions/outputs_tflow_full/v2/final/aniso_k100/seed_8925/result.json
aniso_k100,new_matched_realization,tflow,8925,complete,tail_exc_95,0.04170000012964015,/mnt/vast01/users/fouad.oubari/msgm/rafm-additions/outputs_tflow_full/v2/final/aniso_k100/seed_8925/result.json
aniso_k100,new_matched_realization,tflow,8925,complete,tail_exc_99,0.006899999910965571,/mnt/vast01/users/fouad.oubari/msgm/rafm-additions/outputs_tflow_full/v2/final/aniso_k100/seed_8925/result.json
aniso_k100,new_matched_realization,tflow,8925,complete,total_train_time_s,33.74139691889286,/mnt/vast01/users/fouad.oubari/msgm/rafm-additions/outputs_tflow_full/v2/final/aniso_k100/seed_8925/result.json
aniso_k100,new_matched_realization,tflow,77395,complete,angular_sw_bin0,0.06712989509105682,/mnt/vast01/users/fouad.oubari/msgm/rafm-additions/outputs_tflow_full/v2/final/aniso_k100/seed_77395/result.json
aniso_k100,new_matched_realization,tflow,77395,complete,angular_sw_bin1,0.08228995651006699,/mnt/vast01/users/fouad.oubari/msgm/rafm-additions/outputs_tflow_full/v2/final/aniso_k100/seed_77395/result.json
aniso_k100,new_matched_realization,tflow,77395,complete,angular_sw_bin2,0.09803280234336853,/mnt/vast01/users/fouad.oubari/msgm/rafm-additions/outputs_tflow_full/v2/final/aniso_k100/seed_77395/result.json
aniso_k100,new_matched_realization,tflow,77395,complete,angular_sw_bin3,0.11781137436628342,/mnt/vast01/users/fouad.oubari/msgm/rafm-additions/outputs_tflow_full/v2/final/aniso_k100/seed_77395/result.json
aniso_k100,new_matched_realization,tflow,77395,complete,angular_sw_mean,0.09131600707769394,/mnt/vast01/users/fouad.oubari/msgm/rafm-additions/outputs_tflow_full/v2/final/aniso_k100/seed_77395/result.json
aniso_k100,new_matched_realization,tflow,77395,complete,exploding_norm_rate,0.0,/mnt/vast01/users/fouad.oubari/msgm/rafm-additions/outputs_tflow_full/v2/final/aniso_k100/seed_77395/result.json
aniso_k100,new_matched_realization,tflow,77395,complete,inf_rate,0.0,/mnt/vast01/users/fouad.oubari/msgm/rafm-additions/outputs_tflow_full/v2/final/aniso_k100/seed_77395/result.json
aniso_k100,new_matched_realization,tflow,77395,complete,invalid_rate,0.0,/mnt/vast01/users/fouad.oubari/msgm/rafm-additions/outputs_tflow_full/v2/final/aniso_k100/seed_77395/result.json
aniso_k100,new_matched_realization,tflow,77395,complete,ks_stat,0.45440003275871277,/mnt/vast01/users/fouad.oubari/msgm/rafm-additions/outputs_tflow_full/v2/final/aniso_k100/seed_77395/result.json
aniso_k100,new_matched_realization,tflow,77395,complete,mmd,0.07017934322357178,/mnt/vast01/users/fouad.oubari/msgm/rafm-additions/outputs_tflow_full/v2/final/aniso_k100/seed_77395/result.json
aniso_k100,new_matched_realization,tflow,77395,complete,n_params,41504,/mnt/vast01/users/fouad.oubari/msgm/rafm-additions/outputs_tflow_full/v2/final/aniso_k100/seed_77395/result.json
aniso_k100,new_matched_realization,tflow,77395,complete,nan_rate,0.0,/mnt/vast01/users/fouad.oubari/msgm/rafm-additions/outputs_tflow_full/v2/final/aniso_k100/seed_77395/result.json
aniso_k100,new_matched_realization,tflow,77395,complete,nfe,512,/mnt/vast01/users/fouad.oubari/msgm/rafm-additions/outputs_tflow_full/v2/final/aniso_k100/seed_77395/result.json
aniso_k100,new_matched_realization,tflow,77395,complete,q950_err,0.14349660074862278,/mnt/vast01/users/fouad.oubari/msgm/rafm-additions/outputs_tflow_full/v2/final/aniso_k100/seed_77395/result.json
aniso_k100,new_matched_realization,tflow,77395,complete,q990_err,0.037052337288408774,/mnt/vast01/users/fouad.oubari/msgm/rafm-additions/outputs_tflow_full/v2/final/aniso_k100/seed_77395/result.json
aniso_k100,new_matched_realization,tflow,77395,complete,q995_err,0.0016060324067103274,/mnt/vast01/users/fouad.oubari/msgm/rafm-additions/outputs_tflow_full/v2/final/aniso_k100/seed_77395/result.json
aniso_k100,new_matched_realization,tflow,77395,complete,radial_w1,53.86856460571289,/mnt/vast01/users/fouad.oubari/msgm/rafm-additions/outputs_tflow_full/v2/final/aniso_k100/seed_77395/result.json
aniso_k100,new_matched_realization,tflow,77395,complete,sample_time_s,0.41776612401008606,/mnt/vast01/users/fouad.oubari/msgm/rafm-additions/outputs_tflow_full/v2/final/aniso_k100/seed_77395/result.json
aniso_k100,new_matched_realization,tflow,77395,complete,sliced_w1,13.379902839660645,/mnt/vast01/users/fouad.oubari/msgm/rafm-additions/outputs_tflow_full/v2/final/aniso_k100/seed_77395/result.json
aniso_k100,new_matched_realization,tflow,77395,complete,tail_exc_95,0.029800000786781355,/mnt/vast01/users/fouad.oubari/msgm/rafm-additions/outputs_tflow_full/v2/final/aniso_k100/seed_77395/result.json
aniso_k100,new_matched_realization,tflow,77395,complete,tail_exc_99,0.0025999999977648347,/mnt/vast01/users/fouad.oubari/msgm/rafm-additions/outputs_tflow_full/v2/final/aniso_k100/seed_77395/result.json
aniso_k100,new_matched_realization,tflow,77395,complete,total_train_time_s,30.267183534801006,/mnt/vast01/users/fouad.oubari/msgm/rafm-additions/outputs_tflow_full/v2/final/aniso_k100/seed_77395/result.json
aniso_k100,new_matched_realization,tflow,65457,complete,angular_sw_bin0,0.07507568597793579,/mnt/vast01/users/fouad.oubari/msgm/rafm-additions/outputs_tflow_full/v2/final/aniso_k100/seed_65457/result.json
aniso_k100,new_matched_realization,tflow,65457,complete,angular_sw_bin1,0.09100248664617538,/mnt/vast01/users/fouad.oubari/msgm/rafm-additions/outputs_tflow_full/v2/final/aniso_k100/seed_65457/result.json
aniso_k100,new_matched_realization,tflow,65457,complete,angular_sw_bin2,0.09174010902643204,/mnt/vast01/users/fouad.oubari/msgm/rafm-additions/outputs_tflow_full/v2/final/aniso_k100/seed_65457/result.json
aniso_k100,new_matched_realization,tflow,65457,complete,angular_sw_bin3,0.10698910057544708,/mnt/vast01/users/fouad.oubari/msgm/rafm-additions/outputs_tflow_full/v2/final/aniso_k100/seed_65457/result.json
aniso_k100,new_matched_realization,tflow,65457,complete,angular_sw_mean,0.09120184555649757,/mnt/vast01/users/fouad.oubari/msgm/rafm-additions/outputs_tflow_full/v2/final/aniso_k100/seed_65457/result.json
aniso_k100,new_matched_realization,tflow,65457,complete,exploding_norm_rate,0.0,/mnt/vast01/users/fouad.oubari/msgm/rafm-additions/outputs_tflow_full/v2/final/aniso_k100/seed_65457/result.json
aniso_k100,new_matched_realization,tflow,65457,complete,inf_rate,0.0,/mnt/vast01/users/fouad.oubari/msgm/rafm-additions/outputs_tflow_full/v2/final/aniso_k100/seed_65457/result.json
aniso_k100,new_matched_realization,tflow,65457,complete,invalid_rate,0.0,/mnt/vast01/users/fouad.oubari/msgm/rafm-additions/outputs_tflow_full/v2/final/aniso_k100/seed_65457/result.json
aniso_k100,new_matched_realization,tflow,65457,complete,ks_stat,0.4383000135421753,/mnt/vast01/users/fouad.oubari/msgm/rafm-additions/outputs_tflow_full/v2/final/aniso_k100/seed_65457/result.json
aniso_k100,new_matched_realization,tflow,65457,complete,mmd,0.08214271068572998,/mnt/vast01/users/fouad.oubari/msgm/rafm-additions/outputs_tflow_full/v2/final/aniso_k100/seed_65457/result.json
aniso_k100,new_matched_realization,tflow,65457,complete,n_params,41504,/mnt/vast01/users/fouad.oubari/msgm/rafm-additions/outputs_tflow_full/v2/final/aniso_k100/seed_65457/result.json
aniso_k100,new_matched_realization,tflow,65457,complete,nan_rate,0.0,/mnt/vast01/users/fouad.oubari/msgm/rafm-additions/outputs_tflow_full/v2/final/aniso_k100/seed_65457/result.json
aniso_k100,new_matched_realization,tflow,65457,complete,nfe,512,/mnt/vast01/users/fouad.oubari/msgm/rafm-additions/outputs_tflow_full/v2/final/aniso_k100/seed_65457/result.json
aniso_k100,new_matched_realization,tflow,65457,complete,q950_err,0.19841212243273945,/mnt/vast01/users/fouad.oubari/msgm/rafm-additions/outputs_tflow_full/v2/final/aniso_k100/seed_65457/result.json
aniso_k100,new_matched_realization,tflow,65457,complete,q990_err,0.10839383377723227,/mnt/vast01/users/fouad.oubari/msgm/rafm-additions/outputs_tflow_full/v2/final/aniso_k100/seed_65457/result.json
aniso_k100,new_matched_realization,tflow,65457,complete,q995_err,0.007987042364023589,/mnt/vast01/users/fouad.oubari/msgm/rafm-additions/outputs_tflow_full/v2/final/aniso_k100/seed_65457/result.json
aniso_k100,new_matched_realization,tflow,65457,complete,radial_w1,52.16209030151367,/mnt/vast01/users/fouad.oubari/msgm/rafm-additions/outputs_tflow_full/v2/final/aniso_k100/seed_65457/result.json
aniso_k100,new_matched_realization,tflow,65457,complete,sample_time_s,0.41598615795373917,/mnt/vast01/users/fouad.oubari/msgm/rafm-additions/outputs_tflow_full/v2/final/aniso_k100/seed_65457/result.json
aniso_k100,new_matched_realization,tflow,65457,complete,sliced_w1,14.266745567321777,/mnt/vast01/users/fouad.oubari/msgm/rafm-additions/outputs_tflow_full/v2/final/aniso_k100/seed_65457/result.json
aniso_k100,new_matched_realization,tflow,65457,complete,tail_exc_95,0.03739999998360877,/mnt/vast01/users/fouad.oubari/msgm/rafm-additions/outputs_tflow_full/v2/final/aniso_k100/seed_65457/result.json
aniso_k100,new_matched_realization,tflow,65457,complete,tail_exc_99,0.0039000001177191823,/mnt/vast01/users/fouad.oubari/msgm/rafm-additions/outputs_tflow_full/v2/final/aniso_k100/seed_65457/result.json
aniso_k100,new_matched_realization,tflow,65457,complete,total_train_time_s,33.01828398928046,/mnt/vast01/users/fouad.oubari/msgm/rafm-additions/outputs_tflow_full/v2/final/aniso_k100/seed_65457/result.json
aniso_k3,new_matched_realization,tflow,8925,complete,angular_sw_bin0,0.0325993075966835,/mnt/vast01/users/fouad.oubari/msgm/rafm-additions/outputs_tflow_full/v2/final/aniso_k3/seed_8925/result.json
aniso_k3,new_matched_realization,tflow,8925,complete,angular_sw_bin1,0.026721166446805,/mnt/vast01/users/fouad.oubari/msgm/rafm-additions/outputs_tflow_full/v2/final/aniso_k3/seed_8925/result.json
aniso_k3,new_matched_realization,tflow,8925,complete,angular_sw_bin2,0.027704894542694092,/mnt/vast01/users/fouad.oubari/msgm/rafm-additions/outputs_tflow_full/v2/final/aniso_k3/seed_8925/result.json
aniso_k3,new_matched_realization,tflow,8925,complete,angular_sw_bin3,0.03743753209710121,/mnt/vast01/users/fouad.oubari/msgm/rafm-additions/outputs_tflow_full/v2/final/aniso_k3/seed_8925/result.json
aniso_k3,new_matched_realization,tflow,8925,complete,angular_sw_mean,0.03111572517082095,/mnt/vast01/users/fouad.oubari/msgm/rafm-additions/outputs_tflow_full/v2/final/aniso_k3/seed_8925/result.json
aniso_k3,new_matched_realization,tflow,8925,complete,exploding_norm_rate,0.0,/mnt/vast01/users/fouad.oubari/msgm/rafm-additions/outputs_tflow_full/v2/final/aniso_k3/seed_8925/result.json
aniso_k3,new_matched_realization,tflow,8925,complete,inf_rate,0.0,/mnt/vast01/users/fouad.oubari/msgm/rafm-additions/outputs_tflow_full/v2/final/aniso_k3/seed_8925/result.json
aniso_k3,new_matched_realization,tflow,8925,complete,invalid_rate,0.0,/mnt/vast01/users/fouad.oubari/msgm/rafm-additions/outputs_tflow_full/v2/final/aniso_k3/seed_8925/result.json
aniso_k3,new_matched_realization,tflow,8925,complete,ks_stat,0.26830002665519714,/mnt/vast01/users/fouad.oubari/msgm/rafm-additions/outputs_tflow_full/v2/final/aniso_k3/seed_8925/result.json
aniso_k3,new_matched_realization,tflow,8925,complete,mmd,0.015444159507751465,/mnt/vast01/users/fouad.oubari/msgm/rafm-additions/outputs_tflow_full/v2/final/aniso_k3/seed_8925/result.json
aniso_k3,new_matched_realization,tflow,8925,complete,n_params,41504,/mnt/vast01/users/fouad.oubari/msgm/rafm-additions/outputs_tflow_full/v2/final/aniso_k3/seed_8925/result.json
aniso_k3,new_matched_realization,tflow,8925,complete,nan_rate,0.0,/mnt/vast01/users/fouad.oubari/msgm/rafm-additions/outputs_tflow_full/v2/final/aniso_k3/seed_8925/result.json
aniso_k3,new_matched_realization,tflow,8925,complete,nfe,512,/mnt/vast01/users/fouad.oubari/msgm/rafm-additions/outputs_tflow_full/v2/final/aniso_k3/seed_8925/result.json
aniso_k3,new_matched_realization,tflow,8925,complete,q950_err,0.09151302553702961,/mnt/vast01/users/fouad.oubari/msgm/rafm-additions/outputs_tflow_full/v2/final/aniso_k3/seed_8925/result.json
aniso_k3,new_matched_realization,tflow,8925,complete,q990_err,0.16767609481166795,/mnt/vast01/users/fouad.oubari/msgm/rafm-additions/outputs_tflow_full/v2/final/aniso_k3/seed_8925/result.json
aniso_k3,new_matched_realization,tflow,8925,complete,q995_err,0.2052669188305301,/mnt/vast01/users/fouad.oubari/msgm/rafm-additions/outputs_tflow_full/v2/final/aniso_k3/seed_8925/result.json
aniso_k3,new_matched_realization,tflow,8925,complete,radial_w1,1.10895836353302,/mnt/vast01/users/fouad.oubari/msgm/rafm-additions/outputs_tflow_full/v2/final/aniso_k3/seed_8925/result.json
aniso_k3,new_matched_realization,tflow,8925,complete,sample_time_s,0.42140523344278336,/mnt/vast01/users/fouad.oubari/msgm/rafm-additions/outputs_tflow_full/v2/final/aniso_k3/seed_8925/result.json
aniso_k3,new_matched_realization,tflow,8925,complete,sliced_w1,0.3919163942337036,/mnt/vast01/users/fouad.oubari/msgm/rafm-additions/outputs_tflow_full/v2/final/aniso_k3/seed_8925/result.json
aniso_k3,new_matched_realization,tflow,8925,complete,tail_exc_95,0.09769999682903285,/mnt/vast01/users/fouad.oubari/msgm/rafm-additions/outputs_tflow_full/v2/final/aniso_k3/seed_8925/result.json
aniso_k3,new_matched_realization,tflow,8925,complete,tail_exc_99,0.04350000038743018,/mnt/vast01/users/fouad.oubari/msgm/rafm-additions/outputs_tflow_full/v2/final/aniso_k3/seed_8925/result.json
aniso_k3,new_matched_realization,tflow,8925,complete,total_train_time_s,34.42002396285534,/mnt/vast01/users/fouad.oubari/msgm/rafm-additions/outputs_tflow_full/v2/final/aniso_k3/seed_8925/result.json
aniso_k3,new_matched_realization,tflow,77395,complete,angular_sw_bin0,0.03258289024233818,/mnt/vast01/users/fouad.oubari/msgm/rafm-additions/outputs_tflow_full/v2/final/aniso_k3/seed_77395/result.json
aniso_k3,new_matched_realization,tflow,77395,complete,angular_sw_bin1,0.0312105230987072,/mnt/vast01/users/fouad.oubari/msgm/rafm-additions/outputs_tflow_full/v2/final/aniso_k3/seed_77395/result.json
aniso_k3,new_matched_realization,tflow,77395,complete,angular_sw_bin2,0.031504642218351364,/mnt/vast01/users/fouad.oubari/msgm/rafm-additions/outputs_tflow_full/v2/final/aniso_k3/seed_77395/result.json
aniso_k3,new_matched_realization,tflow,77395,complete,angular_sw_bin3,0.045967020094394684,/mnt/vast01/users/fouad.oubari/msgm/rafm-additions/outputs_tflow_full/v2/final/aniso_k3/seed_77395/result.json
aniso_k3,new_matched_realization,tflow,77395,complete,angular_sw_mean,0.03531626891344786,/mnt/vast01/users/fouad.oubari/msgm/rafm-additions/outputs_tflow_full/v2/final/aniso_k3/seed_77395/result.json
aniso_k3,new_matched_realization,tflow,77395,complete,exploding_norm_rate,0.0,/mnt/vast01/users/fouad.oubari/msgm/rafm-additions/outputs_tflow_full/v2/final/aniso_k3/seed_77395/result.json
aniso_k3,new_matched_realization,tflow,77395,complete,inf_rate,0.0,/mnt/vast01/users/fouad.oubari/msgm/rafm-additions/outputs_tflow_full/v2/final/aniso_k3/seed_77395/result.json
aniso_k3,new_matched_realization,tflow,77395,complete,invalid_rate,0.0,/mnt/vast01/users/fouad.oubari/msgm/rafm-additions/outputs_tflow_full/v2/final/aniso_k3/seed_77395/result.json
aniso_k3,new_matched_realization,tflow,77395,complete,ks_stat,0.2535000145435333,/mnt/vast01/users/fouad.oubari/msgm/rafm-additions/outputs_tflow_full/v2/final/aniso_k3/seed_77395/result.json
aniso_k3,new_matched_realization,tflow,77395,complete,mmd,0.021042704582214355,/mnt/vast01/users/fouad.oubari/msgm/rafm-additions/outputs_tflow_full/v2/final/aniso_k3/seed_77395/result.json
aniso_k3,new_matched_realization,tflow,77395,complete,n_params,41504,/mnt/vast01/users/fouad.oubari/msgm/rafm-additions/outputs_tflow_full/v2/final/aniso_k3/seed_77395/result.json
aniso_k3,new_matched_realization,tflow,77395,complete,nan_rate,0.0,/mnt/vast01/users/fouad.oubari/msgm/rafm-additions/outputs_tflow_full/v2/final/aniso_k3/seed_77395/result.json
aniso_k3,new_matched_realization,tflow,77395,complete,nfe,512,/mnt/vast01/users/fouad.oubari/msgm/rafm-additions/outputs_tflow_full/v2/final/aniso_k3/seed_77395/result.json
aniso_k3,new_matched_realization,tflow,77395,complete,q950_err,0.08149326167529584,/mnt/vast01/users/fouad.oubari/msgm/rafm-additions/outputs_tflow_full/v2/final/aniso_k3/seed_77395/result.json
aniso_k3,new_matched_realization,tflow,77395,complete,q990_err,0.10147500148131135,/mnt/vast01/users/fouad.oubari/msgm/rafm-additions/outputs_tflow_full/v2/final/aniso_k3/seed_77395/result.json
aniso_k3,new_matched_realization,tflow,77395,complete,q995_err,0.09943954756266778,/mnt/vast01/users/fouad.oubari/msgm/rafm-additions/outputs_tflow_full/v2/final/aniso_k3/seed_77395/result.json
aniso_k3,new_matched_realization,tflow,77395,complete,radial_w1,1.0411297082901,/mnt/vast01/users/fouad.oubari/msgm/rafm-additions/outputs_tflow_full/v2/final/aniso_k3/seed_77395/result.json
aniso_k3,new_matched_realization,tflow,77395,complete,sample_time_s,0.41965679824352264,/mnt/vast01/users/fouad.oubari/msgm/rafm-additions/outputs_tflow_full/v2/final/aniso_k3/seed_77395/result.json
aniso_k3,new_matched_realization,tflow,77395,complete,sliced_w1,0.4274371564388275,/mnt/vast01/users/fouad.oubari/msgm/rafm-additions/outputs_tflow_full/v2/final/aniso_k3/seed_77395/result.json
aniso_k3,new_matched_realization,tflow,77395,complete,tail_exc_95,0.08860000669956203,/mnt/vast01/users/fouad.oubari/msgm/rafm-additions/outputs_tflow_full/v2/final/aniso_k3/seed_77395/result.json
aniso_k3,new_matched_realization,tflow,77395,complete,tail_exc_99,0.03690000042319297,/mnt/vast01/users/fouad.oubari/msgm/rafm-additions/outputs_tflow_full/v2/final/aniso_k3/seed_77395/result.json
aniso_k3,new_matched_realization,tflow,77395,complete,total_train_time_s,32.3802677616477,/mnt/vast01/users/fouad.oubari/msgm/rafm-additions/outputs_tflow_full/v2/final/aniso_k3/seed_77395/result.json
aniso_k3,new_matched_realization,tflow,65457,complete,angular_sw_bin0,0.052482299506664276,/mnt/vast01/users/fouad.oubari/msgm/rafm-additions/outputs_tflow_full/v2/final/aniso_k3/seed_65457/result.json
aniso_k3,new_matched_realization,tflow,65457,complete,angular_sw_bin1,0.049676619470119476,/mnt/vast01/users/fouad.oubari/msgm/rafm-additions/outputs_tflow_full/v2/final/aniso_k3/seed_65457/result.json
aniso_k3,new_matched_realization,tflow,65457,complete,angular_sw_bin2,0.057190876454114914,/mnt/vast01/users/fouad.oubari/msgm/rafm-additions/outputs_tflow_full/v2/final/aniso_k3/seed_65457/result.json
aniso_k3,new_matched_realization,tflow,65457,complete,angular_sw_bin3,0.06322848051786423,/mnt/vast01/users/fouad.oubari/msgm/rafm-additions/outputs_tflow_full/v2/final/aniso_k3/seed_65457/result.json
aniso_k3,new_matched_realization,tflow,65457,complete,angular_sw_mean,0.05564456898719072,/mnt/vast01/users/fouad.oubari/msgm/rafm-additions/outputs_tflow_full/v2/final/aniso_k3/seed_65457/result.json
aniso_k3,new_matched_realization,tflow,65457,complete,exploding_norm_rate,0.0,/mnt/vast01/users/fouad.oubari/msgm/rafm-additions/outputs_tflow_full/v2/final/aniso_k3/seed_65457/result.json
aniso_k3,new_matched_realization,tflow,65457,complete,inf_rate,0.0,/mnt/vast01/users/fouad.oubari/msgm/rafm-additions/outputs_tflow_full/v2/final/aniso_k3/seed_65457/result.json
aniso_k3,new_matched_realization,tflow,65457,complete,invalid_rate,0.0,/mnt/vast01/users/fouad.oubari/msgm/rafm-additions/outputs_tflow_full/v2/final/aniso_k3/seed_65457/result.json
aniso_k3,new_matched_realization,tflow,65457,complete,ks_stat,0.3428000211715698,/mnt/vast01/users/fouad.oubari/msgm/rafm-additions/outputs_tflow_full/v2/final/aniso_k3/seed_65457/result.json
aniso_k3,new_matched_realization,tflow,65457,complete,mmd,0.058684468269348145,/mnt/vast01/users/fouad.oubari/msgm/rafm-additions/outputs_tflow_full/v2/final/aniso_k3/seed_65457/result.json
aniso_k3,new_matched_realization,tflow,65457,complete,n_params,41504,/mnt/vast01/users/fouad.oubari/msgm/rafm-additions/outputs_tflow_full/v2/final/aniso_k3/seed_65457/result.json
aniso_k3,new_matched_realization,tflow,65457,complete,nan_rate,0.0,/mnt/vast01/users/fouad.oubari/msgm/rafm-additions/outputs_tflow_full/v2/final/aniso_k3/seed_65457/result.json
aniso_k3,new_matched_realization,tflow,65457,complete,nfe,512,/mnt/vast01/users/fouad.oubari/msgm/rafm-additions/outputs_tflow_full/v2/final/aniso_k3/seed_65457/result.json
aniso_k3,new_matched_realization,tflow,65457,complete,q950_err,0.11315195484975965,/mnt/vast01/users/fouad.oubari/msgm/rafm-additions/outputs_tflow_full/v2/final/aniso_k3/seed_65457/result.json
aniso_k3,new_matched_realization,tflow,65457,complete,q990_err,0.13574461498383195,/mnt/vast01/users/fouad.oubari/msgm/rafm-additions/outputs_tflow_full/v2/final/aniso_k3/seed_65457/result.json
aniso_k3,new_matched_realization,tflow,65457,complete,q995_err,0.1504611845044328,/mnt/vast01/users/fouad.oubari/msgm/rafm-additions/outputs_tflow_full/v2/final/aniso_k3/seed_65457/result.json
aniso_k3,new_matched_realization,tflow,65457,complete,radial_w1,1.4304951429367065,/mnt/vast01/users/fouad.oubari/msgm/rafm-additions/outputs_tflow_full/v2/final/aniso_k3/seed_65457/result.json
aniso_k3,new_matched_realization,tflow,65457,complete,sample_time_s,0.4197164587676525,/mnt/vast01/users/fouad.oubari/msgm/rafm-additions/outputs_tflow_full/v2/final/aniso_k3/seed_65457/result.json
aniso_k3,new_matched_realization,tflow,65457,complete,sliced_w1,0.7304518222808838,/mnt/vast01/users/fouad.oubari/msgm/rafm-additions/outputs_tflow_full/v2/final/aniso_k3/seed_65457/result.json
aniso_k3,new_matched_realization,tflow,65457,complete,tail_exc_95,0.14750000536441799,/mnt/vast01/users/fouad.oubari/msgm/rafm-additions/outputs_tflow_full/v2/final/aniso_k3/seed_65457/result.json
aniso_k3,new_matched_realization,tflow,65457,complete,tail_exc_99,0.06199999690055846,/mnt/vast01/users/fouad.oubari/msgm/rafm-additions/outputs_tflow_full/v2/final/aniso_k3/seed_65457/result.json
aniso_k3,new_matched_realization,tflow,65457,complete,total_train_time_s,34.523459777235985,/mnt/vast01/users/fouad.oubari/msgm/rafm-additions/outputs_tflow_full/v2/final/aniso_k3/seed_65457/result.json
aniso_k30,new_matched_realization,tflow,8925,complete,angular_sw_bin0,0.05276690796017647,/mnt/vast01/users/fouad.oubari/msgm/rafm-additions/outputs_tflow_full/v2/final/aniso_k30/seed_8925/result.json
aniso_k30,new_matched_realization,tflow,8925,complete,angular_sw_bin1,0.05917010456323624,/mnt/vast01/users/fouad.oubari/msgm/rafm-additions/outputs_tflow_full/v2/final/aniso_k30/seed_8925/result.json
aniso_k30,new_matched_realization,tflow,8925,complete,angular_sw_bin2,0.07951086014509201,/mnt/vast01/users/fouad.oubari/msgm/rafm-additions/outputs_tflow_full/v2/final/aniso_k30/seed_8925/result.json
aniso_k30,new_matched_realization,tflow,8925,complete,angular_sw_bin3,0.08516433089971542,/mnt/vast01/users/fouad.oubari/msgm/rafm-additions/outputs_tflow_full/v2/final/aniso_k30/seed_8925/result.json
aniso_k30,new_matched_realization,tflow,8925,complete,angular_sw_mean,0.06915305089205503,/mnt/vast01/users/fouad.oubari/msgm/rafm-additions/outputs_tflow_full/v2/final/aniso_k30/seed_8925/result.json
aniso_k30,new_matched_realization,tflow,8925,complete,exploding_norm_rate,0.0,/mnt/vast01/users/fouad.oubari/msgm/rafm-additions/outputs_tflow_full/v2/final/aniso_k30/seed_8925/result.json
aniso_k30,new_matched_realization,tflow,8925,complete,inf_rate,0.0,/mnt/vast01/users/fouad.oubari/msgm/rafm-additions/outputs_tflow_full/v2/final/aniso_k30/seed_8925/result.json
aniso_k30,new_matched_realization,tflow,8925,complete,invalid_rate,0.0,/mnt/vast01/users/fouad.oubari/msgm/rafm-additions/outputs_tflow_full/v2/final/aniso_k30/seed_8925/result.json
aniso_k30,new_matched_realization,tflow,8925,complete,ks_stat,0.6273000240325928,/mnt/vast01/users/fouad.oubari/msgm/rafm-additions/outputs_tflow_full/v2/final/aniso_k30/seed_8925/result.json
aniso_k30,new_matched_realization,tflow,8925,complete,mmd,0.05992603302001953,/mnt/vast01/users/fouad.oubari/msgm/rafm-additions/outputs_tflow_full/v2/final/aniso_k30/seed_8925/result.json
aniso_k30,new_matched_realization,tflow,8925,complete,n_params,41504,/mnt/vast01/users/fouad.oubari/msgm/rafm-additions/outputs_tflow_full/v2/final/aniso_k30/seed_8925/result.json
aniso_k30,new_matched_realization,tflow,8925,complete,nan_rate,0.0,/mnt/vast01/users/fouad.oubari/msgm/rafm-additions/outputs_tflow_full/v2/final/aniso_k30/seed_8925/result.json
aniso_k30,new_matched_realization,tflow,8925,complete,nfe,512,/mnt/vast01/users/fouad.oubari/msgm/rafm-additions/outputs_tflow_full/v2/final/aniso_k30/seed_8925/result.json
aniso_k30,new_matched_realization,tflow,8925,complete,q950_err,0.3170940586744153,/mnt/vast01/users/fouad.oubari/msgm/rafm-additions/outputs_tflow_full/v2/final/aniso_k30/seed_8925/result.json
aniso_k30,new_matched_realization,tflow,8925,complete,q990_err,0.2715270063698703,/mnt/vast01/users/fouad.oubari/msgm/rafm-additions/outputs_tflow_full/v2/final/aniso_k30/seed_8925/result.json
aniso_k30,new_matched_realization,tflow,8925,complete,q995_err,0.24565378651775663,/mnt/vast01/users/fouad.oubari/msgm/rafm-additions/outputs_tflow_full/v2/final/aniso_k30/seed_8925/result.json
aniso_k30,new_matched_realization,tflow,8925,complete,radial_w1,22.38947296142578,/mnt/vast01/users/fouad.oubari/msgm/rafm-additions/outputs_tflow_full/v2/final/aniso_k30/seed_8925/result.json
aniso_k30,new_matched_realization,tflow,8925,complete,sample_time_s,0.424189917743206,/mnt/vast01/users/fouad.oubari/msgm/rafm-additions/outputs_tflow_full/v2/final/aniso_k30/seed_8925/result.json
aniso_k30,new_matched_realization,tflow,8925,complete,sliced_w1,4.177401542663574,/mnt/vast01/users/fouad.oubari/msgm/rafm-additions/outputs_tflow_full/v2/final/aniso_k30/seed_8925/result.json
aniso_k30,new_matched_realization,tflow,8925,complete,tail_exc_95,0.04780000001192097,/mnt/vast01/users/fouad.oubari/msgm/rafm-additions/outputs_tflow_full/v2/final/aniso_k30/seed_8925/result.json
aniso_k30,new_matched_realization,tflow,8925,complete,tail_exc_99,0.008799999943003067,/mnt/vast01/users/fouad.oubari/msgm/rafm-additions/outputs_tflow_full/v2/final/aniso_k30/seed_8925/result.json
aniso_k30,new_matched_realization,tflow,8925,complete,total_train_time_s,32.541935972869396,/mnt/vast01/users/fouad.oubari/msgm/rafm-additions/outputs_tflow_full/v2/final/aniso_k30/seed_8925/result.json
aniso_k30,new_matched_realization,tflow,77395,complete,angular_sw_bin0,0.07387838512659073,/mnt/vast01/users/fouad.oubari/msgm/rafm-additions/outputs_tflow_full/v2/final/aniso_k30/seed_77395/result.json
aniso_k30,new_matched_realization,tflow,77395,complete,angular_sw_bin1,0.11539751291275024,/mnt/vast01/users/fouad.oubari/msgm/rafm-additions/outputs_tflow_full/v2/final/aniso_k30/seed_77395/result.json
aniso_k30,new_matched_realization,tflow,77395,complete,angular_sw_bin2,0.11422626674175262,/mnt/vast01/users/fouad.oubari/msgm/rafm-additions/outputs_tflow_full/v2/final/aniso_k30/seed_77395/result.json
aniso_k30,new_matched_realization,tflow,77395,complete,angular_sw_bin3,0.10321986675262451,/mnt/vast01/users/fouad.oubari/msgm/rafm-additions/outputs_tflow_full/v2/final/aniso_k30/seed_77395/result.json
aniso_k30,new_matched_realization,tflow,77395,complete,angular_sw_mean,0.10168050788342953,/mnt/vast01/users/fouad.oubari/msgm/rafm-additions/outputs_tflow_full/v2/final/aniso_k30/seed_77395/result.json
aniso_k30,new_matched_realization,tflow,77395,complete,exploding_norm_rate,0.0,/mnt/vast01/users/fouad.oubari/msgm/rafm-additions/outputs_tflow_full/v2/final/aniso_k30/seed_77395/result.json
aniso_k30,new_matched_realization,tflow,77395,complete,inf_rate,0.0,/mnt/vast01/users/fouad.oubari/msgm/rafm-additions/outputs_tflow_full/v2/final/aniso_k30/seed_77395/result.json
aniso_k30,new_matched_realization,tflow,77395,complete,invalid_rate,0.0,/mnt/vast01/users/fouad.oubari/msgm/rafm-additions/outputs_tflow_full/v2/final/aniso_k30/seed_77395/result.json
aniso_k30,new_matched_realization,tflow,77395,complete,ks_stat,0.5491000413894653,/mnt/vast01/users/fouad.oubari/msgm/rafm-additions/outputs_tflow_full/v2/final/aniso_k30/seed_77395/result.json
aniso_k30,new_matched_realization,tflow,77395,complete,mmd,0.09639310836791992,/mnt/vast01/users/fouad.oubari/msgm/rafm-additions/outputs_tflow_full/v2/final/aniso_k30/seed_77395/result.json
aniso_k30,new_matched_realization,tflow,77395,complete,n_params,41504,/mnt/vast01/users/fouad.oubari/msgm/rafm-additions/outputs_tflow_full/v2/final/aniso_k30/seed_77395/result.json
aniso_k30,new_matched_realization,tflow,77395,complete,nan_rate,0.0,/mnt/vast01/users/fouad.oubari/msgm/rafm-additions/outputs_tflow_full/v2/final/aniso_k30/seed_77395/result.json
aniso_k30,new_matched_realization,tflow,77395,complete,nfe,512,/mnt/vast01/users/fouad.oubari/msgm/rafm-additions/outputs_tflow_full/v2/final/aniso_k30/seed_77395/result.json
aniso_k30,new_matched_realization,tflow,77395,complete,q950_err,0.2749254088962572,/mnt/vast01/users/fouad.oubari/msgm/rafm-additions/outputs_tflow_full/v2/final/aniso_k30/seed_77395/result.json
aniso_k30,new_matched_realization,tflow,77395,complete,q990_err,0.25211150468547655,/mnt/vast01/users/fouad.oubari/msgm/rafm-additions/outputs_tflow_full/v2/final/aniso_k30/seed_77395/result.json
aniso_k30,new_matched_realization,tflow,77395,complete,q995_err,0.23496502878672806,/mnt/vast01/users/fouad.oubari/msgm/rafm-additions/outputs_tflow_full/v2/final/aniso_k30/seed_77395/result.json
aniso_k30,new_matched_realization,tflow,77395,complete,radial_w1,18.763320922851562,/mnt/vast01/users/fouad.oubari/msgm/rafm-additions/outputs_tflow_full/v2/final/aniso_k30/seed_77395/result.json
aniso_k30,new_matched_realization,tflow,77395,complete,sample_time_s,0.42311521619558334,/mnt/vast01/users/fouad.oubari/msgm/rafm-additions/outputs_tflow_full/v2/final/aniso_k30/seed_77395/result.json
aniso_k30,new_matched_realization,tflow,77395,complete,sliced_w1,5.097436428070068,/mnt/vast01/users/fouad.oubari/msgm/rafm-additions/outputs_tflow_full/v2/final/aniso_k30/seed_77395/result.json
aniso_k30,new_matched_realization,tflow,77395,complete,tail_exc_95,0.046899999910965606,/mnt/vast01/users/fouad.oubari/msgm/rafm-additions/outputs_tflow_full/v2/final/aniso_k30/seed_77395/result.json
aniso_k30,new_matched_realization,tflow,77395,complete,tail_exc_99,0.008400000040419409,/mnt/vast01/users/fouad.oubari/msgm/rafm-additions/outputs_tflow_full/v2/final/aniso_k30/seed_77395/result.json
aniso_k30,new_matched_realization,tflow,77395,complete,total_train_time_s,30.697893761098385,/mnt/vast01/users/fouad.oubari/msgm/rafm-additions/outputs_tflow_full/v2/final/aniso_k30/seed_77395/result.json
aniso_k30,new_matched_realization,tflow,65457,complete,angular_sw_bin0,0.0762360617518425,/mnt/vast01/users/fouad.oubari/msgm/rafm-additions/outputs_tflow_full/v2/final/aniso_k30/seed_65457/result.json
aniso_k30,new_matched_realization,tflow,65457,complete,angular_sw_bin1,0.08782338351011276,/mnt/vast01/users/fouad.oubari/msgm/rafm-additions/outputs_tflow_full/v2/final/aniso_k30/seed_65457/result.json
aniso_k30,new_matched_realization,tflow,65457,complete,angular_sw_bin2,0.10115525871515274,/mnt/vast01/users/fouad.oubari/msgm/rafm-additions/outputs_tflow_full/v2/final/aniso_k30/seed_65457/result.json
aniso_k30,new_matched_realization,tflow,65457,complete,angular_sw_bin3,0.09023819118738174,/mnt/vast01/users/fouad.oubari/msgm/rafm-additions/outputs_tflow_full/v2/final/aniso_k30/seed_65457/result.json
aniso_k30,new_matched_realization,tflow,65457,complete,angular_sw_mean,0.08886322379112244,/mnt/vast01/users/fouad.oubari/msgm/rafm-additions/outputs_tflow_full/v2/final/aniso_k30/seed_65457/result.json
aniso_k30,new_matched_realization,tflow,65457,complete,exploding_norm_rate,0.0,/mnt/vast01/users/fouad.oubari/msgm/rafm-additions/outputs_tflow_full/v2/final/aniso_k30/seed_65457/result.json
aniso_k30,new_matched_realization,tflow,65457,complete,inf_rate,0.0,/mnt/vast01/users/fouad.oubari/msgm/rafm-additions/outputs_tflow_full/v2/final/aniso_k30/seed_65457/result.json
aniso_k30,new_matched_realization,tflow,65457,complete,invalid_rate,0.0,/mnt/vast01/users/fouad.oubari/msgm/rafm-additions/outputs_tflow_full/v2/final/aniso_k30/seed_65457/result.json
aniso_k30,new_matched_realization,tflow,65457,complete,ks_stat,0.6711999773979187,/mnt/vast01/users/fouad.oubari/msgm/rafm-additions/outputs_tflow_full/v2/final/aniso_k30/seed_65457/result.json
aniso_k30,new_matched_realization,tflow,65457,complete,mmd,0.09542763233184814,/mnt/vast01/users/fouad.oubari/msgm/rafm-additions/outputs_tflow_full/v2/final/aniso_k30/seed_65457/result.json
aniso_k30,new_matched_realization,tflow,65457,complete,n_params,41504,/mnt/vast01/users/fouad.oubari/msgm/rafm-additions/outputs_tflow_full/v2/final/aniso_k30/seed_65457/result.json
aniso_k30,new_matched_realization,tflow,65457,complete,nan_rate,0.0,/mnt/vast01/users/fouad.oubari/msgm/rafm-additions/outputs_tflow_full/v2/final/aniso_k30/seed_65457/result.json
aniso_k30,new_matched_realization,tflow,65457,complete,nfe,512,/mnt/vast01/users/fouad.oubari/msgm/rafm-additions/outputs_tflow_full/v2/final/aniso_k30/seed_65457/result.json
aniso_k30,new_matched_realization,tflow,65457,complete,q950_err,0.3479440638288998,/mnt/vast01/users/fouad.oubari/msgm/rafm-additions/outputs_tflow_full/v2/final/aniso_k30/seed_65457/result.json
aniso_k30,new_matched_realization,tflow,65457,complete,q990_err,0.3051657868596446,/mnt/vast01/users/fouad.oubari/msgm/rafm-additions/outputs_tflow_full/v2/final/aniso_k30/seed_65457/result.json
aniso_k30,new_matched_realization,tflow,65457,complete,q995_err,0.2858232957246507,/mnt/vast01/users/fouad.oubari/msgm/rafm-additions/outputs_tflow_full/v2/final/aniso_k30/seed_65457/result.json
aniso_k30,new_matched_realization,tflow,65457,complete,radial_w1,23.403526306152344,/mnt/vast01/users/fouad.oubari/msgm/rafm-additions/outputs_tflow_full/v2/final/aniso_k30/seed_65457/result.json
aniso_k30,new_matched_realization,tflow,65457,complete,sample_time_s,0.4172525927424431,/mnt/vast01/users/fouad.oubari/msgm/rafm-additions/outputs_tflow_full/v2/final/aniso_k30/seed_65457/result.json
aniso_k30,new_matched_realization,tflow,65457,complete,sliced_w1,5.216029167175293,/mnt/vast01/users/fouad.oubari/msgm/rafm-additions/outputs_tflow_full/v2/final/aniso_k30/seed_65457/result.json
aniso_k30,new_matched_realization,tflow,65457,complete,tail_exc_95,0.04790000007487838,/mnt/vast01/users/fouad.oubari/msgm/rafm-additions/outputs_tflow_full/v2/final/aniso_k30/seed_65457/result.json
aniso_k30,new_matched_realization,tflow,65457,complete,tail_exc_99,0.008400000040419409,/mnt/vast01/users/fouad.oubari/msgm/rafm-additions/outputs_tflow_full/v2/final/aniso_k30/seed_65457/result.json
aniso_k30,new_matched_realization,tflow,65457,complete,total_train_time_s,32.63292159885168,/mnt/vast01/users/fouad.oubari/msgm/rafm-additions/outputs_tflow_full/v2/final/aniso_k30/seed_65457/result.json
aniso_k300,new_matched_realization,tflow,8925,complete,angular_sw_bin0,0.07123465090990067,/mnt/vast01/users/fouad.oubari/msgm/rafm-additions/outputs_tflow_full/v2/final/aniso_k300/seed_8925/result.json
aniso_k300,new_matched_realization,tflow,8925,complete,angular_sw_bin1,0.07071790844202042,/mnt/vast01/users/fouad.oubari/msgm/rafm-additions/outputs_tflow_full/v2/final/aniso_k300/seed_8925/result.json
aniso_k300,new_matched_realization,tflow,8925,complete,angular_sw_bin2,0.06719855219125748,/mnt/vast01/users/fouad.oubari/msgm/rafm-additions/outputs_tflow_full/v2/final/aniso_k300/seed_8925/result.json
aniso_k300,new_matched_realization,tflow,8925,complete,angular_sw_bin3,0.06925900280475616,/mnt/vast01/users/fouad.oubari/msgm/rafm-additions/outputs_tflow_full/v2/final/aniso_k300/seed_8925/result.json
aniso_k300,new_matched_realization,tflow,8925,complete,angular_sw_mean,0.06960252858698368,/mnt/vast01/users/fouad.oubari/msgm/rafm-additions/outputs_tflow_full/v2/final/aniso_k300/seed_8925/result.json
aniso_k300,new_matched_realization,tflow,8925,complete,exploding_norm_rate,0.0,/mnt/vast01/users/fouad.oubari/msgm/rafm-additions/outputs_tflow_full/v2/final/aniso_k300/seed_8925/result.json
aniso_k300,new_matched_realization,tflow,8925,complete,inf_rate,0.0,/mnt/vast01/users/fouad.oubari/msgm/rafm-additions/outputs_tflow_full/v2/final/aniso_k300/seed_8925/result.json
aniso_k300,new_matched_realization,tflow,8925,complete,invalid_rate,0.0,/mnt/vast01/users/fouad.oubari/msgm/rafm-additions/outputs_tflow_full/v2/final/aniso_k300/seed_8925/result.json
aniso_k300,new_matched_realization,tflow,8925,complete,ks_stat,0.7656000256538391,/mnt/vast01/users/fouad.oubari/msgm/rafm-additions/outputs_tflow_full/v2/final/aniso_k300/seed_8925/result.json
aniso_k300,new_matched_realization,tflow,8925,complete,mmd,0.2509528398513794,/mnt/vast01/users/fouad.oubari/msgm/rafm-additions/outputs_tflow_full/v2/final/aniso_k300/seed_8925/result.json
aniso_k300,new_matched_realization,tflow,8925,complete,n_params,41504,/mnt/vast01/users/fouad.oubari/msgm/rafm-additions/outputs_tflow_full/v2/final/aniso_k300/seed_8925/result.json
aniso_k300,new_matched_realization,tflow,8925,complete,nan_rate,0.0,/mnt/vast01/users/fouad.oubari/msgm/rafm-additions/outputs_tflow_full/v2/final/aniso_k300/seed_8925/result.json
aniso_k300,new_matched_realization,tflow,8925,complete,nfe,512,/mnt/vast01/users/fouad.oubari/msgm/rafm-additions/outputs_tflow_full/v2/final/aniso_k300/seed_8925/result.json
aniso_k300,new_matched_realization,tflow,8925,complete,q950_err,5.054714635129639,/mnt/vast01/users/fouad.oubari/msgm/rafm-additions/outputs_tflow_full/v2/final/aniso_k300/seed_8925/result.json
aniso_k300,new_matched_realization,tflow,8925,complete,q990_err,7.163801934889529,/mnt/vast01/users/fouad.oubari/msgm/rafm-additions/outputs_tflow_full/v2/final/aniso_k300/seed_8925/result.json
aniso_k300,new_matched_realization,tflow,8925,complete,q995_err,8.292946795652227,/mnt/vast01/users/fouad.oubari/msgm/rafm-additions/outputs_tflow_full/v2/final/aniso_k300/seed_8925/result.json
aniso_k300,new_matched_realization,tflow,8925,complete,radial_w1,1450.5592041015625,/mnt/vast01/users/fouad.oubari/msgm/rafm-additions/outputs_tflow_full/v2/final/aniso_k300/seed_8925/result.json
aniso_k300,new_matched_realization,tflow,8925,complete,sample_time_s,0.42006633058190346,/mnt/vast01/users/fouad.oubari/msgm/rafm-additions/outputs_tflow_full/v2/final/aniso_k300/seed_8925/result.json
aniso_k300,new_matched_realization,tflow,8925,complete,sliced_w1,216.24522399902344,/mnt/vast01/users/fouad.oubari/msgm/rafm-additions/outputs_tflow_full/v2/final/aniso_k300/seed_8925/result.json
aniso_k300,new_matched_realization,tflow,8925,complete,tail_exc_95,0.7606999993324279,/mnt/vast01/users/fouad.oubari/msgm/rafm-additions/outputs_tflow_full/v2/final/aniso_k300/seed_8925/result.json
aniso_k300,new_matched_realization,tflow,8925,complete,tail_exc_99,0.7488000297546387,/mnt/vast01/users/fouad.oubari/msgm/rafm-additions/outputs_tflow_full/v2/final/aniso_k300/seed_8925/result.json
aniso_k300,new_matched_realization,tflow,8925,complete,total_train_time_s,32.814791820943356,/mnt/vast01/users/fouad.oubari/msgm/rafm-additions/outputs_tflow_full/v2/final/aniso_k300/seed_8925/result.json
aniso_k300,new_matched_realization,tflow,77395,complete,angular_sw_bin0,0.07054079324007034,/mnt/vast01/users/fouad.oubari/msgm/rafm-additions/outputs_tflow_full/v2/final/aniso_k300/seed_77395/result.json
aniso_k300,new_matched_realization,tflow,77395,complete,angular_sw_bin1,0.07732626795768738,/mnt/vast01/users/fouad.oubari/msgm/rafm-additions/outputs_tflow_full/v2/final/aniso_k300/seed_77395/result.json
aniso_k300,new_matched_realization,tflow,77395,complete,angular_sw_bin2,0.08067809045314789,/mnt/vast01/users/fouad.oubari/msgm/rafm-additions/outputs_tflow_full/v2/final/aniso_k300/seed_77395/result.json
aniso_k300,new_matched_realization,tflow,77395,complete,angular_sw_bin3,0.07182485610246658,/mnt/vast01/users/fouad.oubari/msgm/rafm-additions/outputs_tflow_full/v2/final/aniso_k300/seed_77395/result.json
aniso_k300,new_matched_realization,tflow,77395,complete,angular_sw_mean,0.07509250193834305,/mnt/vast01/users/fouad.oubari/msgm/rafm-additions/outputs_tflow_full/v2/final/aniso_k300/seed_77395/result.json
aniso_k300,new_matched_realization,tflow,77395,complete,exploding_norm_rate,0.0,/mnt/vast01/users/fouad.oubari/msgm/rafm-additions/outputs_tflow_full/v2/final/aniso_k300/seed_77395/result.json
aniso_k300,new_matched_realization,tflow,77395,complete,inf_rate,0.0,/mnt/vast01/users/fouad.oubari/msgm/rafm-additions/outputs_tflow_full/v2/final/aniso_k300/seed_77395/result.json
aniso_k300,new_matched_realization,tflow,77395,complete,invalid_rate,0.0,/mnt/vast01/users/fouad.oubari/msgm/rafm-additions/outputs_tflow_full/v2/final/aniso_k300/seed_77395/result.json
aniso_k300,new_matched_realization,tflow,77395,complete,ks_stat,0.7694000005722046,/mnt/vast01/users/fouad.oubari/msgm/rafm-additions/outputs_tflow_full/v2/final/aniso_k300/seed_77395/result.json
aniso_k300,new_matched_realization,tflow,77395,complete,mmd,0.26738202571868896,/mnt/vast01/users/fouad.oubari/msgm/rafm-additions/outputs_tflow_full/v2/final/aniso_k300/seed_77395/result.json
aniso_k300,new_matched_realization,tflow,77395,complete,n_params,41504,/mnt/vast01/users/fouad.oubari/msgm/rafm-additions/outputs_tflow_full/v2/final/aniso_k300/seed_77395/result.json
aniso_k300,new_matched_realization,tflow,77395,complete,nan_rate,0.0,/mnt/vast01/users/fouad.oubari/msgm/rafm-additions/outputs_tflow_full/v2/final/aniso_k300/seed_77395/result.json
aniso_k300,new_matched_realization,tflow,77395,complete,nfe,512,/mnt/vast01/users/fouad.oubari/msgm/rafm-additions/outputs_tflow_full/v2/final/aniso_k300/seed_77395/result.json
aniso_k300,new_matched_realization,tflow,77395,complete,q950_err,3.8719724282319192,/mnt/vast01/users/fouad.oubari/msgm/rafm-additions/outputs_tflow_full/v2/final/aniso_k300/seed_77395/result.json
aniso_k300,new_matched_realization,tflow,77395,complete,q990_err,5.423920529184633,/mnt/vast01/users/fouad.oubari/msgm/rafm-additions/outputs_tflow_full/v2/final/aniso_k300/seed_77395/result.json
aniso_k300,new_matched_realization,tflow,77395,complete,q995_err,6.2171486864377155,/mnt/vast01/users/fouad.oubari/msgm/rafm-additions/outputs_tflow_full/v2/final/aniso_k300/seed_77395/result.json
aniso_k300,new_matched_realization,tflow,77395,complete,radial_w1,1221.7364501953125,/mnt/vast01/users/fouad.oubari/msgm/rafm-additions/outputs_tflow_full/v2/final/aniso_k300/seed_77395/result.json
aniso_k300,new_matched_realization,tflow,77395,complete,sample_time_s,0.41600897535681725,/mnt/vast01/users/fouad.oubari/msgm/rafm-additions/outputs_tflow_full/v2/final/aniso_k300/seed_77395/result.json
aniso_k300,new_matched_realization,tflow,77395,complete,sliced_w1,191.5660400390625,/mnt/vast01/users/fouad.oubari/msgm/rafm-additions/outputs_tflow_full/v2/final/aniso_k300/seed_77395/result.json
aniso_k300,new_matched_realization,tflow,77395,complete,tail_exc_95,0.7645999908447265,/mnt/vast01/users/fouad.oubari/msgm/rafm-additions/outputs_tflow_full/v2/final/aniso_k300/seed_77395/result.json
aniso_k300,new_matched_realization,tflow,77395,complete,tail_exc_99,0.7490000033378601,/mnt/vast01/users/fouad.oubari/msgm/rafm-additions/outputs_tflow_full/v2/final/aniso_k300/seed_77395/result.json
aniso_k300,new_matched_realization,tflow,77395,complete,total_train_time_s,30.56051291152835,/mnt/vast01/users/fouad.oubari/msgm/rafm-additions/outputs_tflow_full/v2/final/aniso_k300/seed_77395/result.json
aniso_k300,new_matched_realization,tflow,65457,complete,angular_sw_bin0,0.05908169969916344,/mnt/vast01/users/fouad.oubari/msgm/rafm-additions/outputs_tflow_full/v2/final/aniso_k300/seed_65457/result.json
aniso_k300,new_matched_realization,tflow,65457,complete,angular_sw_bin1,0.05993489548563957,/mnt/vast01/users/fouad.oubari/msgm/rafm-additions/outputs_tflow_full/v2/final/aniso_k300/seed_65457/result.json
aniso_k300,new_matched_realization,tflow,65457,complete,angular_sw_bin2,0.05887295678257942,/mnt/vast01/users/fouad.oubari/msgm/rafm-additions/outputs_tflow_full/v2/final/aniso_k300/seed_65457/result.json
aniso_k300,new_matched_realization,tflow,65457,complete,angular_sw_bin3,0.07072607427835464,/mnt/vast01/users/fouad.oubari/msgm/rafm-additions/outputs_tflow_full/v2/final/aniso_k300/seed_65457/result.json
aniso_k300,new_matched_realization,tflow,65457,complete,angular_sw_mean,0.06215390656143427,/mnt/vast01/users/fouad.oubari/msgm/rafm-additions/outputs_tflow_full/v2/final/aniso_k300/seed_65457/result.json
aniso_k300,new_matched_realization,tflow,65457,complete,exploding_norm_rate,0.0,/mnt/vast01/users/fouad.oubari/msgm/rafm-additions/outputs_tflow_full/v2/final/aniso_k300/seed_65457/result.json
aniso_k300,new_matched_realization,tflow,65457,complete,inf_rate,0.0,/mnt/vast01/users/fouad.oubari/msgm/rafm-additions/outputs_tflow_full/v2/final/aniso_k300/seed_65457/result.json
aniso_k300,new_matched_realization,tflow,65457,complete,invalid_rate,0.0,/mnt/vast01/users/fouad.oubari/msgm/rafm-additions/outputs_tflow_full/v2/final/aniso_k300/seed_65457/result.json
aniso_k300,new_matched_realization,tflow,65457,complete,ks_stat,0.7620999813079834,/mnt/vast01/users/fouad.oubari/msgm/rafm-additions/outputs_tflow_full/v2/final/aniso_k300/seed_65457/result.json
aniso_k300,new_matched_realization,tflow,65457,complete,mmd,0.2554893493652344,/mnt/vast01/users/fouad.oubari/msgm/rafm-additions/outputs_tflow_full/v2/final/aniso_k300/seed_65457/result.json
aniso_k300,new_matched_realization,tflow,65457,complete,n_params,41504,/mnt/vast01/users/fouad.oubari/msgm/rafm-additions/outputs_tflow_full/v2/final/aniso_k300/seed_65457/result.json
aniso_k300,new_matched_realization,tflow,65457,complete,nan_rate,0.0,/mnt/vast01/users/fouad.oubari/msgm/rafm-additions/outputs_tflow_full/v2/final/aniso_k300/seed_65457/result.json
aniso_k300,new_matched_realization,tflow,65457,complete,nfe,512,/mnt/vast01/users/fouad.oubari/msgm/rafm-additions/outputs_tflow_full/v2/final/aniso_k300/seed_65457/result.json
aniso_k300,new_matched_realization,tflow,65457,complete,q950_err,3.0477566333582278,/mnt/vast01/users/fouad.oubari/msgm/rafm-additions/outputs_tflow_full/v2/final/aniso_k300/seed_65457/result.json
aniso_k300,new_matched_realization,tflow,65457,complete,q990_err,3.945759638696456,/mnt/vast01/users/fouad.oubari/msgm/rafm-additions/outputs_tflow_full/v2/final/aniso_k300/seed_65457/result.json
aniso_k300,new_matched_realization,tflow,65457,complete,q995_err,4.28523582020881,/mnt/vast01/users/fouad.oubari/msgm/rafm-additions/outputs_tflow_full/v2/final/aniso_k300/seed_65457/result.json
aniso_k300,new_matched_realization,tflow,65457,complete,radial_w1,1039.024658203125,/mnt/vast01/users/fouad.oubari/msgm/rafm-additions/outputs_tflow_full/v2/final/aniso_k300/seed_65457/result.json
aniso_k300,new_matched_realization,tflow,65457,complete,sample_time_s,0.42115331068634987,/mnt/vast01/users/fouad.oubari/msgm/rafm-additions/outputs_tflow_full/v2/final/aniso_k300/seed_65457/result.json
aniso_k300,new_matched_realization,tflow,65457,complete,sliced_w1,166.5865478515625,/mnt/vast01/users/fouad.oubari/msgm/rafm-additions/outputs_tflow_full/v2/final/aniso_k300/seed_65457/result.json
aniso_k300,new_matched_realization,tflow,65457,complete,tail_exc_95,0.7601000189781189,/mnt/vast01/users/fouad.oubari/msgm/rafm-additions/outputs_tflow_full/v2/final/aniso_k300/seed_65457/result.json
aniso_k300,new_matched_realization,tflow,65457,complete,tail_exc_99,0.7304999732971191,/mnt/vast01/users/fouad.oubari/msgm/rafm-additions/outputs_tflow_full/v2/final/aniso_k300/seed_65457/result.json
aniso_k300,new_matched_realization,tflow,65457,complete,total_train_time_s,33.813293654471636,/mnt/vast01/users/fouad.oubari/msgm/rafm-additions/outputs_tflow_full/v2/final/aniso_k300/seed_65457/result.json
audiomnist_stft,new_matched_runs_on_verified_existing_cache,tflow,8925,complete,PIT,0.9766765000000001,/mnt/vast01/users/fouad.oubari/msgm/rafm-additions/outputs_tflow_full/v2/final/audiomnist_stft/seed_8925/result.json
audiomnist_stft,new_matched_runs_on_verified_existing_cache,tflow,8925,complete,cov<q10,0.0,/mnt/vast01/users/fouad.oubari/msgm/rafm-additions/outputs_tflow_full/v2/final/audiomnist_stft/seed_8925/result.json
audiomnist_stft,new_matched_runs_on_verified_existing_cache,tflow,8925,complete,cov>q90,0.919,/mnt/vast01/users/fouad.oubari/msgm/rafm-additions/outputs_tflow_full/v2/final/audiomnist_stft/seed_8925/result.json
audiomnist_stft,new_matched_runs_on_verified_existing_cache,tflow,8925,complete,cov>q95,0.8715,/mnt/vast01/users/fouad.oubari/msgm/rafm-additions/outputs_tflow_full/v2/final/audiomnist_stft/seed_8925/result.json
audiomnist_stft,new_matched_runs_on_verified_existing_cache,tflow,8925,complete,cov>q99,0.7615,/mnt/vast01/users/fouad.oubari/msgm/rafm-additions/outputs_tflow_full/v2/final/audiomnist_stft/seed_8925/result.json
audiomnist_stft,new_matched_runs_on_verified_existing_cache,tflow,8925,complete,digit_acc,0.147,/mnt/vast01/users/fouad.oubari/msgm/rafm-additions/outputs_tflow_full/v2/final/audiomnist_stft/seed_8925/result.json
audiomnist_stft,new_matched_runs_on_verified_existing_cache,tflow,8925,complete,energy_KS,0.826,/mnt/vast01/users/fouad.oubari/msgm/rafm-additions/outputs_tflow_full/v2/final/audiomnist_stft/seed_8925/result.json
audiomnist_stft,new_matched_runs_on_verified_existing_cache,tflow,8925,complete,n_params,27896802,/mnt/vast01/users/fouad.oubari/msgm/rafm-additions/outputs_tflow_full/v2/final/audiomnist_stft/seed_8925/result.json
audiomnist_stft,new_matched_runs_on_verified_existing_cache,tflow,8925,complete,nfe,160,/mnt/vast01/users/fouad.oubari/msgm/rafm-additions/outputs_tflow_full/v2/final/audiomnist_stft/seed_8925/result.json
audiomnist_stft,new_matched_runs_on_verified_existing_cache,tflow,8925,complete,radial_w1,7.461726380944251,/mnt/vast01/users/fouad.oubari/msgm/rafm-additions/outputs_tflow_full/v2/final/audiomnist_stft/seed_8925/result.json
audiomnist_stft,new_matched_runs_on_verified_existing_cache,tflow,8925,complete,sample_time_s,878.0980474799871,/mnt/vast01/users/fouad.oubari/msgm/rafm-additions/outputs_tflow_full/v2/final/audiomnist_stft/seed_8925/result.json
audiomnist_stft,new_matched_runs_on_verified_existing_cache,tflow,8925,complete,total_train_time_s,8931.089417293668,/mnt/vast01/users/fouad.oubari/msgm/rafm-additions/outputs_tflow_full/v2/final/audiomnist_stft/seed_8925/result.json
audiomnist_stft,new_matched_runs_on_verified_existing_cache,tflow,1234,complete,PIT,0.9799955,/mnt/vast01/users/fouad.oubari/msgm/rafm-additions/outputs_tflow_full/v2/final/audiomnist_stft/seed_1234/result.json
audiomnist_stft,new_matched_runs_on_verified_existing_cache,tflow,1234,complete,cov<q10,0.0,/mnt/vast01/users/fouad.oubari/msgm/rafm-additions/outputs_tflow_full/v2/final/audiomnist_stft/seed_1234/result.json
audiomnist_stft,new_matched_runs_on_verified_existing_cache,tflow,1234,complete,cov>q90,0.936,/mnt/vast01/users/fouad.oubari/msgm/rafm-additions/outputs_tflow_full/v2/final/audiomnist_stft/seed_1234/result.json
audiomnist_stft,new_matched_runs_on_verified_existing_cache,tflow,1234,complete,cov>q95,0.8905,/mnt/vast01/users/fouad.oubari/msgm/rafm-additions/outputs_tflow_full/v2/final/audiomnist_stft/seed_1234/result.json
audiomnist_stft,new_matched_runs_on_verified_existing_cache,tflow,1234,complete,cov>q99,0.787,/mnt/vast01/users/fouad.oubari/msgm/rafm-additions/outputs_tflow_full/v2/final/audiomnist_stft/seed_1234/result.json
audiomnist_stft,new_matched_runs_on_verified_existing_cache,tflow,1234,complete,digit_acc,0.1355,/mnt/vast01/users/fouad.oubari/msgm/rafm-additions/outputs_tflow_full/v2/final/audiomnist_stft/seed_1234/result.json
audiomnist_stft,new_matched_runs_on_verified_existing_cache,tflow,1234,complete,energy_KS,0.8458333333333333,/mnt/vast01/users/fouad.oubari/msgm/rafm-additions/outputs_tflow_full/v2/final/audiomnist_stft/seed_1234/result.json
audiomnist_stft,new_matched_runs_on_verified_existing_cache,tflow,1234,complete,n_params,27896802,/mnt/vast01/users/fouad.oubari/msgm/rafm-additions/outputs_tflow_full/v2/final/audiomnist_stft/seed_1234/result.json
audiomnist_stft,new_matched_runs_on_verified_existing_cache,tflow,1234,complete,nfe,160,/mnt/vast01/users/fouad.oubari/msgm/rafm-additions/outputs_tflow_full/v2/final/audiomnist_stft/seed_1234/result.json
audiomnist_stft,new_matched_runs_on_verified_existing_cache,tflow,1234,complete,radial_w1,7.76406106686592,/mnt/vast01/users/fouad.oubari/msgm/rafm-additions/outputs_tflow_full/v2/final/audiomnist_stft/seed_1234/result.json
audiomnist_stft,new_matched_runs_on_verified_existing_cache,tflow,1234,complete,sample_time_s,879.0370666496456,/mnt/vast01/users/fouad.oubari/msgm/rafm-additions/outputs_tflow_full/v2/final/audiomnist_stft/seed_1234/result.json
audiomnist_stft,new_matched_runs_on_verified_existing_cache,tflow,1234,complete,total_train_time_s,8941.004745617509,/mnt/vast01/users/fouad.oubari/msgm/rafm-additions/outputs_tflow_full/v2/final/audiomnist_stft/seed_1234/result.json
audiomnist_stft,new_matched_runs_on_verified_existing_cache,tflow,7,complete,PIT,0.9753944999999998,/mnt/vast01/users/fouad.oubari/msgm/rafm-additions/outputs_tflow_full/v2/final/audiomnist_stft/seed_7/result.json
audiomnist_stft,new_matched_runs_on_verified_existing_cache,tflow,7,complete,cov<q10,0.0,/mnt/vast01/users/fouad.oubari/msgm/rafm-additions/outputs_tflow_full/v2/final/audiomnist_stft/seed_7/result.json
audiomnist_stft,new_matched_runs_on_verified_existing_cache,tflow,7,complete,cov>q90,0.917,/mnt/vast01/users/fouad.oubari/msgm/rafm-additions/outputs_tflow_full/v2/final/audiomnist_stft/seed_7/result.json
audiomnist_stft,new_matched_runs_on_verified_existing_cache,tflow,7,complete,cov>q95,0.8645,/mnt/vast01/users/fouad.oubari/msgm/rafm-additions/outputs_tflow_full/v2/final/audiomnist_stft/seed_7/result.json
audiomnist_stft,new_matched_runs_on_verified_existing_cache,tflow,7,complete,cov>q99,0.7435,/mnt/vast01/users/fouad.oubari/msgm/rafm-additions/outputs_tflow_full/v2/final/audiomnist_stft/seed_7/result.json
audiomnist_stft,new_matched_runs_on_verified_existing_cache,tflow,7,complete,digit_acc,0.152,/mnt/vast01/users/fouad.oubari/msgm/rafm-additions/outputs_tflow_full/v2/final/audiomnist_stft/seed_7/result.json
audiomnist_stft,new_matched_runs_on_verified_existing_cache,tflow,7,complete,energy_KS,0.825,/mnt/vast01/users/fouad.oubari/msgm/rafm-additions/outputs_tflow_full/v2/final/audiomnist_stft/seed_7/result.json
audiomnist_stft,new_matched_runs_on_verified_existing_cache,tflow,7,complete,n_params,27896802,/mnt/vast01/users/fouad.oubari/msgm/rafm-additions/outputs_tflow_full/v2/final/audiomnist_stft/seed_7/result.json
audiomnist_stft,new_matched_runs_on_verified_existing_cache,tflow,7,complete,nfe,160,/mnt/vast01/users/fouad.oubari/msgm/rafm-additions/outputs_tflow_full/v2/final/audiomnist_stft/seed_7/result.json
audiomnist_stft,new_matched_runs_on_verified_existing_cache,tflow,7,complete,radial_w1,7.3446460847854595,/mnt/vast01/users/fouad.oubari/msgm/rafm-additions/outputs_tflow_full/v2/final/audiomnist_stft/seed_7/result.json
audiomnist_stft,new_matched_runs_on_verified_existing_cache,tflow,7,complete,sample_time_s,878.0996023230255,/mnt/vast01/users/fouad.oubari/msgm/rafm-additions/outputs_tflow_full/v2/final/audiomnist_stft/seed_7/result.json
audiomnist_stft,new_matched_runs_on_verified_existing_cache,tflow,7,complete,total_train_time_s,8944.811358891428,/mnt/vast01/users/fouad.oubari/msgm/rafm-additions/outputs_tflow_full/v2/final/audiomnist_stft/seed_7/result.json
finance_ff49,new_matched_runs_on_verified_existing_cache,tflow,8925,complete,angular_sw_bin0,0.07224445790052414,/mnt/vast01/users/fouad.oubari/msgm/rafm-additions/outputs_tflow_full/v2/final/finance_ff49/seed_8925/result.json
finance_ff49,new_matched_runs_on_verified_existing_cache,tflow,8925,complete,angular_sw_bin1,0.050818853080272675,/mnt/vast01/users/fouad.oubari/msgm/rafm-additions/outputs_tflow_full/v2/final/finance_ff49/seed_8925/result.json
finance_ff49,new_matched_runs_on_verified_existing_cache,tflow,8925,complete,angular_sw_bin2,0.04673381894826889,/mnt/vast01/users/fouad.oubari/msgm/rafm-additions/outputs_tflow_full/v2/final/finance_ff49/seed_8925/result.json
finance_ff49,new_matched_runs_on_verified_existing_cache,tflow,8925,complete,angular_sw_bin3,0.04824795201420784,/mnt/vast01/users/fouad.oubari/msgm/rafm-additions/outputs_tflow_full/v2/final/finance_ff49/seed_8925/result.json
finance_ff49,new_matched_runs_on_verified_existing_cache,tflow,8925,complete,angular_sw_mean,0.054511270485818386,/mnt/vast01/users/fouad.oubari/msgm/rafm-additions/outputs_tflow_full/v2/final/finance_ff49/seed_8925/result.json
finance_ff49,new_matched_runs_on_verified_existing_cache,tflow,8925,complete,exploding_norm_rate,0.0031347961630672216,/mnt/vast01/users/fouad.oubari/msgm/rafm-additions/outputs_tflow_full/v2/final/finance_ff49/seed_8925/result.json
finance_ff49,new_matched_runs_on_verified_existing_cache,tflow,8925,complete,inf_rate,0.0,/mnt/vast01/users/fouad.oubari/msgm/rafm-additions/outputs_tflow_full/v2/final/finance_ff49/seed_8925/result.json
finance_ff49,new_matched_runs_on_verified_existing_cache,tflow,8925,complete,invalid_rate,0.0031347961630672216,/mnt/vast01/users/fouad.oubari/msgm/rafm-additions/outputs_tflow_full/v2/final/finance_ff49/seed_8925/result.json
finance_ff49,new_matched_runs_on_verified_existing_cache,tflow,8925,complete,ks_stat,0.355276882648468,/mnt/vast01/users/fouad.oubari/msgm/rafm-additions/outputs_tflow_full/v2/final/finance_ff49/seed_8925/result.json
finance_ff49,new_matched_runs_on_verified_existing_cache,tflow,8925,complete,mmd,0.09928596019744873,/mnt/vast01/users/fouad.oubari/msgm/rafm-additions/outputs_tflow_full/v2/final/finance_ff49/seed_8925/result.json
finance_ff49,new_matched_runs_on_verified_existing_cache,tflow,8925,complete,n_params,45873,/mnt/vast01/users/fouad.oubari/msgm/rafm-additions/outputs_tflow_full/v2/final/finance_ff49/seed_8925/result.json
finance_ff49,new_matched_runs_on_verified_existing_cache,tflow,8925,complete,nan_rate,0.0,/mnt/vast01/users/fouad.oubari/msgm/rafm-additions/outputs_tflow_full/v2/final/finance_ff49/seed_8925/result.json
finance_ff49,new_matched_runs_on_verified_existing_cache,tflow,8925,complete,nfe,512,/mnt/vast01/users/fouad.oubari/msgm/rafm-additions/outputs_tflow_full/v2/final/finance_ff49/seed_8925/result.json
finance_ff49,new_matched_runs_on_verified_existing_cache,tflow,8925,complete,q950_err,16.822195452920585,/mnt/vast01/users/fouad.oubari/msgm/rafm-additions/outputs_tflow_full/v2/final/finance_ff49/seed_8925/result.json
finance_ff49,new_matched_runs_on_verified_existing_cache,tflow,8925,complete,q990_err,26.27884162186144,/mnt/vast01/users/fouad.oubari/msgm/rafm-additions/outputs_tflow_full/v2/final/finance_ff49/seed_8925/result.json
finance_ff49,new_matched_runs_on_verified_existing_cache,tflow,8925,complete,q995_err,23.23447276977341,/mnt/vast01/users/fouad.oubari/msgm/rafm-additions/outputs_tflow_full/v2/final/finance_ff49/seed_8925/result.json
finance_ff49,new_matched_runs_on_verified_existing_cache,tflow,8925,complete,radial_w1,48.85581970214844,/mnt/vast01/users/fouad.oubari/msgm/rafm-additions/outputs_tflow_full/v2/final/finance_ff49/seed_8925/result.json
finance_ff49,new_matched_runs_on_verified_existing_cache,tflow,8925,complete,sample_time_s,0.3873550035059452,/mnt/vast01/users/fouad.oubari/msgm/rafm-additions/outputs_tflow_full/v2/final/finance_ff49/seed_8925/result.json
finance_ff49,new_matched_runs_on_verified_existing_cache,tflow,8925,complete,sliced_w1,5.763371467590332,/mnt/vast01/users/fouad.oubari/msgm/rafm-additions/outputs_tflow_full/v2/final/finance_ff49/seed_8925/result.json
finance_ff49,new_matched_runs_on_verified_existing_cache,tflow,8925,complete,tail_exc_95,0.3491640508174896,/mnt/vast01/users/fouad.oubari/msgm/rafm-additions/outputs_tflow_full/v2/final/finance_ff49/seed_8925/result.json
finance_ff49,new_matched_runs_on_verified_existing_cache,tflow,8925,complete,tail_exc_99,0.3073110485076904,/mnt/vast01/users/fouad.oubari/msgm/rafm-additions/outputs_tflow_full/v2/final/finance_ff49/seed_8925/result.json
finance_ff49,new_matched_runs_on_verified_existing_cache,tflow,8925,complete,total_train_time_s,32.88870066404343,/mnt/vast01/users/fouad.oubari/msgm/rafm-additions/outputs_tflow_full/v2/final/finance_ff49/seed_8925/result.json
finance_ff49,new_matched_runs_on_verified_existing_cache,tflow,77395,complete,angular_sw_bin0,0.06649468839168549,/mnt/vast01/users/fouad.oubari/msgm/rafm-additions/outputs_tflow_full/v2/final/finance_ff49/seed_77395/result.json
finance_ff49,new_matched_runs_on_verified_existing_cache,tflow,77395,complete,angular_sw_bin1,0.06111908704042435,/mnt/vast01/users/fouad.oubari/msgm/rafm-additions/outputs_tflow_full/v2/final/finance_ff49/seed_77395/result.json
finance_ff49,new_matched_runs_on_verified_existing_cache,tflow,77395,complete,angular_sw_bin2,0.06643933802843094,/mnt/vast01/users/fouad.oubari/msgm/rafm-additions/outputs_tflow_full/v2/final/finance_ff49/seed_77395/result.json
finance_ff49,new_matched_runs_on_verified_existing_cache,tflow,77395,complete,angular_sw_bin3,0.05857034772634506,/mnt/vast01/users/fouad.oubari/msgm/rafm-additions/outputs_tflow_full/v2/final/finance_ff49/seed_77395/result.json
finance_ff49,new_matched_runs_on_verified_existing_cache,tflow,77395,complete,angular_sw_mean,0.06315586529672146,/mnt/vast01/users/fouad.oubari/msgm/rafm-additions/outputs_tflow_full/v2/final/finance_ff49/seed_77395/result.json
finance_ff49,new_matched_runs_on_verified_existing_cache,tflow,77395,complete,exploding_norm_rate,0.005224660504609346,/mnt/vast01/users/fouad.oubari/msgm/rafm-additions/outputs_tflow_full/v2/final/finance_ff49/seed_77395/result.json
finance_ff49,new_matched_runs_on_verified_existing_cache,tflow,77395,complete,inf_rate,0.0,/mnt/vast01/users/fouad.oubari/msgm/rafm-additions/outputs_tflow_full/v2/final/finance_ff49/seed_77395/result.json
finance_ff49,new_matched_runs_on_verified_existing_cache,tflow,77395,complete,invalid_rate,0.005224660504609346,/mnt/vast01/users/fouad.oubari/msgm/rafm-additions/outputs_tflow_full/v2/final/finance_ff49/seed_77395/result.json
finance_ff49,new_matched_runs_on_verified_existing_cache,tflow,77395,complete,ks_stat,0.32776039838790894,/mnt/vast01/users/fouad.oubari/msgm/rafm-additions/outputs_tflow_full/v2/final/finance_ff49/seed_77395/result.json
finance_ff49,new_matched_runs_on_verified_existing_cache,tflow,77395,complete,mmd,0.09708619117736816,/mnt/vast01/users/fouad.oubari/msgm/rafm-additions/outputs_tflow_full/v2/final/finance_ff49/seed_77395/result.json
finance_ff49,new_matched_runs_on_verified_existing_cache,tflow,77395,complete,n_params,45873,/mnt/vast01/users/fouad.oubari/msgm/rafm-additions/outputs_tflow_full/v2/final/finance_ff49/seed_77395/result.json
finance_ff49,new_matched_runs_on_verified_existing_cache,tflow,77395,complete,nan_rate,0.0,/mnt/vast01/users/fouad.oubari/msgm/rafm-additions/outputs_tflow_full/v2/final/finance_ff49/seed_77395/result.json
finance_ff49,new_matched_runs_on_verified_existing_cache,tflow,77395,complete,nfe,512,/mnt/vast01/users/fouad.oubari/msgm/rafm-additions/outputs_tflow_full/v2/final/finance_ff49/seed_77395/result.json
finance_ff49,new_matched_runs_on_verified_existing_cache,tflow,77395,complete,q950_err,15.64800328342944,/mnt/vast01/users/fouad.oubari/msgm/rafm-additions/outputs_tflow_full/v2/final/finance_ff49/seed_77395/result.json
finance_ff49,new_matched_runs_on_verified_existing_cache,tflow,77395,complete,q990_err,27.0036906624747,/mnt/vast01/users/fouad.oubari/msgm/rafm-additions/outputs_tflow_full/v2/final/finance_ff49/seed_77395/result.json
finance_ff49,new_matched_runs_on_verified_existing_cache,tflow,77395,complete,q995_err,28.153344898300777,/mnt/vast01/users/fouad.oubari/msgm/rafm-additions/outputs_tflow_full/v2/final/finance_ff49/seed_77395/result.json
finance_ff49,new_matched_runs_on_verified_existing_cache,tflow,77395,complete,radial_w1,48.123268127441406,/mnt/vast01/users/fouad.oubari/msgm/rafm-additions/outputs_tflow_full/v2/final/finance_ff49/seed_77395/result.json
finance_ff49,new_matched_runs_on_verified_existing_cache,tflow,77395,complete,sample_time_s,0.39205358922481537,/mnt/vast01/users/fouad.oubari/msgm/rafm-additions/outputs_tflow_full/v2/final/finance_ff49/seed_77395/result.json
finance_ff49,new_matched_runs_on_verified_existing_cache,tflow,77395,complete,sliced_w1,5.709035396575928,/mnt/vast01/users/fouad.oubari/msgm/rafm-additions/outputs_tflow_full/v2/final/finance_ff49/seed_77395/result.json
finance_ff49,new_matched_runs_on_verified_existing_cache,tflow,77395,complete,tail_exc_95,0.3212992072105407,/mnt/vast01/users/fouad.oubari/msgm/rafm-additions/outputs_tflow_full/v2/final/finance_ff49/seed_77395/result.json
finance_ff49,new_matched_runs_on_verified_existing_cache,tflow,77395,complete,tail_exc_99,0.28118773341178893,/mnt/vast01/users/fouad.oubari/msgm/rafm-additions/outputs_tflow_full/v2/final/finance_ff49/seed_77395/result.json
finance_ff49,new_matched_runs_on_verified_existing_cache,tflow,77395,complete,total_train_time_s,34.912099454551935,/mnt/vast01/users/fouad.oubari/msgm/rafm-additions/outputs_tflow_full/v2/final/finance_ff49/seed_77395/result.json
finance_ff49,new_matched_runs_on_verified_existing_cache,tflow,65457,complete,angular_sw_bin0,0.07976147532463074,/mnt/vast01/users/fouad.oubari/msgm/rafm-additions/outputs_tflow_full/v2/final/finance_ff49/seed_65457/result.json
finance_ff49,new_matched_runs_on_verified_existing_cache,tflow,65457,complete,angular_sw_bin1,0.06493537873029709,/mnt/vast01/users/fouad.oubari/msgm/rafm-additions/outputs_tflow_full/v2/final/finance_ff49/seed_65457/result.json
finance_ff49,new_matched_runs_on_verified_existing_cache,tflow,65457,complete,angular_sw_bin2,0.06325630098581314,/mnt/vast01/users/fouad.oubari/msgm/rafm-additions/outputs_tflow_full/v2/final/finance_ff49/seed_65457/result.json
finance_ff49,new_matched_runs_on_verified_existing_cache,tflow,65457,complete,angular_sw_bin3,0.04470669850707054,/mnt/vast01/users/fouad.oubari/msgm/rafm-additions/outputs_tflow_full/v2/final/finance_ff49/seed_65457/result.json
finance_ff49,new_matched_runs_on_verified_existing_cache,tflow,65457,complete,angular_sw_mean,0.06316496338695288,/mnt/vast01/users/fouad.oubari/msgm/rafm-additions/outputs_tflow_full/v2/final/finance_ff49/seed_65457/result.json
finance_ff49,new_matched_runs_on_verified_existing_cache,tflow,65457,complete,exploding_norm_rate,0.0111459419131279,/mnt/vast01/users/fouad.oubari/msgm/rafm-additions/outputs_tflow_full/v2/final/finance_ff49/seed_65457/result.json
finance_ff49,new_matched_runs_on_verified_existing_cache,tflow,65457,complete,inf_rate,0.0,/mnt/vast01/users/fouad.oubari/msgm/rafm-additions/outputs_tflow_full/v2/final/finance_ff49/seed_65457/result.json
finance_ff49,new_matched_runs_on_verified_existing_cache,tflow,65457,complete,invalid_rate,0.0111459419131279,/mnt/vast01/users/fouad.oubari/msgm/rafm-additions/outputs_tflow_full/v2/final/finance_ff49/seed_65457/result.json
finance_ff49,new_matched_runs_on_verified_existing_cache,tflow,65457,complete,ks_stat,0.3002438545227051,/mnt/vast01/users/fouad.oubari/msgm/rafm-additions/outputs_tflow_full/v2/final/finance_ff49/seed_65457/result.json
finance_ff49,new_matched_runs_on_verified_existing_cache,tflow,65457,complete,mmd,0.07855880260467529,/mnt/vast01/users/fouad.oubari/msgm/rafm-additions/outputs_tflow_full/v2/final/finance_ff49/seed_65457/result.json
finance_ff49,new_matched_runs_on_verified_existing_cache,tflow,65457,complete,n_params,45873,/mnt/vast01/users/fouad.oubari/msgm/rafm-additions/outputs_tflow_full/v2/final/finance_ff49/seed_65457/result.json
finance_ff49,new_matched_runs_on_verified_existing_cache,tflow,65457,complete,nan_rate,0.0,/mnt/vast01/users/fouad.oubari/msgm/rafm-additions/outputs_tflow_full/v2/final/finance_ff49/seed_65457/result.json
finance_ff49,new_matched_runs_on_verified_existing_cache,tflow,65457,complete,nfe,512,/mnt/vast01/users/fouad.oubari/msgm/rafm-additions/outputs_tflow_full/v2/final/finance_ff49/seed_65457/result.json
finance_ff49,new_matched_runs_on_verified_existing_cache,tflow,65457,complete,q950_err,20.16120624558518,/mnt/vast01/users/fouad.oubari/msgm/rafm-additions/outputs_tflow_full/v2/final/finance_ff49/seed_65457/result.json
finance_ff49,new_matched_runs_on_verified_existing_cache,tflow,65457,complete,q990_err,31.283409242692244,/mnt/vast01/users/fouad.oubari/msgm/rafm-additions/outputs_tflow_full/v2/final/finance_ff49/seed_65457/result.json
finance_ff49,new_matched_runs_on_verified_existing_cache,tflow,65457,complete,q995_err,30.672731779164334,/mnt/vast01/users/fouad.oubari/msgm/rafm-additions/outputs_tflow_full/v2/final/finance_ff49/seed_65457/result.json
finance_ff49,new_matched_runs_on_verified_existing_cache,tflow,65457,complete,radial_w1,53.67402267456055,/mnt/vast01/users/fouad.oubari/msgm/rafm-additions/outputs_tflow_full/v2/final/finance_ff49/seed_65457/result.json
finance_ff49,new_matched_runs_on_verified_existing_cache,tflow,65457,complete,sample_time_s,0.3883128687739372,/mnt/vast01/users/fouad.oubari/msgm/rafm-additions/outputs_tflow_full/v2/final/finance_ff49/seed_65457/result.json
finance_ff49,new_matched_runs_on_verified_existing_cache,tflow,65457,complete,sliced_w1,6.382659912109375,/mnt/vast01/users/fouad.oubari/msgm/rafm-additions/outputs_tflow_full/v2/final/finance_ff49/seed_65457/result.json
finance_ff49,new_matched_runs_on_verified_existing_cache,tflow,65457,complete,tail_exc_95,0.29831067919731136,/mnt/vast01/users/fouad.oubari/msgm/rafm-additions/outputs_tflow_full/v2/final/finance_ff49/seed_65457/result.json
finance_ff49,new_matched_runs_on_verified_existing_cache,tflow,65457,complete,tail_exc_99,0.27631138801574706,/mnt/vast01/users/fouad.oubari/msgm/rafm-additions/outputs_tflow_full/v2/final/finance_ff49/seed_65457/result.json
finance_ff49,new_matched_runs_on_verified_existing_cache,tflow,65457,complete,total_train_time_s,33.37500638142228,/mnt/vast01/users/fouad.oubari/msgm/rafm-additions/outputs_tflow_full/v2/final/finance_ff49/seed_65457/result.json
gaussian_aniso_d16_cor,new_matched_realization,tflow,8925,complete,angular_sw_bin0,0.03929148241877556,/mnt/vast01/users/fouad.oubari/msgm/rafm-additions/outputs_tflow_full/v2/final/gaussian_aniso_d16_cor/seed_8925/result.json
gaussian_aniso_d16_cor,new_matched_realization,tflow,8925,complete,angular_sw_bin1,0.06140635162591934,/mnt/vast01/users/fouad.oubari/msgm/rafm-additions/outputs_tflow_full/v2/final/gaussian_aniso_d16_cor/seed_8925/result.json
gaussian_aniso_d16_cor,new_matched_realization,tflow,8925,complete,angular_sw_bin2,0.09099304676055908,/mnt/vast01/users/fouad.oubari/msgm/rafm-additions/outputs_tflow_full/v2/final/gaussian_aniso_d16_cor/seed_8925/result.json
gaussian_aniso_d16_cor,new_matched_realization,tflow,8925,complete,angular_sw_bin3,0.13336081802845,/mnt/vast01/users/fouad.oubari/msgm/rafm-additions/outputs_tflow_full/v2/final/gaussian_aniso_d16_cor/seed_8925/result.json
gaussian_aniso_d16_cor,new_matched_realization,tflow,8925,complete,angular_sw_mean,0.081262924708426,/mnt/vast01/users/fouad.oubari/msgm/rafm-additions/outputs_tflow_full/v2/final/gaussian_aniso_d16_cor/seed_8925/result.json
gaussian_aniso_d16_cor,new_matched_realization,tflow,8925,complete,exploding_norm_rate,0.0,/mnt/vast01/users/fouad.oubari/msgm/rafm-additions/outputs_tflow_full/v2/final/gaussian_aniso_d16_cor/seed_8925/result.json
gaussian_aniso_d16_cor,new_matched_realization,tflow,8925,complete,inf_rate,0.0,/mnt/vast01/users/fouad.oubari/msgm/rafm-additions/outputs_tflow_full/v2/final/gaussian_aniso_d16_cor/seed_8925/result.json
gaussian_aniso_d16_cor,new_matched_realization,tflow,8925,complete,invalid_rate,0.0,/mnt/vast01/users/fouad.oubari/msgm/rafm-additions/outputs_tflow_full/v2/final/gaussian_aniso_d16_cor/seed_8925/result.json
gaussian_aniso_d16_cor,new_matched_realization,tflow,8925,complete,ks_stat,0.12000000476837158,/mnt/vast01/users/fouad.oubari/msgm/rafm-additions/outputs_tflow_full/v2/final/gaussian_aniso_d16_cor/seed_8925/result.json
gaussian_aniso_d16_cor,new_matched_realization,tflow,8925,complete,mmd,0.0511091947555542,/mnt/vast01/users/fouad.oubari/msgm/rafm-additions/outputs_tflow_full/v2/final/gaussian_aniso_d16_cor/seed_8925/result.json
gaussian_aniso_d16_cor,new_matched_realization,tflow,8925,complete,n_params,37392,/mnt/vast01/users/fouad.oubari/msgm/rafm-additions/outputs_tflow_full/v2/final/gaussian_aniso_d16_cor/seed_8925/result.json
gaussian_aniso_d16_cor,new_matched_realization,tflow,8925,complete,nan_rate,0.0,/mnt/vast01/users/fouad.oubari/msgm/rafm-additions/outputs_tflow_full/v2/final/gaussian_aniso_d16_cor/seed_8925/result.json
gaussian_aniso_d16_cor,new_matched_realization,tflow,8925,complete,nfe,512,/mnt/vast01/users/fouad.oubari/msgm/rafm-additions/outputs_tflow_full/v2/final/gaussian_aniso_d16_cor/seed_8925/result.json
gaussian_aniso_d16_cor,new_matched_realization,tflow,8925,complete,q950_err,0.08065820276800309,/mnt/vast01/users/fouad.oubari/msgm/rafm-additions/outputs_tflow_full/v2/final/gaussian_aniso_d16_cor/seed_8925/result.json
gaussian_aniso_d16_cor,new_matched_realization,tflow,8925,complete,q990_err,0.11506001249786943,/mnt/vast01/users/fouad.oubari/msgm/rafm-additions/outputs_tflow_full/v2/final/gaussian_aniso_d16_cor/seed_8925/result.json
gaussian_aniso_d16_cor,new_matched_realization,tflow,8925,complete,q995_err,0.12372383817434997,/mnt/vast01/users/fouad.oubari/msgm/rafm-additions/outputs_tflow_full/v2/final/gaussian_aniso_d16_cor/seed_8925/result.json
gaussian_aniso_d16_cor,new_matched_realization,tflow,8925,complete,radial_w1,0.9307096004486084,/mnt/vast01/users/fouad.oubari/msgm/rafm-additions/outputs_tflow_full/v2/final/gaussian_aniso_d16_cor/seed_8925/result.json
gaussian_aniso_d16_cor,new_matched_realization,tflow,8925,complete,sample_time_s,0.4130830951035023,/mnt/vast01/users/fouad.oubari/msgm/rafm-additions/outputs_tflow_full/v2/final/gaussian_aniso_d16_cor/seed_8925/result.json
gaussian_aniso_d16_cor,new_matched_realization,tflow,8925,complete,sliced_w1,1.380802869796753,/mnt/vast01/users/fouad.oubari/msgm/rafm-additions/outputs_tflow_full/v2/final/gaussian_aniso_d16_cor/seed_8925/result.json
gaussian_aniso_d16_cor,new_matched_realization,tflow,8925,complete,tail_exc_95,0.03440000042319302,/mnt/vast01/users/fouad.oubari/msgm/rafm-additions/outputs_tflow_full/v2/final/gaussian_aniso_d16_cor/seed_8925/result.json
gaussian_aniso_d16_cor,new_matched_realization,tflow,8925,complete,tail_exc_99,0.008499999986961493,/mnt/vast01/users/fouad.oubari/msgm/rafm-additions/outputs_tflow_full/v2/final/gaussian_aniso_d16_cor/seed_8925/result.json
gaussian_aniso_d16_cor,new_matched_realization,tflow,8925,complete,total_train_time_s,34.970399640500546,/mnt/vast01/users/fouad.oubari/msgm/rafm-additions/outputs_tflow_full/v2/final/gaussian_aniso_d16_cor/seed_8925/result.json
gaussian_aniso_d16_cor,new_matched_realization,tflow,77395,complete,angular_sw_bin0,0.03754524141550064,/mnt/vast01/users/fouad.oubari/msgm/rafm-additions/outputs_tflow_full/v2/final/gaussian_aniso_d16_cor/seed_77395/result.json
gaussian_aniso_d16_cor,new_matched_realization,tflow,77395,complete,angular_sw_bin1,0.052362218499183655,/mnt/vast01/users/fouad.oubari/msgm/rafm-additions/outputs_tflow_full/v2/final/gaussian_aniso_d16_cor/seed_77395/result.json
gaussian_aniso_d16_cor,new_matched_realization,tflow,77395,complete,angular_sw_bin2,0.057572975754737854,/mnt/vast01/users/fouad.oubari/msgm/rafm-additions/outputs_tflow_full/v2/final/gaussian_aniso_d16_cor/seed_77395/result.json
gaussian_aniso_d16_cor,new_matched_realization,tflow,77395,complete,angular_sw_bin3,0.08223171532154083,/mnt/vast01/users/fouad.oubari/msgm/rafm-additions/outputs_tflow_full/v2/final/gaussian_aniso_d16_cor/seed_77395/result.json
gaussian_aniso_d16_cor,new_matched_realization,tflow,77395,complete,angular_sw_mean,0.057428037747740746,/mnt/vast01/users/fouad.oubari/msgm/rafm-additions/outputs_tflow_full/v2/final/gaussian_aniso_d16_cor/seed_77395/result.json
gaussian_aniso_d16_cor,new_matched_realization,tflow,77395,complete,exploding_norm_rate,0.0,/mnt/vast01/users/fouad.oubari/msgm/rafm-additions/outputs_tflow_full/v2/final/gaussian_aniso_d16_cor/seed_77395/result.json
gaussian_aniso_d16_cor,new_matched_realization,tflow,77395,complete,inf_rate,0.0,/mnt/vast01/users/fouad.oubari/msgm/rafm-additions/outputs_tflow_full/v2/final/gaussian_aniso_d16_cor/seed_77395/result.json
gaussian_aniso_d16_cor,new_matched_realization,tflow,77395,complete,invalid_rate,0.0,/mnt/vast01/users/fouad.oubari/msgm/rafm-additions/outputs_tflow_full/v2/final/gaussian_aniso_d16_cor/seed_77395/result.json
gaussian_aniso_d16_cor,new_matched_realization,tflow,77395,complete,ks_stat,0.1601000428199768,/mnt/vast01/users/fouad.oubari/msgm/rafm-additions/outputs_tflow_full/v2/final/gaussian_aniso_d16_cor/seed_77395/result.json
gaussian_aniso_d16_cor,new_matched_realization,tflow,77395,complete,mmd,0.018654823303222656,/mnt/vast01/users/fouad.oubari/msgm/rafm-additions/outputs_tflow_full/v2/final/gaussian_aniso_d16_cor/seed_77395/result.json
gaussian_aniso_d16_cor,new_matched_realization,tflow,77395,complete,n_params,37392,/mnt/vast01/users/fouad.oubari/msgm/rafm-additions/outputs_tflow_full/v2/final/gaussian_aniso_d16_cor/seed_77395/result.json
gaussian_aniso_d16_cor,new_matched_realization,tflow,77395,complete,nan_rate,0.0,/mnt/vast01/users/fouad.oubari/msgm/rafm-additions/outputs_tflow_full/v2/final/gaussian_aniso_d16_cor/seed_77395/result.json
gaussian_aniso_d16_cor,new_matched_realization,tflow,77395,complete,nfe,512,/mnt/vast01/users/fouad.oubari/msgm/rafm-additions/outputs_tflow_full/v2/final/gaussian_aniso_d16_cor/seed_77395/result.json
gaussian_aniso_d16_cor,new_matched_realization,tflow,77395,complete,q950_err,0.14773505287038816,/mnt/vast01/users/fouad.oubari/msgm/rafm-additions/outputs_tflow_full/v2/final/gaussian_aniso_d16_cor/seed_77395/result.json
gaussian_aniso_d16_cor,new_matched_realization,tflow,77395,complete,q990_err,0.1804454796068347,/mnt/vast01/users/fouad.oubari/msgm/rafm-additions/outputs_tflow_full/v2/final/gaussian_aniso_d16_cor/seed_77395/result.json
gaussian_aniso_d16_cor,new_matched_realization,tflow,77395,complete,q995_err,0.18791274954471657,/mnt/vast01/users/fouad.oubari/msgm/rafm-additions/outputs_tflow_full/v2/final/gaussian_aniso_d16_cor/seed_77395/result.json
gaussian_aniso_d16_cor,new_matched_realization,tflow,77395,complete,radial_w1,1.1746912002563477,/mnt/vast01/users/fouad.oubari/msgm/rafm-additions/outputs_tflow_full/v2/final/gaussian_aniso_d16_cor/seed_77395/result.json
gaussian_aniso_d16_cor,new_matched_realization,tflow,77395,complete,sample_time_s,0.41665590181946754,/mnt/vast01/users/fouad.oubari/msgm/rafm-additions/outputs_tflow_full/v2/final/gaussian_aniso_d16_cor/seed_77395/result.json
gaussian_aniso_d16_cor,new_matched_realization,tflow,77395,complete,sliced_w1,0.7897738218307495,/mnt/vast01/users/fouad.oubari/msgm/rafm-additions/outputs_tflow_full/v2/final/gaussian_aniso_d16_cor/seed_77395/result.json
gaussian_aniso_d16_cor,new_matched_realization,tflow,77395,complete,tail_exc_95,0.045800000149756714,/mnt/vast01/users/fouad.oubari/msgm/rafm-additions/outputs_tflow_full/v2/final/gaussian_aniso_d16_cor/seed_77395/result.json
gaussian_aniso_d16_cor,new_matched_realization,tflow,77395,complete,tail_exc_99,0.009699999985750773,/mnt/vast01/users/fouad.oubari/msgm/rafm-additions/outputs_tflow_full/v2/final/gaussian_aniso_d16_cor/seed_77395/result.json
gaussian_aniso_d16_cor,new_matched_realization,tflow,77395,complete,total_train_time_s,33.584449768066406,/mnt/vast01/users/fouad.oubari/msgm/rafm-additions/outputs_tflow_full/v2/final/gaussian_aniso_d16_cor/seed_77395/result.json
gaussian_aniso_d16_cor,new_matched_realization,tflow,65457,complete,angular_sw_bin0,0.05380801856517792,/mnt/vast01/users/fouad.oubari/msgm/rafm-additions/outputs_tflow_full/v2/final/gaussian_aniso_d16_cor/seed_65457/result.json
gaussian_aniso_d16_cor,new_matched_realization,tflow,65457,complete,angular_sw_bin1,0.06560865044593811,/mnt/vast01/users/fouad.oubari/msgm/rafm-additions/outputs_tflow_full/v2/final/gaussian_aniso_d16_cor/seed_65457/result.json
gaussian_aniso_d16_cor,new_matched_realization,tflow,65457,complete,angular_sw_bin2,0.09234656393527985,/mnt/vast01/users/fouad.oubari/msgm/rafm-additions/outputs_tflow_full/v2/final/gaussian_aniso_d16_cor/seed_65457/result.json
gaussian_aniso_d16_cor,new_matched_realization,tflow,65457,complete,angular_sw_bin3,0.10258606821298599,/mnt/vast01/users/fouad.oubari/msgm/rafm-additions/outputs_tflow_full/v2/final/gaussian_aniso_d16_cor/seed_65457/result.json
gaussian_aniso_d16_cor,new_matched_realization,tflow,65457,complete,angular_sw_mean,0.07858732528984547,/mnt/vast01/users/fouad.oubari/msgm/rafm-additions/outputs_tflow_full/v2/final/gaussian_aniso_d16_cor/seed_65457/result.json
gaussian_aniso_d16_cor,new_matched_realization,tflow,65457,complete,exploding_norm_rate,0.0,/mnt/vast01/users/fouad.oubari/msgm/rafm-additions/outputs_tflow_full/v2/final/gaussian_aniso_d16_cor/seed_65457/result.json
gaussian_aniso_d16_cor,new_matched_realization,tflow,65457,complete,inf_rate,0.0,/mnt/vast01/users/fouad.oubari/msgm/rafm-additions/outputs_tflow_full/v2/final/gaussian_aniso_d16_cor/seed_65457/result.json
gaussian_aniso_d16_cor,new_matched_realization,tflow,65457,complete,invalid_rate,0.0,/mnt/vast01/users/fouad.oubari/msgm/rafm-additions/outputs_tflow_full/v2/final/gaussian_aniso_d16_cor/seed_65457/result.json
gaussian_aniso_d16_cor,new_matched_realization,tflow,65457,complete,ks_stat,0.19349999725818634,/mnt/vast01/users/fouad.oubari/msgm/rafm-additions/outputs_tflow_full/v2/final/gaussian_aniso_d16_cor/seed_65457/result.json
gaussian_aniso_d16_cor,new_matched_realization,tflow,65457,complete,mmd,0.055437445640563965,/mnt/vast01/users/fouad.oubari/msgm/rafm-additions/outputs_tflow_full/v2/final/gaussian_aniso_d16_cor/seed_65457/result.json
gaussian_aniso_d16_cor,new_matched_realization,tflow,65457,complete,n_params,37392,/mnt/vast01/users/fouad.oubari/msgm/rafm-additions/outputs_tflow_full/v2/final/gaussian_aniso_d16_cor/seed_65457/result.json
gaussian_aniso_d16_cor,new_matched_realization,tflow,65457,complete,nan_rate,0.0,/mnt/vast01/users/fouad.oubari/msgm/rafm-additions/outputs_tflow_full/v2/final/gaussian_aniso_d16_cor/seed_65457/result.json
gaussian_aniso_d16_cor,new_matched_realization,tflow,65457,complete,nfe,512,/mnt/vast01/users/fouad.oubari/msgm/rafm-additions/outputs_tflow_full/v2/final/gaussian_aniso_d16_cor/seed_65457/result.json
gaussian_aniso_d16_cor,new_matched_realization,tflow,65457,complete,q950_err,0.022679762612459794,/mnt/vast01/users/fouad.oubari/msgm/rafm-additions/outputs_tflow_full/v2/final/gaussian_aniso_d16_cor/seed_65457/result.json
gaussian_aniso_d16_cor,new_matched_realization,tflow,65457,complete,q990_err,0.04668294591040577,/mnt/vast01/users/fouad.oubari/msgm/rafm-additions/outputs_tflow_full/v2/final/gaussian_aniso_d16_cor/seed_65457/result.json
gaussian_aniso_d16_cor,new_matched_realization,tflow,65457,complete,q995_err,0.03660292147678087,/mnt/vast01/users/fouad.oubari/msgm/rafm-additions/outputs_tflow_full/v2/final/gaussian_aniso_d16_cor/seed_65457/result.json
gaussian_aniso_d16_cor,new_matched_realization,tflow,65457,complete,radial_w1,1.3075445890426636,/mnt/vast01/users/fouad.oubari/msgm/rafm-additions/outputs_tflow_full/v2/final/gaussian_aniso_d16_cor/seed_65457/result.json
gaussian_aniso_d16_cor,new_matched_realization,tflow,65457,complete,sample_time_s,0.41468866541981697,/mnt/vast01/users/fouad.oubari/msgm/rafm-additions/outputs_tflow_full/v2/final/gaussian_aniso_d16_cor/seed_65457/result.json
gaussian_aniso_d16_cor,new_matched_realization,tflow,65457,complete,sliced_w1,1.3969765901565552,/mnt/vast01/users/fouad.oubari/msgm/rafm-additions/outputs_tflow_full/v2/final/gaussian_aniso_d16_cor/seed_65457/result.json
gaussian_aniso_d16_cor,new_matched_realization,tflow,65457,complete,tail_exc_95,0.012000001221895262,/mnt/vast01/users/fouad.oubari/msgm/rafm-additions/outputs_tflow_full/v2/final/gaussian_aniso_d16_cor/seed_65457/result.json
gaussian_aniso_d16_cor,new_matched_realization,tflow,65457,complete,tail_exc_99,0.004099999777972707,/mnt/vast01/users/fouad.oubari/msgm/rafm-additions/outputs_tflow_full/v2/final/gaussian_aniso_d16_cor/seed_65457/result.json
gaussian_aniso_d16_cor,new_matched_realization,tflow,65457,complete,total_train_time_s,31.72912435233593,/mnt/vast01/users/fouad.oubari/msgm/rafm-additions/outputs_tflow_full/v2/final/gaussian_aniso_d16_cor/seed_65457/result.json
imagenette_dcae,new_matched_runs_on_verified_existing_cache,tflow,8925,complete,coverage,0.006369426751592357,/mnt/vast01/users/fouad.oubari/msgm/rafm-additions/outputs_tflow_full/v2/final/imagenette_dcae/seed_8925/result.json
imagenette_dcae,new_matched_runs_on_verified_existing_cache,tflow,8925,complete,density,0.011000000000000001,/mnt/vast01/users/fouad.oubari/msgm/rafm-additions/outputs_tflow_full/v2/final/imagenette_dcae/seed_8925/result.json
imagenette_dcae,new_matched_runs_on_verified_existing_cache,tflow,8925,complete,fid,215.62453773386662,/mnt/vast01/users/fouad.oubari/msgm/rafm-additions/outputs_tflow_full/v2/final/imagenette_dcae/seed_8925/result.json
imagenette_dcae,new_matched_runs_on_verified_existing_cache,tflow,8925,complete,kid,0.08157544374465943,/mnt/vast01/users/fouad.oubari/msgm/rafm-additions/outputs_tflow_full/v2/final/imagenette_dcae/seed_8925/result.json
imagenette_dcae,new_matched_runs_on_verified_existing_cache,tflow,8925,complete,kid_std,0.0025337505080728607,/mnt/vast01/users/fouad.oubari/msgm/rafm-additions/outputs_tflow_full/v2/final/imagenette_dcae/seed_8925/result.json
imagenette_dcae,new_matched_runs_on_verified_existing_cache,tflow,8925,complete,ks,0.6390944719314575,/mnt/vast01/users/fouad.oubari/msgm/rafm-additions/outputs_tflow_full/v2/final/imagenette_dcae/seed_8925/result.json
imagenette_dcae,new_matched_runs_on_verified_existing_cache,tflow,8925,complete,n_params,32515616,/mnt/vast01/users/fouad.oubari/msgm/rafm-additions/outputs_tflow_full/v2/final/imagenette_dcae/seed_8925/result.json
imagenette_dcae,new_matched_runs_on_verified_existing_cache,tflow,8925,complete,nfe,100,/mnt/vast01/users/fouad.oubari/msgm/rafm-additions/outputs_tflow_full/v2/final/imagenette_dcae/seed_8925/result.json
imagenette_dcae,new_matched_runs_on_verified_existing_cache,tflow,8925,complete,precision,0.05333333333333334,/mnt/vast01/users/fouad.oubari/msgm/rafm-additions/outputs_tflow_full/v2/final/imagenette_dcae/seed_8925/result.json
imagenette_dcae,new_matched_runs_on_verified_existing_cache,tflow,8925,complete,radial_w1,496.7513427734375,/mnt/vast01/users/fouad.oubari/msgm/rafm-additions/outputs_tflow_full/v2/final/imagenette_dcae/seed_8925/result.json
imagenette_dcae,new_matched_runs_on_verified_existing_cache,tflow,8925,complete,recall,0.16152866242038216,/mnt/vast01/users/fouad.oubari/msgm/rafm-additions/outputs_tflow_full/v2/final/imagenette_dcae/seed_8925/result.json
imagenette_dcae,new_matched_runs_on_verified_existing_cache,tflow,8925,complete,sample_time_s,50.161327719688416,/mnt/vast01/users/fouad.oubari/msgm/rafm-additions/outputs_tflow_full/v2/final/imagenette_dcae/seed_8925/result.json
imagenette_dcae,new_matched_runs_on_verified_existing_cache,tflow,8925,complete,sliced_w1,8.824403762817383,/mnt/vast01/users/fouad.oubari/msgm/rafm-additions/outputs_tflow_full/v2/final/imagenette_dcae/seed_8925/result.json
imagenette_dcae,new_matched_runs_on_verified_existing_cache,tflow,8925,complete,total_train_time_s,1772.1966245695949,/mnt/vast01/users/fouad.oubari/msgm/rafm-additions/outputs_tflow_full/v2/final/imagenette_dcae/seed_8925/result.json
imagenette_dcae,new_matched_runs_on_verified_existing_cache,tflow,1234,complete,coverage,0.006114649681528662,/mnt/vast01/users/fouad.oubari/msgm/rafm-additions/outputs_tflow_full/v2/final/imagenette_dcae/seed_1234/result.json
imagenette_dcae,new_matched_runs_on_verified_existing_cache,tflow,1234,complete,density,0.0071333333333333335,/mnt/vast01/users/fouad.oubari/msgm/rafm-additions/outputs_tflow_full/v2/final/imagenette_dcae/seed_1234/result.json
imagenette_dcae,new_matched_runs_on_verified_existing_cache,tflow,1234,complete,fid,230.86925330211199,/mnt/vast01/users/fouad.oubari/msgm/rafm-additions/outputs_tflow_full/v2/final/imagenette_dcae/seed_1234/result.json
imagenette_dcae,new_matched_runs_on_verified_existing_cache,tflow,1234,complete,kid,0.09418156623840332,/mnt/vast01/users/fouad.oubari/msgm/rafm-additions/outputs_tflow_full/v2/final/imagenette_dcae/seed_1234/result.json
imagenette_dcae,new_matched_runs_on_verified_existing_cache,tflow,1234,complete,kid_std,0.0016717669987535893,/mnt/vast01/users/fouad.oubari/msgm/rafm-additions/outputs_tflow_full/v2/final/imagenette_dcae/seed_1234/result.json
imagenette_dcae,new_matched_runs_on_verified_existing_cache,tflow,1234,complete,ks,0.7967562079429626,/mnt/vast01/users/fouad.oubari/msgm/rafm-additions/outputs_tflow_full/v2/final/imagenette_dcae/seed_1234/result.json
imagenette_dcae,new_matched_runs_on_verified_existing_cache,tflow,1234,complete,n_params,32515616,/mnt/vast01/users/fouad.oubari/msgm/rafm-additions/outputs_tflow_full/v2/final/imagenette_dcae/seed_1234/result.json
imagenette_dcae,new_matched_runs_on_verified_existing_cache,tflow,1234,complete,nfe,100,/mnt/vast01/users/fouad.oubari/msgm/rafm-additions/outputs_tflow_full/v2/final/imagenette_dcae/seed_1234/result.json
imagenette_dcae,new_matched_runs_on_verified_existing_cache,tflow,1234,complete,precision,0.033,/mnt/vast01/users/fouad.oubari/msgm/rafm-additions/outputs_tflow_full/v2/final/imagenette_dcae/seed_1234/result.json
imagenette_dcae,new_matched_runs_on_verified_existing_cache,tflow,1234,complete,radial_w1,379.38995361328125,/mnt/vast01/users/fouad.oubari/msgm/rafm-additions/outputs_tflow_full/v2/final/imagenette_dcae/seed_1234/result.json
imagenette_dcae,new_matched_runs_on_verified_existing_cache,tflow,1234,complete,recall,0.11719745222929936,/mnt/vast01/users/fouad.oubari/msgm/rafm-additions/outputs_tflow_full/v2/final/imagenette_dcae/seed_1234/result.json
imagenette_dcae,new_matched_runs_on_verified_existing_cache,tflow,1234,complete,sample_time_s,50.057512015104294,/mnt/vast01/users/fouad.oubari/msgm/rafm-additions/outputs_tflow_full/v2/final/imagenette_dcae/seed_1234/result.json
imagenette_dcae,new_matched_runs_on_verified_existing_cache,tflow,1234,complete,sliced_w1,6.83755350112915,/mnt/vast01/users/fouad.oubari/msgm/rafm-additions/outputs_tflow_full/v2/final/imagenette_dcae/seed_1234/result.json
imagenette_dcae,new_matched_runs_on_verified_existing_cache,tflow,1234,complete,total_train_time_s,1771.0647304654121,/mnt/vast01/users/fouad.oubari/msgm/rafm-additions/outputs_tflow_full/v2/final/imagenette_dcae/seed_1234/result.json
imagenette_dcae,new_matched_runs_on_verified_existing_cache,tflow,7,complete,coverage,0.0071337579617834395,/mnt/vast01/users/fouad.oubari/msgm/rafm-additions/outputs_tflow_full/v2/final/imagenette_dcae/seed_7/result.json
imagenette_dcae,new_matched_runs_on_verified_existing_cache,tflow,7,complete,density,0.011533333333333333,/mnt/vast01/users/fouad.oubari/msgm/rafm-additions/outputs_tflow_full/v2/final/imagenette_dcae/seed_7/result.json
imagenette_dcae,new_matched_runs_on_verified_existing_cache,tflow,7,complete,fid,224.89443061518318,/mnt/vast01/users/fouad.oubari/msgm/rafm-additions/outputs_tflow_full/v2/final/imagenette_dcae/seed_7/result.json
imagenette_dcae,new_matched_runs_on_verified_existing_cache,tflow,7,complete,kid,0.09500892877578736,/mnt/vast01/users/fouad.oubari/msgm/rafm-additions/outputs_tflow_full/v2/final/imagenette_dcae/seed_7/result.json
imagenette_dcae,new_matched_runs_on_verified_existing_cache,tflow,7,complete,kid_std,0.0025736811082799982,/mnt/vast01/users/fouad.oubari/msgm/rafm-additions/outputs_tflow_full/v2/final/imagenette_dcae/seed_7/result.json
imagenette_dcae,new_matched_runs_on_verified_existing_cache,tflow,7,complete,ks,0.5857512354850769,/mnt/vast01/users/fouad.oubari/msgm/rafm-additions/outputs_tflow_full/v2/final/imagenette_dcae/seed_7/result.json
imagenette_dcae,new_matched_runs_on_verified_existing_cache,tflow,7,complete,n_params,32515616,/mnt/vast01/users/fouad.oubari/msgm/rafm-additions/outputs_tflow_full/v2/final/imagenette_dcae/seed_7/result.json
imagenette_dcae,new_matched_runs_on_verified_existing_cache,tflow,7,complete,nfe,100,/mnt/vast01/users/fouad.oubari/msgm/rafm-additions/outputs_tflow_full/v2/final/imagenette_dcae/seed_7/result.json
imagenette_dcae,new_matched_runs_on_verified_existing_cache,tflow,7,complete,precision,0.04633333333333333,/mnt/vast01/users/fouad.oubari/msgm/rafm-additions/outputs_tflow_full/v2/final/imagenette_dcae/seed_7/result.json
imagenette_dcae,new_matched_runs_on_verified_existing_cache,tflow,7,complete,radial_w1,340.6431884765625,/mnt/vast01/users/fouad.oubari/msgm/rafm-additions/outputs_tflow_full/v2/final/imagenette_dcae/seed_7/result.json
imagenette_dcae,new_matched_runs_on_verified_existing_cache,tflow,7,complete,recall,0.2575796178343949,/mnt/vast01/users/fouad.oubari/msgm/rafm-additions/outputs_tflow_full/v2/final/imagenette_dcae/seed_7/result.json
imagenette_dcae,new_matched_runs_on_verified_existing_cache,tflow,7,complete,sample_time_s,50.35064306855202,/mnt/vast01/users/fouad.oubari/msgm/rafm-additions/outputs_tflow_full/v2/final/imagenette_dcae/seed_7/result.json
imagenette_dcae,new_matched_runs_on_verified_existing_cache,tflow,7,complete,sliced_w1,6.067442893981934,/mnt/vast01/users/fouad.oubari/msgm/rafm-additions/outputs_tflow_full/v2/final/imagenette_dcae/seed_7/result.json
imagenette_dcae,new_matched_runs_on_verified_existing_cache,tflow,7,complete,total_train_time_s,1773.9027142971754,/mnt/vast01/users/fouad.oubari/msgm/rafm-additions/outputs_tflow_full/v2/final/imagenette_dcae/seed_7/result.json
piv_d16,new_matched_runs_on_verified_existing_cache,tflow,8925,complete,angular_sw_bin0,0.16169001162052155,/mnt/vast01/users/fouad.oubari/msgm/rafm-additions/outputs_tflow_full/v2/final/piv_d16/seed_8925/result.json
piv_d16,new_matched_runs_on_verified_existing_cache,tflow,8925,complete,angular_sw_bin1,0.1287527233362198,/mnt/vast01/users/fouad.oubari/msgm/rafm-additions/outputs_tflow_full/v2/final/piv_d16/seed_8925/result.json
piv_d16,new_matched_runs_on_verified_existing_cache,tflow,8925,complete,angular_sw_bin2,0.18630822002887726,/mnt/vast01/users/fouad.oubari/msgm/rafm-additions/outputs_tflow_full/v2/final/piv_d16/seed_8925/result.json
piv_d16,new_matched_runs_on_verified_existing_cache,tflow,8925,complete,angular_sw_bin3,0.12317817658185959,/mnt/vast01/users/fouad.oubari/msgm/rafm-additions/outputs_tflow_full/v2/final/piv_d16/seed_8925/result.json
piv_d16,new_matched_runs_on_verified_existing_cache,tflow,8925,complete,angular_sw_mean,0.14998228289186954,/mnt/vast01/users/fouad.oubari/msgm/rafm-additions/outputs_tflow_full/v2/final/piv_d16/seed_8925/result.json
piv_d16,new_matched_runs_on_verified_existing_cache,tflow,8925,complete,exploding_norm_rate,0.0,/mnt/vast01/users/fouad.oubari/msgm/rafm-additions/outputs_tflow_full/v2/final/piv_d16/seed_8925/result.json
piv_d16,new_matched_runs_on_verified_existing_cache,tflow,8925,complete,inf_rate,0.0,/mnt/vast01/users/fouad.oubari/msgm/rafm-additions/outputs_tflow_full/v2/final/piv_d16/seed_8925/result.json
piv_d16,new_matched_runs_on_verified_existing_cache,tflow,8925,complete,invalid_rate,0.0,/mnt/vast01/users/fouad.oubari/msgm/rafm-additions/outputs_tflow_full/v2/final/piv_d16/seed_8925/result.json
piv_d16,new_matched_runs_on_verified_existing_cache,tflow,8925,complete,ks_stat,0.19750744104385376,/mnt/vast01/users/fouad.oubari/msgm/rafm-additions/outputs_tflow_full/v2/final/piv_d16/seed_8925/result.json
piv_d16,new_matched_runs_on_verified_existing_cache,tflow,8925,complete,mmd,0.18210619688034058,/mnt/vast01/users/fouad.oubari/msgm/rafm-additions/outputs_tflow_full/v2/final/piv_d16/seed_8925/result.json
piv_d16,new_matched_runs_on_verified_existing_cache,tflow,8925,complete,n_params,37392,/mnt/vast01/users/fouad.oubari/msgm/rafm-additions/outputs_tflow_full/v2/final/piv_d16/seed_8925/result.json
piv_d16,new_matched_runs_on_verified_existing_cache,tflow,8925,complete,nan_rate,0.0,/mnt/vast01/users/fouad.oubari/msgm/rafm-additions/outputs_tflow_full/v2/final/piv_d16/seed_8925/result.json
piv_d16,new_matched_runs_on_verified_existing_cache,tflow,8925,complete,nfe,512,/mnt/vast01/users/fouad.oubari/msgm/rafm-additions/outputs_tflow_full/v2/final/piv_d16/seed_8925/result.json
piv_d16,new_matched_runs_on_verified_existing_cache,tflow,8925,complete,q950_err,0.052982409119828155,/mnt/vast01/users/fouad.oubari/msgm/rafm-additions/outputs_tflow_full/v2/final/piv_d16/seed_8925/result.json
piv_d16,new_matched_runs_on_verified_existing_cache,tflow,8925,complete,q990_err,0.4967890583135557,/mnt/vast01/users/fouad.oubari/msgm/rafm-additions/outputs_tflow_full/v2/final/piv_d16/seed_8925/result.json
piv_d16,new_matched_runs_on_verified_existing_cache,tflow,8925,complete,q995_err,1.070512531807099,/mnt/vast01/users/fouad.oubari/msgm/rafm-additions/outputs_tflow_full/v2/final/piv_d16/seed_8925/result.json
piv_d16,new_matched_runs_on_verified_existing_cache,tflow,8925,complete,radial_w1,0.046392425894737244,/mnt/vast01/users/fouad.oubari/msgm/rafm-additions/outputs_tflow_full/v2/final/piv_d16/seed_8925/result.json
piv_d16,new_matched_runs_on_verified_existing_cache,tflow,8925,complete,sample_time_s,0.41766732186079025,/mnt/vast01/users/fouad.oubari/msgm/rafm-additions/outputs_tflow_full/v2/final/piv_d16/seed_8925/result.json
piv_d16,new_matched_runs_on_verified_existing_cache,tflow,8925,complete,sliced_w1,0.05461214855313301,/mnt/vast01/users/fouad.oubari/msgm/rafm-additions/outputs_tflow_full/v2/final/piv_d16/seed_8925/result.json
piv_d16,new_matched_runs_on_verified_existing_cache,tflow,8925,complete,tail_exc_95,0.011999998986720994,/mnt/vast01/users/fouad.oubari/msgm/rafm-additions/outputs_tflow_full/v2/final/piv_d16/seed_8925/result.json
piv_d16,new_matched_runs_on_verified_existing_cache,tflow,8925,complete,tail_exc_99,0.01969999983906745,/mnt/vast01/users/fouad.oubari/msgm/rafm-additions/outputs_tflow_full/v2/final/piv_d16/seed_8925/result.json
piv_d16,new_matched_runs_on_verified_existing_cache,tflow,8925,complete,total_train_time_s,32.08955619856715,/mnt/vast01/users/fouad.oubari/msgm/rafm-additions/outputs_tflow_full/v2/final/piv_d16/seed_8925/result.json
piv_d16,new_matched_runs_on_verified_existing_cache,tflow,77395,complete,angular_sw_bin0,0.1124182716012001,/mnt/vast01/users/fouad.oubari/msgm/rafm-additions/outputs_tflow_full/v2/final/piv_d16/seed_77395/result.json
piv_d16,new_matched_runs_on_verified_existing_cache,tflow,77395,complete,angular_sw_bin1,0.17992828786373138,/mnt/vast01/users/fouad.oubari/msgm/rafm-additions/outputs_tflow_full/v2/final/piv_d16/seed_77395/result.json
piv_d16,new_matched_runs_on_verified_existing_cache,tflow,77395,complete,angular_sw_bin2,0.15161465108394623,/mnt/vast01/users/fouad.oubari/msgm/rafm-additions/outputs_tflow_full/v2/final/piv_d16/seed_77395/result.json
piv_d16,new_matched_runs_on_verified_existing_cache,tflow,77395,complete,angular_sw_bin3,0.20621246099472046,/mnt/vast01/users/fouad.oubari/msgm/rafm-additions/outputs_tflow_full/v2/final/piv_d16/seed_77395/result.json
piv_d16,new_matched_runs_on_verified_existing_cache,tflow,77395,complete,angular_sw_mean,0.16254341788589954,/mnt/vast01/users/fouad.oubari/msgm/rafm-additions/outputs_tflow_full/v2/final/piv_d16/seed_77395/result.json
piv_d16,new_matched_runs_on_verified_existing_cache,tflow,77395,complete,exploding_norm_rate,9.999999747378752e-05,/mnt/vast01/users/fouad.oubari/msgm/rafm-additions/outputs_tflow_full/v2/final/piv_d16/seed_77395/result.json
piv_d16,new_matched_runs_on_verified_existing_cache,tflow,77395,complete,inf_rate,0.0,/mnt/vast01/users/fouad.oubari/msgm/rafm-additions/outputs_tflow_full/v2/final/piv_d16/seed_77395/result.json
piv_d16,new_matched_runs_on_verified_existing_cache,tflow,77395,complete,invalid_rate,9.999999747378752e-05,/mnt/vast01/users/fouad.oubari/msgm/rafm-additions/outputs_tflow_full/v2/final/piv_d16/seed_77395/result.json
piv_d16,new_matched_runs_on_verified_existing_cache,tflow,77395,complete,ks_stat,0.14232194423675537,/mnt/vast01/users/fouad.oubari/msgm/rafm-additions/outputs_tflow_full/v2/final/piv_d16/seed_77395/result.json
piv_d16,new_matched_runs_on_verified_existing_cache,tflow,77395,complete,mmd,0.18274307250976562,/mnt/vast01/users/fouad.oubari/msgm/rafm-additions/outputs_tflow_full/v2/final/piv_d16/seed_77395/result.json
piv_d16,new_matched_runs_on_verified_existing_cache,tflow,77395,complete,n_params,37392,/mnt/vast01/users/fouad.oubari/msgm/rafm-additions/outputs_tflow_full/v2/final/piv_d16/seed_77395/result.json
piv_d16,new_matched_runs_on_verified_existing_cache,tflow,77395,complete,nan_rate,0.0,/mnt/vast01/users/fouad.oubari/msgm/rafm-additions/outputs_tflow_full/v2/final/piv_d16/seed_77395/result.json
piv_d16,new_matched_runs_on_verified_existing_cache,tflow,77395,complete,nfe,512,/mnt/vast01/users/fouad.oubari/msgm/rafm-additions/outputs_tflow_full/v2/final/piv_d16/seed_77395/result.json
piv_d16,new_matched_runs_on_verified_existing_cache,tflow,77395,complete,q950_err,0.8337432760019305,/mnt/vast01/users/fouad.oubari/msgm/rafm-additions/outputs_tflow_full/v2/final/piv_d16/seed_77395/result.json
piv_d16,new_matched_runs_on_verified_existing_cache,tflow,77395,complete,q990_err,4.420444982539712,/mnt/vast01/users/fouad.oubari/msgm/rafm-additions/outputs_tflow_full/v2/final/piv_d16/seed_77395/result.json
piv_d16,new_matched_runs_on_verified_existing_cache,tflow,77395,complete,q995_err,8.134092233095998,/mnt/vast01/users/fouad.oubari/msgm/rafm-additions/outputs_tflow_full/v2/final/piv_d16/seed_77395/result.json
piv_d16,new_matched_runs_on_verified_existing_cache,tflow,77395,complete,radial_w1,0.19943508505821228,/mnt/vast01/users/fouad.oubari/msgm/rafm-additions/outputs_tflow_full/v2/final/piv_d16/seed_77395/result.json
piv_d16,new_matched_runs_on_verified_existing_cache,tflow,77395,complete,sample_time_s,0.4151671603322029,/mnt/vast01/users/fouad.oubari/msgm/rafm-additions/outputs_tflow_full/v2/final/piv_d16/seed_77395/result.json
piv_d16,new_matched_runs_on_verified_existing_cache,tflow,77395,complete,sliced_w1,0.09436795115470886,/mnt/vast01/users/fouad.oubari/msgm/rafm-additions/outputs_tflow_full/v2/final/piv_d16/seed_77395/result.json
piv_d16,new_matched_runs_on_verified_existing_cache,tflow,77395,complete,tail_exc_95,0.13279999494552608,/mnt/vast01/users/fouad.oubari/msgm/rafm-additions/outputs_tflow_full/v2/final/piv_d16/seed_77395/result.json
piv_d16,new_matched_runs_on_verified_existing_cache,tflow,77395,complete,tail_exc_99,0.10490000039339065,/mnt/vast01/users/fouad.oubari/msgm/rafm-additions/outputs_tflow_full/v2/final/piv_d16/seed_77395/result.json
piv_d16,new_matched_runs_on_verified_existing_cache,tflow,77395,complete,total_train_time_s,34.46560391411185,/mnt/vast01/users/fouad.oubari/msgm/rafm-additions/outputs_tflow_full/v2/final/piv_d16/seed_77395/result.json
piv_d16,new_matched_runs_on_verified_existing_cache,tflow,65457,complete,angular_sw_bin0,0.11936400830745697,/mnt/vast01/users/fouad.oubari/msgm/rafm-additions/outputs_tflow_full/v2/final/piv_d16/seed_65457/result.json
piv_d16,new_matched_runs_on_verified_existing_cache,tflow,65457,complete,angular_sw_bin1,0.1235085129737854,/mnt/vast01/users/fouad.oubari/msgm/rafm-additions/outputs_tflow_full/v2/final/piv_d16/seed_65457/result.json
piv_d16,new_matched_runs_on_verified_existing_cache,tflow,65457,complete,angular_sw_bin2,0.09518089145421982,/mnt/vast01/users/fouad.oubari/msgm/rafm-additions/outputs_tflow_full/v2/final/piv_d16/seed_65457/result.json
piv_d16,new_matched_runs_on_verified_existing_cache,tflow,65457,complete,angular_sw_bin3,0.14106519520282745,/mnt/vast01/users/fouad.oubari/msgm/rafm-additions/outputs_tflow_full/v2/final/piv_d16/seed_65457/result.json
piv_d16,new_matched_runs_on_verified_existing_cache,tflow,65457,complete,angular_sw_mean,0.11977965198457241,/mnt/vast01/users/fouad.oubari/msgm/rafm-additions/outputs_tflow_full/v2/final/piv_d16/seed_65457/result.json
piv_d16,new_matched_runs_on_verified_existing_cache,tflow,65457,complete,exploding_norm_rate,0.0,/mnt/vast01/users/fouad.oubari/msgm/rafm-additions/outputs_tflow_full/v2/final/piv_d16/seed_65457/result.json
piv_d16,new_matched_runs_on_verified_existing_cache,tflow,65457,complete,inf_rate,0.0,/mnt/vast01/users/fouad.oubari/msgm/rafm-additions/outputs_tflow_full/v2/final/piv_d16/seed_65457/result.json
piv_d16,new_matched_runs_on_verified_existing_cache,tflow,65457,complete,invalid_rate,0.0,/mnt/vast01/users/fouad.oubari/msgm/rafm-additions/outputs_tflow_full/v2/final/piv_d16/seed_65457/result.json
piv_d16,new_matched_runs_on_verified_existing_cache,tflow,65457,complete,ks_stat,0.1509900689125061,/mnt/vast01/users/fouad.oubari/msgm/rafm-additions/outputs_tflow_full/v2/final/piv_d16/seed_65457/result.json
piv_d16,new_matched_runs_on_verified_existing_cache,tflow,65457,complete,mmd,0.07046586275100708,/mnt/vast01/users/fouad.oubari/msgm/rafm-additions/outputs_tflow_full/v2/final/piv_d16/seed_65457/result.json
piv_d16,new_matched_runs_on_verified_existing_cache,tflow,65457,complete,n_params,37392,/mnt/vast01/users/fouad.oubari/msgm/rafm-additions/outputs_tflow_full/v2/final/piv_d16/seed_65457/result.json
piv_d16,new_matched_runs_on_verified_existing_cache,tflow,65457,complete,nan_rate,0.0,/mnt/vast01/users/fouad.oubari/msgm/rafm-additions/outputs_tflow_full/v2/final/piv_d16/seed_65457/result.json
piv_d16,new_matched_runs_on_verified_existing_cache,tflow,65457,complete,nfe,512,/mnt/vast01/users/fouad.oubari/msgm/rafm-additions/outputs_tflow_full/v2/final/piv_d16/seed_65457/result.json
piv_d16,new_matched_runs_on_verified_existing_cache,tflow,65457,complete,q950_err,0.24485754246255795,/mnt/vast01/users/fouad.oubari/msgm/rafm-additions/outputs_tflow_full/v2/final/piv_d16/seed_65457/result.json
piv_d16,new_matched_runs_on_verified_existing_cache,tflow,65457,complete,q990_err,1.222678508426864,/mnt/vast01/users/fouad.oubari/msgm/rafm-additions/outputs_tflow_full/v2/final/piv_d16/seed_65457/result.json
piv_d16,new_matched_runs_on_verified_existing_cache,tflow,65457,complete,q995_err,2.443182485698088,/mnt/vast01/users/fouad.oubari/msgm/rafm-additions/outputs_tflow_full/v2/final/piv_d16/seed_65457/result.json
piv_d16,new_matched_runs_on_verified_existing_cache,tflow,65457,complete,radial_w1,0.07886555045843124,/mnt/vast01/users/fouad.oubari/msgm/rafm-additions/outputs_tflow_full/v2/final/piv_d16/seed_65457/result.json
piv_d16,new_matched_runs_on_verified_existing_cache,tflow,65457,complete,sample_time_s,0.4204343631863594,/mnt/vast01/users/fouad.oubari/msgm/rafm-additions/outputs_tflow_full/v2/final/piv_d16/seed_65457/result.json
piv_d16,new_matched_runs_on_verified_existing_cache,tflow,65457,complete,sliced_w1,0.04476850479841232,/mnt/vast01/users/fouad.oubari/msgm/rafm-additions/outputs_tflow_full/v2/final/piv_d16/seed_65457/result.json
piv_d16,new_matched_runs_on_verified_existing_cache,tflow,65457,complete,tail_exc_95,0.04099999815225597,/mnt/vast01/users/fouad.oubari/msgm/rafm-additions/outputs_tflow_full/v2/final/piv_d16/seed_65457/result.json
piv_d16,new_matched_runs_on_verified_existing_cache,tflow,65457,complete,tail_exc_99,0.04209999904036521,/mnt/vast01/users/fouad.oubari/msgm/rafm-additions/outputs_tflow_full/v2/final/piv_d16/seed_65457/result.json
piv_d16,new_matched_runs_on_verified_existing_cache,tflow,65457,complete,total_train_time_s,33.09527709707618,/mnt/vast01/users/fouad.oubari/msgm/rafm-additions/outputs_tflow_full/v2/final/piv_d16/seed_65457/result.json
piv_d256,new_matched_runs_on_verified_existing_cache,tflow,8925,failed,angular_sw_bin0,null,/mnt/vast01/users/fouad.oubari/msgm/rafm-additions/outputs_tflow_full/v2/final/piv_d256/seed_8925/result.json
piv_d256,new_matched_runs_on_verified_existing_cache,tflow,8925,failed,angular_sw_bin1,null,/mnt/vast01/users/fouad.oubari/msgm/rafm-additions/outputs_tflow_full/v2/final/piv_d256/seed_8925/result.json
piv_d256,new_matched_runs_on_verified_existing_cache,tflow,8925,failed,angular_sw_bin2,null,/mnt/vast01/users/fouad.oubari/msgm/rafm-additions/outputs_tflow_full/v2/final/piv_d256/seed_8925/result.json
piv_d256,new_matched_runs_on_verified_existing_cache,tflow,8925,failed,angular_sw_bin3,null,/mnt/vast01/users/fouad.oubari/msgm/rafm-additions/outputs_tflow_full/v2/final/piv_d256/seed_8925/result.json
piv_d256,new_matched_runs_on_verified_existing_cache,tflow,8925,failed,angular_sw_mean,null,/mnt/vast01/users/fouad.oubari/msgm/rafm-additions/outputs_tflow_full/v2/final/piv_d256/seed_8925/result.json
piv_d256,new_matched_runs_on_verified_existing_cache,tflow,8925,failed,exploding_norm_rate,0.0,/mnt/vast01/users/fouad.oubari/msgm/rafm-additions/outputs_tflow_full/v2/final/piv_d256/seed_8925/result.json
piv_d256,new_matched_runs_on_verified_existing_cache,tflow,8925,failed,inf_rate,0.0,/mnt/vast01/users/fouad.oubari/msgm/rafm-additions/outputs_tflow_full/v2/final/piv_d256/seed_8925/result.json
piv_d256,new_matched_runs_on_verified_existing_cache,tflow,8925,failed,invalid_rate,0.0,/mnt/vast01/users/fouad.oubari/msgm/rafm-additions/outputs_tflow_full/v2/final/piv_d256/seed_8925/result.json
piv_d256,new_matched_runs_on_verified_existing_cache,tflow,8925,failed,ks_stat,1.0,/mnt/vast01/users/fouad.oubari/msgm/rafm-additions/outputs_tflow_full/v2/final/piv_d256/seed_8925/result.json
piv_d256,new_matched_runs_on_verified_existing_cache,tflow,8925,failed,mmd,0.07095909118652344,/mnt/vast01/users/fouad.oubari/msgm/rafm-additions/outputs_tflow_full/v2/final/piv_d256/seed_8925/result.json
piv_d256,new_matched_runs_on_verified_existing_cache,tflow,8925,failed,n_params,99072,/mnt/vast01/users/fouad.oubari/msgm/rafm-additions/outputs_tflow_full/v2/final/piv_d256/seed_8925/result.json
piv_d256,new_matched_runs_on_verified_existing_cache,tflow,8925,failed,nan_rate,0.0,/mnt/vast01/users/fouad.oubari/msgm/rafm-additions/outputs_tflow_full/v2/final/piv_d256/seed_8925/result.json
piv_d256,new_matched_runs_on_verified_existing_cache,tflow,8925,failed,nfe,512,/mnt/vast01/users/fouad.oubari/msgm/rafm-additions/outputs_tflow_full/v2/final/piv_d256/seed_8925/result.json
piv_d256,new_matched_runs_on_verified_existing_cache,tflow,8925,failed,q950_err,782.9290199864662,/mnt/vast01/users/fouad.oubari/msgm/rafm-additions/outputs_tflow_full/v2/final/piv_d256/seed_8925/result.json
piv_d256,new_matched_runs_on_verified_existing_cache,tflow,8925,failed,q990_err,1201.8483967307136,/mnt/vast01/users/fouad.oubari/msgm/rafm-additions/outputs_tflow_full/v2/final/piv_d256/seed_8925/result.json
piv_d256,new_matched_runs_on_verified_existing_cache,tflow,8925,failed,q995_err,1432.0208694745952,/mnt/vast01/users/fouad.oubari/msgm/rafm-additions/outputs_tflow_full/v2/final/piv_d256/seed_8925/result.json
piv_d256,new_matched_runs_on_verified_existing_cache,tflow,8925,failed,radial_w1,1462.048828125,/mnt/vast01/users/fouad.oubari/msgm/rafm-additions/outputs_tflow_full/v2/final/piv_d256/seed_8925/result.json
piv_d256,new_matched_runs_on_verified_existing_cache,tflow,8925,failed,sample_time_s,0.5494778491556644,/mnt/vast01/users/fouad.oubari/msgm/rafm-additions/outputs_tflow_full/v2/final/piv_d256/seed_8925/result.json
piv_d256,new_matched_runs_on_verified_existing_cache,tflow,8925,failed,sliced_w1,72.58660888671875,/mnt/vast01/users/fouad.oubari/msgm/rafm-additions/outputs_tflow_full/v2/final/piv_d256/seed_8925/result.json
piv_d256,new_matched_runs_on_verified_existing_cache,tflow,8925,failed,tail_exc_95,0.95,/mnt/vast01/users/fouad.oubari/msgm/rafm-additions/outputs_tflow_full/v2/final/piv_d256/seed_8925/result.json
piv_d256,new_matched_runs_on_verified_existing_cache,tflow,8925,failed,tail_exc_99,0.99,/mnt/vast01/users/fouad.oubari/msgm/rafm-additions/outputs_tflow_full/v2/final/piv_d256/seed_8925/result.json
piv_d256,new_matched_runs_on_verified_existing_cache,tflow,8925,failed,total_train_time_s,34.57014872133732,/mnt/vast01/users/fouad.oubari/msgm/rafm-additions/outputs_tflow_full/v2/final/piv_d256/seed_8925/result.json
piv_d256,new_matched_runs_on_verified_existing_cache,tflow,77395,failed,angular_sw_bin0,null,/mnt/vast01/users/fouad.oubari/msgm/rafm-additions/outputs_tflow_full/v2/final/piv_d256/seed_77395/result.json
piv_d256,new_matched_runs_on_verified_existing_cache,tflow,77395,failed,angular_sw_bin1,null,/mnt/vast01/users/fouad.oubari/msgm/rafm-additions/outputs_tflow_full/v2/final/piv_d256/seed_77395/result.json
piv_d256,new_matched_runs_on_verified_existing_cache,tflow,77395,failed,angular_sw_bin2,null,/mnt/vast01/users/fouad.oubari/msgm/rafm-additions/outputs_tflow_full/v2/final/piv_d256/seed_77395/result.json
piv_d256,new_matched_runs_on_verified_existing_cache,tflow,77395,failed,angular_sw_bin3,null,/mnt/vast01/users/fouad.oubari/msgm/rafm-additions/outputs_tflow_full/v2/final/piv_d256/seed_77395/result.json
piv_d256,new_matched_runs_on_verified_existing_cache,tflow,77395,failed,angular_sw_mean,null,/mnt/vast01/users/fouad.oubari/msgm/rafm-additions/outputs_tflow_full/v2/final/piv_d256/seed_77395/result.json
piv_d256,new_matched_runs_on_verified_existing_cache,tflow,77395,failed,exploding_norm_rate,0.0,/mnt/vast01/users/fouad.oubari/msgm/rafm-additions/outputs_tflow_full/v2/final/piv_d256/seed_77395/result.json
piv_d256,new_matched_runs_on_verified_existing_cache,tflow,77395,failed,inf_rate,0.0,/mnt/vast01/users/fouad.oubari/msgm/rafm-additions/outputs_tflow_full/v2/final/piv_d256/seed_77395/result.json
piv_d256,new_matched_runs_on_verified_existing_cache,tflow,77395,failed,invalid_rate,0.0,/mnt/vast01/users/fouad.oubari/msgm/rafm-additions/outputs_tflow_full/v2/final/piv_d256/seed_77395/result.json
piv_d256,new_matched_runs_on_verified_existing_cache,tflow,77395,failed,ks_stat,1.0,/mnt/vast01/users/fouad.oubari/msgm/rafm-additions/outputs_tflow_full/v2/final/piv_d256/seed_77395/result.json
piv_d256,new_matched_runs_on_verified_existing_cache,tflow,77395,failed,mmd,0.07098174095153809,/mnt/vast01/users/fouad.oubari/msgm/rafm-additions/outputs_tflow_full/v2/final/piv_d256/seed_77395/result.json
piv_d256,new_matched_runs_on_verified_existing_cache,tflow,77395,failed,n_params,99072,/mnt/vast01/users/fouad.oubari/msgm/rafm-additions/outputs_tflow_full/v2/final/piv_d256/seed_77395/result.json
piv_d256,new_matched_runs_on_verified_existing_cache,tflow,77395,failed,nan_rate,0.0,/mnt/vast01/users/fouad.oubari/msgm/rafm-additions/outputs_tflow_full/v2/final/piv_d256/seed_77395/result.json
piv_d256,new_matched_runs_on_verified_existing_cache,tflow,77395,failed,nfe,512,/mnt/vast01/users/fouad.oubari/msgm/rafm-additions/outputs_tflow_full/v2/final/piv_d256/seed_77395/result.json
piv_d256,new_matched_runs_on_verified_existing_cache,tflow,77395,failed,q950_err,783.12314501341,/mnt/vast01/users/fouad.oubari/msgm/rafm-additions/outputs_tflow_full/v2/final/piv_d256/seed_77395/result.json
piv_d256,new_matched_runs_on_verified_existing_cache,tflow,77395,failed,q990_err,1191.4112414387791,/mnt/vast01/users/fouad.oubari/msgm/rafm-additions/outputs_tflow_full/v2/final/piv_d256/seed_77395/result.json
piv_d256,new_matched_runs_on_verified_existing_cache,tflow,77395,failed,q995_err,1440.0417889750356,/mnt/vast01/users/fouad.oubari/msgm/rafm-additions/outputs_tflow_full/v2/final/piv_d256/seed_77395/result.json
piv_d256,new_matched_runs_on_verified_existing_cache,tflow,77395,failed,radial_w1,1454.0997314453125,/mnt/vast01/users/fouad.oubari/msgm/rafm-additions/outputs_tflow_full/v2/final/piv_d256/seed_77395/result.json
piv_d256,new_matched_runs_on_verified_existing_cache,tflow,77395,failed,sample_time_s,0.5474041812121868,/mnt/vast01/users/fouad.oubari/msgm/rafm-additions/outputs_tflow_full/v2/final/piv_d256/seed_77395/result.json
piv_d256,new_matched_runs_on_verified_existing_cache,tflow,77395,failed,sliced_w1,72.49027252197266,/mnt/vast01/users/fouad.oubari/msgm/rafm-additions/outputs_tflow_full/v2/final/piv_d256/seed_77395/result.json
piv_d256,new_matched_runs_on_verified_existing_cache,tflow,77395,failed,tail_exc_95,0.95,/mnt/vast01/users/fouad.oubari/msgm/rafm-additions/outputs_tflow_full/v2/final/piv_d256/seed_77395/result.json
piv_d256,new_matched_runs_on_verified_existing_cache,tflow,77395,failed,tail_exc_99,0.99,/mnt/vast01/users/fouad.oubari/msgm/rafm-additions/outputs_tflow_full/v2/final/piv_d256/seed_77395/result.json
piv_d256,new_matched_runs_on_verified_existing_cache,tflow,77395,failed,total_train_time_s,31.37773833796382,/mnt/vast01/users/fouad.oubari/msgm/rafm-additions/outputs_tflow_full/v2/final/piv_d256/seed_77395/result.json
piv_d256,new_matched_runs_on_verified_existing_cache,tflow,65457,failed,angular_sw_bin0,null,/mnt/vast01/users/fouad.oubari/msgm/rafm-additions/outputs_tflow_full/v2/final/piv_d256/seed_65457/result.json
piv_d256,new_matched_runs_on_verified_existing_cache,tflow,65457,failed,angular_sw_bin1,null,/mnt/vast01/users/fouad.oubari/msgm/rafm-additions/outputs_tflow_full/v2/final/piv_d256/seed_65457/result.json
piv_d256,new_matched_runs_on_verified_existing_cache,tflow,65457,failed,angular_sw_bin2,null,/mnt/vast01/users/fouad.oubari/msgm/rafm-additions/outputs_tflow_full/v2/final/piv_d256/seed_65457/result.json
piv_d256,new_matched_runs_on_verified_existing_cache,tflow,65457,failed,angular_sw_bin3,null,/mnt/vast01/users/fouad.oubari/msgm/rafm-additions/outputs_tflow_full/v2/final/piv_d256/seed_65457/result.json
piv_d256,new_matched_runs_on_verified_existing_cache,tflow,65457,failed,angular_sw_mean,null,/mnt/vast01/users/fouad.oubari/msgm/rafm-additions/outputs_tflow_full/v2/final/piv_d256/seed_65457/result.json
piv_d256,new_matched_runs_on_verified_existing_cache,tflow,65457,failed,exploding_norm_rate,0.0,/mnt/vast01/users/fouad.oubari/msgm/rafm-additions/outputs_tflow_full/v2/final/piv_d256/seed_65457/result.json
piv_d256,new_matched_runs_on_verified_existing_cache,tflow,65457,failed,inf_rate,0.0,/mnt/vast01/users/fouad.oubari/msgm/rafm-additions/outputs_tflow_full/v2/final/piv_d256/seed_65457/result.json
piv_d256,new_matched_runs_on_verified_existing_cache,tflow,65457,failed,invalid_rate,0.0,/mnt/vast01/users/fouad.oubari/msgm/rafm-additions/outputs_tflow_full/v2/final/piv_d256/seed_65457/result.json
piv_d256,new_matched_runs_on_verified_existing_cache,tflow,65457,failed,ks_stat,1.0,/mnt/vast01/users/fouad.oubari/msgm/rafm-additions/outputs_tflow_full/v2/final/piv_d256/seed_65457/result.json
piv_d256,new_matched_runs_on_verified_existing_cache,tflow,65457,failed,mmd,0.07035684585571289,/mnt/vast01/users/fouad.oubari/msgm/rafm-additions/outputs_tflow_full/v2/final/piv_d256/seed_65457/result.json
piv_d256,new_matched_runs_on_verified_existing_cache,tflow,65457,failed,n_params,99072,/mnt/vast01/users/fouad.oubari/msgm/rafm-additions/outputs_tflow_full/v2/final/piv_d256/seed_65457/result.json
piv_d256,new_matched_runs_on_verified_existing_cache,tflow,65457,failed,nan_rate,0.0,/mnt/vast01/users/fouad.oubari/msgm/rafm-additions/outputs_tflow_full/v2/final/piv_d256/seed_65457/result.json
piv_d256,new_matched_runs_on_verified_existing_cache,tflow,65457,failed,nfe,512,/mnt/vast01/users/fouad.oubari/msgm/rafm-additions/outputs_tflow_full/v2/final/piv_d256/seed_65457/result.json
piv_d256,new_matched_runs_on_verified_existing_cache,tflow,65457,failed,q950_err,769.3311780221414,/mnt/vast01/users/fouad.oubari/msgm/rafm-additions/outputs_tflow_full/v2/final/piv_d256/seed_65457/result.json
piv_d256,new_matched_runs_on_verified_existing_cache,tflow,65457,failed,q990_err,1190.1887116490946,/mnt/vast01/users/fouad.oubari/msgm/rafm-additions/outputs_tflow_full/v2/final/piv_d256/seed_65457/result.json
piv_d256,new_matched_runs_on_verified_existing_cache,tflow,65457,failed,q995_err,1469.4932071612948,/mnt/vast01/users/fouad.oubari/msgm/rafm-additions/outputs_tflow_full/v2/final/piv_d256/seed_65457/result.json
piv_d256,new_matched_runs_on_verified_existing_cache,tflow,65457,failed,radial_w1,1464.439208984375,/mnt/vast01/users/fouad.oubari/msgm/rafm-additions/outputs_tflow_full/v2/final/piv_d256/seed_65457/result.json
piv_d256,new_matched_runs_on_verified_existing_cache,tflow,65457,failed,sample_time_s,0.5490500293672085,/mnt/vast01/users/fouad.oubari/msgm/rafm-additions/outputs_tflow_full/v2/final/piv_d256/seed_65457/result.json
piv_d256,new_matched_runs_on_verified_existing_cache,tflow,65457,failed,sliced_w1,72.731689453125,/mnt/vast01/users/fouad.oubari/msgm/rafm-additions/outputs_tflow_full/v2/final/piv_d256/seed_65457/result.json
piv_d256,new_matched_runs_on_verified_existing_cache,tflow,65457,failed,tail_exc_95,0.95,/mnt/vast01/users/fouad.oubari/msgm/rafm-additions/outputs_tflow_full/v2/final/piv_d256/seed_65457/result.json
piv_d256,new_matched_runs_on_verified_existing_cache,tflow,65457,failed,tail_exc_99,0.99,/mnt/vast01/users/fouad.oubari/msgm/rafm-additions/outputs_tflow_full/v2/final/piv_d256/seed_65457/result.json
piv_d256,new_matched_runs_on_verified_existing_cache,tflow,65457,failed,total_train_time_s,32.99340348690748,/mnt/vast01/users/fouad.oubari/msgm/rafm-additions/outputs_tflow_full/v2/final/piv_d256/seed_65457/result.json
piv_d32,new_matched_runs_on_verified_existing_cache,tflow,8925,complete,angular_sw_bin0,0.06698134541511536,/mnt/vast01/users/fouad.oubari/msgm/rafm-additions/outputs_tflow_full/v2/final/piv_d32/seed_8925/result.json
piv_d32,new_matched_runs_on_verified_existing_cache,tflow,8925,complete,angular_sw_bin1,0.07788771390914917,/mnt/vast01/users/fouad.oubari/msgm/rafm-additions/outputs_tflow_full/v2/final/piv_d32/seed_8925/result.json
piv_d32,new_matched_runs_on_verified_existing_cache,tflow,8925,complete,angular_sw_bin2,0.0819786787033081,/mnt/vast01/users/fouad.oubari/msgm/rafm-additions/outputs_tflow_full/v2/final/piv_d32/seed_8925/result.json
piv_d32,new_matched_runs_on_verified_existing_cache,tflow,8925,complete,angular_sw_bin3,0.06814809143543243,/mnt/vast01/users/fouad.oubari/msgm/rafm-additions/outputs_tflow_full/v2/final/piv_d32/seed_8925/result.json
piv_d32,new_matched_runs_on_verified_existing_cache,tflow,8925,complete,angular_sw_mean,0.07374895736575127,/mnt/vast01/users/fouad.oubari/msgm/rafm-additions/outputs_tflow_full/v2/final/piv_d32/seed_8925/result.json
piv_d32,new_matched_runs_on_verified_existing_cache,tflow,8925,complete,exploding_norm_rate,0.0007999999797903001,/mnt/vast01/users/fouad.oubari/msgm/rafm-additions/outputs_tflow_full/v2/final/piv_d32/seed_8925/result.json
piv_d32,new_matched_runs_on_verified_existing_cache,tflow,8925,complete,inf_rate,0.0,/mnt/vast01/users/fouad.oubari/msgm/rafm-additions/outputs_tflow_full/v2/final/piv_d32/seed_8925/result.json
piv_d32,new_matched_runs_on_verified_existing_cache,tflow,8925,complete,invalid_rate,0.0007999999797903001,/mnt/vast01/users/fouad.oubari/msgm/rafm-additions/outputs_tflow_full/v2/final/piv_d32/seed_8925/result.json
piv_d32,new_matched_runs_on_verified_existing_cache,tflow,8925,complete,ks_stat,0.7379984855651855,/mnt/vast01/users/fouad.oubari/msgm/rafm-additions/outputs_tflow_full/v2/final/piv_d32/seed_8925/result.json
piv_d32,new_matched_runs_on_verified_existing_cache,tflow,8925,complete,mmd,0.09053623676300049,/mnt/vast01/users/fouad.oubari/msgm/rafm-additions/outputs_tflow_full/v2/final/piv_d32/seed_8925/result.json
piv_d32,new_matched_runs_on_verified_existing_cache,tflow,8925,complete,n_params,41504,/mnt/vast01/users/fouad.oubari/msgm/rafm-additions/outputs_tflow_full/v2/final/piv_d32/seed_8925/result.json
piv_d32,new_matched_runs_on_verified_existing_cache,tflow,8925,complete,nan_rate,0.0,/mnt/vast01/users/fouad.oubari/msgm/rafm-additions/outputs_tflow_full/v2/final/piv_d32/seed_8925/result.json
piv_d32,new_matched_runs_on_verified_existing_cache,tflow,8925,complete,nfe,512,/mnt/vast01/users/fouad.oubari/msgm/rafm-additions/outputs_tflow_full/v2/final/piv_d32/seed_8925/result.json
piv_d32,new_matched_runs_on_verified_existing_cache,tflow,8925,complete,q950_err,8.062496349122105,/mnt/vast01/users/fouad.oubari/msgm/rafm-additions/outputs_tflow_full/v2/final/piv_d32/seed_8925/result.json
piv_d32,new_matched_runs_on_verified_existing_cache,tflow,8925,complete,q990_err,31.788639318320886,/mnt/vast01/users/fouad.oubari/msgm/rafm-additions/outputs_tflow_full/v2/final/piv_d32/seed_8925/result.json
piv_d32,new_matched_runs_on_verified_existing_cache,tflow,8925,complete,q995_err,47.80883530127829,/mnt/vast01/users/fouad.oubari/msgm/rafm-additions/outputs_tflow_full/v2/final/piv_d32/seed_8925/result.json
piv_d32,new_matched_runs_on_verified_existing_cache,tflow,8925,complete,radial_w1,2.926481008529663,/mnt/vast01/users/fouad.oubari/msgm/rafm-additions/outputs_tflow_full/v2/final/piv_d32/seed_8925/result.json
piv_d32,new_matched_runs_on_verified_existing_cache,tflow,8925,complete,sample_time_s,0.42306381464004517,/mnt/vast01/users/fouad.oubari/msgm/rafm-additions/outputs_tflow_full/v2/final/piv_d32/seed_8925/result.json
piv_d32,new_matched_runs_on_verified_existing_cache,tflow,8925,complete,sliced_w1,0.4253033399581909,/mnt/vast01/users/fouad.oubari/msgm/rafm-additions/outputs_tflow_full/v2/final/piv_d32/seed_8925/result.json
piv_d32,new_matched_runs_on_verified_existing_cache,tflow,8925,complete,tail_exc_95,0.729799997806549,/mnt/vast01/users/fouad.oubari/msgm/rafm-additions/outputs_tflow_full/v2/final/piv_d32/seed_8925/result.json
piv_d32,new_matched_runs_on_verified_existing_cache,tflow,8925,complete,tail_exc_99,0.7010999822616577,/mnt/vast01/users/fouad.oubari/msgm/rafm-additions/outputs_tflow_full/v2/final/piv_d32/seed_8925/result.json
piv_d32,new_matched_runs_on_verified_existing_cache,tflow,8925,complete,total_train_time_s,34.39121236652136,/mnt/vast01/users/fouad.oubari/msgm/rafm-additions/outputs_tflow_full/v2/final/piv_d32/seed_8925/result.json
piv_d32,new_matched_runs_on_verified_existing_cache,tflow,77395,complete,angular_sw_bin0,0.05953102558851242,/mnt/vast01/users/fouad.oubari/msgm/rafm-additions/outputs_tflow_full/v2/final/piv_d32/seed_77395/result.json
piv_d32,new_matched_runs_on_verified_existing_cache,tflow,77395,complete,angular_sw_bin1,0.0641363114118576,/mnt/vast01/users/fouad.oubari/msgm/rafm-additions/outputs_tflow_full/v2/final/piv_d32/seed_77395/result.json
piv_d32,new_matched_runs_on_verified_existing_cache,tflow,77395,complete,angular_sw_bin2,0.052544236183166504,/mnt/vast01/users/fouad.oubari/msgm/rafm-additions/outputs_tflow_full/v2/final/piv_d32/seed_77395/result.json
piv_d32,new_matched_runs_on_verified_existing_cache,tflow,77395,complete,angular_sw_bin3,0.04933624714612961,/mnt/vast01/users/fouad.oubari/msgm/rafm-additions/outputs_tflow_full/v2/final/piv_d32/seed_77395/result.json
piv_d32,new_matched_runs_on_verified_existing_cache,tflow,77395,complete,angular_sw_mean,0.056386955082416534,/mnt/vast01/users/fouad.oubari/msgm/rafm-additions/outputs_tflow_full/v2/final/piv_d32/seed_77395/result.json
piv_d32,new_matched_runs_on_verified_existing_cache,tflow,77395,complete,exploding_norm_rate,0.0003000000142492354,/mnt/vast01/users/fouad.oubari/msgm/rafm-additions/outputs_tflow_full/v2/final/piv_d32/seed_77395/result.json
piv_d32,new_matched_runs_on_verified_existing_cache,tflow,77395,complete,inf_rate,0.0,/mnt/vast01/users/fouad.oubari/msgm/rafm-additions/outputs_tflow_full/v2/final/piv_d32/seed_77395/result.json
piv_d32,new_matched_runs_on_verified_existing_cache,tflow,77395,complete,invalid_rate,0.0003000000142492354,/mnt/vast01/users/fouad.oubari/msgm/rafm-additions/outputs_tflow_full/v2/final/piv_d32/seed_77395/result.json
piv_d32,new_matched_runs_on_verified_existing_cache,tflow,77395,complete,ks_stat,0.7511985301971436,/mnt/vast01/users/fouad.oubari/msgm/rafm-additions/outputs_tflow_full/v2/final/piv_d32/seed_77395/result.json
piv_d32,new_matched_runs_on_verified_existing_cache,tflow,77395,complete,mmd,0.11700749397277832,/mnt/vast01/users/fouad.oubari/msgm/rafm-additions/outputs_tflow_full/v2/final/piv_d32/seed_77395/result.json
piv_d32,new_matched_runs_on_verified_existing_cache,tflow,77395,complete,n_params,41504,/mnt/vast01/users/fouad.oubari/msgm/rafm-additions/outputs_tflow_full/v2/final/piv_d32/seed_77395/result.json
piv_d32,new_matched_runs_on_verified_existing_cache,tflow,77395,complete,nan_rate,0.0,/mnt/vast01/users/fouad.oubari/msgm/rafm-additions/outputs_tflow_full/v2/final/piv_d32/seed_77395/result.json
piv_d32,new_matched_runs_on_verified_existing_cache,tflow,77395,complete,nfe,512,/mnt/vast01/users/fouad.oubari/msgm/rafm-additions/outputs_tflow_full/v2/final/piv_d32/seed_77395/result.json
piv_d32,new_matched_runs_on_verified_existing_cache,tflow,77395,complete,q950_err,10.208421435801407,/mnt/vast01/users/fouad.oubari/msgm/rafm-additions/outputs_tflow_full/v2/final/piv_d32/seed_77395/result.json
piv_d32,new_matched_runs_on_verified_existing_cache,tflow,77395,complete,q990_err,35.37321514594738,/mnt/vast01/users/fouad.oubari/msgm/rafm-additions/outputs_tflow_full/v2/final/piv_d32/seed_77395/result.json
piv_d32,new_matched_runs_on_verified_existing_cache,tflow,77395,complete,q995_err,49.694791744080405,/mnt/vast01/users/fouad.oubari/msgm/rafm-additions/outputs_tflow_full/v2/final/piv_d32/seed_77395/result.json
piv_d32,new_matched_runs_on_verified_existing_cache,tflow,77395,complete,radial_w1,3.381028652191162,/mnt/vast01/users/fouad.oubari/msgm/rafm-additions/outputs_tflow_full/v2/final/piv_d32/seed_77395/result.json
piv_d32,new_matched_runs_on_verified_existing_cache,tflow,77395,complete,sample_time_s,0.4217064380645752,/mnt/vast01/users/fouad.oubari/msgm/rafm-additions/outputs_tflow_full/v2/final/piv_d32/seed_77395/result.json
piv_d32,new_matched_runs_on_verified_existing_cache,tflow,77395,complete,sliced_w1,0.4900813102722168,/mnt/vast01/users/fouad.oubari/msgm/rafm-additions/outputs_tflow_full/v2/final/piv_d32/seed_77395/result.json
piv_d32,new_matched_runs_on_verified_existing_cache,tflow,77395,complete,tail_exc_95,0.745300006866455,/mnt/vast01/users/fouad.oubari/msgm/rafm-additions/outputs_tflow_full/v2/final/piv_d32/seed_77395/result.json
piv_d32,new_matched_runs_on_verified_existing_cache,tflow,77395,complete,tail_exc_99,0.7289000058174133,/mnt/vast01/users/fouad.oubari/msgm/rafm-additions/outputs_tflow_full/v2/final/piv_d32/seed_77395/result.json
piv_d32,new_matched_runs_on_verified_existing_cache,tflow,77395,complete,total_train_time_s,33.61578609794378,/mnt/vast01/users/fouad.oubari/msgm/rafm-additions/outputs_tflow_full/v2/final/piv_d32/seed_77395/result.json
piv_d32,new_matched_runs_on_verified_existing_cache,tflow,65457,complete,angular_sw_bin0,0.0966775193810463,/mnt/vast01/users/fouad.oubari/msgm/rafm-additions/outputs_tflow_full/v2/final/piv_d32/seed_65457/result.json
piv_d32,new_matched_runs_on_verified_existing_cache,tflow,65457,complete,angular_sw_bin1,0.10259148478507996,/mnt/vast01/users/fouad.oubari/msgm/rafm-additions/outputs_tflow_full/v2/final/piv_d32/seed_65457/result.json
piv_d32,new_matched_runs_on_verified_existing_cache,tflow,65457,complete,angular_sw_bin2,0.07712743431329727,/mnt/vast01/users/fouad.oubari/msgm/rafm-additions/outputs_tflow_full/v2/final/piv_d32/seed_65457/result.json
piv_d32,new_matched_runs_on_verified_existing_cache,tflow,65457,complete,angular_sw_bin3,0.07485662400722504,/mnt/vast01/users/fouad.oubari/msgm/rafm-additions/outputs_tflow_full/v2/final/piv_d32/seed_65457/result.json
piv_d32,new_matched_runs_on_verified_existing_cache,tflow,65457,complete,angular_sw_mean,0.08781326562166214,/mnt/vast01/users/fouad.oubari/msgm/rafm-additions/outputs_tflow_full/v2/final/piv_d32/seed_65457/result.json
piv_d32,new_matched_runs_on_verified_existing_cache,tflow,65457,complete,exploding_norm_rate,0.0005000000237487257,/mnt/vast01/users/fouad.oubari/msgm/rafm-additions/outputs_tflow_full/v2/final/piv_d32/seed_65457/result.json
piv_d32,new_matched_runs_on_verified_existing_cache,tflow,65457,complete,inf_rate,0.0,/mnt/vast01/users/fouad.oubari/msgm/rafm-additions/outputs_tflow_full/v2/final/piv_d32/seed_65457/result.json
piv_d32,new_matched_runs_on_verified_existing_cache,tflow,65457,complete,invalid_rate,0.0005000000237487257,/mnt/vast01/users/fouad.oubari/msgm/rafm-additions/outputs_tflow_full/v2/final/piv_d32/seed_65457/result.json
piv_d32,new_matched_runs_on_verified_existing_cache,tflow,65457,complete,ks_stat,0.9648497700691223,/mnt/vast01/users/fouad.oubari/msgm/rafm-additions/outputs_tflow_full/v2/final/piv_d32/seed_65457/result.json
piv_d32,new_matched_runs_on_verified_existing_cache,tflow,65457,complete,mmd,0.1600499153137207,/mnt/vast01/users/fouad.oubari/msgm/rafm-additions/outputs_tflow_full/v2/final/piv_d32/seed_65457/result.json
piv_d32,new_matched_runs_on_verified_existing_cache,tflow,65457,complete,n_params,41504,/mnt/vast01/users/fouad.oubari/msgm/rafm-additions/outputs_tflow_full/v2/final/piv_d32/seed_65457/result.json
piv_d32,new_matched_runs_on_verified_existing_cache,tflow,65457,complete,nan_rate,0.0,/mnt/vast01/users/fouad.oubari/msgm/rafm-additions/outputs_tflow_full/v2/final/piv_d32/seed_65457/result.json
piv_d32,new_matched_runs_on_verified_existing_cache,tflow,65457,complete,nfe,512,/mnt/vast01/users/fouad.oubari/msgm/rafm-additions/outputs_tflow_full/v2/final/piv_d32/seed_65457/result.json
piv_d32,new_matched_runs_on_verified_existing_cache,tflow,65457,complete,q950_err,39.60949993816742,/mnt/vast01/users/fouad.oubari/msgm/rafm-additions/outputs_tflow_full/v2/final/piv_d32/seed_65457/result.json
piv_d32,new_matched_runs_on_verified_existing_cache,tflow,65457,complete,q990_err,121.50075323401016,/mnt/vast01/users/fouad.oubari/msgm/rafm-additions/outputs_tflow_full/v2/final/piv_d32/seed_65457/result.json
piv_d32,new_matched_runs_on_verified_existing_cache,tflow,65457,complete,q995_err,158.35866589593067,/mnt/vast01/users/fouad.oubari/msgm/rafm-additions/outputs_tflow_full/v2/final/piv_d32/seed_65457/result.json
piv_d32,new_matched_runs_on_verified_existing_cache,tflow,65457,complete,radial_w1,12.35915470123291,/mnt/vast01/users/fouad.oubari/msgm/rafm-additions/outputs_tflow_full/v2/final/piv_d32/seed_65457/result.json
piv_d32,new_matched_runs_on_verified_existing_cache,tflow,65457,complete,sample_time_s,0.4177699461579323,/mnt/vast01/users/fouad.oubari/msgm/rafm-additions/outputs_tflow_full/v2/final/piv_d32/seed_65457/result.json
piv_d32,new_matched_runs_on_verified_existing_cache,tflow,65457,complete,sliced_w1,1.7647396326065063,/mnt/vast01/users/fouad.oubari/msgm/rafm-additions/outputs_tflow_full/v2/final/piv_d32/seed_65457/result.json
piv_d32,new_matched_runs_on_verified_existing_cache,tflow,65457,complete,tail_exc_95,0.9329000234603881,/mnt/vast01/users/fouad.oubari/msgm/rafm-additions/outputs_tflow_full/v2/final/piv_d32/seed_65457/result.json
piv_d32,new_matched_runs_on_verified_existing_cache,tflow,65457,complete,tail_exc_99,0.9647999906539917,/mnt/vast01/users/fouad.oubari/msgm/rafm-additions/outputs_tflow_full/v2/final/piv_d32/seed_65457/result.json
piv_d32,new_matched_runs_on_verified_existing_cache,tflow,65457,complete,total_train_time_s,32.805739521980286,/mnt/vast01/users/fouad.oubari/msgm/rafm-additions/outputs_tflow_full/v2/final/piv_d32/seed_65457/result.json
piv_d64,new_matched_runs_on_verified_existing_cache,tflow,8925,failed,angular_sw_bin0,null,/mnt/vast01/users/fouad.oubari/msgm/rafm-additions/outputs_tflow_full/v2/final/piv_d64/seed_8925/result.json
piv_d64,new_matched_runs_on_verified_existing_cache,tflow,8925,failed,angular_sw_bin1,null,/mnt/vast01/users/fouad.oubari/msgm/rafm-additions/outputs_tflow_full/v2/final/piv_d64/seed_8925/result.json
piv_d64,new_matched_runs_on_verified_existing_cache,tflow,8925,failed,angular_sw_bin2,null,/mnt/vast01/users/fouad.oubari/msgm/rafm-additions/outputs_tflow_full/v2/final/piv_d64/seed_8925/result.json
piv_d64,new_matched_runs_on_verified_existing_cache,tflow,8925,failed,angular_sw_bin3,0.05620501562952995,/mnt/vast01/users/fouad.oubari/msgm/rafm-additions/outputs_tflow_full/v2/final/piv_d64/seed_8925/result.json
piv_d64,new_matched_runs_on_verified_existing_cache,tflow,8925,failed,angular_sw_mean,0.05620501562952995,/mnt/vast01/users/fouad.oubari/msgm/rafm-additions/outputs_tflow_full/v2/final/piv_d64/seed_8925/result.json
piv_d64,new_matched_runs_on_verified_existing_cache,tflow,8925,failed,exploding_norm_rate,0.0,/mnt/vast01/users/fouad.oubari/msgm/rafm-additions/outputs_tflow_full/v2/final/piv_d64/seed_8925/result.json
piv_d64,new_matched_runs_on_verified_existing_cache,tflow,8925,failed,inf_rate,0.0,/mnt/vast01/users/fouad.oubari/msgm/rafm-additions/outputs_tflow_full/v2/final/piv_d64/seed_8925/result.json
piv_d64,new_matched_runs_on_verified_existing_cache,tflow,8925,failed,invalid_rate,0.0,/mnt/vast01/users/fouad.oubari/msgm/rafm-additions/outputs_tflow_full/v2/final/piv_d64/seed_8925/result.json
piv_d64,new_matched_runs_on_verified_existing_cache,tflow,8925,failed,ks_stat,0.9965999722480774,/mnt/vast01/users/fouad.oubari/msgm/rafm-additions/outputs_tflow_full/v2/final/piv_d64/seed_8925/result.json
piv_d64,new_matched_runs_on_verified_existing_cache,tflow,8925,failed,mmd,0.12196063995361328,/mnt/vast01/users/fouad.oubari/msgm/rafm-additions/outputs_tflow_full/v2/final/piv_d64/seed_8925/result.json
piv_d64,new_matched_runs_on_verified_existing_cache,tflow,8925,failed,n_params,49728,/mnt/vast01/users/fouad.oubari/msgm/rafm-additions/outputs_tflow_full/v2/final/piv_d64/seed_8925/result.json
piv_d64,new_matched_runs_on_verified_existing_cache,tflow,8925,failed,nan_rate,0.0,/mnt/vast01/users/fouad.oubari/msgm/rafm-additions/outputs_tflow_full/v2/final/piv_d64/seed_8925/result.json
piv_d64,new_matched_runs_on_verified_existing_cache,tflow,8925,failed,nfe,512,/mnt/vast01/users/fouad.oubari/msgm/rafm-additions/outputs_tflow_full/v2/final/piv_d64/seed_8925/result.json
piv_d64,new_matched_runs_on_verified_existing_cache,tflow,8925,failed,q950_err,66.87890799227287,/mnt/vast01/users/fouad.oubari/msgm/rafm-additions/outputs_tflow_full/v2/final/piv_d64/seed_8925/result.json
piv_d64,new_matched_runs_on_verified_existing_cache,tflow,8925,failed,q990_err,87.84487711063285,/mnt/vast01/users/fouad.oubari/msgm/rafm-additions/outputs_tflow_full/v2/final/piv_d64/seed_8925/result.json
piv_d64,new_matched_runs_on_verified_existing_cache,tflow,8925,failed,q995_err,101.22610538117662,/mnt/vast01/users/fouad.oubari/msgm/rafm-additions/outputs_tflow_full/v2/final/piv_d64/seed_8925/result.json
piv_d64,new_matched_runs_on_verified_existing_cache,tflow,8925,failed,radial_w1,93.28936767578125,/mnt/vast01/users/fouad.oubari/msgm/rafm-additions/outputs_tflow_full/v2/final/piv_d64/seed_8925/result.json
piv_d64,new_matched_runs_on_verified_existing_cache,tflow,8925,failed,sample_time_s,0.4350461848080158,/mnt/vast01/users/fouad.oubari/msgm/rafm-additions/outputs_tflow_full/v2/final/piv_d64/seed_8925/result.json
piv_d64,new_matched_runs_on_verified_existing_cache,tflow,8925,failed,sliced_w1,9.777153015136719,/mnt/vast01/users/fouad.oubari/msgm/rafm-additions/outputs_tflow_full/v2/final/piv_d64/seed_8925/result.json
piv_d64,new_matched_runs_on_verified_existing_cache,tflow,8925,failed,tail_exc_95,0.9490000128746032,/mnt/vast01/users/fouad.oubari/msgm/rafm-additions/outputs_tflow_full/v2/final/piv_d64/seed_8925/result.json
piv_d64,new_matched_runs_on_verified_existing_cache,tflow,8925,failed,tail_exc_99,0.9876000189781189,/mnt/vast01/users/fouad.oubari/msgm/rafm-additions/outputs_tflow_full/v2/final/piv_d64/seed_8925/result.json
piv_d64,new_matched_runs_on_verified_existing_cache,tflow,8925,failed,total_train_time_s,31.657186709344387,/mnt/vast01/users/fouad.oubari/msgm/rafm-additions/outputs_tflow_full/v2/final/piv_d64/seed_8925/result.json
piv_d64,new_matched_runs_on_verified_existing_cache,tflow,77395,failed,angular_sw_bin0,null,/mnt/vast01/users/fouad.oubari/msgm/rafm-additions/outputs_tflow_full/v2/final/piv_d64/seed_77395/result.json
piv_d64,new_matched_runs_on_verified_existing_cache,tflow,77395,failed,angular_sw_bin1,null,/mnt/vast01/users/fouad.oubari/msgm/rafm-additions/outputs_tflow_full/v2/final/piv_d64/seed_77395/result.json
piv_d64,new_matched_runs_on_verified_existing_cache,tflow,77395,failed,angular_sw_bin2,null,/mnt/vast01/users/fouad.oubari/msgm/rafm-additions/outputs_tflow_full/v2/final/piv_d64/seed_77395/result.json
piv_d64,new_matched_runs_on_verified_existing_cache,tflow,77395,failed,angular_sw_bin3,0.07307989150285721,/mnt/vast01/users/fouad.oubari/msgm/rafm-additions/outputs_tflow_full/v2/final/piv_d64/seed_77395/result.json
piv_d64,new_matched_runs_on_verified_existing_cache,tflow,77395,failed,angular_sw_mean,0.07307989150285721,/mnt/vast01/users/fouad.oubari/msgm/rafm-additions/outputs_tflow_full/v2/final/piv_d64/seed_77395/result.json
piv_d64,new_matched_runs_on_verified_existing_cache,tflow,77395,failed,exploding_norm_rate,0.0,/mnt/vast01/users/fouad.oubari/msgm/rafm-additions/outputs_tflow_full/v2/final/piv_d64/seed_77395/result.json
piv_d64,new_matched_runs_on_verified_existing_cache,tflow,77395,failed,inf_rate,0.0,/mnt/vast01/users/fouad.oubari/msgm/rafm-additions/outputs_tflow_full/v2/final/piv_d64/seed_77395/result.json
piv_d64,new_matched_runs_on_verified_existing_cache,tflow,77395,failed,invalid_rate,0.0,/mnt/vast01/users/fouad.oubari/msgm/rafm-additions/outputs_tflow_full/v2/final/piv_d64/seed_77395/result.json
piv_d64,new_matched_runs_on_verified_existing_cache,tflow,77395,failed,ks_stat,0.9969000220298767,/mnt/vast01/users/fouad.oubari/msgm/rafm-additions/outputs_tflow_full/v2/final/piv_d64/seed_77395/result.json
piv_d64,new_matched_runs_on_verified_existing_cache,tflow,77395,failed,mmd,0.1185922622680664,/mnt/vast01/users/fouad.oubari/msgm/rafm-additions/outputs_tflow_full/v2/final/piv_d64/seed_77395/result.json
piv_d64,new_matched_runs_on_verified_existing_cache,tflow,77395,failed,n_params,49728,/mnt/vast01/users/fouad.oubari/msgm/rafm-additions/outputs_tflow_full/v2/final/piv_d64/seed_77395/result.json
piv_d64,new_matched_runs_on_verified_existing_cache,tflow,77395,failed,nan_rate,0.0,/mnt/vast01/users/fouad.oubari/msgm/rafm-additions/outputs_tflow_full/v2/final/piv_d64/seed_77395/result.json
piv_d64,new_matched_runs_on_verified_existing_cache,tflow,77395,failed,nfe,512,/mnt/vast01/users/fouad.oubari/msgm/rafm-additions/outputs_tflow_full/v2/final/piv_d64/seed_77395/result.json
piv_d64,new_matched_runs_on_verified_existing_cache,tflow,77395,failed,q950_err,72.51231622440712,/mnt/vast01/users/fouad.oubari/msgm/rafm-additions/outputs_tflow_full/v2/final/piv_d64/seed_77395/result.json
piv_d64,new_matched_runs_on_verified_existing_cache,tflow,77395,failed,q990_err,99.4015598995467,/mnt/vast01/users/fouad.oubari/msgm/rafm-additions/outputs_tflow_full/v2/final/piv_d64/seed_77395/result.json
piv_d64,new_matched_runs_on_verified_existing_cache,tflow,77395,failed,q995_err,115.98101564808832,/mnt/vast01/users/fouad.oubari/msgm/rafm-additions/outputs_tflow_full/v2/final/piv_d64/seed_77395/result.json
piv_d64,new_matched_runs_on_verified_existing_cache,tflow,77395,failed,radial_w1,99.6077651977539,/mnt/vast01/users/fouad.oubari/msgm/rafm-additions/outputs_tflow_full/v2/final/piv_d64/seed_77395/result.json
piv_d64,new_matched_runs_on_verified_existing_cache,tflow,77395,failed,sample_time_s,0.43607812747359276,/mnt/vast01/users/fouad.oubari/msgm/rafm-additions/outputs_tflow_full/v2/final/piv_d64/seed_77395/result.json
piv_d64,new_matched_runs_on_verified_existing_cache,tflow,77395,failed,sliced_w1,10.421619415283203,/mnt/vast01/users/fouad.oubari/msgm/rafm-additions/outputs_tflow_full/v2/final/piv_d64/seed_77395/result.json
piv_d64,new_matched_runs_on_verified_existing_cache,tflow,77395,failed,tail_exc_95,0.9494999766349792,/mnt/vast01/users/fouad.oubari/msgm/rafm-additions/outputs_tflow_full/v2/final/piv_d64/seed_77395/result.json
piv_d64,new_matched_runs_on_verified_existing_cache,tflow,77395,failed,tail_exc_99,0.9883000159263611,/mnt/vast01/users/fouad.oubari/msgm/rafm-additions/outputs_tflow_full/v2/final/piv_d64/seed_77395/result.json
piv_d64,new_matched_runs_on_verified_existing_cache,tflow,77395,failed,total_train_time_s,31.10807902738452,/mnt/vast01/users/fouad.oubari/msgm/rafm-additions/outputs_tflow_full/v2/final/piv_d64/seed_77395/result.json
piv_d64,new_matched_runs_on_verified_existing_cache,tflow,65457,failed,angular_sw_bin0,null,/mnt/vast01/users/fouad.oubari/msgm/rafm-additions/outputs_tflow_full/v2/final/piv_d64/seed_65457/result.json
piv_d64,new_matched_runs_on_verified_existing_cache,tflow,65457,failed,angular_sw_bin1,null,/mnt/vast01/users/fouad.oubari/msgm/rafm-additions/outputs_tflow_full/v2/final/piv_d64/seed_65457/result.json
piv_d64,new_matched_runs_on_verified_existing_cache,tflow,65457,failed,angular_sw_bin2,null,/mnt/vast01/users/fouad.oubari/msgm/rafm-additions/outputs_tflow_full/v2/final/piv_d64/seed_65457/result.json
piv_d64,new_matched_runs_on_verified_existing_cache,tflow,65457,failed,angular_sw_bin3,0.06935300678014755,/mnt/vast01/users/fouad.oubari/msgm/rafm-additions/outputs_tflow_full/v2/final/piv_d64/seed_65457/result.json
piv_d64,new_matched_runs_on_verified_existing_cache,tflow,65457,failed,angular_sw_mean,0.06935300678014755,/mnt/vast01/users/fouad.oubari/msgm/rafm-additions/outputs_tflow_full/v2/final/piv_d64/seed_65457/result.json
piv_d64,new_matched_runs_on_verified_existing_cache,tflow,65457,failed,exploding_norm_rate,0.0,/mnt/vast01/users/fouad.oubari/msgm/rafm-additions/outputs_tflow_full/v2/final/piv_d64/seed_65457/result.json
piv_d64,new_matched_runs_on_verified_existing_cache,tflow,65457,failed,inf_rate,0.0,/mnt/vast01/users/fouad.oubari/msgm/rafm-additions/outputs_tflow_full/v2/final/piv_d64/seed_65457/result.json
piv_d64,new_matched_runs_on_verified_existing_cache,tflow,65457,failed,invalid_rate,0.0,/mnt/vast01/users/fouad.oubari/msgm/rafm-additions/outputs_tflow_full/v2/final/piv_d64/seed_65457/result.json
piv_d64,new_matched_runs_on_verified_existing_cache,tflow,65457,failed,ks_stat,0.9965999722480774,/mnt/vast01/users/fouad.oubari/msgm/rafm-additions/outputs_tflow_full/v2/final/piv_d64/seed_65457/result.json
piv_d64,new_matched_runs_on_verified_existing_cache,tflow,65457,failed,mmd,0.124764084815979,/mnt/vast01/users/fouad.oubari/msgm/rafm-additions/outputs_tflow_full/v2/final/piv_d64/seed_65457/result.json
piv_d64,new_matched_runs_on_verified_existing_cache,tflow,65457,failed,n_params,49728,/mnt/vast01/users/fouad.oubari/msgm/rafm-additions/outputs_tflow_full/v2/final/piv_d64/seed_65457/result.json
piv_d64,new_matched_runs_on_verified_existing_cache,tflow,65457,failed,nan_rate,0.0,/mnt/vast01/users/fouad.oubari/msgm/rafm-additions/outputs_tflow_full/v2/final/piv_d64/seed_65457/result.json
piv_d64,new_matched_runs_on_verified_existing_cache,tflow,65457,failed,nfe,512,/mnt/vast01/users/fouad.oubari/msgm/rafm-additions/outputs_tflow_full/v2/final/piv_d64/seed_65457/result.json
piv_d64,new_matched_runs_on_verified_existing_cache,tflow,65457,failed,q950_err,66.39359741471067,/mnt/vast01/users/fouad.oubari/msgm/rafm-additions/outputs_tflow_full/v2/final/piv_d64/seed_65457/result.json
piv_d64,new_matched_runs_on_verified_existing_cache,tflow,65457,failed,q990_err,87.60813399683339,/mnt/vast01/users/fouad.oubari/msgm/rafm-additions/outputs_tflow_full/v2/final/piv_d64/seed_65457/result.json
piv_d64,new_matched_runs_on_verified_existing_cache,tflow,65457,failed,q995_err,96.45742576709104,/mnt/vast01/users/fouad.oubari/msgm/rafm-additions/outputs_tflow_full/v2/final/piv_d64/seed_65457/result.json
piv_d64,new_matched_runs_on_verified_existing_cache,tflow,65457,failed,radial_w1,92.10020446777344,/mnt/vast01/users/fouad.oubari/msgm/rafm-additions/outputs_tflow_full/v2/final/piv_d64/seed_65457/result.json
piv_d64,new_matched_runs_on_verified_existing_cache,tflow,65457,failed,sample_time_s,0.43604202196002007,/mnt/vast01/users/fouad.oubari/msgm/rafm-additions/outputs_tflow_full/v2/final/piv_d64/seed_65457/result.json
piv_d64,new_matched_runs_on_verified_existing_cache,tflow,65457,failed,sliced_w1,9.643919944763184,/mnt/vast01/users/fouad.oubari/msgm/rafm-additions/outputs_tflow_full/v2/final/piv_d64/seed_65457/result.json
piv_d64,new_matched_runs_on_verified_existing_cache,tflow,65457,failed,tail_exc_95,0.9491000294685363,/mnt/vast01/users/fouad.oubari/msgm/rafm-additions/outputs_tflow_full/v2/final/piv_d64/seed_65457/result.json
piv_d64,new_matched_runs_on_verified_existing_cache,tflow,65457,failed,tail_exc_99,0.9875000023841858,/mnt/vast01/users/fouad.oubari/msgm/rafm-additions/outputs_tflow_full/v2/final/piv_d64/seed_65457/result.json
piv_d64,new_matched_runs_on_verified_existing_cache,tflow,65457,failed,total_train_time_s,34.88465556502342,/mnt/vast01/users/fouad.oubari/msgm/rafm-additions/outputs_tflow_full/v2/final/piv_d64/seed_65457/result.json
student_t_d128_df3.0_cor,new_matched_realization,tflow,8925,failed,angular_sw_bin0,null,/mnt/vast01/users/fouad.oubari/msgm/rafm-additions/outputs_tflow_full/v2/final/student_t_d128_df3.0_cor/seed_8925/result.json
student_t_d128_df3.0_cor,new_matched_realization,tflow,8925,failed,angular_sw_bin1,null,/mnt/vast01/users/fouad.oubari/msgm/rafm-additions/outputs_tflow_full/v2/final/student_t_d128_df3.0_cor/seed_8925/result.json
student_t_d128_df3.0_cor,new_matched_realization,tflow,8925,failed,angular_sw_bin2,null,/mnt/vast01/users/fouad.oubari/msgm/rafm-additions/outputs_tflow_full/v2/final/student_t_d128_df3.0_cor/seed_8925/result.json
student_t_d128_df3.0_cor,new_matched_realization,tflow,8925,failed,angular_sw_bin3,null,/mnt/vast01/users/fouad.oubari/msgm/rafm-additions/outputs_tflow_full/v2/final/student_t_d128_df3.0_cor/seed_8925/result.json
student_t_d128_df3.0_cor,new_matched_realization,tflow,8925,failed,angular_sw_mean,null,/mnt/vast01/users/fouad.oubari/msgm/rafm-additions/outputs_tflow_full/v2/final/student_t_d128_df3.0_cor/seed_8925/result.json
student_t_d128_df3.0_cor,new_matched_realization,tflow,8925,failed,exploding_norm_rate,0.0,/mnt/vast01/users/fouad.oubari/msgm/rafm-additions/outputs_tflow_full/v2/final/student_t_d128_df3.0_cor/seed_8925/result.json
student_t_d128_df3.0_cor,new_matched_realization,tflow,8925,failed,inf_rate,0.0,/mnt/vast01/users/fouad.oubari/msgm/rafm-additions/outputs_tflow_full/v2/final/student_t_d128_df3.0_cor/seed_8925/result.json
student_t_d128_df3.0_cor,new_matched_realization,tflow,8925,failed,invalid_rate,0.0,/mnt/vast01/users/fouad.oubari/msgm/rafm-additions/outputs_tflow_full/v2/final/student_t_d128_df3.0_cor/seed_8925/result.json
student_t_d128_df3.0_cor,new_matched_realization,tflow,8925,failed,ks_stat,1.0,/mnt/vast01/users/fouad.oubari/msgm/rafm-additions/outputs_tflow_full/v2/final/student_t_d128_df3.0_cor/seed_8925/result.json
student_t_d128_df3.0_cor,new_matched_realization,tflow,8925,failed,mmd,0.2034924030303955,/mnt/vast01/users/fouad.oubari/msgm/rafm-additions/outputs_tflow_full/v2/final/student_t_d128_df3.0_cor/seed_8925/result.json
student_t_d128_df3.0_cor,new_matched_realization,tflow,8925,failed,n_params,66176,/mnt/vast01/users/fouad.oubari/msgm/rafm-additions/outputs_tflow_full/v2/final/student_t_d128_df3.0_cor/seed_8925/result.json
student_t_d128_df3.0_cor,new_matched_realization,tflow,8925,failed,nan_rate,0.0,/mnt/vast01/users/fouad.oubari/msgm/rafm-additions/outputs_tflow_full/v2/final/student_t_d128_df3.0_cor/seed_8925/result.json
student_t_d128_df3.0_cor,new_matched_realization,tflow,8925,failed,nfe,512,/mnt/vast01/users/fouad.oubari/msgm/rafm-additions/outputs_tflow_full/v2/final/student_t_d128_df3.0_cor/seed_8925/result.json
student_t_d128_df3.0_cor,new_matched_realization,tflow,8925,failed,q950_err,327.4661641449106,/mnt/vast01/users/fouad.oubari/msgm/rafm-additions/outputs_tflow_full/v2/final/student_t_d128_df3.0_cor/seed_8925/result.json
student_t_d128_df3.0_cor,new_matched_realization,tflow,8925,failed,q990_err,319.66316936889734,/mnt/vast01/users/fouad.oubari/msgm/rafm-additions/outputs_tflow_full/v2/final/student_t_d128_df3.0_cor/seed_8925/result.json
student_t_d128_df3.0_cor,new_matched_realization,tflow,8925,failed,q995_err,301.8470697263039,/mnt/vast01/users/fouad.oubari/msgm/rafm-additions/outputs_tflow_full/v2/final/student_t_d128_df3.0_cor/seed_8925/result.json
student_t_d128_df3.0_cor,new_matched_realization,tflow,8925,failed,radial_w1,57947.109375,/mnt/vast01/users/fouad.oubari/msgm/rafm-additions/outputs_tflow_full/v2/final/student_t_d128_df3.0_cor/seed_8925/result.json
student_t_d128_df3.0_cor,new_matched_realization,tflow,8925,failed,sample_time_s,0.4834069721400738,/mnt/vast01/users/fouad.oubari/msgm/rafm-additions/outputs_tflow_full/v2/final/student_t_d128_df3.0_cor/seed_8925/result.json
student_t_d128_df3.0_cor,new_matched_realization,tflow,8925,failed,sliced_w1,4096.51806640625,/mnt/vast01/users/fouad.oubari/msgm/rafm-additions/outputs_tflow_full/v2/final/student_t_d128_df3.0_cor/seed_8925/result.json
student_t_d128_df3.0_cor,new_matched_realization,tflow,8925,failed,tail_exc_95,0.95,/mnt/vast01/users/fouad.oubari/msgm/rafm-additions/outputs_tflow_full/v2/final/student_t_d128_df3.0_cor/seed_8925/result.json
student_t_d128_df3.0_cor,new_matched_realization,tflow,8925,failed,tail_exc_99,0.99,/mnt/vast01/users/fouad.oubari/msgm/rafm-additions/outputs_tflow_full/v2/final/student_t_d128_df3.0_cor/seed_8925/result.json
student_t_d128_df3.0_cor,new_matched_realization,tflow,8925,failed,total_train_time_s,31.861090805381536,/mnt/vast01/users/fouad.oubari/msgm/rafm-additions/outputs_tflow_full/v2/final/student_t_d128_df3.0_cor/seed_8925/result.json
student_t_d128_df3.0_cor,new_matched_realization,tflow,77395,failed,angular_sw_bin0,null,/mnt/vast01/users/fouad.oubari/msgm/rafm-additions/outputs_tflow_full/v2/final/student_t_d128_df3.0_cor/seed_77395/result.json
student_t_d128_df3.0_cor,new_matched_realization,tflow,77395,failed,angular_sw_bin1,null,/mnt/vast01/users/fouad.oubari/msgm/rafm-additions/outputs_tflow_full/v2/final/student_t_d128_df3.0_cor/seed_77395/result.json
student_t_d128_df3.0_cor,new_matched_realization,tflow,77395,failed,angular_sw_bin2,null,/mnt/vast01/users/fouad.oubari/msgm/rafm-additions/outputs_tflow_full/v2/final/student_t_d128_df3.0_cor/seed_77395/result.json
student_t_d128_df3.0_cor,new_matched_realization,tflow,77395,failed,angular_sw_bin3,null,/mnt/vast01/users/fouad.oubari/msgm/rafm-additions/outputs_tflow_full/v2/final/student_t_d128_df3.0_cor/seed_77395/result.json
student_t_d128_df3.0_cor,new_matched_realization,tflow,77395,failed,angular_sw_mean,null,/mnt/vast01/users/fouad.oubari/msgm/rafm-additions/outputs_tflow_full/v2/final/student_t_d128_df3.0_cor/seed_77395/result.json
student_t_d128_df3.0_cor,new_matched_realization,tflow,77395,failed,exploding_norm_rate,0.0,/mnt/vast01/users/fouad.oubari/msgm/rafm-additions/outputs_tflow_full/v2/final/student_t_d128_df3.0_cor/seed_77395/result.json
student_t_d128_df3.0_cor,new_matched_realization,tflow,77395,failed,inf_rate,0.0,/mnt/vast01/users/fouad.oubari/msgm/rafm-additions/outputs_tflow_full/v2/final/student_t_d128_df3.0_cor/seed_77395/result.json
student_t_d128_df3.0_cor,new_matched_realization,tflow,77395,failed,invalid_rate,0.0,/mnt/vast01/users/fouad.oubari/msgm/rafm-additions/outputs_tflow_full/v2/final/student_t_d128_df3.0_cor/seed_77395/result.json
student_t_d128_df3.0_cor,new_matched_realization,tflow,77395,failed,ks_stat,1.0,/mnt/vast01/users/fouad.oubari/msgm/rafm-additions/outputs_tflow_full/v2/final/student_t_d128_df3.0_cor/seed_77395/result.json
student_t_d128_df3.0_cor,new_matched_realization,tflow,77395,failed,mmd,0.2051457166671753,/mnt/vast01/users/fouad.oubari/msgm/rafm-additions/outputs_tflow_full/v2/final/student_t_d128_df3.0_cor/seed_77395/result.json
student_t_d128_df3.0_cor,new_matched_realization,tflow,77395,failed,n_params,66176,/mnt/vast01/users/fouad.oubari/msgm/rafm-additions/outputs_tflow_full/v2/final/student_t_d128_df3.0_cor/seed_77395/result.json
student_t_d128_df3.0_cor,new_matched_realization,tflow,77395,failed,nan_rate,0.0,/mnt/vast01/users/fouad.oubari/msgm/rafm-additions/outputs_tflow_full/v2/final/student_t_d128_df3.0_cor/seed_77395/result.json
student_t_d128_df3.0_cor,new_matched_realization,tflow,77395,failed,nfe,512,/mnt/vast01/users/fouad.oubari/msgm/rafm-additions/outputs_tflow_full/v2/final/student_t_d128_df3.0_cor/seed_77395/result.json
student_t_d128_df3.0_cor,new_matched_realization,tflow,77395,failed,q950_err,320.84609991407933,/mnt/vast01/users/fouad.oubari/msgm/rafm-additions/outputs_tflow_full/v2/final/student_t_d128_df3.0_cor/seed_77395/result.json
student_t_d128_df3.0_cor,new_matched_realization,tflow,77395,failed,q990_err,316.83558906854387,/mnt/vast01/users/fouad.oubari/msgm/rafm-additions/outputs_tflow_full/v2/final/student_t_d128_df3.0_cor/seed_77395/result.json
student_t_d128_df3.0_cor,new_matched_realization,tflow,77395,failed,q995_err,299.1561824022932,/mnt/vast01/users/fouad.oubari/msgm/rafm-additions/outputs_tflow_full/v2/final/student_t_d128_df3.0_cor/seed_77395/result.json
student_t_d128_df3.0_cor,new_matched_realization,tflow,77395,failed,radial_w1,56970.01953125,/mnt/vast01/users/fouad.oubari/msgm/rafm-additions/outputs_tflow_full/v2/final/student_t_d128_df3.0_cor/seed_77395/result.json
student_t_d128_df3.0_cor,new_matched_realization,tflow,77395,failed,sample_time_s,0.48671650514006615,/mnt/vast01/users/fouad.oubari/msgm/rafm-additions/outputs_tflow_full/v2/final/student_t_d128_df3.0_cor/seed_77395/result.json
student_t_d128_df3.0_cor,new_matched_realization,tflow,77395,failed,sliced_w1,4028.393798828125,/mnt/vast01/users/fouad.oubari/msgm/rafm-additions/outputs_tflow_full/v2/final/student_t_d128_df3.0_cor/seed_77395/result.json
student_t_d128_df3.0_cor,new_matched_realization,tflow,77395,failed,tail_exc_95,0.95,/mnt/vast01/users/fouad.oubari/msgm/rafm-additions/outputs_tflow_full/v2/final/student_t_d128_df3.0_cor/seed_77395/result.json
student_t_d128_df3.0_cor,new_matched_realization,tflow,77395,failed,tail_exc_99,0.99,/mnt/vast01/users/fouad.oubari/msgm/rafm-additions/outputs_tflow_full/v2/final/student_t_d128_df3.0_cor/seed_77395/result.json
student_t_d128_df3.0_cor,new_matched_realization,tflow,77395,failed,total_train_time_s,33.230755873024464,/mnt/vast01/users/fouad.oubari/msgm/rafm-additions/outputs_tflow_full/v2/final/student_t_d128_df3.0_cor/seed_77395/result.json
student_t_d128_df3.0_cor,new_matched_realization,tflow,65457,failed,angular_sw_bin0,null,/mnt/vast01/users/fouad.oubari/msgm/rafm-additions/outputs_tflow_full/v2/final/student_t_d128_df3.0_cor/seed_65457/result.json
student_t_d128_df3.0_cor,new_matched_realization,tflow,65457,failed,angular_sw_bin1,null,/mnt/vast01/users/fouad.oubari/msgm/rafm-additions/outputs_tflow_full/v2/final/student_t_d128_df3.0_cor/seed_65457/result.json
student_t_d128_df3.0_cor,new_matched_realization,tflow,65457,failed,angular_sw_bin2,null,/mnt/vast01/users/fouad.oubari/msgm/rafm-additions/outputs_tflow_full/v2/final/student_t_d128_df3.0_cor/seed_65457/result.json
student_t_d128_df3.0_cor,new_matched_realization,tflow,65457,failed,angular_sw_bin3,null,/mnt/vast01/users/fouad.oubari/msgm/rafm-additions/outputs_tflow_full/v2/final/student_t_d128_df3.0_cor/seed_65457/result.json
student_t_d128_df3.0_cor,new_matched_realization,tflow,65457,failed,angular_sw_mean,null,/mnt/vast01/users/fouad.oubari/msgm/rafm-additions/outputs_tflow_full/v2/final/student_t_d128_df3.0_cor/seed_65457/result.json
student_t_d128_df3.0_cor,new_matched_realization,tflow,65457,failed,exploding_norm_rate,0.0,/mnt/vast01/users/fouad.oubari/msgm/rafm-additions/outputs_tflow_full/v2/final/student_t_d128_df3.0_cor/seed_65457/result.json
student_t_d128_df3.0_cor,new_matched_realization,tflow,65457,failed,inf_rate,0.0,/mnt/vast01/users/fouad.oubari/msgm/rafm-additions/outputs_tflow_full/v2/final/student_t_d128_df3.0_cor/seed_65457/result.json
student_t_d128_df3.0_cor,new_matched_realization,tflow,65457,failed,invalid_rate,0.0,/mnt/vast01/users/fouad.oubari/msgm/rafm-additions/outputs_tflow_full/v2/final/student_t_d128_df3.0_cor/seed_65457/result.json
student_t_d128_df3.0_cor,new_matched_realization,tflow,65457,failed,ks_stat,1.0,/mnt/vast01/users/fouad.oubari/msgm/rafm-additions/outputs_tflow_full/v2/final/student_t_d128_df3.0_cor/seed_65457/result.json
student_t_d128_df3.0_cor,new_matched_realization,tflow,65457,failed,mmd,0.20355606079101562,/mnt/vast01/users/fouad.oubari/msgm/rafm-additions/outputs_tflow_full/v2/final/student_t_d128_df3.0_cor/seed_65457/result.json
student_t_d128_df3.0_cor,new_matched_realization,tflow,65457,failed,n_params,66176,/mnt/vast01/users/fouad.oubari/msgm/rafm-additions/outputs_tflow_full/v2/final/student_t_d128_df3.0_cor/seed_65457/result.json
student_t_d128_df3.0_cor,new_matched_realization,tflow,65457,failed,nan_rate,0.0,/mnt/vast01/users/fouad.oubari/msgm/rafm-additions/outputs_tflow_full/v2/final/student_t_d128_df3.0_cor/seed_65457/result.json
student_t_d128_df3.0_cor,new_matched_realization,tflow,65457,failed,nfe,512,/mnt/vast01/users/fouad.oubari/msgm/rafm-additions/outputs_tflow_full/v2/final/student_t_d128_df3.0_cor/seed_65457/result.json
student_t_d128_df3.0_cor,new_matched_realization,tflow,65457,failed,q950_err,326.2796645777848,/mnt/vast01/users/fouad.oubari/msgm/rafm-additions/outputs_tflow_full/v2/final/student_t_d128_df3.0_cor/seed_65457/result.json
student_t_d128_df3.0_cor,new_matched_realization,tflow,65457,failed,q990_err,321.5470673329336,/mnt/vast01/users/fouad.oubari/msgm/rafm-additions/outputs_tflow_full/v2/final/student_t_d128_df3.0_cor/seed_65457/result.json
student_t_d128_df3.0_cor,new_matched_realization,tflow,65457,failed,q995_err,304.7537066574336,/mnt/vast01/users/fouad.oubari/msgm/rafm-additions/outputs_tflow_full/v2/final/student_t_d128_df3.0_cor/seed_65457/result.json
student_t_d128_df3.0_cor,new_matched_realization,tflow,65457,failed,radial_w1,57799.53515625,/mnt/vast01/users/fouad.oubari/msgm/rafm-additions/outputs_tflow_full/v2/final/student_t_d128_df3.0_cor/seed_65457/result.json
student_t_d128_df3.0_cor,new_matched_realization,tflow,65457,failed,sample_time_s,0.48334189504384995,/mnt/vast01/users/fouad.oubari/msgm/rafm-additions/outputs_tflow_full/v2/final/student_t_d128_df3.0_cor/seed_65457/result.json
student_t_d128_df3.0_cor,new_matched_realization,tflow,65457,failed,sliced_w1,4086.24462890625,/mnt/vast01/users/fouad.oubari/msgm/rafm-additions/outputs_tflow_full/v2/final/student_t_d128_df3.0_cor/seed_65457/result.json
student_t_d128_df3.0_cor,new_matched_realization,tflow,65457,failed,tail_exc_95,0.95,/mnt/vast01/users/fouad.oubari/msgm/rafm-additions/outputs_tflow_full/v2/final/student_t_d128_df3.0_cor/seed_65457/result.json
student_t_d128_df3.0_cor,new_matched_realization,tflow,65457,failed,tail_exc_99,0.99,/mnt/vast01/users/fouad.oubari/msgm/rafm-additions/outputs_tflow_full/v2/final/student_t_d128_df3.0_cor/seed_65457/result.json
student_t_d128_df3.0_cor,new_matched_realization,tflow,65457,failed,total_train_time_s,30.402115188539028,/mnt/vast01/users/fouad.oubari/msgm/rafm-additions/outputs_tflow_full/v2/final/student_t_d128_df3.0_cor/seed_65457/result.json
student_t_d16_df1.5_cor,new_matched_realization,tflow,8925,complete,angular_sw_bin0,0.08804718405008316,/mnt/vast01/users/fouad.oubari/msgm/rafm-additions/outputs_tflow_full/v2/final/student_t_d16_df1.5_cor/seed_8925/result.json
student_t_d16_df1.5_cor,new_matched_realization,tflow,8925,complete,angular_sw_bin1,0.08199470490217209,/mnt/vast01/users/fouad.oubari/msgm/rafm-additions/outputs_tflow_full/v2/final/student_t_d16_df1.5_cor/seed_8925/result.json
student_t_d16_df1.5_cor,new_matched_realization,tflow,8925,complete,angular_sw_bin2,0.10127010941505432,/mnt/vast01/users/fouad.oubari/msgm/rafm-additions/outputs_tflow_full/v2/final/student_t_d16_df1.5_cor/seed_8925/result.json
student_t_d16_df1.5_cor,new_matched_realization,tflow,8925,complete,angular_sw_bin3,0.07335921376943588,/mnt/vast01/users/fouad.oubari/msgm/rafm-additions/outputs_tflow_full/v2/final/student_t_d16_df1.5_cor/seed_8925/result.json
student_t_d16_df1.5_cor,new_matched_realization,tflow,8925,complete,angular_sw_mean,0.08616780303418636,/mnt/vast01/users/fouad.oubari/msgm/rafm-additions/outputs_tflow_full/v2/final/student_t_d16_df1.5_cor/seed_8925/result.json
student_t_d16_df1.5_cor,new_matched_realization,tflow,8925,complete,exploding_norm_rate,0.0,/mnt/vast01/users/fouad.oubari/msgm/rafm-additions/outputs_tflow_full/v2/final/student_t_d16_df1.5_cor/seed_8925/result.json
student_t_d16_df1.5_cor,new_matched_realization,tflow,8925,complete,inf_rate,0.0,/mnt/vast01/users/fouad.oubari/msgm/rafm-additions/outputs_tflow_full/v2/final/student_t_d16_df1.5_cor/seed_8925/result.json
student_t_d16_df1.5_cor,new_matched_realization,tflow,8925,complete,invalid_rate,0.0,/mnt/vast01/users/fouad.oubari/msgm/rafm-additions/outputs_tflow_full/v2/final/student_t_d16_df1.5_cor/seed_8925/result.json
student_t_d16_df1.5_cor,new_matched_realization,tflow,8925,complete,ks_stat,0.7540000081062317,/mnt/vast01/users/fouad.oubari/msgm/rafm-additions/outputs_tflow_full/v2/final/student_t_d16_df1.5_cor/seed_8925/result.json
student_t_d16_df1.5_cor,new_matched_realization,tflow,8925,complete,mmd,0.2999858260154724,/mnt/vast01/users/fouad.oubari/msgm/rafm-additions/outputs_tflow_full/v2/final/student_t_d16_df1.5_cor/seed_8925/result.json
student_t_d16_df1.5_cor,new_matched_realization,tflow,8925,complete,n_params,37392,/mnt/vast01/users/fouad.oubari/msgm/rafm-additions/outputs_tflow_full/v2/final/student_t_d16_df1.5_cor/seed_8925/result.json
student_t_d16_df1.5_cor,new_matched_realization,tflow,8925,complete,nan_rate,0.0,/mnt/vast01/users/fouad.oubari/msgm/rafm-additions/outputs_tflow_full/v2/final/student_t_d16_df1.5_cor/seed_8925/result.json
student_t_d16_df1.5_cor,new_matched_realization,tflow,8925,complete,nfe,512,/mnt/vast01/users/fouad.oubari/msgm/rafm-additions/outputs_tflow_full/v2/final/student_t_d16_df1.5_cor/seed_8925/result.json
student_t_d16_df1.5_cor,new_matched_realization,tflow,8925,complete,q950_err,35.436387118001576,/mnt/vast01/users/fouad.oubari/msgm/rafm-additions/outputs_tflow_full/v2/final/student_t_d16_df1.5_cor/seed_8925/result.json
student_t_d16_df1.5_cor,new_matched_realization,tflow,8925,complete,q990_err,25.516292398232263,/mnt/vast01/users/fouad.oubari/msgm/rafm-additions/outputs_tflow_full/v2/final/student_t_d16_df1.5_cor/seed_8925/result.json
student_t_d16_df1.5_cor,new_matched_realization,tflow,8925,complete,q995_err,19.192880755392373,/mnt/vast01/users/fouad.oubari/msgm/rafm-additions/outputs_tflow_full/v2/final/student_t_d16_df1.5_cor/seed_8925/result.json
student_t_d16_df1.5_cor,new_matched_realization,tflow,8925,complete,radial_w1,1624.41748046875,/mnt/vast01/users/fouad.oubari/msgm/rafm-additions/outputs_tflow_full/v2/final/student_t_d16_df1.5_cor/seed_8925/result.json
student_t_d16_df1.5_cor,new_matched_realization,tflow,8925,complete,sample_time_s,0.41278380155563354,/mnt/vast01/users/fouad.oubari/msgm/rafm-additions/outputs_tflow_full/v2/final/student_t_d16_df1.5_cor/seed_8925/result.json
student_t_d16_df1.5_cor,new_matched_realization,tflow,8925,complete,sliced_w1,326.4949645996094,/mnt/vast01/users/fouad.oubari/msgm/rafm-additions/outputs_tflow_full/v2/final/student_t_d16_df1.5_cor/seed_8925/result.json
student_t_d16_df1.5_cor,new_matched_realization,tflow,8925,complete,tail_exc_95,0.7432999730110168,/mnt/vast01/users/fouad.oubari/msgm/rafm-additions/outputs_tflow_full/v2/final/student_t_d16_df1.5_cor/seed_8925/result.json
student_t_d16_df1.5_cor,new_matched_realization,tflow,8925,complete,tail_exc_99,0.6325999999046326,/mnt/vast01/users/fouad.oubari/msgm/rafm-additions/outputs_tflow_full/v2/final/student_t_d16_df1.5_cor/seed_8925/result.json
student_t_d16_df1.5_cor,new_matched_realization,tflow,8925,complete,total_train_time_s,32.215055514127016,/mnt/vast01/users/fouad.oubari/msgm/rafm-additions/outputs_tflow_full/v2/final/student_t_d16_df1.5_cor/seed_8925/result.json
student_t_d16_df1.5_cor,new_matched_realization,tflow,77395,complete,angular_sw_bin0,0.144637793302536,/mnt/vast01/users/fouad.oubari/msgm/rafm-additions/outputs_tflow_full/v2/final/student_t_d16_df1.5_cor/seed_77395/result.json
student_t_d16_df1.5_cor,new_matched_realization,tflow,77395,complete,angular_sw_bin1,0.13661690056324005,/mnt/vast01/users/fouad.oubari/msgm/rafm-additions/outputs_tflow_full/v2/final/student_t_d16_df1.5_cor/seed_77395/result.json
student_t_d16_df1.5_cor,new_matched_realization,tflow,77395,complete,angular_sw_bin2,0.13888737559318542,/mnt/vast01/users/fouad.oubari/msgm/rafm-additions/outputs_tflow_full/v2/final/student_t_d16_df1.5_cor/seed_77395/result.json
student_t_d16_df1.5_cor,new_matched_realization,tflow,77395,complete,angular_sw_bin3,0.09403194487094879,/mnt/vast01/users/fouad.oubari/msgm/rafm-additions/outputs_tflow_full/v2/final/student_t_d16_df1.5_cor/seed_77395/result.json
student_t_d16_df1.5_cor,new_matched_realization,tflow,77395,complete,angular_sw_mean,0.12854350358247757,/mnt/vast01/users/fouad.oubari/msgm/rafm-additions/outputs_tflow_full/v2/final/student_t_d16_df1.5_cor/seed_77395/result.json
student_t_d16_df1.5_cor,new_matched_realization,tflow,77395,complete,exploding_norm_rate,0.00039999998989515007,/mnt/vast01/users/fouad.oubari/msgm/rafm-additions/outputs_tflow_full/v2/final/student_t_d16_df1.5_cor/seed_77395/result.json
student_t_d16_df1.5_cor,new_matched_realization,tflow,77395,complete,inf_rate,0.0,/mnt/vast01/users/fouad.oubari/msgm/rafm-additions/outputs_tflow_full/v2/final/student_t_d16_df1.5_cor/seed_77395/result.json
student_t_d16_df1.5_cor,new_matched_realization,tflow,77395,complete,invalid_rate,0.00039999998989515007,/mnt/vast01/users/fouad.oubari/msgm/rafm-additions/outputs_tflow_full/v2/final/student_t_d16_df1.5_cor/seed_77395/result.json
student_t_d16_df1.5_cor,new_matched_realization,tflow,77395,complete,ks_stat,0.6349000334739685,/mnt/vast01/users/fouad.oubari/msgm/rafm-additions/outputs_tflow_full/v2/final/student_t_d16_df1.5_cor/seed_77395/result.json
student_t_d16_df1.5_cor,new_matched_realization,tflow,77395,complete,mmd,0.27384865283966064,/mnt/vast01/users/fouad.oubari/msgm/rafm-additions/outputs_tflow_full/v2/final/student_t_d16_df1.5_cor/seed_77395/result.json
student_t_d16_df1.5_cor,new_matched_realization,tflow,77395,complete,n_params,37392,/mnt/vast01/users/fouad.oubari/msgm/rafm-additions/outputs_tflow_full/v2/final/student_t_d16_df1.5_cor/seed_77395/result.json
student_t_d16_df1.5_cor,new_matched_realization,tflow,77395,complete,nan_rate,0.0,/mnt/vast01/users/fouad.oubari/msgm/rafm-additions/outputs_tflow_full/v2/final/student_t_d16_df1.5_cor/seed_77395/result.json
student_t_d16_df1.5_cor,new_matched_realization,tflow,77395,complete,nfe,512,/mnt/vast01/users/fouad.oubari/msgm/rafm-additions/outputs_tflow_full/v2/final/student_t_d16_df1.5_cor/seed_77395/result.json
student_t_d16_df1.5_cor,new_matched_realization,tflow,77395,complete,q950_err,33.53913369813618,/mnt/vast01/users/fouad.oubari/msgm/rafm-additions/outputs_tflow_full/v2/final/student_t_d16_df1.5_cor/seed_77395/result.json
student_t_d16_df1.5_cor,new_matched_realization,tflow,77395,complete,q990_err,26.50935424670358,/mnt/vast01/users/fouad.oubari/msgm/rafm-additions/outputs_tflow_full/v2/final/student_t_d16_df1.5_cor/seed_77395/result.json
student_t_d16_df1.5_cor,new_matched_realization,tflow,77395,complete,q995_err,19.51892947335386,/mnt/vast01/users/fouad.oubari/msgm/rafm-additions/outputs_tflow_full/v2/final/student_t_d16_df1.5_cor/seed_77395/result.json
student_t_d16_df1.5_cor,new_matched_realization,tflow,77395,complete,radial_w1,1244.6539306640625,/mnt/vast01/users/fouad.oubari/msgm/rafm-additions/outputs_tflow_full/v2/final/student_t_d16_df1.5_cor/seed_77395/result.json
student_t_d16_df1.5_cor,new_matched_realization,tflow,77395,complete,sample_time_s,0.4093243218958378,/mnt/vast01/users/fouad.oubari/msgm/rafm-additions/outputs_tflow_full/v2/final/student_t_d16_df1.5_cor/seed_77395/result.json
student_t_d16_df1.5_cor,new_matched_realization,tflow,77395,complete,sliced_w1,249.75523376464844,/mnt/vast01/users/fouad.oubari/msgm/rafm-additions/outputs_tflow_full/v2/final/student_t_d16_df1.5_cor/seed_77395/result.json
student_t_d16_df1.5_cor,new_matched_realization,tflow,77395,complete,tail_exc_95,0.5827999830245971,/mnt/vast01/users/fouad.oubari/msgm/rafm-additions/outputs_tflow_full/v2/final/student_t_d16_df1.5_cor/seed_77395/result.json
student_t_d16_df1.5_cor,new_matched_realization,tflow,77395,complete,tail_exc_99,0.4453999900817871,/mnt/vast01/users/fouad.oubari/msgm/rafm-additions/outputs_tflow_full/v2/final/student_t_d16_df1.5_cor/seed_77395/result.json
student_t_d16_df1.5_cor,new_matched_realization,tflow,77395,complete,total_train_time_s,30.849037542939186,/mnt/vast01/users/fouad.oubari/msgm/rafm-additions/outputs_tflow_full/v2/final/student_t_d16_df1.5_cor/seed_77395/result.json
student_t_d16_df1.5_cor,new_matched_realization,tflow,65457,complete,angular_sw_bin0,0.1356191486120224,/mnt/vast01/users/fouad.oubari/msgm/rafm-additions/outputs_tflow_full/v2/final/student_t_d16_df1.5_cor/seed_65457/result.json
student_t_d16_df1.5_cor,new_matched_realization,tflow,65457,complete,angular_sw_bin1,0.13010847568511963,/mnt/vast01/users/fouad.oubari/msgm/rafm-additions/outputs_tflow_full/v2/final/student_t_d16_df1.5_cor/seed_65457/result.json
student_t_d16_df1.5_cor,new_matched_realization,tflow,65457,complete,angular_sw_bin2,0.1277814358472824,/mnt/vast01/users/fouad.oubari/msgm/rafm-additions/outputs_tflow_full/v2/final/student_t_d16_df1.5_cor/seed_65457/result.json
student_t_d16_df1.5_cor,new_matched_realization,tflow,65457,complete,angular_sw_bin3,0.07727489620447159,/mnt/vast01/users/fouad.oubari/msgm/rafm-additions/outputs_tflow_full/v2/final/student_t_d16_df1.5_cor/seed_65457/result.json
student_t_d16_df1.5_cor,new_matched_realization,tflow,65457,complete,angular_sw_mean,0.117695989087224,/mnt/vast01/users/fouad.oubari/msgm/rafm-additions/outputs_tflow_full/v2/final/student_t_d16_df1.5_cor/seed_65457/result.json
student_t_d16_df1.5_cor,new_matched_realization,tflow,65457,complete,exploding_norm_rate,0.00019999999494757503,/mnt/vast01/users/fouad.oubari/msgm/rafm-additions/outputs_tflow_full/v2/final/student_t_d16_df1.5_cor/seed_65457/result.json
student_t_d16_df1.5_cor,new_matched_realization,tflow,65457,complete,inf_rate,0.0,/mnt/vast01/users/fouad.oubari/msgm/rafm-additions/outputs_tflow_full/v2/final/student_t_d16_df1.5_cor/seed_65457/result.json
student_t_d16_df1.5_cor,new_matched_realization,tflow,65457,complete,invalid_rate,0.00019999999494757503,/mnt/vast01/users/fouad.oubari/msgm/rafm-additions/outputs_tflow_full/v2/final/student_t_d16_df1.5_cor/seed_65457/result.json
student_t_d16_df1.5_cor,new_matched_realization,tflow,65457,complete,ks_stat,0.6207000017166138,/mnt/vast01/users/fouad.oubari/msgm/rafm-additions/outputs_tflow_full/v2/final/student_t_d16_df1.5_cor/seed_65457/result.json
student_t_d16_df1.5_cor,new_matched_realization,tflow,65457,complete,mmd,0.2735432982444763,/mnt/vast01/users/fouad.oubari/msgm/rafm-additions/outputs_tflow_full/v2/final/student_t_d16_df1.5_cor/seed_65457/result.json
student_t_d16_df1.5_cor,new_matched_realization,tflow,65457,complete,n_params,37392,/mnt/vast01/users/fouad.oubari/msgm/rafm-additions/outputs_tflow_full/v2/final/student_t_d16_df1.5_cor/seed_65457/result.json
student_t_d16_df1.5_cor,new_matched_realization,tflow,65457,complete,nan_rate,0.0,/mnt/vast01/users/fouad.oubari/msgm/rafm-additions/outputs_tflow_full/v2/final/student_t_d16_df1.5_cor/seed_65457/result.json
student_t_d16_df1.5_cor,new_matched_realization,tflow,65457,complete,nfe,512,/mnt/vast01/users/fouad.oubari/msgm/rafm-additions/outputs_tflow_full/v2/final/student_t_d16_df1.5_cor/seed_65457/result.json
student_t_d16_df1.5_cor,new_matched_realization,tflow,65457,complete,q950_err,30.14420538945291,/mnt/vast01/users/fouad.oubari/msgm/rafm-additions/outputs_tflow_full/v2/final/student_t_d16_df1.5_cor/seed_65457/result.json
student_t_d16_df1.5_cor,new_matched_realization,tflow,65457,complete,q990_err,23.07472072735976,/mnt/vast01/users/fouad.oubari/msgm/rafm-additions/outputs_tflow_full/v2/final/student_t_d16_df1.5_cor/seed_65457/result.json
student_t_d16_df1.5_cor,new_matched_realization,tflow,65457,complete,q995_err,17.423248871377716,/mnt/vast01/users/fouad.oubari/msgm/rafm-additions/outputs_tflow_full/v2/final/student_t_d16_df1.5_cor/seed_65457/result.json
student_t_d16_df1.5_cor,new_matched_realization,tflow,65457,complete,radial_w1,1176.0093994140625,/mnt/vast01/users/fouad.oubari/msgm/rafm-additions/outputs_tflow_full/v2/final/student_t_d16_df1.5_cor/seed_65457/result.json
student_t_d16_df1.5_cor,new_matched_realization,tflow,65457,complete,sample_time_s,0.41985780745744705,/mnt/vast01/users/fouad.oubari/msgm/rafm-additions/outputs_tflow_full/v2/final/student_t_d16_df1.5_cor/seed_65457/result.json
student_t_d16_df1.5_cor,new_matched_realization,tflow,65457,complete,sliced_w1,237.24803161621094,/mnt/vast01/users/fouad.oubari/msgm/rafm-additions/outputs_tflow_full/v2/final/student_t_d16_df1.5_cor/seed_65457/result.json
student_t_d16_df1.5_cor,new_matched_realization,tflow,65457,complete,tail_exc_95,0.599999976158142,/mnt/vast01/users/fouad.oubari/msgm/rafm-additions/outputs_tflow_full/v2/final/student_t_d16_df1.5_cor/seed_65457/result.json
student_t_d16_df1.5_cor,new_matched_realization,tflow,65457,complete,tail_exc_99,0.47820000886917113,/mnt/vast01/users/fouad.oubari/msgm/rafm-additions/outputs_tflow_full/v2/final/student_t_d16_df1.5_cor/seed_65457/result.json
student_t_d16_df1.5_cor,new_matched_realization,tflow,65457,complete,total_train_time_s,33.987528800964355,/mnt/vast01/users/fouad.oubari/msgm/rafm-additions/outputs_tflow_full/v2/final/student_t_d16_df1.5_cor/seed_65457/result.json
student_t_d16_df10.0_cor,new_matched_realization,tflow,8925,complete,angular_sw_bin0,0.12277264893054962,/mnt/vast01/users/fouad.oubari/msgm/rafm-additions/outputs_tflow_full/v2/final/student_t_d16_df10.0_cor/seed_8925/result.json
student_t_d16_df10.0_cor,new_matched_realization,tflow,8925,complete,angular_sw_bin1,0.14459513127803802,/mnt/vast01/users/fouad.oubari/msgm/rafm-additions/outputs_tflow_full/v2/final/student_t_d16_df10.0_cor/seed_8925/result.json
student_t_d16_df10.0_cor,new_matched_realization,tflow,8925,complete,angular_sw_bin2,0.16272009909152985,/mnt/vast01/users/fouad.oubari/msgm/rafm-additions/outputs_tflow_full/v2/final/student_t_d16_df10.0_cor/seed_8925/result.json
student_t_d16_df10.0_cor,new_matched_realization,tflow,8925,complete,angular_sw_bin3,0.18317542970180511,/mnt/vast01/users/fouad.oubari/msgm/rafm-additions/outputs_tflow_full/v2/final/student_t_d16_df10.0_cor/seed_8925/result.json
student_t_d16_df10.0_cor,new_matched_realization,tflow,8925,complete,angular_sw_mean,0.15331582725048065,/mnt/vast01/users/fouad.oubari/msgm/rafm-additions/outputs_tflow_full/v2/final/student_t_d16_df10.0_cor/seed_8925/result.json
student_t_d16_df10.0_cor,new_matched_realization,tflow,8925,complete,exploding_norm_rate,0.0,/mnt/vast01/users/fouad.oubari/msgm/rafm-additions/outputs_tflow_full/v2/final/student_t_d16_df10.0_cor/seed_8925/result.json
student_t_d16_df10.0_cor,new_matched_realization,tflow,8925,complete,inf_rate,0.0,/mnt/vast01/users/fouad.oubari/msgm/rafm-additions/outputs_tflow_full/v2/final/student_t_d16_df10.0_cor/seed_8925/result.json
student_t_d16_df10.0_cor,new_matched_realization,tflow,8925,complete,invalid_rate,0.0,/mnt/vast01/users/fouad.oubari/msgm/rafm-additions/outputs_tflow_full/v2/final/student_t_d16_df10.0_cor/seed_8925/result.json
student_t_d16_df10.0_cor,new_matched_realization,tflow,8925,complete,ks_stat,0.32280001044273376,/mnt/vast01/users/fouad.oubari/msgm/rafm-additions/outputs_tflow_full/v2/final/student_t_d16_df10.0_cor/seed_8925/result.json
student_t_d16_df10.0_cor,new_matched_realization,tflow,8925,complete,mmd,0.22465801239013672,/mnt/vast01/users/fouad.oubari/msgm/rafm-additions/outputs_tflow_full/v2/final/student_t_d16_df10.0_cor/seed_8925/result.json
student_t_d16_df10.0_cor,new_matched_realization,tflow,8925,complete,n_params,37392,/mnt/vast01/users/fouad.oubari/msgm/rafm-additions/outputs_tflow_full/v2/final/student_t_d16_df10.0_cor/seed_8925/result.json
student_t_d16_df10.0_cor,new_matched_realization,tflow,8925,complete,nan_rate,0.0,/mnt/vast01/users/fouad.oubari/msgm/rafm-additions/outputs_tflow_full/v2/final/student_t_d16_df10.0_cor/seed_8925/result.json
student_t_d16_df10.0_cor,new_matched_realization,tflow,8925,complete,nfe,512,/mnt/vast01/users/fouad.oubari/msgm/rafm-additions/outputs_tflow_full/v2/final/student_t_d16_df10.0_cor/seed_8925/result.json
student_t_d16_df10.0_cor,new_matched_realization,tflow,8925,complete,q950_err,0.5072610183195957,/mnt/vast01/users/fouad.oubari/msgm/rafm-additions/outputs_tflow_full/v2/final/student_t_d16_df10.0_cor/seed_8925/result.json
student_t_d16_df10.0_cor,new_matched_realization,tflow,8925,complete,q990_err,1.2197895612762601,/mnt/vast01/users/fouad.oubari/msgm/rafm-additions/outputs_tflow_full/v2/final/student_t_d16_df10.0_cor/seed_8925/result.json
student_t_d16_df10.0_cor,new_matched_realization,tflow,8925,complete,q995_err,1.7375971177896288,/mnt/vast01/users/fouad.oubari/msgm/rafm-additions/outputs_tflow_full/v2/final/student_t_d16_df10.0_cor/seed_8925/result.json
student_t_d16_df10.0_cor,new_matched_realization,tflow,8925,complete,radial_w1,6.052792549133301,/mnt/vast01/users/fouad.oubari/msgm/rafm-additions/outputs_tflow_full/v2/final/student_t_d16_df10.0_cor/seed_8925/result.json
student_t_d16_df10.0_cor,new_matched_realization,tflow,8925,complete,sample_time_s,0.4129325672984123,/mnt/vast01/users/fouad.oubari/msgm/rafm-additions/outputs_tflow_full/v2/final/student_t_d16_df10.0_cor/seed_8925/result.json
student_t_d16_df10.0_cor,new_matched_realization,tflow,8925,complete,sliced_w1,3.5599613189697266,/mnt/vast01/users/fouad.oubari/msgm/rafm-additions/outputs_tflow_full/v2/final/student_t_d16_df10.0_cor/seed_8925/result.json
student_t_d16_df10.0_cor,new_matched_realization,tflow,8925,complete,tail_exc_95,0.19500000476837154,/mnt/vast01/users/fouad.oubari/msgm/rafm-additions/outputs_tflow_full/v2/final/student_t_d16_df10.0_cor/seed_8925/result.json
student_t_d16_df10.0_cor,new_matched_realization,tflow,8925,complete,tail_exc_99,0.11499999999999999,/mnt/vast01/users/fouad.oubari/msgm/rafm-additions/outputs_tflow_full/v2/final/student_t_d16_df10.0_cor/seed_8925/result.json
student_t_d16_df10.0_cor,new_matched_realization,tflow,8925,complete,total_train_time_s,31.83640054985881,/mnt/vast01/users/fouad.oubari/msgm/rafm-additions/outputs_tflow_full/v2/final/student_t_d16_df10.0_cor/seed_8925/result.json
student_t_d16_df10.0_cor,new_matched_realization,tflow,77395,complete,angular_sw_bin0,0.12391803413629532,/mnt/vast01/users/fouad.oubari/msgm/rafm-additions/outputs_tflow_full/v2/final/student_t_d16_df10.0_cor/seed_77395/result.json
student_t_d16_df10.0_cor,new_matched_realization,tflow,77395,complete,angular_sw_bin1,0.12829084694385529,/mnt/vast01/users/fouad.oubari/msgm/rafm-additions/outputs_tflow_full/v2/final/student_t_d16_df10.0_cor/seed_77395/result.json
student_t_d16_df10.0_cor,new_matched_realization,tflow,77395,complete,angular_sw_bin2,0.1345468908548355,/mnt/vast01/users/fouad.oubari/msgm/rafm-additions/outputs_tflow_full/v2/final/student_t_d16_df10.0_cor/seed_77395/result.json
student_t_d16_df10.0_cor,new_matched_realization,tflow,77395,complete,angular_sw_bin3,0.1333528310060501,/mnt/vast01/users/fouad.oubari/msgm/rafm-additions/outputs_tflow_full/v2/final/student_t_d16_df10.0_cor/seed_77395/result.json
student_t_d16_df10.0_cor,new_matched_realization,tflow,77395,complete,angular_sw_mean,0.13002715073525906,/mnt/vast01/users/fouad.oubari/msgm/rafm-additions/outputs_tflow_full/v2/final/student_t_d16_df10.0_cor/seed_77395/result.json
student_t_d16_df10.0_cor,new_matched_realization,tflow,77395,complete,exploding_norm_rate,0.0,/mnt/vast01/users/fouad.oubari/msgm/rafm-additions/outputs_tflow_full/v2/final/student_t_d16_df10.0_cor/seed_77395/result.json
student_t_d16_df10.0_cor,new_matched_realization,tflow,77395,complete,inf_rate,0.0,/mnt/vast01/users/fouad.oubari/msgm/rafm-additions/outputs_tflow_full/v2/final/student_t_d16_df10.0_cor/seed_77395/result.json
student_t_d16_df10.0_cor,new_matched_realization,tflow,77395,complete,invalid_rate,0.0,/mnt/vast01/users/fouad.oubari/msgm/rafm-additions/outputs_tflow_full/v2/final/student_t_d16_df10.0_cor/seed_77395/result.json
student_t_d16_df10.0_cor,new_matched_realization,tflow,77395,complete,ks_stat,0.2581999897956848,/mnt/vast01/users/fouad.oubari/msgm/rafm-additions/outputs_tflow_full/v2/final/student_t_d16_df10.0_cor/seed_77395/result.json
student_t_d16_df10.0_cor,new_matched_realization,tflow,77395,complete,mmd,0.13278591632843018,/mnt/vast01/users/fouad.oubari/msgm/rafm-additions/outputs_tflow_full/v2/final/student_t_d16_df10.0_cor/seed_77395/result.json
student_t_d16_df10.0_cor,new_matched_realization,tflow,77395,complete,n_params,37392,/mnt/vast01/users/fouad.oubari/msgm/rafm-additions/outputs_tflow_full/v2/final/student_t_d16_df10.0_cor/seed_77395/result.json
student_t_d16_df10.0_cor,new_matched_realization,tflow,77395,complete,nan_rate,0.0,/mnt/vast01/users/fouad.oubari/msgm/rafm-additions/outputs_tflow_full/v2/final/student_t_d16_df10.0_cor/seed_77395/result.json
student_t_d16_df10.0_cor,new_matched_realization,tflow,77395,complete,nfe,512,/mnt/vast01/users/fouad.oubari/msgm/rafm-additions/outputs_tflow_full/v2/final/student_t_d16_df10.0_cor/seed_77395/result.json
student_t_d16_df10.0_cor,new_matched_realization,tflow,77395,complete,q950_err,0.5335182291037901,/mnt/vast01/users/fouad.oubari/msgm/rafm-additions/outputs_tflow_full/v2/final/student_t_d16_df10.0_cor/seed_77395/result.json
student_t_d16_df10.0_cor,new_matched_realization,tflow,77395,complete,q990_err,1.3080961381754603,/mnt/vast01/users/fouad.oubari/msgm/rafm-additions/outputs_tflow_full/v2/final/student_t_d16_df10.0_cor/seed_77395/result.json
student_t_d16_df10.0_cor,new_matched_realization,tflow,77395,complete,q995_err,1.8129399882738033,/mnt/vast01/users/fouad.oubari/msgm/rafm-additions/outputs_tflow_full/v2/final/student_t_d16_df10.0_cor/seed_77395/result.json
student_t_d16_df10.0_cor,new_matched_realization,tflow,77395,complete,radial_w1,5.394381999969482,/mnt/vast01/users/fouad.oubari/msgm/rafm-additions/outputs_tflow_full/v2/final/student_t_d16_df10.0_cor/seed_77395/result.json
student_t_d16_df10.0_cor,new_matched_realization,tflow,77395,complete,sample_time_s,0.41138406470417976,/mnt/vast01/users/fouad.oubari/msgm/rafm-additions/outputs_tflow_full/v2/final/student_t_d16_df10.0_cor/seed_77395/result.json
student_t_d16_df10.0_cor,new_matched_realization,tflow,77395,complete,sliced_w1,2.813175678253174,/mnt/vast01/users/fouad.oubari/msgm/rafm-additions/outputs_tflow_full/v2/final/student_t_d16_df10.0_cor/seed_77395/result.json
student_t_d16_df10.0_cor,new_matched_realization,tflow,77395,complete,tail_exc_95,0.15960000157356258,/mnt/vast01/users/fouad.oubari/msgm/rafm-additions/outputs_tflow_full/v2/final/student_t_d16_df10.0_cor/seed_77395/result.json
student_t_d16_df10.0_cor,new_matched_realization,tflow,77395,complete,tail_exc_99,0.10140000075101852,/mnt/vast01/users/fouad.oubari/msgm/rafm-additions/outputs_tflow_full/v2/final/student_t_d16_df10.0_cor/seed_77395/result.json
student_t_d16_df10.0_cor,new_matched_realization,tflow,77395,complete,total_train_time_s,30.767708506435156,/mnt/vast01/users/fouad.oubari/msgm/rafm-additions/outputs_tflow_full/v2/final/student_t_d16_df10.0_cor/seed_77395/result.json
student_t_d16_df10.0_cor,new_matched_realization,tflow,65457,complete,angular_sw_bin0,0.05487846955657005,/mnt/vast01/users/fouad.oubari/msgm/rafm-additions/outputs_tflow_full/v2/final/student_t_d16_df10.0_cor/seed_65457/result.json
student_t_d16_df10.0_cor,new_matched_realization,tflow,65457,complete,angular_sw_bin1,0.05081629753112793,/mnt/vast01/users/fouad.oubari/msgm/rafm-additions/outputs_tflow_full/v2/final/student_t_d16_df10.0_cor/seed_65457/result.json
student_t_d16_df10.0_cor,new_matched_realization,tflow,65457,complete,angular_sw_bin2,0.04487062990665436,/mnt/vast01/users/fouad.oubari/msgm/rafm-additions/outputs_tflow_full/v2/final/student_t_d16_df10.0_cor/seed_65457/result.json
student_t_d16_df10.0_cor,new_matched_realization,tflow,65457,complete,angular_sw_bin3,0.05290508642792702,/mnt/vast01/users/fouad.oubari/msgm/rafm-additions/outputs_tflow_full/v2/final/student_t_d16_df10.0_cor/seed_65457/result.json
student_t_d16_df10.0_cor,new_matched_realization,tflow,65457,complete,angular_sw_mean,0.05086762085556984,/mnt/vast01/users/fouad.oubari/msgm/rafm-additions/outputs_tflow_full/v2/final/student_t_d16_df10.0_cor/seed_65457/result.json
student_t_d16_df10.0_cor,new_matched_realization,tflow,65457,complete,exploding_norm_rate,0.0,/mnt/vast01/users/fouad.oubari/msgm/rafm-additions/outputs_tflow_full/v2/final/student_t_d16_df10.0_cor/seed_65457/result.json
student_t_d16_df10.0_cor,new_matched_realization,tflow,65457,complete,inf_rate,0.0,/mnt/vast01/users/fouad.oubari/msgm/rafm-additions/outputs_tflow_full/v2/final/student_t_d16_df10.0_cor/seed_65457/result.json
student_t_d16_df10.0_cor,new_matched_realization,tflow,65457,complete,invalid_rate,0.0,/mnt/vast01/users/fouad.oubari/msgm/rafm-additions/outputs_tflow_full/v2/final/student_t_d16_df10.0_cor/seed_65457/result.json
student_t_d16_df10.0_cor,new_matched_realization,tflow,65457,complete,ks_stat,0.178600013256073,/mnt/vast01/users/fouad.oubari/msgm/rafm-additions/outputs_tflow_full/v2/final/student_t_d16_df10.0_cor/seed_65457/result.json
student_t_d16_df10.0_cor,new_matched_realization,tflow,65457,complete,mmd,0.019610047340393066,/mnt/vast01/users/fouad.oubari/msgm/rafm-additions/outputs_tflow_full/v2/final/student_t_d16_df10.0_cor/seed_65457/result.json
student_t_d16_df10.0_cor,new_matched_realization,tflow,65457,complete,n_params,37392,/mnt/vast01/users/fouad.oubari/msgm/rafm-additions/outputs_tflow_full/v2/final/student_t_d16_df10.0_cor/seed_65457/result.json
student_t_d16_df10.0_cor,new_matched_realization,tflow,65457,complete,nan_rate,0.0,/mnt/vast01/users/fouad.oubari/msgm/rafm-additions/outputs_tflow_full/v2/final/student_t_d16_df10.0_cor/seed_65457/result.json
student_t_d16_df10.0_cor,new_matched_realization,tflow,65457,complete,nfe,512,/mnt/vast01/users/fouad.oubari/msgm/rafm-additions/outputs_tflow_full/v2/final/student_t_d16_df10.0_cor/seed_65457/result.json
student_t_d16_df10.0_cor,new_matched_realization,tflow,65457,complete,q950_err,0.873664798098008,/mnt/vast01/users/fouad.oubari/msgm/rafm-additions/outputs_tflow_full/v2/final/student_t_d16_df10.0_cor/seed_65457/result.json
student_t_d16_df10.0_cor,new_matched_realization,tflow,65457,complete,q990_err,3.2658582901297204,/mnt/vast01/users/fouad.oubari/msgm/rafm-additions/outputs_tflow_full/v2/final/student_t_d16_df10.0_cor/seed_65457/result.json
student_t_d16_df10.0_cor,new_matched_realization,tflow,65457,complete,q995_err,4.53153773907684,/mnt/vast01/users/fouad.oubari/msgm/rafm-additions/outputs_tflow_full/v2/final/student_t_d16_df10.0_cor/seed_65457/result.json
student_t_d16_df10.0_cor,new_matched_realization,tflow,65457,complete,radial_w1,6.259492874145508,/mnt/vast01/users/fouad.oubari/msgm/rafm-additions/outputs_tflow_full/v2/final/student_t_d16_df10.0_cor/seed_65457/result.json
student_t_d16_df10.0_cor,new_matched_realization,tflow,65457,complete,sample_time_s,0.41149304807186127,/mnt/vast01/users/fouad.oubari/msgm/rafm-additions/outputs_tflow_full/v2/final/student_t_d16_df10.0_cor/seed_65457/result.json
student_t_d16_df10.0_cor,new_matched_realization,tflow,65457,complete,sliced_w1,1.75809645652771,/mnt/vast01/users/fouad.oubari/msgm/rafm-additions/outputs_tflow_full/v2/final/student_t_d16_df10.0_cor/seed_65457/result.json
student_t_d16_df10.0_cor,new_matched_realization,tflow,65457,complete,tail_exc_95,0.16480000019073482,/mnt/vast01/users/fouad.oubari/msgm/rafm-additions/outputs_tflow_full/v2/final/student_t_d16_df10.0_cor/seed_65457/result.json
student_t_d16_df10.0_cor,new_matched_realization,tflow,65457,complete,tail_exc_99,0.12629999756813048,/mnt/vast01/users/fouad.oubari/msgm/rafm-additions/outputs_tflow_full/v2/final/student_t_d16_df10.0_cor/seed_65457/result.json
student_t_d16_df10.0_cor,new_matched_realization,tflow,65457,complete,total_train_time_s,29.833563521504402,/mnt/vast01/users/fouad.oubari/msgm/rafm-additions/outputs_tflow_full/v2/final/student_t_d16_df10.0_cor/seed_65457/result.json
student_t_d16_df2.0_cor,new_matched_realization,tflow,8925,complete,angular_sw_bin0,0.05903595685958862,/mnt/vast01/users/fouad.oubari/msgm/rafm-additions/outputs_tflow_full/v2/final/student_t_d16_df2.0_cor/seed_8925/result.json
student_t_d16_df2.0_cor,new_matched_realization,tflow,8925,complete,angular_sw_bin1,0.06587536633014679,/mnt/vast01/users/fouad.oubari/msgm/rafm-additions/outputs_tflow_full/v2/final/student_t_d16_df2.0_cor/seed_8925/result.json
student_t_d16_df2.0_cor,new_matched_realization,tflow,8925,complete,angular_sw_bin2,0.05421953648328781,/mnt/vast01/users/fouad.oubari/msgm/rafm-additions/outputs_tflow_full/v2/final/student_t_d16_df2.0_cor/seed_8925/result.json
student_t_d16_df2.0_cor,new_matched_realization,tflow,8925,complete,angular_sw_bin3,0.04080192372202873,/mnt/vast01/users/fouad.oubari/msgm/rafm-additions/outputs_tflow_full/v2/final/student_t_d16_df2.0_cor/seed_8925/result.json
student_t_d16_df2.0_cor,new_matched_realization,tflow,8925,complete,angular_sw_mean,0.05498319584876299,/mnt/vast01/users/fouad.oubari/msgm/rafm-additions/outputs_tflow_full/v2/final/student_t_d16_df2.0_cor/seed_8925/result.json
student_t_d16_df2.0_cor,new_matched_realization,tflow,8925,complete,exploding_norm_rate,0.0038999998942017555,/mnt/vast01/users/fouad.oubari/msgm/rafm-additions/outputs_tflow_full/v2/final/student_t_d16_df2.0_cor/seed_8925/result.json
student_t_d16_df2.0_cor,new_matched_realization,tflow,8925,complete,inf_rate,0.0,/mnt/vast01/users/fouad.oubari/msgm/rafm-additions/outputs_tflow_full/v2/final/student_t_d16_df2.0_cor/seed_8925/result.json
student_t_d16_df2.0_cor,new_matched_realization,tflow,8925,complete,invalid_rate,0.0038999998942017555,/mnt/vast01/users/fouad.oubari/msgm/rafm-additions/outputs_tflow_full/v2/final/student_t_d16_df2.0_cor/seed_8925/result.json
student_t_d16_df2.0_cor,new_matched_realization,tflow,8925,complete,ks_stat,0.4823000133037567,/mnt/vast01/users/fouad.oubari/msgm/rafm-additions/outputs_tflow_full/v2/final/student_t_d16_df2.0_cor/seed_8925/result.json
student_t_d16_df2.0_cor,new_matched_realization,tflow,8925,complete,mmd,0.16977494955062866,/mnt/vast01/users/fouad.oubari/msgm/rafm-additions/outputs_tflow_full/v2/final/student_t_d16_df2.0_cor/seed_8925/result.json
student_t_d16_df2.0_cor,new_matched_realization,tflow,8925,complete,n_params,37392,/mnt/vast01/users/fouad.oubari/msgm/rafm-additions/outputs_tflow_full/v2/final/student_t_d16_df2.0_cor/seed_8925/result.json
student_t_d16_df2.0_cor,new_matched_realization,tflow,8925,complete,nan_rate,0.0,/mnt/vast01/users/fouad.oubari/msgm/rafm-additions/outputs_tflow_full/v2/final/student_t_d16_df2.0_cor/seed_8925/result.json
student_t_d16_df2.0_cor,new_matched_realization,tflow,8925,complete,nfe,512,/mnt/vast01/users/fouad.oubari/msgm/rafm-additions/outputs_tflow_full/v2/final/student_t_d16_df2.0_cor/seed_8925/result.json
student_t_d16_df2.0_cor,new_matched_realization,tflow,8925,complete,q950_err,30.215641867572014,/mnt/vast01/users/fouad.oubari/msgm/rafm-additions/outputs_tflow_full/v2/final/student_t_d16_df2.0_cor/seed_8925/result.json
student_t_d16_df2.0_cor,new_matched_realization,tflow,8925,complete,q990_err,35.424760081925214,/mnt/vast01/users/fouad.oubari/msgm/rafm-additions/outputs_tflow_full/v2/final/student_t_d16_df2.0_cor/seed_8925/result.json
student_t_d16_df2.0_cor,new_matched_realization,tflow,8925,complete,q995_err,34.886032205666375,/mnt/vast01/users/fouad.oubari/msgm/rafm-additions/outputs_tflow_full/v2/final/student_t_d16_df2.0_cor/seed_8925/result.json
student_t_d16_df2.0_cor,new_matched_realization,tflow,8925,complete,radial_w1,463.1683349609375,/mnt/vast01/users/fouad.oubari/msgm/rafm-additions/outputs_tflow_full/v2/final/student_t_d16_df2.0_cor/seed_8925/result.json
student_t_d16_df2.0_cor,new_matched_realization,tflow,8925,complete,sample_time_s,0.4109302833676338,/mnt/vast01/users/fouad.oubari/msgm/rafm-additions/outputs_tflow_full/v2/final/student_t_d16_df2.0_cor/seed_8925/result.json
student_t_d16_df2.0_cor,new_matched_realization,tflow,8925,complete,sliced_w1,93.28093719482422,/mnt/vast01/users/fouad.oubari/msgm/rafm-additions/outputs_tflow_full/v2/final/student_t_d16_df2.0_cor/seed_8925/result.json
student_t_d16_df2.0_cor,new_matched_realization,tflow,8925,complete,tail_exc_95,0.4684000134468078,/mnt/vast01/users/fouad.oubari/msgm/rafm-additions/outputs_tflow_full/v2/final/student_t_d16_df2.0_cor/seed_8925/result.json
student_t_d16_df2.0_cor,new_matched_realization,tflow,8925,complete,tail_exc_99,0.37690000772476195,/mnt/vast01/users/fouad.oubari/msgm/rafm-additions/outputs_tflow_full/v2/final/student_t_d16_df2.0_cor/seed_8925/result.json
student_t_d16_df2.0_cor,new_matched_realization,tflow,8925,complete,total_train_time_s,31.582035917788744,/mnt/vast01/users/fouad.oubari/msgm/rafm-additions/outputs_tflow_full/v2/final/student_t_d16_df2.0_cor/seed_8925/result.json
student_t_d16_df2.0_cor,new_matched_realization,tflow,77395,complete,angular_sw_bin0,0.11424963176250458,/mnt/vast01/users/fouad.oubari/msgm/rafm-additions/outputs_tflow_full/v2/final/student_t_d16_df2.0_cor/seed_77395/result.json
student_t_d16_df2.0_cor,new_matched_realization,tflow,77395,complete,angular_sw_bin1,0.1047586053609848,/mnt/vast01/users/fouad.oubari/msgm/rafm-additions/outputs_tflow_full/v2/final/student_t_d16_df2.0_cor/seed_77395/result.json
student_t_d16_df2.0_cor,new_matched_realization,tflow,77395,complete,angular_sw_bin2,0.10185745358467102,/mnt/vast01/users/fouad.oubari/msgm/rafm-additions/outputs_tflow_full/v2/final/student_t_d16_df2.0_cor/seed_77395/result.json
student_t_d16_df2.0_cor,new_matched_realization,tflow,77395,complete,angular_sw_bin3,0.0677352026104927,/mnt/vast01/users/fouad.oubari/msgm/rafm-additions/outputs_tflow_full/v2/final/student_t_d16_df2.0_cor/seed_77395/result.json
student_t_d16_df2.0_cor,new_matched_realization,tflow,77395,complete,angular_sw_mean,0.09715022332966328,/mnt/vast01/users/fouad.oubari/msgm/rafm-additions/outputs_tflow_full/v2/final/student_t_d16_df2.0_cor/seed_77395/result.json
student_t_d16_df2.0_cor,new_matched_realization,tflow,77395,complete,exploding_norm_rate,0.003000000026077032,/mnt/vast01/users/fouad.oubari/msgm/rafm-additions/outputs_tflow_full/v2/final/student_t_d16_df2.0_cor/seed_77395/result.json
student_t_d16_df2.0_cor,new_matched_realization,tflow,77395,complete,inf_rate,0.0,/mnt/vast01/users/fouad.oubari/msgm/rafm-additions/outputs_tflow_full/v2/final/student_t_d16_df2.0_cor/seed_77395/result.json
student_t_d16_df2.0_cor,new_matched_realization,tflow,77395,complete,invalid_rate,0.003000000026077032,/mnt/vast01/users/fouad.oubari/msgm/rafm-additions/outputs_tflow_full/v2/final/student_t_d16_df2.0_cor/seed_77395/result.json
student_t_d16_df2.0_cor,new_matched_realization,tflow,77395,complete,ks_stat,0.5051000118255615,/mnt/vast01/users/fouad.oubari/msgm/rafm-additions/outputs_tflow_full/v2/final/student_t_d16_df2.0_cor/seed_77395/result.json
student_t_d16_df2.0_cor,new_matched_realization,tflow,77395,complete,mmd,0.1889849305152893,/mnt/vast01/users/fouad.oubari/msgm/rafm-additions/outputs_tflow_full/v2/final/student_t_d16_df2.0_cor/seed_77395/result.json
student_t_d16_df2.0_cor,new_matched_realization,tflow,77395,complete,n_params,37392,/mnt/vast01/users/fouad.oubari/msgm/rafm-additions/outputs_tflow_full/v2/final/student_t_d16_df2.0_cor/seed_77395/result.json
student_t_d16_df2.0_cor,new_matched_realization,tflow,77395,complete,nan_rate,0.0,/mnt/vast01/users/fouad.oubari/msgm/rafm-additions/outputs_tflow_full/v2/final/student_t_d16_df2.0_cor/seed_77395/result.json
student_t_d16_df2.0_cor,new_matched_realization,tflow,77395,complete,nfe,512,/mnt/vast01/users/fouad.oubari/msgm/rafm-additions/outputs_tflow_full/v2/final/student_t_d16_df2.0_cor/seed_77395/result.json
student_t_d16_df2.0_cor,new_matched_realization,tflow,77395,complete,q950_err,29.687731441550273,/mnt/vast01/users/fouad.oubari/msgm/rafm-additions/outputs_tflow_full/v2/final/student_t_d16_df2.0_cor/seed_77395/result.json
student_t_d16_df2.0_cor,new_matched_realization,tflow,77395,complete,q990_err,32.78210758227553,/mnt/vast01/users/fouad.oubari/msgm/rafm-additions/outputs_tflow_full/v2/final/student_t_d16_df2.0_cor/seed_77395/result.json
student_t_d16_df2.0_cor,new_matched_realization,tflow,77395,complete,q995_err,32.49850105068107,/mnt/vast01/users/fouad.oubari/msgm/rafm-additions/outputs_tflow_full/v2/final/student_t_d16_df2.0_cor/seed_77395/result.json
student_t_d16_df2.0_cor,new_matched_realization,tflow,77395,complete,radial_w1,446.2607116699219,/mnt/vast01/users/fouad.oubari/msgm/rafm-additions/outputs_tflow_full/v2/final/student_t_d16_df2.0_cor/seed_77395/result.json
student_t_d16_df2.0_cor,new_matched_realization,tflow,77395,complete,sample_time_s,0.4113164246082306,/mnt/vast01/users/fouad.oubari/msgm/rafm-additions/outputs_tflow_full/v2/final/student_t_d16_df2.0_cor/seed_77395/result.json
student_t_d16_df2.0_cor,new_matched_realization,tflow,77395,complete,sliced_w1,89.9933090209961,/mnt/vast01/users/fouad.oubari/msgm/rafm-additions/outputs_tflow_full/v2/final/student_t_d16_df2.0_cor/seed_77395/result.json
student_t_d16_df2.0_cor,new_matched_realization,tflow,77395,complete,tail_exc_95,0.4817999720573425,/mnt/vast01/users/fouad.oubari/msgm/rafm-additions/outputs_tflow_full/v2/final/student_t_d16_df2.0_cor/seed_77395/result.json
student_t_d16_df2.0_cor,new_matched_realization,tflow,77395,complete,tail_exc_99,0.37130000233650207,/mnt/vast01/users/fouad.oubari/msgm/rafm-additions/outputs_tflow_full/v2/final/student_t_d16_df2.0_cor/seed_77395/result.json
student_t_d16_df2.0_cor,new_matched_realization,tflow,77395,complete,total_train_time_s,29.879022173583508,/mnt/vast01/users/fouad.oubari/msgm/rafm-additions/outputs_tflow_full/v2/final/student_t_d16_df2.0_cor/seed_77395/result.json
student_t_d16_df2.0_cor,new_matched_realization,tflow,65457,complete,angular_sw_bin0,0.11719818413257599,/mnt/vast01/users/fouad.oubari/msgm/rafm-additions/outputs_tflow_full/v2/final/student_t_d16_df2.0_cor/seed_65457/result.json
student_t_d16_df2.0_cor,new_matched_realization,tflow,65457,complete,angular_sw_bin1,0.10478373616933823,/mnt/vast01/users/fouad.oubari/msgm/rafm-additions/outputs_tflow_full/v2/final/student_t_d16_df2.0_cor/seed_65457/result.json
student_t_d16_df2.0_cor,new_matched_realization,tflow,65457,complete,angular_sw_bin2,0.12343001365661621,/mnt/vast01/users/fouad.oubari/msgm/rafm-additions/outputs_tflow_full/v2/final/student_t_d16_df2.0_cor/seed_65457/result.json
student_t_d16_df2.0_cor,new_matched_realization,tflow,65457,complete,angular_sw_bin3,0.08813925832509995,/mnt/vast01/users/fouad.oubari/msgm/rafm-additions/outputs_tflow_full/v2/final/student_t_d16_df2.0_cor/seed_65457/result.json
student_t_d16_df2.0_cor,new_matched_realization,tflow,65457,complete,angular_sw_mean,0.10838779807090759,/mnt/vast01/users/fouad.oubari/msgm/rafm-additions/outputs_tflow_full/v2/final/student_t_d16_df2.0_cor/seed_65457/result.json
student_t_d16_df2.0_cor,new_matched_realization,tflow,65457,complete,exploding_norm_rate,0.0035000001080334187,/mnt/vast01/users/fouad.oubari/msgm/rafm-additions/outputs_tflow_full/v2/final/student_t_d16_df2.0_cor/seed_65457/result.json
student_t_d16_df2.0_cor,new_matched_realization,tflow,65457,complete,inf_rate,0.0,/mnt/vast01/users/fouad.oubari/msgm/rafm-additions/outputs_tflow_full/v2/final/student_t_d16_df2.0_cor/seed_65457/result.json
student_t_d16_df2.0_cor,new_matched_realization,tflow,65457,complete,invalid_rate,0.0035000001080334187,/mnt/vast01/users/fouad.oubari/msgm/rafm-additions/outputs_tflow_full/v2/final/student_t_d16_df2.0_cor/seed_65457/result.json
student_t_d16_df2.0_cor,new_matched_realization,tflow,65457,complete,ks_stat,0.48680001497268677,/mnt/vast01/users/fouad.oubari/msgm/rafm-additions/outputs_tflow_full/v2/final/student_t_d16_df2.0_cor/seed_65457/result.json
student_t_d16_df2.0_cor,new_matched_realization,tflow,65457,complete,mmd,0.18253356218338013,/mnt/vast01/users/fouad.oubari/msgm/rafm-additions/outputs_tflow_full/v2/final/student_t_d16_df2.0_cor/seed_65457/result.json
student_t_d16_df2.0_cor,new_matched_realization,tflow,65457,complete,n_params,37392,/mnt/vast01/users/fouad.oubari/msgm/rafm-additions/outputs_tflow_full/v2/final/student_t_d16_df2.0_cor/seed_65457/result.json
student_t_d16_df2.0_cor,new_matched_realization,tflow,65457,complete,nan_rate,0.0,/mnt/vast01/users/fouad.oubari/msgm/rafm-additions/outputs_tflow_full/v2/final/student_t_d16_df2.0_cor/seed_65457/result.json
student_t_d16_df2.0_cor,new_matched_realization,tflow,65457,complete,nfe,512,/mnt/vast01/users/fouad.oubari/msgm/rafm-additions/outputs_tflow_full/v2/final/student_t_d16_df2.0_cor/seed_65457/result.json
student_t_d16_df2.0_cor,new_matched_realization,tflow,65457,complete,q950_err,28.240433548889282,/mnt/vast01/users/fouad.oubari/msgm/rafm-additions/outputs_tflow_full/v2/final/student_t_d16_df2.0_cor/seed_65457/result.json
student_t_d16_df2.0_cor,new_matched_realization,tflow,65457,complete,q990_err,31.414570085294077,/mnt/vast01/users/fouad.oubari/msgm/rafm-additions/outputs_tflow_full/v2/final/student_t_d16_df2.0_cor/seed_65457/result.json
student_t_d16_df2.0_cor,new_matched_realization,tflow,65457,complete,q995_err,30.081877014122703,/mnt/vast01/users/fouad.oubari/msgm/rafm-additions/outputs_tflow_full/v2/final/student_t_d16_df2.0_cor/seed_65457/result.json
student_t_d16_df2.0_cor,new_matched_realization,tflow,65457,complete,radial_w1,425.34893798828125,/mnt/vast01/users/fouad.oubari/msgm/rafm-additions/outputs_tflow_full/v2/final/student_t_d16_df2.0_cor/seed_65457/result.json
student_t_d16_df2.0_cor,new_matched_realization,tflow,65457,complete,sample_time_s,0.4106493219733238,/mnt/vast01/users/fouad.oubari/msgm/rafm-additions/outputs_tflow_full/v2/final/student_t_d16_df2.0_cor/seed_65457/result.json
student_t_d16_df2.0_cor,new_matched_realization,tflow,65457,complete,sliced_w1,86.59528350830078,/mnt/vast01/users/fouad.oubari/msgm/rafm-additions/outputs_tflow_full/v2/final/student_t_d16_df2.0_cor/seed_65457/result.json
student_t_d16_df2.0_cor,new_matched_realization,tflow,65457,complete,tail_exc_95,0.4585999965667724,/mnt/vast01/users/fouad.oubari/msgm/rafm-additions/outputs_tflow_full/v2/final/student_t_d16_df2.0_cor/seed_65457/result.json
student_t_d16_df2.0_cor,new_matched_realization,tflow,65457,complete,tail_exc_99,0.35660000681877135,/mnt/vast01/users/fouad.oubari/msgm/rafm-additions/outputs_tflow_full/v2/final/student_t_d16_df2.0_cor/seed_65457/result.json
student_t_d16_df2.0_cor,new_matched_realization,tflow,65457,complete,total_train_time_s,29.734837625175714,/mnt/vast01/users/fouad.oubari/msgm/rafm-additions/outputs_tflow_full/v2/final/student_t_d16_df2.0_cor/seed_65457/result.json
student_t_d16_df3.0_cor,new_matched_realization,tflow,8925,complete,angular_sw_bin0,0.15065129101276398,/mnt/vast01/users/fouad.oubari/msgm/rafm-additions/outputs_tflow_full/v2/final/student_t_d16_df3.0_cor/seed_8925/result.json
student_t_d16_df3.0_cor,new_matched_realization,tflow,8925,complete,angular_sw_bin1,0.1677931696176529,/mnt/vast01/users/fouad.oubari/msgm/rafm-additions/outputs_tflow_full/v2/final/student_t_d16_df3.0_cor/seed_8925/result.json
student_t_d16_df3.0_cor,new_matched_realization,tflow,8925,complete,angular_sw_bin2,0.1787417083978653,/mnt/vast01/users/fouad.oubari/msgm/rafm-additions/outputs_tflow_full/v2/final/student_t_d16_df3.0_cor/seed_8925/result.json
student_t_d16_df3.0_cor,new_matched_realization,tflow,8925,complete,angular_sw_bin3,0.16456560790538788,/mnt/vast01/users/fouad.oubari/msgm/rafm-additions/outputs_tflow_full/v2/final/student_t_d16_df3.0_cor/seed_8925/result.json
student_t_d16_df3.0_cor,new_matched_realization,tflow,8925,complete,angular_sw_mean,0.1654379442334175,/mnt/vast01/users/fouad.oubari/msgm/rafm-additions/outputs_tflow_full/v2/final/student_t_d16_df3.0_cor/seed_8925/result.json
student_t_d16_df3.0_cor,new_matched_realization,tflow,8925,complete,exploding_norm_rate,0.0,/mnt/vast01/users/fouad.oubari/msgm/rafm-additions/outputs_tflow_full/v2/final/student_t_d16_df3.0_cor/seed_8925/result.json
student_t_d16_df3.0_cor,new_matched_realization,tflow,8925,complete,inf_rate,0.0,/mnt/vast01/users/fouad.oubari/msgm/rafm-additions/outputs_tflow_full/v2/final/student_t_d16_df3.0_cor/seed_8925/result.json
student_t_d16_df3.0_cor,new_matched_realization,tflow,8925,complete,invalid_rate,0.0,/mnt/vast01/users/fouad.oubari/msgm/rafm-additions/outputs_tflow_full/v2/final/student_t_d16_df3.0_cor/seed_8925/result.json
student_t_d16_df3.0_cor,new_matched_realization,tflow,8925,complete,ks_stat,0.21890002489089966,/mnt/vast01/users/fouad.oubari/msgm/rafm-additions/outputs_tflow_full/v2/final/student_t_d16_df3.0_cor/seed_8925/result.json
student_t_d16_df3.0_cor,new_matched_realization,tflow,8925,complete,mmd,0.17179465293884277,/mnt/vast01/users/fouad.oubari/msgm/rafm-additions/outputs_tflow_full/v2/final/student_t_d16_df3.0_cor/seed_8925/result.json
student_t_d16_df3.0_cor,new_matched_realization,tflow,8925,complete,n_params,37392,/mnt/vast01/users/fouad.oubari/msgm/rafm-additions/outputs_tflow_full/v2/final/student_t_d16_df3.0_cor/seed_8925/result.json
student_t_d16_df3.0_cor,new_matched_realization,tflow,8925,complete,nan_rate,0.0,/mnt/vast01/users/fouad.oubari/msgm/rafm-additions/outputs_tflow_full/v2/final/student_t_d16_df3.0_cor/seed_8925/result.json
student_t_d16_df3.0_cor,new_matched_realization,tflow,8925,complete,nfe,512,/mnt/vast01/users/fouad.oubari/msgm/rafm-additions/outputs_tflow_full/v2/final/student_t_d16_df3.0_cor/seed_8925/result.json
student_t_d16_df3.0_cor,new_matched_realization,tflow,8925,complete,q950_err,1.0002412432608367,/mnt/vast01/users/fouad.oubari/msgm/rafm-additions/outputs_tflow_full/v2/final/student_t_d16_df3.0_cor/seed_8925/result.json
student_t_d16_df3.0_cor,new_matched_realization,tflow,8925,complete,q990_err,2.277076922553783,/mnt/vast01/users/fouad.oubari/msgm/rafm-additions/outputs_tflow_full/v2/final/student_t_d16_df3.0_cor/seed_8925/result.json
student_t_d16_df3.0_cor,new_matched_realization,tflow,8925,complete,q995_err,2.8626036371501633,/mnt/vast01/users/fouad.oubari/msgm/rafm-additions/outputs_tflow_full/v2/final/student_t_d16_df3.0_cor/seed_8925/result.json
student_t_d16_df3.0_cor,new_matched_realization,tflow,8925,complete,radial_w1,14.0285005569458,/mnt/vast01/users/fouad.oubari/msgm/rafm-additions/outputs_tflow_full/v2/final/student_t_d16_df3.0_cor/seed_8925/result.json
student_t_d16_df3.0_cor,new_matched_realization,tflow,8925,complete,sample_time_s,0.41373133659362793,/mnt/vast01/users/fouad.oubari/msgm/rafm-additions/outputs_tflow_full/v2/final/student_t_d16_df3.0_cor/seed_8925/result.json
student_t_d16_df3.0_cor,new_matched_realization,tflow,8925,complete,sliced_w1,5.692960262298584,/mnt/vast01/users/fouad.oubari/msgm/rafm-additions/outputs_tflow_full/v2/final/student_t_d16_df3.0_cor/seed_8925/result.json
student_t_d16_df3.0_cor,new_matched_realization,tflow,8925,complete,tail_exc_95,0.14830000400543208,/mnt/vast01/users/fouad.oubari/msgm/rafm-additions/outputs_tflow_full/v2/final/student_t_d16_df3.0_cor/seed_8925/result.json
student_t_d16_df3.0_cor,new_matched_realization,tflow,8925,complete,tail_exc_99,0.07380000293254851,/mnt/vast01/users/fouad.oubari/msgm/rafm-additions/outputs_tflow_full/v2/final/student_t_d16_df3.0_cor/seed_8925/result.json
student_t_d16_df3.0_cor,new_matched_realization,tflow,8925,complete,total_train_time_s,30.29743642359972,/mnt/vast01/users/fouad.oubari/msgm/rafm-additions/outputs_tflow_full/v2/final/student_t_d16_df3.0_cor/seed_8925/result.json
student_t_d16_df3.0_cor,new_matched_realization,tflow,77395,complete,angular_sw_bin0,0.14209865033626556,/mnt/vast01/users/fouad.oubari/msgm/rafm-additions/outputs_tflow_full/v2/final/student_t_d16_df3.0_cor/seed_77395/result.json
student_t_d16_df3.0_cor,new_matched_realization,tflow,77395,complete,angular_sw_bin1,0.1445511132478714,/mnt/vast01/users/fouad.oubari/msgm/rafm-additions/outputs_tflow_full/v2/final/student_t_d16_df3.0_cor/seed_77395/result.json
student_t_d16_df3.0_cor,new_matched_realization,tflow,77395,complete,angular_sw_bin2,0.1572486162185669,/mnt/vast01/users/fouad.oubari/msgm/rafm-additions/outputs_tflow_full/v2/final/student_t_d16_df3.0_cor/seed_77395/result.json
student_t_d16_df3.0_cor,new_matched_realization,tflow,77395,complete,angular_sw_bin3,0.16422121226787567,/mnt/vast01/users/fouad.oubari/msgm/rafm-additions/outputs_tflow_full/v2/final/student_t_d16_df3.0_cor/seed_77395/result.json
student_t_d16_df3.0_cor,new_matched_realization,tflow,77395,complete,angular_sw_mean,0.15202989801764488,/mnt/vast01/users/fouad.oubari/msgm/rafm-additions/outputs_tflow_full/v2/final/student_t_d16_df3.0_cor/seed_77395/result.json
student_t_d16_df3.0_cor,new_matched_realization,tflow,77395,complete,exploding_norm_rate,0.0,/mnt/vast01/users/fouad.oubari/msgm/rafm-additions/outputs_tflow_full/v2/final/student_t_d16_df3.0_cor/seed_77395/result.json
student_t_d16_df3.0_cor,new_matched_realization,tflow,77395,complete,inf_rate,0.0,/mnt/vast01/users/fouad.oubari/msgm/rafm-additions/outputs_tflow_full/v2/final/student_t_d16_df3.0_cor/seed_77395/result.json
student_t_d16_df3.0_cor,new_matched_realization,tflow,77395,complete,invalid_rate,0.0,/mnt/vast01/users/fouad.oubari/msgm/rafm-additions/outputs_tflow_full/v2/final/student_t_d16_df3.0_cor/seed_77395/result.json
student_t_d16_df3.0_cor,new_matched_realization,tflow,77395,complete,ks_stat,0.334199994802475,/mnt/vast01/users/fouad.oubari/msgm/rafm-additions/outputs_tflow_full/v2/final/student_t_d16_df3.0_cor/seed_77395/result.json
student_t_d16_df3.0_cor,new_matched_realization,tflow,77395,complete,mmd,0.18939578533172607,/mnt/vast01/users/fouad.oubari/msgm/rafm-additions/outputs_tflow_full/v2/final/student_t_d16_df3.0_cor/seed_77395/result.json
student_t_d16_df3.0_cor,new_matched_realization,tflow,77395,complete,n_params,37392,/mnt/vast01/users/fouad.oubari/msgm/rafm-additions/outputs_tflow_full/v2/final/student_t_d16_df3.0_cor/seed_77395/result.json
student_t_d16_df3.0_cor,new_matched_realization,tflow,77395,complete,nan_rate,0.0,/mnt/vast01/users/fouad.oubari/msgm/rafm-additions/outputs_tflow_full/v2/final/student_t_d16_df3.0_cor/seed_77395/result.json
student_t_d16_df3.0_cor,new_matched_realization,tflow,77395,complete,nfe,512,/mnt/vast01/users/fouad.oubari/msgm/rafm-additions/outputs_tflow_full/v2/final/student_t_d16_df3.0_cor/seed_77395/result.json
student_t_d16_df3.0_cor,new_matched_realization,tflow,77395,complete,q950_err,1.0392607582053899,/mnt/vast01/users/fouad.oubari/msgm/rafm-additions/outputs_tflow_full/v2/final/student_t_d16_df3.0_cor/seed_77395/result.json
student_t_d16_df3.0_cor,new_matched_realization,tflow,77395,complete,q990_err,1.999277572443904,/mnt/vast01/users/fouad.oubari/msgm/rafm-additions/outputs_tflow_full/v2/final/student_t_d16_df3.0_cor/seed_77395/result.json
student_t_d16_df3.0_cor,new_matched_realization,tflow,77395,complete,q995_err,2.6736566973869764,/mnt/vast01/users/fouad.oubari/msgm/rafm-additions/outputs_tflow_full/v2/final/student_t_d16_df3.0_cor/seed_77395/result.json
student_t_d16_df3.0_cor,new_matched_realization,tflow,77395,complete,radial_w1,15.863018989562988,/mnt/vast01/users/fouad.oubari/msgm/rafm-additions/outputs_tflow_full/v2/final/student_t_d16_df3.0_cor/seed_77395/result.json
student_t_d16_df3.0_cor,new_matched_realization,tflow,77395,complete,sample_time_s,0.4156286008656025,/mnt/vast01/users/fouad.oubari/msgm/rafm-additions/outputs_tflow_full/v2/final/student_t_d16_df3.0_cor/seed_77395/result.json
student_t_d16_df3.0_cor,new_matched_realization,tflow,77395,complete,sliced_w1,5.779370307922363,/mnt/vast01/users/fouad.oubari/msgm/rafm-additions/outputs_tflow_full/v2/final/student_t_d16_df3.0_cor/seed_77395/result.json
student_t_d16_df3.0_cor,new_matched_realization,tflow,77395,complete,tail_exc_95,0.1745000004768371,/mnt/vast01/users/fouad.oubari/msgm/rafm-additions/outputs_tflow_full/v2/final/student_t_d16_df3.0_cor/seed_77395/result.json
student_t_d16_df3.0_cor,new_matched_realization,tflow,77395,complete,tail_exc_99,0.07550000190734862,/mnt/vast01/users/fouad.oubari/msgm/rafm-additions/outputs_tflow_full/v2/final/student_t_d16_df3.0_cor/seed_77395/result.json
student_t_d16_df3.0_cor,new_matched_realization,tflow,77395,complete,total_train_time_s,29.6020444072783,/mnt/vast01/users/fouad.oubari/msgm/rafm-additions/outputs_tflow_full/v2/final/student_t_d16_df3.0_cor/seed_77395/result.json
student_t_d16_df3.0_cor,new_matched_realization,tflow,65457,complete,angular_sw_bin0,0.054310768842697144,/mnt/vast01/users/fouad.oubari/msgm/rafm-additions/outputs_tflow_full/v2/final/student_t_d16_df3.0_cor/seed_65457/result.json
student_t_d16_df3.0_cor,new_matched_realization,tflow,65457,complete,angular_sw_bin1,0.05388506129384041,/mnt/vast01/users/fouad.oubari/msgm/rafm-additions/outputs_tflow_full/v2/final/student_t_d16_df3.0_cor/seed_65457/result.json
student_t_d16_df3.0_cor,new_matched_realization,tflow,65457,complete,angular_sw_bin2,0.053105223923921585,/mnt/vast01/users/fouad.oubari/msgm/rafm-additions/outputs_tflow_full/v2/final/student_t_d16_df3.0_cor/seed_65457/result.json
student_t_d16_df3.0_cor,new_matched_realization,tflow,65457,complete,angular_sw_bin3,0.047937359660863876,/mnt/vast01/users/fouad.oubari/msgm/rafm-additions/outputs_tflow_full/v2/final/student_t_d16_df3.0_cor/seed_65457/result.json
student_t_d16_df3.0_cor,new_matched_realization,tflow,65457,complete,angular_sw_mean,0.05230960343033075,/mnt/vast01/users/fouad.oubari/msgm/rafm-additions/outputs_tflow_full/v2/final/student_t_d16_df3.0_cor/seed_65457/result.json
student_t_d16_df3.0_cor,new_matched_realization,tflow,65457,complete,exploding_norm_rate,0.00019999999494757503,/mnt/vast01/users/fouad.oubari/msgm/rafm-additions/outputs_tflow_full/v2/final/student_t_d16_df3.0_cor/seed_65457/result.json
student_t_d16_df3.0_cor,new_matched_realization,tflow,65457,complete,inf_rate,0.0,/mnt/vast01/users/fouad.oubari/msgm/rafm-additions/outputs_tflow_full/v2/final/student_t_d16_df3.0_cor/seed_65457/result.json
student_t_d16_df3.0_cor,new_matched_realization,tflow,65457,complete,invalid_rate,0.00019999999494757503,/mnt/vast01/users/fouad.oubari/msgm/rafm-additions/outputs_tflow_full/v2/final/student_t_d16_df3.0_cor/seed_65457/result.json
student_t_d16_df3.0_cor,new_matched_realization,tflow,65457,complete,ks_stat,0.19079995155334473,/mnt/vast01/users/fouad.oubari/msgm/rafm-additions/outputs_tflow_full/v2/final/student_t_d16_df3.0_cor/seed_65457/result.json
student_t_d16_df3.0_cor,new_matched_realization,tflow,65457,complete,mmd,0.023267745971679688,/mnt/vast01/users/fouad.oubari/msgm/rafm-additions/outputs_tflow_full/v2/final/student_t_d16_df3.0_cor/seed_65457/result.json
student_t_d16_df3.0_cor,new_matched_realization,tflow,65457,complete,n_params,37392,/mnt/vast01/users/fouad.oubari/msgm/rafm-additions/outputs_tflow_full/v2/final/student_t_d16_df3.0_cor/seed_65457/result.json
student_t_d16_df3.0_cor,new_matched_realization,tflow,65457,complete,nan_rate,0.0,/mnt/vast01/users/fouad.oubari/msgm/rafm-additions/outputs_tflow_full/v2/final/student_t_d16_df3.0_cor/seed_65457/result.json
student_t_d16_df3.0_cor,new_matched_realization,tflow,65457,complete,nfe,512,/mnt/vast01/users/fouad.oubari/msgm/rafm-additions/outputs_tflow_full/v2/final/student_t_d16_df3.0_cor/seed_65457/result.json
student_t_d16_df3.0_cor,new_matched_realization,tflow,65457,complete,q950_err,0.8122362555740061,/mnt/vast01/users/fouad.oubari/msgm/rafm-additions/outputs_tflow_full/v2/final/student_t_d16_df3.0_cor/seed_65457/result.json
student_t_d16_df3.0_cor,new_matched_realization,tflow,65457,complete,q990_err,1.5995162659539628,/mnt/vast01/users/fouad.oubari/msgm/rafm-additions/outputs_tflow_full/v2/final/student_t_d16_df3.0_cor/seed_65457/result.json
student_t_d16_df3.0_cor,new_matched_realization,tflow,65457,complete,q995_err,2.5611194397548895,/mnt/vast01/users/fouad.oubari/msgm/rafm-additions/outputs_tflow_full/v2/final/student_t_d16_df3.0_cor/seed_65457/result.json
student_t_d16_df3.0_cor,new_matched_realization,tflow,65457,complete,radial_w1,11.71562671661377,/mnt/vast01/users/fouad.oubari/msgm/rafm-additions/outputs_tflow_full/v2/final/student_t_d16_df3.0_cor/seed_65457/result.json
student_t_d16_df3.0_cor,new_matched_realization,tflow,65457,complete,sample_time_s,0.4114041216671467,/mnt/vast01/users/fouad.oubari/msgm/rafm-additions/outputs_tflow_full/v2/final/student_t_d16_df3.0_cor/seed_65457/result.json
student_t_d16_df3.0_cor,new_matched_realization,tflow,65457,complete,sliced_w1,2.9571597576141357,/mnt/vast01/users/fouad.oubari/msgm/rafm-additions/outputs_tflow_full/v2/final/student_t_d16_df3.0_cor/seed_65457/result.json
student_t_d16_df3.0_cor,new_matched_realization,tflow,65457,complete,tail_exc_95,0.1443999975919723,/mnt/vast01/users/fouad.oubari/msgm/rafm-additions/outputs_tflow_full/v2/final/student_t_d16_df3.0_cor/seed_65457/result.json
student_t_d16_df3.0_cor,new_matched_realization,tflow,65457,complete,tail_exc_99,0.06199999690055846,/mnt/vast01/users/fouad.oubari/msgm/rafm-additions/outputs_tflow_full/v2/final/student_t_d16_df3.0_cor/seed_65457/result.json
student_t_d16_df3.0_cor,new_matched_realization,tflow,65457,complete,total_train_time_s,29.617242317646742,/mnt/vast01/users/fouad.oubari/msgm/rafm-additions/outputs_tflow_full/v2/final/student_t_d16_df3.0_cor/seed_65457/result.json
student_t_d16_df5.0_cor,new_matched_realization,tflow,8925,complete,angular_sw_bin0,0.134679913520813,/mnt/vast01/users/fouad.oubari/msgm/rafm-additions/outputs_tflow_full/v2/final/student_t_d16_df5.0_cor/seed_8925/result.json
student_t_d16_df5.0_cor,new_matched_realization,tflow,8925,complete,angular_sw_bin1,0.17818978428840637,/mnt/vast01/users/fouad.oubari/msgm/rafm-additions/outputs_tflow_full/v2/final/student_t_d16_df5.0_cor/seed_8925/result.json
student_t_d16_df5.0_cor,new_matched_realization,tflow,8925,complete,angular_sw_bin2,0.19345498085021973,/mnt/vast01/users/fouad.oubari/msgm/rafm-additions/outputs_tflow_full/v2/final/student_t_d16_df5.0_cor/seed_8925/result.json
student_t_d16_df5.0_cor,new_matched_realization,tflow,8925,complete,angular_sw_bin3,0.20074619352817535,/mnt/vast01/users/fouad.oubari/msgm/rafm-additions/outputs_tflow_full/v2/final/student_t_d16_df5.0_cor/seed_8925/result.json
student_t_d16_df5.0_cor,new_matched_realization,tflow,8925,complete,angular_sw_mean,0.1767677180469036,/mnt/vast01/users/fouad.oubari/msgm/rafm-additions/outputs_tflow_full/v2/final/student_t_d16_df5.0_cor/seed_8925/result.json
student_t_d16_df5.0_cor,new_matched_realization,tflow,8925,complete,exploding_norm_rate,0.0,/mnt/vast01/users/fouad.oubari/msgm/rafm-additions/outputs_tflow_full/v2/final/student_t_d16_df5.0_cor/seed_8925/result.json
student_t_d16_df5.0_cor,new_matched_realization,tflow,8925,complete,inf_rate,0.0,/mnt/vast01/users/fouad.oubari/msgm/rafm-additions/outputs_tflow_full/v2/final/student_t_d16_df5.0_cor/seed_8925/result.json
student_t_d16_df5.0_cor,new_matched_realization,tflow,8925,complete,invalid_rate,0.0,/mnt/vast01/users/fouad.oubari/msgm/rafm-additions/outputs_tflow_full/v2/final/student_t_d16_df5.0_cor/seed_8925/result.json
student_t_d16_df5.0_cor,new_matched_realization,tflow,8925,complete,ks_stat,0.5936000347137451,/mnt/vast01/users/fouad.oubari/msgm/rafm-additions/outputs_tflow_full/v2/final/student_t_d16_df5.0_cor/seed_8925/result.json
student_t_d16_df5.0_cor,new_matched_realization,tflow,8925,complete,mmd,0.3922005295753479,/mnt/vast01/users/fouad.oubari/msgm/rafm-additions/outputs_tflow_full/v2/final/student_t_d16_df5.0_cor/seed_8925/result.json
student_t_d16_df5.0_cor,new_matched_realization,tflow,8925,complete,n_params,37392,/mnt/vast01/users/fouad.oubari/msgm/rafm-additions/outputs_tflow_full/v2/final/student_t_d16_df5.0_cor/seed_8925/result.json
student_t_d16_df5.0_cor,new_matched_realization,tflow,8925,complete,nan_rate,0.0,/mnt/vast01/users/fouad.oubari/msgm/rafm-additions/outputs_tflow_full/v2/final/student_t_d16_df5.0_cor/seed_8925/result.json
student_t_d16_df5.0_cor,new_matched_realization,tflow,8925,complete,nfe,512,/mnt/vast01/users/fouad.oubari/msgm/rafm-additions/outputs_tflow_full/v2/final/student_t_d16_df5.0_cor/seed_8925/result.json
student_t_d16_df5.0_cor,new_matched_realization,tflow,8925,complete,q950_err,1.080636142114244,/mnt/vast01/users/fouad.oubari/msgm/rafm-additions/outputs_tflow_full/v2/final/student_t_d16_df5.0_cor/seed_8925/result.json
student_t_d16_df5.0_cor,new_matched_realization,tflow,8925,complete,q990_err,1.8925583152965328,/mnt/vast01/users/fouad.oubari/msgm/rafm-additions/outputs_tflow_full/v2/final/student_t_d16_df5.0_cor/seed_8925/result.json
student_t_d16_df5.0_cor,new_matched_realization,tflow,8925,complete,q995_err,2.5806871802956013,/mnt/vast01/users/fouad.oubari/msgm/rafm-additions/outputs_tflow_full/v2/final/student_t_d16_df5.0_cor/seed_8925/result.json
student_t_d16_df5.0_cor,new_matched_realization,tflow,8925,complete,radial_w1,15.83308219909668,/mnt/vast01/users/fouad.oubari/msgm/rafm-additions/outputs_tflow_full/v2/final/student_t_d16_df5.0_cor/seed_8925/result.json
student_t_d16_df5.0_cor,new_matched_realization,tflow,8925,complete,sample_time_s,0.4131308048963547,/mnt/vast01/users/fouad.oubari/msgm/rafm-additions/outputs_tflow_full/v2/final/student_t_d16_df5.0_cor/seed_8925/result.json
student_t_d16_df5.0_cor,new_matched_realization,tflow,8925,complete,sliced_w1,6.253240585327148,/mnt/vast01/users/fouad.oubari/msgm/rafm-additions/outputs_tflow_full/v2/final/student_t_d16_df5.0_cor/seed_8925/result.json
student_t_d16_df5.0_cor,new_matched_realization,tflow,8925,complete,tail_exc_95,0.4616999745368957,/mnt/vast01/users/fouad.oubari/msgm/rafm-additions/outputs_tflow_full/v2/final/student_t_d16_df5.0_cor/seed_8925/result.json
student_t_d16_df5.0_cor,new_matched_realization,tflow,8925,complete,tail_exc_99,0.26340000867843627,/mnt/vast01/users/fouad.oubari/msgm/rafm-additions/outputs_tflow_full/v2/final/student_t_d16_df5.0_cor/seed_8925/result.json
student_t_d16_df5.0_cor,new_matched_realization,tflow,8925,complete,total_train_time_s,30.75216356292367,/mnt/vast01/users/fouad.oubari/msgm/rafm-additions/outputs_tflow_full/v2/final/student_t_d16_df5.0_cor/seed_8925/result.json
student_t_d16_df5.0_cor,new_matched_realization,tflow,77395,complete,angular_sw_bin0,0.12861765921115875,/mnt/vast01/users/fouad.oubari/msgm/rafm-additions/outputs_tflow_full/v2/final/student_t_d16_df5.0_cor/seed_77395/result.json
student_t_d16_df5.0_cor,new_matched_realization,tflow,77395,complete,angular_sw_bin1,0.1217951849102974,/mnt/vast01/users/fouad.oubari/msgm/rafm-additions/outputs_tflow_full/v2/final/student_t_d16_df5.0_cor/seed_77395/result.json
student_t_d16_df5.0_cor,new_matched_realization,tflow,77395,complete,angular_sw_bin2,0.14015118777751923,/mnt/vast01/users/fouad.oubari/msgm/rafm-additions/outputs_tflow_full/v2/final/student_t_d16_df5.0_cor/seed_77395/result.json
student_t_d16_df5.0_cor,new_matched_realization,tflow,77395,complete,angular_sw_bin3,0.11255577951669693,/mnt/vast01/users/fouad.oubari/msgm/rafm-additions/outputs_tflow_full/v2/final/student_t_d16_df5.0_cor/seed_77395/result.json
student_t_d16_df5.0_cor,new_matched_realization,tflow,77395,complete,angular_sw_mean,0.12577995285391808,/mnt/vast01/users/fouad.oubari/msgm/rafm-additions/outputs_tflow_full/v2/final/student_t_d16_df5.0_cor/seed_77395/result.json
student_t_d16_df5.0_cor,new_matched_realization,tflow,77395,complete,exploding_norm_rate,0.0,/mnt/vast01/users/fouad.oubari/msgm/rafm-additions/outputs_tflow_full/v2/final/student_t_d16_df5.0_cor/seed_77395/result.json
student_t_d16_df5.0_cor,new_matched_realization,tflow,77395,complete,inf_rate,0.0,/mnt/vast01/users/fouad.oubari/msgm/rafm-additions/outputs_tflow_full/v2/final/student_t_d16_df5.0_cor/seed_77395/result.json
student_t_d16_df5.0_cor,new_matched_realization,tflow,77395,complete,invalid_rate,0.0,/mnt/vast01/users/fouad.oubari/msgm/rafm-additions/outputs_tflow_full/v2/final/student_t_d16_df5.0_cor/seed_77395/result.json
student_t_d16_df5.0_cor,new_matched_realization,tflow,77395,complete,ks_stat,0.08619999885559082,/mnt/vast01/users/fouad.oubari/msgm/rafm-additions/outputs_tflow_full/v2/final/student_t_d16_df5.0_cor/seed_77395/result.json
student_t_d16_df5.0_cor,new_matched_realization,tflow,77395,complete,mmd,0.10523200035095215,/mnt/vast01/users/fouad.oubari/msgm/rafm-additions/outputs_tflow_full/v2/final/student_t_d16_df5.0_cor/seed_77395/result.json
student_t_d16_df5.0_cor,new_matched_realization,tflow,77395,complete,n_params,37392,/mnt/vast01/users/fouad.oubari/msgm/rafm-additions/outputs_tflow_full/v2/final/student_t_d16_df5.0_cor/seed_77395/result.json
student_t_d16_df5.0_cor,new_matched_realization,tflow,77395,complete,nan_rate,0.0,/mnt/vast01/users/fouad.oubari/msgm/rafm-additions/outputs_tflow_full/v2/final/student_t_d16_df5.0_cor/seed_77395/result.json
student_t_d16_df5.0_cor,new_matched_realization,tflow,77395,complete,nfe,512,/mnt/vast01/users/fouad.oubari/msgm/rafm-additions/outputs_tflow_full/v2/final/student_t_d16_df5.0_cor/seed_77395/result.json
student_t_d16_df5.0_cor,new_matched_realization,tflow,77395,complete,q950_err,0.31995949225995696,/mnt/vast01/users/fouad.oubari/msgm/rafm-additions/outputs_tflow_full/v2/final/student_t_d16_df5.0_cor/seed_77395/result.json
student_t_d16_df5.0_cor,new_matched_realization,tflow,77395,complete,q990_err,0.8902719161923633,/mnt/vast01/users/fouad.oubari/msgm/rafm-additions/outputs_tflow_full/v2/final/student_t_d16_df5.0_cor/seed_77395/result.json
student_t_d16_df5.0_cor,new_matched_realization,tflow,77395,complete,q995_err,1.220637925811421,/mnt/vast01/users/fouad.oubari/msgm/rafm-additions/outputs_tflow_full/v2/final/student_t_d16_df5.0_cor/seed_77395/result.json
student_t_d16_df5.0_cor,new_matched_realization,tflow,77395,complete,radial_w1,3.2025227546691895,/mnt/vast01/users/fouad.oubari/msgm/rafm-additions/outputs_tflow_full/v2/final/student_t_d16_df5.0_cor/seed_77395/result.json
student_t_d16_df5.0_cor,new_matched_realization,tflow,77395,complete,sample_time_s,0.41182251274585724,/mnt/vast01/users/fouad.oubari/msgm/rafm-additions/outputs_tflow_full/v2/final/student_t_d16_df5.0_cor/seed_77395/result.json
student_t_d16_df5.0_cor,new_matched_realization,tflow,77395,complete,sliced_w1,2.661801338195801,/mnt/vast01/users/fouad.oubari/msgm/rafm-additions/outputs_tflow_full/v2/final/student_t_d16_df5.0_cor/seed_77395/result.json
student_t_d16_df5.0_cor,new_matched_realization,tflow,77395,complete,tail_exc_95,0.0721000030636787,/mnt/vast01/users/fouad.oubari/msgm/rafm-additions/outputs_tflow_full/v2/final/student_t_d16_df5.0_cor/seed_77395/result.json
student_t_d16_df5.0_cor,new_matched_realization,tflow,77395,complete,tail_exc_99,0.048299999684095374,/mnt/vast01/users/fouad.oubari/msgm/rafm-additions/outputs_tflow_full/v2/final/student_t_d16_df5.0_cor/seed_77395/result.json
student_t_d16_df5.0_cor,new_matched_realization,tflow,77395,complete,total_train_time_s,30.02209062501788,/mnt/vast01/users/fouad.oubari/msgm/rafm-additions/outputs_tflow_full/v2/final/student_t_d16_df5.0_cor/seed_77395/result.json
student_t_d16_df5.0_cor,new_matched_realization,tflow,65457,complete,angular_sw_bin0,0.05395527929067612,/mnt/vast01/users/fouad.oubari/msgm/rafm-additions/outputs_tflow_full/v2/final/student_t_d16_df5.0_cor/seed_65457/result.json
student_t_d16_df5.0_cor,new_matched_realization,tflow,65457,complete,angular_sw_bin1,0.05296143889427185,/mnt/vast01/users/fouad.oubari/msgm/rafm-additions/outputs_tflow_full/v2/final/student_t_d16_df5.0_cor/seed_65457/result.json
student_t_d16_df5.0_cor,new_matched_realization,tflow,65457,complete,angular_sw_bin2,0.05446254462003708,/mnt/vast01/users/fouad.oubari/msgm/rafm-additions/outputs_tflow_full/v2/final/student_t_d16_df5.0_cor/seed_65457/result.json
student_t_d16_df5.0_cor,new_matched_realization,tflow,65457,complete,angular_sw_bin3,0.053604722023010254,/mnt/vast01/users/fouad.oubari/msgm/rafm-additions/outputs_tflow_full/v2/final/student_t_d16_df5.0_cor/seed_65457/result.json
student_t_d16_df5.0_cor,new_matched_realization,tflow,65457,complete,angular_sw_mean,0.053745996206998825,/mnt/vast01/users/fouad.oubari/msgm/rafm-additions/outputs_tflow_full/v2/final/student_t_d16_df5.0_cor/seed_65457/result.json
student_t_d16_df5.0_cor,new_matched_realization,tflow,65457,complete,exploding_norm_rate,0.0,/mnt/vast01/users/fouad.oubari/msgm/rafm-additions/outputs_tflow_full/v2/final/student_t_d16_df5.0_cor/seed_65457/result.json
student_t_d16_df5.0_cor,new_matched_realization,tflow,65457,complete,inf_rate,0.0,/mnt/vast01/users/fouad.oubari/msgm/rafm-additions/outputs_tflow_full/v2/final/student_t_d16_df5.0_cor/seed_65457/result.json
student_t_d16_df5.0_cor,new_matched_realization,tflow,65457,complete,invalid_rate,0.0,/mnt/vast01/users/fouad.oubari/msgm/rafm-additions/outputs_tflow_full/v2/final/student_t_d16_df5.0_cor/seed_65457/result.json
student_t_d16_df5.0_cor,new_matched_realization,tflow,65457,complete,ks_stat,0.19770002365112305,/mnt/vast01/users/fouad.oubari/msgm/rafm-additions/outputs_tflow_full/v2/final/student_t_d16_df5.0_cor/seed_65457/result.json
student_t_d16_df5.0_cor,new_matched_realization,tflow,65457,complete,mmd,0.024097681045532227,/mnt/vast01/users/fouad.oubari/msgm/rafm-additions/outputs_tflow_full/v2/final/student_t_d16_df5.0_cor/seed_65457/result.json
student_t_d16_df5.0_cor,new_matched_realization,tflow,65457,complete,n_params,37392,/mnt/vast01/users/fouad.oubari/msgm/rafm-additions/outputs_tflow_full/v2/final/student_t_d16_df5.0_cor/seed_65457/result.json
student_t_d16_df5.0_cor,new_matched_realization,tflow,65457,complete,nan_rate,0.0,/mnt/vast01/users/fouad.oubari/msgm/rafm-additions/outputs_tflow_full/v2/final/student_t_d16_df5.0_cor/seed_65457/result.json
student_t_d16_df5.0_cor,new_matched_realization,tflow,65457,complete,nfe,512,/mnt/vast01/users/fouad.oubari/msgm/rafm-additions/outputs_tflow_full/v2/final/student_t_d16_df5.0_cor/seed_65457/result.json
student_t_d16_df5.0_cor,new_matched_realization,tflow,65457,complete,q950_err,1.1823413618819878,/mnt/vast01/users/fouad.oubari/msgm/rafm-additions/outputs_tflow_full/v2/final/student_t_d16_df5.0_cor/seed_65457/result.json
student_t_d16_df5.0_cor,new_matched_realization,tflow,65457,complete,q990_err,2.826343338945282,/mnt/vast01/users/fouad.oubari/msgm/rafm-additions/outputs_tflow_full/v2/final/student_t_d16_df5.0_cor/seed_65457/result.json
student_t_d16_df5.0_cor,new_matched_realization,tflow,65457,complete,q995_err,3.3130006882336014,/mnt/vast01/users/fouad.oubari/msgm/rafm-additions/outputs_tflow_full/v2/final/student_t_d16_df5.0_cor/seed_65457/result.json
student_t_d16_df5.0_cor,new_matched_realization,tflow,65457,complete,radial_w1,8.74028205871582,/mnt/vast01/users/fouad.oubari/msgm/rafm-additions/outputs_tflow_full/v2/final/student_t_d16_df5.0_cor/seed_65457/result.json
student_t_d16_df5.0_cor,new_matched_realization,tflow,65457,complete,sample_time_s,0.4116717092692852,/mnt/vast01/users/fouad.oubari/msgm/rafm-additions/outputs_tflow_full/v2/final/student_t_d16_df5.0_cor/seed_65457/result.json
student_t_d16_df5.0_cor,new_matched_realization,tflow,65457,complete,sliced_w1,2.2812345027923584,/mnt/vast01/users/fouad.oubari/msgm/rafm-additions/outputs_tflow_full/v2/final/student_t_d16_df5.0_cor/seed_65457/result.json
student_t_d16_df5.0_cor,new_matched_realization,tflow,65457,complete,tail_exc_95,0.18479999601840968,/mnt/vast01/users/fouad.oubari/msgm/rafm-additions/outputs_tflow_full/v2/final/student_t_d16_df5.0_cor/seed_65457/result.json
student_t_d16_df5.0_cor,new_matched_realization,tflow,65457,complete,tail_exc_99,0.1321999931335449,/mnt/vast01/users/fouad.oubari/msgm/rafm-additions/outputs_tflow_full/v2/final/student_t_d16_df5.0_cor/seed_65457/result.json
student_t_d16_df5.0_cor,new_matched_realization,tflow,65457,complete,total_train_time_s,29.81544481217861,/mnt/vast01/users/fouad.oubari/msgm/rafm-additions/outputs_tflow_full/v2/final/student_t_d16_df5.0_cor/seed_65457/result.json
student_t_d16_df50.0_cor,new_matched_realization,tflow,8925,complete,angular_sw_bin0,0.11001098155975342,/mnt/vast01/users/fouad.oubari/msgm/rafm-additions/outputs_tflow_full/v2/final/student_t_d16_df50.0_cor/seed_8925/result.json
student_t_d16_df50.0_cor,new_matched_realization,tflow,8925,complete,angular_sw_bin1,0.12881875038146973,/mnt/vast01/users/fouad.oubari/msgm/rafm-additions/outputs_tflow_full/v2/final/student_t_d16_df50.0_cor/seed_8925/result.json
student_t_d16_df50.0_cor,new_matched_realization,tflow,8925,complete,angular_sw_bin2,0.15671361982822418,/mnt/vast01/users/fouad.oubari/msgm/rafm-additions/outputs_tflow_full/v2/final/student_t_d16_df50.0_cor/seed_8925/result.json
student_t_d16_df50.0_cor,new_matched_realization,tflow,8925,complete,angular_sw_bin3,0.20132875442504883,/mnt/vast01/users/fouad.oubari/msgm/rafm-additions/outputs_tflow_full/v2/final/student_t_d16_df50.0_cor/seed_8925/result.json
student_t_d16_df50.0_cor,new_matched_realization,tflow,8925,complete,angular_sw_mean,0.14921802654862404,/mnt/vast01/users/fouad.oubari/msgm/rafm-additions/outputs_tflow_full/v2/final/student_t_d16_df50.0_cor/seed_8925/result.json
student_t_d16_df50.0_cor,new_matched_realization,tflow,8925,complete,exploding_norm_rate,0.0,/mnt/vast01/users/fouad.oubari/msgm/rafm-additions/outputs_tflow_full/v2/final/student_t_d16_df50.0_cor/seed_8925/result.json
student_t_d16_df50.0_cor,new_matched_realization,tflow,8925,complete,inf_rate,0.0,/mnt/vast01/users/fouad.oubari/msgm/rafm-additions/outputs_tflow_full/v2/final/student_t_d16_df50.0_cor/seed_8925/result.json
student_t_d16_df50.0_cor,new_matched_realization,tflow,8925,complete,invalid_rate,0.0,/mnt/vast01/users/fouad.oubari/msgm/rafm-additions/outputs_tflow_full/v2/final/student_t_d16_df50.0_cor/seed_8925/result.json
student_t_d16_df50.0_cor,new_matched_realization,tflow,8925,complete,ks_stat,0.714900016784668,/mnt/vast01/users/fouad.oubari/msgm/rafm-additions/outputs_tflow_full/v2/final/student_t_d16_df50.0_cor/seed_8925/result.json
student_t_d16_df50.0_cor,new_matched_realization,tflow,8925,complete,mmd,0.4040677547454834,/mnt/vast01/users/fouad.oubari/msgm/rafm-additions/outputs_tflow_full/v2/final/student_t_d16_df50.0_cor/seed_8925/result.json
student_t_d16_df50.0_cor,new_matched_realization,tflow,8925,complete,n_params,37392,/mnt/vast01/users/fouad.oubari/msgm/rafm-additions/outputs_tflow_full/v2/final/student_t_d16_df50.0_cor/seed_8925/result.json
student_t_d16_df50.0_cor,new_matched_realization,tflow,8925,complete,nan_rate,0.0,/mnt/vast01/users/fouad.oubari/msgm/rafm-additions/outputs_tflow_full/v2/final/student_t_d16_df50.0_cor/seed_8925/result.json
student_t_d16_df50.0_cor,new_matched_realization,tflow,8925,complete,nfe,512,/mnt/vast01/users/fouad.oubari/msgm/rafm-additions/outputs_tflow_full/v2/final/student_t_d16_df50.0_cor/seed_8925/result.json
student_t_d16_df50.0_cor,new_matched_realization,tflow,8925,complete,q950_err,1.15878659971925,/mnt/vast01/users/fouad.oubari/msgm/rafm-additions/outputs_tflow_full/v2/final/student_t_d16_df50.0_cor/seed_8925/result.json
student_t_d16_df50.0_cor,new_matched_realization,tflow,8925,complete,q990_err,2.4209999799521955,/mnt/vast01/users/fouad.oubari/msgm/rafm-additions/outputs_tflow_full/v2/final/student_t_d16_df50.0_cor/seed_8925/result.json
student_t_d16_df50.0_cor,new_matched_realization,tflow,8925,complete,q995_err,3.3403254913570812,/mnt/vast01/users/fouad.oubari/msgm/rafm-additions/outputs_tflow_full/v2/final/student_t_d16_df50.0_cor/seed_8925/result.json
student_t_d16_df50.0_cor,new_matched_realization,tflow,8925,complete,radial_w1,13.600214004516602,/mnt/vast01/users/fouad.oubari/msgm/rafm-additions/outputs_tflow_full/v2/final/student_t_d16_df50.0_cor/seed_8925/result.json
student_t_d16_df50.0_cor,new_matched_realization,tflow,8925,complete,sample_time_s,0.4227180629968643,/mnt/vast01/users/fouad.oubari/msgm/rafm-additions/outputs_tflow_full/v2/final/student_t_d16_df50.0_cor/seed_8925/result.json
student_t_d16_df50.0_cor,new_matched_realization,tflow,8925,complete,sliced_w1,5.077789306640625,/mnt/vast01/users/fouad.oubari/msgm/rafm-additions/outputs_tflow_full/v2/final/student_t_d16_df50.0_cor/seed_8925/result.json
student_t_d16_df50.0_cor,new_matched_realization,tflow,8925,complete,tail_exc_95,0.6373000264167785,/mnt/vast01/users/fouad.oubari/msgm/rafm-additions/outputs_tflow_full/v2/final/student_t_d16_df50.0_cor/seed_8925/result.json
student_t_d16_df50.0_cor,new_matched_realization,tflow,8925,complete,tail_exc_99,0.44750001072883605,/mnt/vast01/users/fouad.oubari/msgm/rafm-additions/outputs_tflow_full/v2/final/student_t_d16_df50.0_cor/seed_8925/result.json
student_t_d16_df50.0_cor,new_matched_realization,tflow,8925,complete,total_train_time_s,33.04132141172886,/mnt/vast01/users/fouad.oubari/msgm/rafm-additions/outputs_tflow_full/v2/final/student_t_d16_df50.0_cor/seed_8925/result.json
student_t_d16_df50.0_cor,new_matched_realization,tflow,77395,complete,angular_sw_bin0,0.10039474815130234,/mnt/vast01/users/fouad.oubari/msgm/rafm-additions/outputs_tflow_full/v2/final/student_t_d16_df50.0_cor/seed_77395/result.json
student_t_d16_df50.0_cor,new_matched_realization,tflow,77395,complete,angular_sw_bin1,0.1050466001033783,/mnt/vast01/users/fouad.oubari/msgm/rafm-additions/outputs_tflow_full/v2/final/student_t_d16_df50.0_cor/seed_77395/result.json
student_t_d16_df50.0_cor,new_matched_realization,tflow,77395,complete,angular_sw_bin2,0.10669628530740738,/mnt/vast01/users/fouad.oubari/msgm/rafm-additions/outputs_tflow_full/v2/final/student_t_d16_df50.0_cor/seed_77395/result.json
student_t_d16_df50.0_cor,new_matched_realization,tflow,77395,complete,angular_sw_bin3,0.11916586756706238,/mnt/vast01/users/fouad.oubari/msgm/rafm-additions/outputs_tflow_full/v2/final/student_t_d16_df50.0_cor/seed_77395/result.json
student_t_d16_df50.0_cor,new_matched_realization,tflow,77395,complete,angular_sw_mean,0.1078258752822876,/mnt/vast01/users/fouad.oubari/msgm/rafm-additions/outputs_tflow_full/v2/final/student_t_d16_df50.0_cor/seed_77395/result.json
student_t_d16_df50.0_cor,new_matched_realization,tflow,77395,complete,exploding_norm_rate,0.0,/mnt/vast01/users/fouad.oubari/msgm/rafm-additions/outputs_tflow_full/v2/final/student_t_d16_df50.0_cor/seed_77395/result.json
student_t_d16_df50.0_cor,new_matched_realization,tflow,77395,complete,inf_rate,0.0,/mnt/vast01/users/fouad.oubari/msgm/rafm-additions/outputs_tflow_full/v2/final/student_t_d16_df50.0_cor/seed_77395/result.json
student_t_d16_df50.0_cor,new_matched_realization,tflow,77395,complete,invalid_rate,0.0,/mnt/vast01/users/fouad.oubari/msgm/rafm-additions/outputs_tflow_full/v2/final/student_t_d16_df50.0_cor/seed_77395/result.json
student_t_d16_df50.0_cor,new_matched_realization,tflow,77395,complete,ks_stat,0.2916000187397003,/mnt/vast01/users/fouad.oubari/msgm/rafm-additions/outputs_tflow_full/v2/final/student_t_d16_df50.0_cor/seed_77395/result.json
student_t_d16_df50.0_cor,new_matched_realization,tflow,77395,complete,mmd,0.10546040534973145,/mnt/vast01/users/fouad.oubari/msgm/rafm-additions/outputs_tflow_full/v2/final/student_t_d16_df50.0_cor/seed_77395/result.json
student_t_d16_df50.0_cor,new_matched_realization,tflow,77395,complete,n_params,37392,/mnt/vast01/users/fouad.oubari/msgm/rafm-additions/outputs_tflow_full/v2/final/student_t_d16_df50.0_cor/seed_77395/result.json
student_t_d16_df50.0_cor,new_matched_realization,tflow,77395,complete,nan_rate,0.0,/mnt/vast01/users/fouad.oubari/msgm/rafm-additions/outputs_tflow_full/v2/final/student_t_d16_df50.0_cor/seed_77395/result.json
student_t_d16_df50.0_cor,new_matched_realization,tflow,77395,complete,nfe,512,/mnt/vast01/users/fouad.oubari/msgm/rafm-additions/outputs_tflow_full/v2/final/student_t_d16_df50.0_cor/seed_77395/result.json
student_t_d16_df50.0_cor,new_matched_realization,tflow,77395,complete,q950_err,0.6852741978474178,/mnt/vast01/users/fouad.oubari/msgm/rafm-additions/outputs_tflow_full/v2/final/student_t_d16_df50.0_cor/seed_77395/result.json
student_t_d16_df50.0_cor,new_matched_realization,tflow,77395,complete,q990_err,2.0163620846184593,/mnt/vast01/users/fouad.oubari/msgm/rafm-additions/outputs_tflow_full/v2/final/student_t_d16_df50.0_cor/seed_77395/result.json
student_t_d16_df50.0_cor,new_matched_realization,tflow,77395,complete,q995_err,2.493647760702082,/mnt/vast01/users/fouad.oubari/msgm/rafm-additions/outputs_tflow_full/v2/final/student_t_d16_df50.0_cor/seed_77395/result.json
student_t_d16_df50.0_cor,new_matched_realization,tflow,77395,complete,radial_w1,5.929619312286377,/mnt/vast01/users/fouad.oubari/msgm/rafm-additions/outputs_tflow_full/v2/final/student_t_d16_df50.0_cor/seed_77395/result.json
student_t_d16_df50.0_cor,new_matched_realization,tflow,77395,complete,sample_time_s,0.414840430021286,/mnt/vast01/users/fouad.oubari/msgm/rafm-additions/outputs_tflow_full/v2/final/student_t_d16_df50.0_cor/seed_77395/result.json
student_t_d16_df50.0_cor,new_matched_realization,tflow,77395,complete,sliced_w1,2.4614343643188477,/mnt/vast01/users/fouad.oubari/msgm/rafm-additions/outputs_tflow_full/v2/final/student_t_d16_df50.0_cor/seed_77395/result.json
student_t_d16_df50.0_cor,new_matched_realization,tflow,77395,complete,tail_exc_95,0.19449999630451198,/mnt/vast01/users/fouad.oubari/msgm/rafm-additions/outputs_tflow_full/v2/final/student_t_d16_df50.0_cor/seed_77395/result.json
student_t_d16_df50.0_cor,new_matched_realization,tflow,77395,complete,tail_exc_99,0.13159999787807464,/mnt/vast01/users/fouad.oubari/msgm/rafm-additions/outputs_tflow_full/v2/final/student_t_d16_df50.0_cor/seed_77395/result.json
student_t_d16_df50.0_cor,new_matched_realization,tflow,77395,complete,total_train_time_s,33.62802643701434,/mnt/vast01/users/fouad.oubari/msgm/rafm-additions/outputs_tflow_full/v2/final/student_t_d16_df50.0_cor/seed_77395/result.json
student_t_d16_df50.0_cor,new_matched_realization,tflow,65457,complete,angular_sw_bin0,0.06103488430380821,/mnt/vast01/users/fouad.oubari/msgm/rafm-additions/outputs_tflow_full/v2/final/student_t_d16_df50.0_cor/seed_65457/result.json
student_t_d16_df50.0_cor,new_matched_realization,tflow,65457,complete,angular_sw_bin1,0.06217198073863983,/mnt/vast01/users/fouad.oubari/msgm/rafm-additions/outputs_tflow_full/v2/final/student_t_d16_df50.0_cor/seed_65457/result.json
student_t_d16_df50.0_cor,new_matched_realization,tflow,65457,complete,angular_sw_bin2,0.050645388662815094,/mnt/vast01/users/fouad.oubari/msgm/rafm-additions/outputs_tflow_full/v2/final/student_t_d16_df50.0_cor/seed_65457/result.json
student_t_d16_df50.0_cor,new_matched_realization,tflow,65457,complete,angular_sw_bin3,0.05918256938457489,/mnt/vast01/users/fouad.oubari/msgm/rafm-additions/outputs_tflow_full/v2/final/student_t_d16_df50.0_cor/seed_65457/result.json
student_t_d16_df50.0_cor,new_matched_realization,tflow,65457,complete,angular_sw_mean,0.05825870577245951,/mnt/vast01/users/fouad.oubari/msgm/rafm-additions/outputs_tflow_full/v2/final/student_t_d16_df50.0_cor/seed_65457/result.json
student_t_d16_df50.0_cor,new_matched_realization,tflow,65457,complete,exploding_norm_rate,0.0,/mnt/vast01/users/fouad.oubari/msgm/rafm-additions/outputs_tflow_full/v2/final/student_t_d16_df50.0_cor/seed_65457/result.json
student_t_d16_df50.0_cor,new_matched_realization,tflow,65457,complete,inf_rate,0.0,/mnt/vast01/users/fouad.oubari/msgm/rafm-additions/outputs_tflow_full/v2/final/student_t_d16_df50.0_cor/seed_65457/result.json
student_t_d16_df50.0_cor,new_matched_realization,tflow,65457,complete,invalid_rate,0.0,/mnt/vast01/users/fouad.oubari/msgm/rafm-additions/outputs_tflow_full/v2/final/student_t_d16_df50.0_cor/seed_65457/result.json
student_t_d16_df50.0_cor,new_matched_realization,tflow,65457,complete,ks_stat,0.23489999771118164,/mnt/vast01/users/fouad.oubari/msgm/rafm-additions/outputs_tflow_full/v2/final/student_t_d16_df50.0_cor/seed_65457/result.json
student_t_d16_df50.0_cor,new_matched_realization,tflow,65457,complete,mmd,0.029812216758728027,/mnt/vast01/users/fouad.oubari/msgm/rafm-additions/outputs_tflow_full/v2/final/student_t_d16_df50.0_cor/seed_65457/result.json
student_t_d16_df50.0_cor,new_matched_realization,tflow,65457,complete,n_params,37392,/mnt/vast01/users/fouad.oubari/msgm/rafm-additions/outputs_tflow_full/v2/final/student_t_d16_df50.0_cor/seed_65457/result.json
student_t_d16_df50.0_cor,new_matched_realization,tflow,65457,complete,nan_rate,0.0,/mnt/vast01/users/fouad.oubari/msgm/rafm-additions/outputs_tflow_full/v2/final/student_t_d16_df50.0_cor/seed_65457/result.json
student_t_d16_df50.0_cor,new_matched_realization,tflow,65457,complete,nfe,512,/mnt/vast01/users/fouad.oubari/msgm/rafm-additions/outputs_tflow_full/v2/final/student_t_d16_df50.0_cor/seed_65457/result.json
student_t_d16_df50.0_cor,new_matched_realization,tflow,65457,complete,q950_err,1.3120512020632247,/mnt/vast01/users/fouad.oubari/msgm/rafm-additions/outputs_tflow_full/v2/final/student_t_d16_df50.0_cor/seed_65457/result.json
student_t_d16_df50.0_cor,new_matched_realization,tflow,65457,complete,q990_err,3.2467091678192883,/mnt/vast01/users/fouad.oubari/msgm/rafm-additions/outputs_tflow_full/v2/final/student_t_d16_df50.0_cor/seed_65457/result.json
student_t_d16_df50.0_cor,new_matched_realization,tflow,65457,complete,q995_err,4.198024906105039,/mnt/vast01/users/fouad.oubari/msgm/rafm-additions/outputs_tflow_full/v2/final/student_t_d16_df50.0_cor/seed_65457/result.json
student_t_d16_df50.0_cor,new_matched_realization,tflow,65457,complete,radial_w1,7.376532554626465,/mnt/vast01/users/fouad.oubari/msgm/rafm-additions/outputs_tflow_full/v2/final/student_t_d16_df50.0_cor/seed_65457/result.json
student_t_d16_df50.0_cor,new_matched_realization,tflow,65457,complete,sample_time_s,0.4103263318538666,/mnt/vast01/users/fouad.oubari/msgm/rafm-additions/outputs_tflow_full/v2/final/student_t_d16_df50.0_cor/seed_65457/result.json
student_t_d16_df50.0_cor,new_matched_realization,tflow,65457,complete,sliced_w1,1.8750814199447632,/mnt/vast01/users/fouad.oubari/msgm/rafm-additions/outputs_tflow_full/v2/final/student_t_d16_df50.0_cor/seed_65457/result.json
student_t_d16_df50.0_cor,new_matched_realization,tflow,65457,complete,tail_exc_95,0.21530000567436214,/mnt/vast01/users/fouad.oubari/msgm/rafm-additions/outputs_tflow_full/v2/final/student_t_d16_df50.0_cor/seed_65457/result.json
student_t_d16_df50.0_cor,new_matched_realization,tflow,65457,complete,tail_exc_99,0.17649999797344207,/mnt/vast01/users/fouad.oubari/msgm/rafm-additions/outputs_tflow_full/v2/final/student_t_d16_df50.0_cor/seed_65457/result.json
student_t_d16_df50.0_cor,new_matched_realization,tflow,65457,complete,total_train_time_s,29.916551485657692,/mnt/vast01/users/fouad.oubari/msgm/rafm-additions/outputs_tflow_full/v2/final/student_t_d16_df50.0_cor/seed_65457/result.json
student_t_d256_df3.0_cor,new_matched_realization,tflow,8925,failed,angular_sw_bin0,null,/mnt/vast01/users/fouad.oubari/msgm/rafm-additions/outputs_tflow_full/v2/final/student_t_d256_df3.0_cor/seed_8925/result.json
student_t_d256_df3.0_cor,new_matched_realization,tflow,8925,failed,angular_sw_bin1,null,/mnt/vast01/users/fouad.oubari/msgm/rafm-additions/outputs_tflow_full/v2/final/student_t_d256_df3.0_cor/seed_8925/result.json
student_t_d256_df3.0_cor,new_matched_realization,tflow,8925,failed,angular_sw_bin2,null,/mnt/vast01/users/fouad.oubari/msgm/rafm-additions/outputs_tflow_full/v2/final/student_t_d256_df3.0_cor/seed_8925/result.json
student_t_d256_df3.0_cor,new_matched_realization,tflow,8925,failed,angular_sw_bin3,null,/mnt/vast01/users/fouad.oubari/msgm/rafm-additions/outputs_tflow_full/v2/final/student_t_d256_df3.0_cor/seed_8925/result.json
student_t_d256_df3.0_cor,new_matched_realization,tflow,8925,failed,angular_sw_mean,null,/mnt/vast01/users/fouad.oubari/msgm/rafm-additions/outputs_tflow_full/v2/final/student_t_d256_df3.0_cor/seed_8925/result.json
student_t_d256_df3.0_cor,new_matched_realization,tflow,8925,failed,exploding_norm_rate,0.0,/mnt/vast01/users/fouad.oubari/msgm/rafm-additions/outputs_tflow_full/v2/final/student_t_d256_df3.0_cor/seed_8925/result.json
student_t_d256_df3.0_cor,new_matched_realization,tflow,8925,failed,inf_rate,0.0,/mnt/vast01/users/fouad.oubari/msgm/rafm-additions/outputs_tflow_full/v2/final/student_t_d256_df3.0_cor/seed_8925/result.json
student_t_d256_df3.0_cor,new_matched_realization,tflow,8925,failed,invalid_rate,0.0,/mnt/vast01/users/fouad.oubari/msgm/rafm-additions/outputs_tflow_full/v2/final/student_t_d256_df3.0_cor/seed_8925/result.json
student_t_d256_df3.0_cor,new_matched_realization,tflow,8925,failed,ks_stat,1.0,/mnt/vast01/users/fouad.oubari/msgm/rafm-additions/outputs_tflow_full/v2/final/student_t_d256_df3.0_cor/seed_8925/result.json
student_t_d256_df3.0_cor,new_matched_realization,tflow,8925,failed,mmd,0.19072997570037842,/mnt/vast01/users/fouad.oubari/msgm/rafm-additions/outputs_tflow_full/v2/final/student_t_d256_df3.0_cor/seed_8925/result.json
student_t_d256_df3.0_cor,new_matched_realization,tflow,8925,failed,n_params,99072,/mnt/vast01/users/fouad.oubari/msgm/rafm-additions/outputs_tflow_full/v2/final/student_t_d256_df3.0_cor/seed_8925/result.json
student_t_d256_df3.0_cor,new_matched_realization,tflow,8925,failed,nan_rate,0.0,/mnt/vast01/users/fouad.oubari/msgm/rafm-additions/outputs_tflow_full/v2/final/student_t_d256_df3.0_cor/seed_8925/result.json
student_t_d256_df3.0_cor,new_matched_realization,tflow,8925,failed,nfe,512,/mnt/vast01/users/fouad.oubari/msgm/rafm-additions/outputs_tflow_full/v2/final/student_t_d256_df3.0_cor/seed_8925/result.json
student_t_d256_df3.0_cor,new_matched_realization,tflow,8925,failed,q950_err,488.4242044060604,/mnt/vast01/users/fouad.oubari/msgm/rafm-additions/outputs_tflow_full/v2/final/student_t_d256_df3.0_cor/seed_8925/result.json
student_t_d256_df3.0_cor,new_matched_realization,tflow,8925,failed,q990_err,502.2096198584702,/mnt/vast01/users/fouad.oubari/msgm/rafm-additions/outputs_tflow_full/v2/final/student_t_d256_df3.0_cor/seed_8925/result.json
student_t_d256_df3.0_cor,new_matched_realization,tflow,8925,failed,q995_err,470.3591410079027,/mnt/vast01/users/fouad.oubari/msgm/rafm-additions/outputs_tflow_full/v2/final/student_t_d256_df3.0_cor/seed_8925/result.json
student_t_d256_df3.0_cor,new_matched_realization,tflow,8925,failed,radial_w1,174309.03125,/mnt/vast01/users/fouad.oubari/msgm/rafm-additions/outputs_tflow_full/v2/final/student_t_d256_df3.0_cor/seed_8925/result.json
student_t_d256_df3.0_cor,new_matched_realization,tflow,8925,failed,sample_time_s,0.5480179004371166,/mnt/vast01/users/fouad.oubari/msgm/rafm-additions/outputs_tflow_full/v2/final/student_t_d256_df3.0_cor/seed_8925/result.json
student_t_d256_df3.0_cor,new_matched_realization,tflow,8925,failed,sliced_w1,8701.033203125,/mnt/vast01/users/fouad.oubari/msgm/rafm-additions/outputs_tflow_full/v2/final/student_t_d256_df3.0_cor/seed_8925/result.json
student_t_d256_df3.0_cor,new_matched_realization,tflow,8925,failed,tail_exc_95,0.95,/mnt/vast01/users/fouad.oubari/msgm/rafm-additions/outputs_tflow_full/v2/final/student_t_d256_df3.0_cor/seed_8925/result.json
student_t_d256_df3.0_cor,new_matched_realization,tflow,8925,failed,tail_exc_99,0.99,/mnt/vast01/users/fouad.oubari/msgm/rafm-additions/outputs_tflow_full/v2/final/student_t_d256_df3.0_cor/seed_8925/result.json
student_t_d256_df3.0_cor,new_matched_realization,tflow,8925,failed,total_train_time_s,31.870012782514095,/mnt/vast01/users/fouad.oubari/msgm/rafm-additions/outputs_tflow_full/v2/final/student_t_d256_df3.0_cor/seed_8925/result.json
student_t_d256_df3.0_cor,new_matched_realization,tflow,77395,failed,angular_sw_bin0,null,/mnt/vast01/users/fouad.oubari/msgm/rafm-additions/outputs_tflow_full/v2/final/student_t_d256_df3.0_cor/seed_77395/result.json
student_t_d256_df3.0_cor,new_matched_realization,tflow,77395,failed,angular_sw_bin1,null,/mnt/vast01/users/fouad.oubari/msgm/rafm-additions/outputs_tflow_full/v2/final/student_t_d256_df3.0_cor/seed_77395/result.json
student_t_d256_df3.0_cor,new_matched_realization,tflow,77395,failed,angular_sw_bin2,null,/mnt/vast01/users/fouad.oubari/msgm/rafm-additions/outputs_tflow_full/v2/final/student_t_d256_df3.0_cor/seed_77395/result.json
student_t_d256_df3.0_cor,new_matched_realization,tflow,77395,failed,angular_sw_bin3,null,/mnt/vast01/users/fouad.oubari/msgm/rafm-additions/outputs_tflow_full/v2/final/student_t_d256_df3.0_cor/seed_77395/result.json
student_t_d256_df3.0_cor,new_matched_realization,tflow,77395,failed,angular_sw_mean,null,/mnt/vast01/users/fouad.oubari/msgm/rafm-additions/outputs_tflow_full/v2/final/student_t_d256_df3.0_cor/seed_77395/result.json
student_t_d256_df3.0_cor,new_matched_realization,tflow,77395,failed,exploding_norm_rate,0.0,/mnt/vast01/users/fouad.oubari/msgm/rafm-additions/outputs_tflow_full/v2/final/student_t_d256_df3.0_cor/seed_77395/result.json
student_t_d256_df3.0_cor,new_matched_realization,tflow,77395,failed,inf_rate,0.0,/mnt/vast01/users/fouad.oubari/msgm/rafm-additions/outputs_tflow_full/v2/final/student_t_d256_df3.0_cor/seed_77395/result.json
student_t_d256_df3.0_cor,new_matched_realization,tflow,77395,failed,invalid_rate,0.0,/mnt/vast01/users/fouad.oubari/msgm/rafm-additions/outputs_tflow_full/v2/final/student_t_d256_df3.0_cor/seed_77395/result.json
student_t_d256_df3.0_cor,new_matched_realization,tflow,77395,failed,ks_stat,1.0,/mnt/vast01/users/fouad.oubari/msgm/rafm-additions/outputs_tflow_full/v2/final/student_t_d256_df3.0_cor/seed_77395/result.json
student_t_d256_df3.0_cor,new_matched_realization,tflow,77395,failed,mmd,0.1918952465057373,/mnt/vast01/users/fouad.oubari/msgm/rafm-additions/outputs_tflow_full/v2/final/student_t_d256_df3.0_cor/seed_77395/result.json
student_t_d256_df3.0_cor,new_matched_realization,tflow,77395,failed,n_params,99072,/mnt/vast01/users/fouad.oubari/msgm/rafm-additions/outputs_tflow_full/v2/final/student_t_d256_df3.0_cor/seed_77395/result.json
student_t_d256_df3.0_cor,new_matched_realization,tflow,77395,failed,nan_rate,0.0,/mnt/vast01/users/fouad.oubari/msgm/rafm-additions/outputs_tflow_full/v2/final/student_t_d256_df3.0_cor/seed_77395/result.json
student_t_d256_df3.0_cor,new_matched_realization,tflow,77395,failed,nfe,512,/mnt/vast01/users/fouad.oubari/msgm/rafm-additions/outputs_tflow_full/v2/final/student_t_d256_df3.0_cor/seed_77395/result.json
student_t_d256_df3.0_cor,new_matched_realization,tflow,77395,failed,q950_err,491.50199482995953,/mnt/vast01/users/fouad.oubari/msgm/rafm-additions/outputs_tflow_full/v2/final/student_t_d256_df3.0_cor/seed_77395/result.json
student_t_d256_df3.0_cor,new_matched_realization,tflow,77395,failed,q990_err,504.8819000071324,/mnt/vast01/users/fouad.oubari/msgm/rafm-additions/outputs_tflow_full/v2/final/student_t_d256_df3.0_cor/seed_77395/result.json
student_t_d256_df3.0_cor,new_matched_realization,tflow,77395,failed,q995_err,473.03033074069697,/mnt/vast01/users/fouad.oubari/msgm/rafm-additions/outputs_tflow_full/v2/final/student_t_d256_df3.0_cor/seed_77395/result.json
student_t_d256_df3.0_cor,new_matched_realization,tflow,77395,failed,radial_w1,174799.1875,/mnt/vast01/users/fouad.oubari/msgm/rafm-additions/outputs_tflow_full/v2/final/student_t_d256_df3.0_cor/seed_77395/result.json
student_t_d256_df3.0_cor,new_matched_realization,tflow,77395,failed,sample_time_s,0.5506706051528454,/mnt/vast01/users/fouad.oubari/msgm/rafm-additions/outputs_tflow_full/v2/final/student_t_d256_df3.0_cor/seed_77395/result.json
student_t_d256_df3.0_cor,new_matched_realization,tflow,77395,failed,sliced_w1,8726.2880859375,/mnt/vast01/users/fouad.oubari/msgm/rafm-additions/outputs_tflow_full/v2/final/student_t_d256_df3.0_cor/seed_77395/result.json
student_t_d256_df3.0_cor,new_matched_realization,tflow,77395,failed,tail_exc_95,0.95,/mnt/vast01/users/fouad.oubari/msgm/rafm-additions/outputs_tflow_full/v2/final/student_t_d256_df3.0_cor/seed_77395/result.json
student_t_d256_df3.0_cor,new_matched_realization,tflow,77395,failed,tail_exc_99,0.99,/mnt/vast01/users/fouad.oubari/msgm/rafm-additions/outputs_tflow_full/v2/final/student_t_d256_df3.0_cor/seed_77395/result.json
student_t_d256_df3.0_cor,new_matched_realization,tflow,77395,failed,total_train_time_s,34.0400546900928,/mnt/vast01/users/fouad.oubari/msgm/rafm-additions/outputs_tflow_full/v2/final/student_t_d256_df3.0_cor/seed_77395/result.json
student_t_d256_df3.0_cor,new_matched_realization,tflow,65457,failed,angular_sw_bin0,null,/mnt/vast01/users/fouad.oubari/msgm/rafm-additions/outputs_tflow_full/v2/final/student_t_d256_df3.0_cor/seed_65457/result.json
student_t_d256_df3.0_cor,new_matched_realization,tflow,65457,failed,angular_sw_bin1,null,/mnt/vast01/users/fouad.oubari/msgm/rafm-additions/outputs_tflow_full/v2/final/student_t_d256_df3.0_cor/seed_65457/result.json
student_t_d256_df3.0_cor,new_matched_realization,tflow,65457,failed,angular_sw_bin2,null,/mnt/vast01/users/fouad.oubari/msgm/rafm-additions/outputs_tflow_full/v2/final/student_t_d256_df3.0_cor/seed_65457/result.json
student_t_d256_df3.0_cor,new_matched_realization,tflow,65457,failed,angular_sw_bin3,null,/mnt/vast01/users/fouad.oubari/msgm/rafm-additions/outputs_tflow_full/v2/final/student_t_d256_df3.0_cor/seed_65457/result.json
student_t_d256_df3.0_cor,new_matched_realization,tflow,65457,failed,angular_sw_mean,null,/mnt/vast01/users/fouad.oubari/msgm/rafm-additions/outputs_tflow_full/v2/final/student_t_d256_df3.0_cor/seed_65457/result.json
student_t_d256_df3.0_cor,new_matched_realization,tflow,65457,failed,exploding_norm_rate,0.0,/mnt/vast01/users/fouad.oubari/msgm/rafm-additions/outputs_tflow_full/v2/final/student_t_d256_df3.0_cor/seed_65457/result.json
student_t_d256_df3.0_cor,new_matched_realization,tflow,65457,failed,inf_rate,0.0,/mnt/vast01/users/fouad.oubari/msgm/rafm-additions/outputs_tflow_full/v2/final/student_t_d256_df3.0_cor/seed_65457/result.json
student_t_d256_df3.0_cor,new_matched_realization,tflow,65457,failed,invalid_rate,0.0,/mnt/vast01/users/fouad.oubari/msgm/rafm-additions/outputs_tflow_full/v2/final/student_t_d256_df3.0_cor/seed_65457/result.json
student_t_d256_df3.0_cor,new_matched_realization,tflow,65457,failed,ks_stat,1.0,/mnt/vast01/users/fouad.oubari/msgm/rafm-additions/outputs_tflow_full/v2/final/student_t_d256_df3.0_cor/seed_65457/result.json
student_t_d256_df3.0_cor,new_matched_realization,tflow,65457,failed,mmd,0.19056284427642822,/mnt/vast01/users/fouad.oubari/msgm/rafm-additions/outputs_tflow_full/v2/final/student_t_d256_df3.0_cor/seed_65457/result.json
student_t_d256_df3.0_cor,new_matched_realization,tflow,65457,failed,n_params,99072,/mnt/vast01/users/fouad.oubari/msgm/rafm-additions/outputs_tflow_full/v2/final/student_t_d256_df3.0_cor/seed_65457/result.json
student_t_d256_df3.0_cor,new_matched_realization,tflow,65457,failed,nan_rate,0.0,/mnt/vast01/users/fouad.oubari/msgm/rafm-additions/outputs_tflow_full/v2/final/student_t_d256_df3.0_cor/seed_65457/result.json
student_t_d256_df3.0_cor,new_matched_realization,tflow,65457,failed,nfe,512,/mnt/vast01/users/fouad.oubari/msgm/rafm-additions/outputs_tflow_full/v2/final/student_t_d256_df3.0_cor/seed_65457/result.json
student_t_d256_df3.0_cor,new_matched_realization,tflow,65457,failed,q950_err,492.2620104887322,/mnt/vast01/users/fouad.oubari/msgm/rafm-additions/outputs_tflow_full/v2/final/student_t_d256_df3.0_cor/seed_65457/result.json
student_t_d256_df3.0_cor,new_matched_realization,tflow,65457,failed,q990_err,501.74524219336445,/mnt/vast01/users/fouad.oubari/msgm/rafm-additions/outputs_tflow_full/v2/final/student_t_d256_df3.0_cor/seed_65457/result.json
student_t_d256_df3.0_cor,new_matched_realization,tflow,65457,failed,q995_err,475.8233550394645,/mnt/vast01/users/fouad.oubari/msgm/rafm-additions/outputs_tflow_full/v2/final/student_t_d256_df3.0_cor/seed_65457/result.json
student_t_d256_df3.0_cor,new_matched_realization,tflow,65457,failed,radial_w1,174817.515625,/mnt/vast01/users/fouad.oubari/msgm/rafm-additions/outputs_tflow_full/v2/final/student_t_d256_df3.0_cor/seed_65457/result.json
student_t_d256_df3.0_cor,new_matched_realization,tflow,65457,failed,sample_time_s,0.550898440182209,/mnt/vast01/users/fouad.oubari/msgm/rafm-additions/outputs_tflow_full/v2/final/student_t_d256_df3.0_cor/seed_65457/result.json
student_t_d256_df3.0_cor,new_matched_realization,tflow,65457,failed,sliced_w1,8730.1640625,/mnt/vast01/users/fouad.oubari/msgm/rafm-additions/outputs_tflow_full/v2/final/student_t_d256_df3.0_cor/seed_65457/result.json
student_t_d256_df3.0_cor,new_matched_realization,tflow,65457,failed,tail_exc_95,0.95,/mnt/vast01/users/fouad.oubari/msgm/rafm-additions/outputs_tflow_full/v2/final/student_t_d256_df3.0_cor/seed_65457/result.json
student_t_d256_df3.0_cor,new_matched_realization,tflow,65457,failed,tail_exc_99,0.99,/mnt/vast01/users/fouad.oubari/msgm/rafm-additions/outputs_tflow_full/v2/final/student_t_d256_df3.0_cor/seed_65457/result.json
student_t_d256_df3.0_cor,new_matched_realization,tflow,65457,failed,total_train_time_s,33.97093651816249,/mnt/vast01/users/fouad.oubari/msgm/rafm-additions/outputs_tflow_full/v2/final/student_t_d256_df3.0_cor/seed_65457/result.json
student_t_d2_df3.0_cor,new_matched_realization,tflow,8925,complete,angular_sw_bin0,0.2028564065694809,/mnt/vast01/users/fouad.oubari/msgm/rafm-additions/outputs_tflow_full/v2/final/student_t_d2_df3.0_cor/seed_8925/result.json
student_t_d2_df3.0_cor,new_matched_realization,tflow,8925,complete,angular_sw_bin1,0.39923471212387085,/mnt/vast01/users/fouad.oubari/msgm/rafm-additions/outputs_tflow_full/v2/final/student_t_d2_df3.0_cor/seed_8925/result.json
student_t_d2_df3.0_cor,new_matched_realization,tflow,8925,complete,angular_sw_bin2,0.5769797563552856,/mnt/vast01/users/fouad.oubari/msgm/rafm-additions/outputs_tflow_full/v2/final/student_t_d2_df3.0_cor/seed_8925/result.json
student_t_d2_df3.0_cor,new_matched_realization,tflow,8925,complete,angular_sw_bin3,0.5561800003051758,/mnt/vast01/users/fouad.oubari/msgm/rafm-additions/outputs_tflow_full/v2/final/student_t_d2_df3.0_cor/seed_8925/result.json
student_t_d2_df3.0_cor,new_matched_realization,tflow,8925,complete,angular_sw_mean,0.4338127188384533,/mnt/vast01/users/fouad.oubari/msgm/rafm-additions/outputs_tflow_full/v2/final/student_t_d2_df3.0_cor/seed_8925/result.json
student_t_d2_df3.0_cor,new_matched_realization,tflow,8925,complete,exploding_norm_rate,0.004600000102072954,/mnt/vast01/users/fouad.oubari/msgm/rafm-additions/outputs_tflow_full/v2/final/student_t_d2_df3.0_cor/seed_8925/result.json
student_t_d2_df3.0_cor,new_matched_realization,tflow,8925,complete,inf_rate,0.0,/mnt/vast01/users/fouad.oubari/msgm/rafm-additions/outputs_tflow_full/v2/final/student_t_d2_df3.0_cor/seed_8925/result.json
student_t_d2_df3.0_cor,new_matched_realization,tflow,8925,complete,invalid_rate,0.004600000102072954,/mnt/vast01/users/fouad.oubari/msgm/rafm-additions/outputs_tflow_full/v2/final/student_t_d2_df3.0_cor/seed_8925/result.json
student_t_d2_df3.0_cor,new_matched_realization,tflow,8925,complete,ks_stat,0.2782000005245209,/mnt/vast01/users/fouad.oubari/msgm/rafm-additions/outputs_tflow_full/v2/final/student_t_d2_df3.0_cor/seed_8925/result.json
student_t_d2_df3.0_cor,new_matched_realization,tflow,8925,complete,mmd,0.18536663055419922,/mnt/vast01/users/fouad.oubari/msgm/rafm-additions/outputs_tflow_full/v2/final/student_t_d2_df3.0_cor/seed_8925/result.json
student_t_d2_df3.0_cor,new_matched_realization,tflow,8925,complete,n_params,33794,/mnt/vast01/users/fouad.oubari/msgm/rafm-additions/outputs_tflow_full/v2/final/student_t_d2_df3.0_cor/seed_8925/result.json
student_t_d2_df3.0_cor,new_matched_realization,tflow,8925,complete,nan_rate,0.0,/mnt/vast01/users/fouad.oubari/msgm/rafm-additions/outputs_tflow_full/v2/final/student_t_d2_df3.0_cor/seed_8925/result.json
student_t_d2_df3.0_cor,new_matched_realization,tflow,8925,complete,nfe,512,/mnt/vast01/users/fouad.oubari/msgm/rafm-additions/outputs_tflow_full/v2/final/student_t_d2_df3.0_cor/seed_8925/result.json
student_t_d2_df3.0_cor,new_matched_realization,tflow,8925,complete,q950_err,0.1286589691413678,/mnt/vast01/users/fouad.oubari/msgm/rafm-additions/outputs_tflow_full/v2/final/student_t_d2_df3.0_cor/seed_8925/result.json
student_t_d2_df3.0_cor,new_matched_realization,tflow,8925,complete,q990_err,3.255976141372572,/mnt/vast01/users/fouad.oubari/msgm/rafm-additions/outputs_tflow_full/v2/final/student_t_d2_df3.0_cor/seed_8925/result.json
student_t_d2_df3.0_cor,new_matched_realization,tflow,8925,complete,q995_err,14.808152873014592,/mnt/vast01/users/fouad.oubari/msgm/rafm-additions/outputs_tflow_full/v2/final/student_t_d2_df3.0_cor/seed_8925/result.json
student_t_d2_df3.0_cor,new_matched_realization,tflow,8925,complete,radial_w1,1.1698291301727295,/mnt/vast01/users/fouad.oubari/msgm/rafm-additions/outputs_tflow_full/v2/final/student_t_d2_df3.0_cor/seed_8925/result.json
student_t_d2_df3.0_cor,new_matched_realization,tflow,8925,complete,sample_time_s,0.4367915689945221,/mnt/vast01/users/fouad.oubari/msgm/rafm-additions/outputs_tflow_full/v2/final/student_t_d2_df3.0_cor/seed_8925/result.json
student_t_d2_df3.0_cor,new_matched_realization,tflow,8925,complete,sliced_w1,0.9736449718475342,/mnt/vast01/users/fouad.oubari/msgm/rafm-additions/outputs_tflow_full/v2/final/student_t_d2_df3.0_cor/seed_8925/result.json
student_t_d2_df3.0_cor,new_matched_realization,tflow,8925,complete,tail_exc_95,0.015099999308586076,/mnt/vast01/users/fouad.oubari/msgm/rafm-additions/outputs_tflow_full/v2/final/student_t_d2_df3.0_cor/seed_8925/result.json
student_t_d2_df3.0_cor,new_matched_realization,tflow,8925,complete,tail_exc_99,0.017300000190734854,/mnt/vast01/users/fouad.oubari/msgm/rafm-additions/outputs_tflow_full/v2/final/student_t_d2_df3.0_cor/seed_8925/result.json
student_t_d2_df3.0_cor,new_matched_realization,tflow,8925,complete,total_train_time_s,31.1071273162961,/mnt/vast01/users/fouad.oubari/msgm/rafm-additions/outputs_tflow_full/v2/final/student_t_d2_df3.0_cor/seed_8925/result.json
student_t_d2_df3.0_cor,new_matched_realization,tflow,77395,complete,angular_sw_bin0,0.3054402768611908,/mnt/vast01/users/fouad.oubari/msgm/rafm-additions/outputs_tflow_full/v2/final/student_t_d2_df3.0_cor/seed_77395/result.json
student_t_d2_df3.0_cor,new_matched_realization,tflow,77395,complete,angular_sw_bin1,0.5314416289329529,/mnt/vast01/users/fouad.oubari/msgm/rafm-additions/outputs_tflow_full/v2/final/student_t_d2_df3.0_cor/seed_77395/result.json
student_t_d2_df3.0_cor,new_matched_realization,tflow,77395,complete,angular_sw_bin2,0.5950547456741333,/mnt/vast01/users/fouad.oubari/msgm/rafm-additions/outputs_tflow_full/v2/final/student_t_d2_df3.0_cor/seed_77395/result.json
student_t_d2_df3.0_cor,new_matched_realization,tflow,77395,complete,angular_sw_bin3,0.620127260684967,/mnt/vast01/users/fouad.oubari/msgm/rafm-additions/outputs_tflow_full/v2/final/student_t_d2_df3.0_cor/seed_77395/result.json
student_t_d2_df3.0_cor,new_matched_realization,tflow,77395,complete,angular_sw_mean,0.513015978038311,/mnt/vast01/users/fouad.oubari/msgm/rafm-additions/outputs_tflow_full/v2/final/student_t_d2_df3.0_cor/seed_77395/result.json
student_t_d2_df3.0_cor,new_matched_realization,tflow,77395,complete,exploding_norm_rate,0.0019000000320374966,/mnt/vast01/users/fouad.oubari/msgm/rafm-additions/outputs_tflow_full/v2/final/student_t_d2_df3.0_cor/seed_77395/result.json
student_t_d2_df3.0_cor,new_matched_realization,tflow,77395,complete,inf_rate,0.0,/mnt/vast01/users/fouad.oubari/msgm/rafm-additions/outputs_tflow_full/v2/final/student_t_d2_df3.0_cor/seed_77395/result.json
student_t_d2_df3.0_cor,new_matched_realization,tflow,77395,complete,invalid_rate,0.0019000000320374966,/mnt/vast01/users/fouad.oubari/msgm/rafm-additions/outputs_tflow_full/v2/final/student_t_d2_df3.0_cor/seed_77395/result.json
student_t_d2_df3.0_cor,new_matched_realization,tflow,77395,complete,ks_stat,0.39980000257492065,/mnt/vast01/users/fouad.oubari/msgm/rafm-additions/outputs_tflow_full/v2/final/student_t_d2_df3.0_cor/seed_77395/result.json
student_t_d2_df3.0_cor,new_matched_realization,tflow,77395,complete,mmd,0.3244520425796509,/mnt/vast01/users/fouad.oubari/msgm/rafm-additions/outputs_tflow_full/v2/final/student_t_d2_df3.0_cor/seed_77395/result.json
student_t_d2_df3.0_cor,new_matched_realization,tflow,77395,complete,n_params,33794,/mnt/vast01/users/fouad.oubari/msgm/rafm-additions/outputs_tflow_full/v2/final/student_t_d2_df3.0_cor/seed_77395/result.json
student_t_d2_df3.0_cor,new_matched_realization,tflow,77395,complete,nan_rate,0.0,/mnt/vast01/users/fouad.oubari/msgm/rafm-additions/outputs_tflow_full/v2/final/student_t_d2_df3.0_cor/seed_77395/result.json
student_t_d2_df3.0_cor,new_matched_realization,tflow,77395,complete,nfe,512,/mnt/vast01/users/fouad.oubari/msgm/rafm-additions/outputs_tflow_full/v2/final/student_t_d2_df3.0_cor/seed_77395/result.json
student_t_d2_df3.0_cor,new_matched_realization,tflow,77395,complete,q950_err,0.042511729356696754,/mnt/vast01/users/fouad.oubari/msgm/rafm-additions/outputs_tflow_full/v2/final/student_t_d2_df3.0_cor/seed_77395/result.json
student_t_d2_df3.0_cor,new_matched_realization,tflow,77395,complete,q990_err,2.1712681919090193,/mnt/vast01/users/fouad.oubari/msgm/rafm-additions/outputs_tflow_full/v2/final/student_t_d2_df3.0_cor/seed_77395/result.json
student_t_d2_df3.0_cor,new_matched_realization,tflow,77395,complete,q995_err,7.679346927481982,/mnt/vast01/users/fouad.oubari/msgm/rafm-additions/outputs_tflow_full/v2/final/student_t_d2_df3.0_cor/seed_77395/result.json
student_t_d2_df3.0_cor,new_matched_realization,tflow,77395,complete,radial_w1,0.7525757551193237,/mnt/vast01/users/fouad.oubari/msgm/rafm-additions/outputs_tflow_full/v2/final/student_t_d2_df3.0_cor/seed_77395/result.json
student_t_d2_df3.0_cor,new_matched_realization,tflow,77395,complete,sample_time_s,0.44475705176591873,/mnt/vast01/users/fouad.oubari/msgm/rafm-additions/outputs_tflow_full/v2/final/student_t_d2_df3.0_cor/seed_77395/result.json
student_t_d2_df3.0_cor,new_matched_realization,tflow,77395,complete,sliced_w1,0.7717213034629822,/mnt/vast01/users/fouad.oubari/msgm/rafm-additions/outputs_tflow_full/v2/final/student_t_d2_df3.0_cor/seed_77395/result.json
student_t_d2_df3.0_cor,new_matched_realization,tflow,77395,complete,tail_exc_95,0.004600000381469682,/mnt/vast01/users/fouad.oubari/msgm/rafm-additions/outputs_tflow_full/v2/final/student_t_d2_df3.0_cor/seed_77395/result.json
student_t_d2_df3.0_cor,new_matched_realization,tflow,77395,complete,tail_exc_99,0.014199999868869773,/mnt/vast01/users/fouad.oubari/msgm/rafm-additions/outputs_tflow_full/v2/final/student_t_d2_df3.0_cor/seed_77395/result.json
student_t_d2_df3.0_cor,new_matched_realization,tflow,77395,complete,total_train_time_s,33.17177526280284,/mnt/vast01/users/fouad.oubari/msgm/rafm-additions/outputs_tflow_full/v2/final/student_t_d2_df3.0_cor/seed_77395/result.json
student_t_d2_df3.0_cor,new_matched_realization,tflow,65457,complete,angular_sw_bin0,0.4349871873855591,/mnt/vast01/users/fouad.oubari/msgm/rafm-additions/outputs_tflow_full/v2/final/student_t_d2_df3.0_cor/seed_65457/result.json
student_t_d2_df3.0_cor,new_matched_realization,tflow,65457,complete,angular_sw_bin1,0.4500443637371063,/mnt/vast01/users/fouad.oubari/msgm/rafm-additions/outputs_tflow_full/v2/final/student_t_d2_df3.0_cor/seed_65457/result.json
student_t_d2_df3.0_cor,new_matched_realization,tflow,65457,complete,angular_sw_bin2,0.3284247815608978,/mnt/vast01/users/fouad.oubari/msgm/rafm-additions/outputs_tflow_full/v2/final/student_t_d2_df3.0_cor/seed_65457/result.json
student_t_d2_df3.0_cor,new_matched_realization,tflow,65457,complete,angular_sw_bin3,0.33557721972465515,/mnt/vast01/users/fouad.oubari/msgm/rafm-additions/outputs_tflow_full/v2/final/student_t_d2_df3.0_cor/seed_65457/result.json
student_t_d2_df3.0_cor,new_matched_realization,tflow,65457,complete,angular_sw_mean,0.3872583881020546,/mnt/vast01/users/fouad.oubari/msgm/rafm-additions/outputs_tflow_full/v2/final/student_t_d2_df3.0_cor/seed_65457/result.json
student_t_d2_df3.0_cor,new_matched_realization,tflow,65457,complete,exploding_norm_rate,0.005400000140070915,/mnt/vast01/users/fouad.oubari/msgm/rafm-additions/outputs_tflow_full/v2/final/student_t_d2_df3.0_cor/seed_65457/result.json
student_t_d2_df3.0_cor,new_matched_realization,tflow,65457,complete,inf_rate,0.0,/mnt/vast01/users/fouad.oubari/msgm/rafm-additions/outputs_tflow_full/v2/final/student_t_d2_df3.0_cor/seed_65457/result.json
student_t_d2_df3.0_cor,new_matched_realization,tflow,65457,complete,invalid_rate,0.005400000140070915,/mnt/vast01/users/fouad.oubari/msgm/rafm-additions/outputs_tflow_full/v2/final/student_t_d2_df3.0_cor/seed_65457/result.json
student_t_d2_df3.0_cor,new_matched_realization,tflow,65457,complete,ks_stat,0.4562000036239624,/mnt/vast01/users/fouad.oubari/msgm/rafm-additions/outputs_tflow_full/v2/final/student_t_d2_df3.0_cor/seed_65457/result.json
student_t_d2_df3.0_cor,new_matched_realization,tflow,65457,complete,mmd,0.18405967950820923,/mnt/vast01/users/fouad.oubari/msgm/rafm-additions/outputs_tflow_full/v2/final/student_t_d2_df3.0_cor/seed_65457/result.json
student_t_d2_df3.0_cor,new_matched_realization,tflow,65457,complete,n_params,33794,/mnt/vast01/users/fouad.oubari/msgm/rafm-additions/outputs_tflow_full/v2/final/student_t_d2_df3.0_cor/seed_65457/result.json
student_t_d2_df3.0_cor,new_matched_realization,tflow,65457,complete,nan_rate,0.0,/mnt/vast01/users/fouad.oubari/msgm/rafm-additions/outputs_tflow_full/v2/final/student_t_d2_df3.0_cor/seed_65457/result.json
student_t_d2_df3.0_cor,new_matched_realization,tflow,65457,complete,nfe,512,/mnt/vast01/users/fouad.oubari/msgm/rafm-additions/outputs_tflow_full/v2/final/student_t_d2_df3.0_cor/seed_65457/result.json
student_t_d2_df3.0_cor,new_matched_realization,tflow,65457,complete,q950_err,0.5517744735711873,/mnt/vast01/users/fouad.oubari/msgm/rafm-additions/outputs_tflow_full/v2/final/student_t_d2_df3.0_cor/seed_65457/result.json
student_t_d2_df3.0_cor,new_matched_realization,tflow,65457,complete,q990_err,0.3083047927436788,/mnt/vast01/users/fouad.oubari/msgm/rafm-additions/outputs_tflow_full/v2/final/student_t_d2_df3.0_cor/seed_65457/result.json
student_t_d2_df3.0_cor,new_matched_realization,tflow,65457,complete,q995_err,4.838948075874706,/mnt/vast01/users/fouad.oubari/msgm/rafm-additions/outputs_tflow_full/v2/final/student_t_d2_df3.0_cor/seed_65457/result.json
student_t_d2_df3.0_cor,new_matched_realization,tflow,65457,complete,radial_w1,1.0408251285552979,/mnt/vast01/users/fouad.oubari/msgm/rafm-additions/outputs_tflow_full/v2/final/student_t_d2_df3.0_cor/seed_65457/result.json
student_t_d2_df3.0_cor,new_matched_realization,tflow,65457,complete,sample_time_s,0.4478166475892067,/mnt/vast01/users/fouad.oubari/msgm/rafm-additions/outputs_tflow_full/v2/final/student_t_d2_df3.0_cor/seed_65457/result.json
student_t_d2_df3.0_cor,new_matched_realization,tflow,65457,complete,sliced_w1,0.7120949029922485,/mnt/vast01/users/fouad.oubari/msgm/rafm-additions/outputs_tflow_full/v2/final/student_t_d2_df3.0_cor/seed_65457/result.json
student_t_d2_df3.0_cor,new_matched_realization,tflow,65457,complete,tail_exc_95,0.03090000078082089,/mnt/vast01/users/fouad.oubari/msgm/rafm-additions/outputs_tflow_full/v2/final/student_t_d2_df3.0_cor/seed_65457/result.json
student_t_d2_df3.0_cor,new_matched_realization,tflow,65457,complete,tail_exc_99,0.0016999996826052577,/mnt/vast01/users/fouad.oubari/msgm/rafm-additions/outputs_tflow_full/v2/final/student_t_d2_df3.0_cor/seed_65457/result.json
student_t_d2_df3.0_cor,new_matched_realization,tflow,65457,complete,total_train_time_s,34.24963844195008,/mnt/vast01/users/fouad.oubari/msgm/rafm-additions/outputs_tflow_full/v2/final/student_t_d2_df3.0_cor/seed_65457/result.json
student_t_d32_df3.0_cor,new_matched_realization,tflow,8925,complete,angular_sw_bin0,0.12738560140132904,/mnt/vast01/users/fouad.oubari/msgm/rafm-additions/outputs_tflow_full/v2/final/student_t_d32_df3.0_cor/seed_8925/result.json
student_t_d32_df3.0_cor,new_matched_realization,tflow,8925,complete,angular_sw_bin1,0.13338392972946167,/mnt/vast01/users/fouad.oubari/msgm/rafm-additions/outputs_tflow_full/v2/final/student_t_d32_df3.0_cor/seed_8925/result.json
student_t_d32_df3.0_cor,new_matched_realization,tflow,8925,complete,angular_sw_bin2,0.15275850892066956,/mnt/vast01/users/fouad.oubari/msgm/rafm-additions/outputs_tflow_full/v2/final/student_t_d32_df3.0_cor/seed_8925/result.json
student_t_d32_df3.0_cor,new_matched_realization,tflow,8925,complete,angular_sw_bin3,0.14756451547145844,/mnt/vast01/users/fouad.oubari/msgm/rafm-additions/outputs_tflow_full/v2/final/student_t_d32_df3.0_cor/seed_8925/result.json
student_t_d32_df3.0_cor,new_matched_realization,tflow,8925,complete,angular_sw_mean,0.14027313888072968,/mnt/vast01/users/fouad.oubari/msgm/rafm-additions/outputs_tflow_full/v2/final/student_t_d32_df3.0_cor/seed_8925/result.json
student_t_d32_df3.0_cor,new_matched_realization,tflow,8925,complete,exploding_norm_rate,9.999999747378752e-05,/mnt/vast01/users/fouad.oubari/msgm/rafm-additions/outputs_tflow_full/v2/final/student_t_d32_df3.0_cor/seed_8925/result.json
student_t_d32_df3.0_cor,new_matched_realization,tflow,8925,complete,inf_rate,0.0,/mnt/vast01/users/fouad.oubari/msgm/rafm-additions/outputs_tflow_full/v2/final/student_t_d32_df3.0_cor/seed_8925/result.json
student_t_d32_df3.0_cor,new_matched_realization,tflow,8925,complete,invalid_rate,9.999999747378752e-05,/mnt/vast01/users/fouad.oubari/msgm/rafm-additions/outputs_tflow_full/v2/final/student_t_d32_df3.0_cor/seed_8925/result.json
student_t_d32_df3.0_cor,new_matched_realization,tflow,8925,complete,ks_stat,0.4022999703884125,/mnt/vast01/users/fouad.oubari/msgm/rafm-additions/outputs_tflow_full/v2/final/student_t_d32_df3.0_cor/seed_8925/result.json
student_t_d32_df3.0_cor,new_matched_realization,tflow,8925,complete,mmd,0.3298894762992859,/mnt/vast01/users/fouad.oubari/msgm/rafm-additions/outputs_tflow_full/v2/final/student_t_d32_df3.0_cor/seed_8925/result.json
student_t_d32_df3.0_cor,new_matched_realization,tflow,8925,complete,n_params,41504,/mnt/vast01/users/fouad.oubari/msgm/rafm-additions/outputs_tflow_full/v2/final/student_t_d32_df3.0_cor/seed_8925/result.json
student_t_d32_df3.0_cor,new_matched_realization,tflow,8925,complete,nan_rate,0.0,/mnt/vast01/users/fouad.oubari/msgm/rafm-additions/outputs_tflow_full/v2/final/student_t_d32_df3.0_cor/seed_8925/result.json
student_t_d32_df3.0_cor,new_matched_realization,tflow,8925,complete,nfe,512,/mnt/vast01/users/fouad.oubari/msgm/rafm-additions/outputs_tflow_full/v2/final/student_t_d32_df3.0_cor/seed_8925/result.json
student_t_d32_df3.0_cor,new_matched_realization,tflow,8925,complete,q950_err,0.7286102593687618,/mnt/vast01/users/fouad.oubari/msgm/rafm-additions/outputs_tflow_full/v2/final/student_t_d32_df3.0_cor/seed_8925/result.json
student_t_d32_df3.0_cor,new_matched_realization,tflow,8925,complete,q990_err,2.1591670395008196,/mnt/vast01/users/fouad.oubari/msgm/rafm-additions/outputs_tflow_full/v2/final/student_t_d32_df3.0_cor/seed_8925/result.json
student_t_d32_df3.0_cor,new_matched_realization,tflow,8925,complete,q995_err,3.1134900184120653,/mnt/vast01/users/fouad.oubari/msgm/rafm-additions/outputs_tflow_full/v2/final/student_t_d32_df3.0_cor/seed_8925/result.json
student_t_d32_df3.0_cor,new_matched_realization,tflow,8925,complete,radial_w1,30.088171005249023,/mnt/vast01/users/fouad.oubari/msgm/rafm-additions/outputs_tflow_full/v2/final/student_t_d32_df3.0_cor/seed_8925/result.json
student_t_d32_df3.0_cor,new_matched_realization,tflow,8925,complete,sample_time_s,0.4164467193186283,/mnt/vast01/users/fouad.oubari/msgm/rafm-additions/outputs_tflow_full/v2/final/student_t_d32_df3.0_cor/seed_8925/result.json
student_t_d32_df3.0_cor,new_matched_realization,tflow,8925,complete,sliced_w1,10.226751327514648,/mnt/vast01/users/fouad.oubari/msgm/rafm-additions/outputs_tflow_full/v2/final/student_t_d32_df3.0_cor/seed_8925/result.json
student_t_d32_df3.0_cor,new_matched_realization,tflow,8925,complete,tail_exc_95,0.1793000072240829,/mnt/vast01/users/fouad.oubari/msgm/rafm-additions/outputs_tflow_full/v2/final/student_t_d32_df3.0_cor/seed_8925/result.json
student_t_d32_df3.0_cor,new_matched_realization,tflow,8925,complete,tail_exc_99,0.06339999824762343,/mnt/vast01/users/fouad.oubari/msgm/rafm-additions/outputs_tflow_full/v2/final/student_t_d32_df3.0_cor/seed_8925/result.json
student_t_d32_df3.0_cor,new_matched_realization,tflow,8925,complete,total_train_time_s,32.04414330050349,/mnt/vast01/users/fouad.oubari/msgm/rafm-additions/outputs_tflow_full/v2/final/student_t_d32_df3.0_cor/seed_8925/result.json
student_t_d32_df3.0_cor,new_matched_realization,tflow,77395,complete,angular_sw_bin0,0.12319540977478027,/mnt/vast01/users/fouad.oubari/msgm/rafm-additions/outputs_tflow_full/v2/final/student_t_d32_df3.0_cor/seed_77395/result.json
student_t_d32_df3.0_cor,new_matched_realization,tflow,77395,complete,angular_sw_bin1,0.13379313051700592,/mnt/vast01/users/fouad.oubari/msgm/rafm-additions/outputs_tflow_full/v2/final/student_t_d32_df3.0_cor/seed_77395/result.json
student_t_d32_df3.0_cor,new_matched_realization,tflow,77395,complete,angular_sw_bin2,0.13693316280841827,/mnt/vast01/users/fouad.oubari/msgm/rafm-additions/outputs_tflow_full/v2/final/student_t_d32_df3.0_cor/seed_77395/result.json
student_t_d32_df3.0_cor,new_matched_realization,tflow,77395,complete,angular_sw_bin3,0.12906110286712646,/mnt/vast01/users/fouad.oubari/msgm/rafm-additions/outputs_tflow_full/v2/final/student_t_d32_df3.0_cor/seed_77395/result.json
student_t_d32_df3.0_cor,new_matched_realization,tflow,77395,complete,angular_sw_mean,0.13074570149183273,/mnt/vast01/users/fouad.oubari/msgm/rafm-additions/outputs_tflow_full/v2/final/student_t_d32_df3.0_cor/seed_77395/result.json
student_t_d32_df3.0_cor,new_matched_realization,tflow,77395,complete,exploding_norm_rate,0.0005000000237487257,/mnt/vast01/users/fouad.oubari/msgm/rafm-additions/outputs_tflow_full/v2/final/student_t_d32_df3.0_cor/seed_77395/result.json
student_t_d32_df3.0_cor,new_matched_realization,tflow,77395,complete,inf_rate,0.0,/mnt/vast01/users/fouad.oubari/msgm/rafm-additions/outputs_tflow_full/v2/final/student_t_d32_df3.0_cor/seed_77395/result.json
student_t_d32_df3.0_cor,new_matched_realization,tflow,77395,complete,invalid_rate,0.0005000000237487257,/mnt/vast01/users/fouad.oubari/msgm/rafm-additions/outputs_tflow_full/v2/final/student_t_d32_df3.0_cor/seed_77395/result.json
student_t_d32_df3.0_cor,new_matched_realization,tflow,77395,complete,ks_stat,0.10539999604225159,/mnt/vast01/users/fouad.oubari/msgm/rafm-additions/outputs_tflow_full/v2/final/student_t_d32_df3.0_cor/seed_77395/result.json
student_t_d32_df3.0_cor,new_matched_realization,tflow,77395,complete,mmd,0.23046445846557617,/mnt/vast01/users/fouad.oubari/msgm/rafm-additions/outputs_tflow_full/v2/final/student_t_d32_df3.0_cor/seed_77395/result.json
student_t_d32_df3.0_cor,new_matched_realization,tflow,77395,complete,n_params,41504,/mnt/vast01/users/fouad.oubari/msgm/rafm-additions/outputs_tflow_full/v2/final/student_t_d32_df3.0_cor/seed_77395/result.json
student_t_d32_df3.0_cor,new_matched_realization,tflow,77395,complete,nan_rate,0.0,/mnt/vast01/users/fouad.oubari/msgm/rafm-additions/outputs_tflow_full/v2/final/student_t_d32_df3.0_cor/seed_77395/result.json
student_t_d32_df3.0_cor,new_matched_realization,tflow,77395,complete,nfe,512,/mnt/vast01/users/fouad.oubari/msgm/rafm-additions/outputs_tflow_full/v2/final/student_t_d32_df3.0_cor/seed_77395/result.json
student_t_d32_df3.0_cor,new_matched_realization,tflow,77395,complete,q950_err,0.017401725476114942,/mnt/vast01/users/fouad.oubari/msgm/rafm-additions/outputs_tflow_full/v2/final/student_t_d32_df3.0_cor/seed_77395/result.json
student_t_d32_df3.0_cor,new_matched_realization,tflow,77395,complete,q990_err,0.18496286035256645,/mnt/vast01/users/fouad.oubari/msgm/rafm-additions/outputs_tflow_full/v2/final/student_t_d32_df3.0_cor/seed_77395/result.json
student_t_d32_df3.0_cor,new_matched_realization,tflow,77395,complete,q995_err,0.5713651144067455,/mnt/vast01/users/fouad.oubari/msgm/rafm-additions/outputs_tflow_full/v2/final/student_t_d32_df3.0_cor/seed_77395/result.json
student_t_d32_df3.0_cor,new_matched_realization,tflow,77395,complete,radial_w1,10.020683288574219,/mnt/vast01/users/fouad.oubari/msgm/rafm-additions/outputs_tflow_full/v2/final/student_t_d32_df3.0_cor/seed_77395/result.json
student_t_d32_df3.0_cor,new_matched_realization,tflow,77395,complete,sample_time_s,0.4173743836581707,/mnt/vast01/users/fouad.oubari/msgm/rafm-additions/outputs_tflow_full/v2/final/student_t_d32_df3.0_cor/seed_77395/result.json
student_t_d32_df3.0_cor,new_matched_realization,tflow,77395,complete,sliced_w1,7.230409622192383,/mnt/vast01/users/fouad.oubari/msgm/rafm-additions/outputs_tflow_full/v2/final/student_t_d32_df3.0_cor/seed_77395/result.json
student_t_d32_df3.0_cor,new_matched_realization,tflow,77395,complete,tail_exc_95,0.0035000003874301466,/mnt/vast01/users/fouad.oubari/msgm/rafm-additions/outputs_tflow_full/v2/final/student_t_d32_df3.0_cor/seed_77395/result.json
student_t_d32_df3.0_cor,new_matched_realization,tflow,77395,complete,tail_exc_99,0.005200000256299964,/mnt/vast01/users/fouad.oubari/msgm/rafm-additions/outputs_tflow_full/v2/final/student_t_d32_df3.0_cor/seed_77395/result.json
student_t_d32_df3.0_cor,new_matched_realization,tflow,77395,complete,total_train_time_s,30.696609560400248,/mnt/vast01/users/fouad.oubari/msgm/rafm-additions/outputs_tflow_full/v2/final/student_t_d32_df3.0_cor/seed_77395/result.json
student_t_d32_df3.0_cor,new_matched_realization,tflow,65457,complete,angular_sw_bin0,0.11242176592350006,/mnt/vast01/users/fouad.oubari/msgm/rafm-additions/outputs_tflow_full/v2/final/student_t_d32_df3.0_cor/seed_65457/result.json
student_t_d32_df3.0_cor,new_matched_realization,tflow,65457,complete,angular_sw_bin1,0.11127825826406479,/mnt/vast01/users/fouad.oubari/msgm/rafm-additions/outputs_tflow_full/v2/final/student_t_d32_df3.0_cor/seed_65457/result.json
student_t_d32_df3.0_cor,new_matched_realization,tflow,65457,complete,angular_sw_bin2,0.10860133916139603,/mnt/vast01/users/fouad.oubari/msgm/rafm-additions/outputs_tflow_full/v2/final/student_t_d32_df3.0_cor/seed_65457/result.json
student_t_d32_df3.0_cor,new_matched_realization,tflow,65457,complete,angular_sw_bin3,0.09758730232715607,/mnt/vast01/users/fouad.oubari/msgm/rafm-additions/outputs_tflow_full/v2/final/student_t_d32_df3.0_cor/seed_65457/result.json
student_t_d32_df3.0_cor,new_matched_realization,tflow,65457,complete,angular_sw_mean,0.10747216641902924,/mnt/vast01/users/fouad.oubari/msgm/rafm-additions/outputs_tflow_full/v2/final/student_t_d32_df3.0_cor/seed_65457/result.json
student_t_d32_df3.0_cor,new_matched_realization,tflow,65457,complete,exploding_norm_rate,0.0010000000474974513,/mnt/vast01/users/fouad.oubari/msgm/rafm-additions/outputs_tflow_full/v2/final/student_t_d32_df3.0_cor/seed_65457/result.json
student_t_d32_df3.0_cor,new_matched_realization,tflow,65457,complete,inf_rate,0.0,/mnt/vast01/users/fouad.oubari/msgm/rafm-additions/outputs_tflow_full/v2/final/student_t_d32_df3.0_cor/seed_65457/result.json
student_t_d32_df3.0_cor,new_matched_realization,tflow,65457,complete,invalid_rate,0.0010000000474974513,/mnt/vast01/users/fouad.oubari/msgm/rafm-additions/outputs_tflow_full/v2/final/student_t_d32_df3.0_cor/seed_65457/result.json
student_t_d32_df3.0_cor,new_matched_realization,tflow,65457,complete,ks_stat,0.32999998331069946,/mnt/vast01/users/fouad.oubari/msgm/rafm-additions/outputs_tflow_full/v2/final/student_t_d32_df3.0_cor/seed_65457/result.json
student_t_d32_df3.0_cor,new_matched_realization,tflow,65457,complete,mmd,0.1355276107788086,/mnt/vast01/users/fouad.oubari/msgm/rafm-additions/outputs_tflow_full/v2/final/student_t_d32_df3.0_cor/seed_65457/result.json
student_t_d32_df3.0_cor,new_matched_realization,tflow,65457,complete,n_params,41504,/mnt/vast01/users/fouad.oubari/msgm/rafm-additions/outputs_tflow_full/v2/final/student_t_d32_df3.0_cor/seed_65457/result.json
student_t_d32_df3.0_cor,new_matched_realization,tflow,65457,complete,nan_rate,0.0,/mnt/vast01/users/fouad.oubari/msgm/rafm-additions/outputs_tflow_full/v2/final/student_t_d32_df3.0_cor/seed_65457/result.json
student_t_d32_df3.0_cor,new_matched_realization,tflow,65457,complete,nfe,512,/mnt/vast01/users/fouad.oubari/msgm/rafm-additions/outputs_tflow_full/v2/final/student_t_d32_df3.0_cor/seed_65457/result.json
student_t_d32_df3.0_cor,new_matched_realization,tflow,65457,complete,q950_err,0.0029953901916502015,/mnt/vast01/users/fouad.oubari/msgm/rafm-additions/outputs_tflow_full/v2/final/student_t_d32_df3.0_cor/seed_65457/result.json
student_t_d32_df3.0_cor,new_matched_realization,tflow,65457,complete,q990_err,0.6673283810476813,/mnt/vast01/users/fouad.oubari/msgm/rafm-additions/outputs_tflow_full/v2/final/student_t_d32_df3.0_cor/seed_65457/result.json
student_t_d32_df3.0_cor,new_matched_realization,tflow,65457,complete,q995_err,1.724191270499763,/mnt/vast01/users/fouad.oubari/msgm/rafm-additions/outputs_tflow_full/v2/final/student_t_d32_df3.0_cor/seed_65457/result.json
student_t_d32_df3.0_cor,new_matched_realization,tflow,65457,complete,radial_w1,20.458831787109375,/mnt/vast01/users/fouad.oubari/msgm/rafm-additions/outputs_tflow_full/v2/final/student_t_d32_df3.0_cor/seed_65457/result.json
student_t_d32_df3.0_cor,new_matched_realization,tflow,65457,complete,sample_time_s,0.4197036139667034,/mnt/vast01/users/fouad.oubari/msgm/rafm-additions/outputs_tflow_full/v2/final/student_t_d32_df3.0_cor/seed_65457/result.json
student_t_d32_df3.0_cor,new_matched_realization,tflow,65457,complete,sliced_w1,6.406959533691406,/mnt/vast01/users/fouad.oubari/msgm/rafm-additions/outputs_tflow_full/v2/final/student_t_d32_df3.0_cor/seed_65457/result.json
student_t_d32_df3.0_cor,new_matched_realization,tflow,65457,complete,tail_exc_95,0.0002999983727931532,/mnt/vast01/users/fouad.oubari/msgm/rafm-additions/outputs_tflow_full/v2/final/student_t_d32_df3.0_cor/seed_65457/result.json
student_t_d32_df3.0_cor,new_matched_realization,tflow,65457,complete,tail_exc_99,0.010999999716877928,/mnt/vast01/users/fouad.oubari/msgm/rafm-additions/outputs_tflow_full/v2/final/student_t_d32_df3.0_cor/seed_65457/result.json
student_t_d32_df3.0_cor,new_matched_realization,tflow,65457,complete,total_train_time_s,32.751089826226234,/mnt/vast01/users/fouad.oubari/msgm/rafm-additions/outputs_tflow_full/v2/final/student_t_d32_df3.0_cor/seed_65457/result.json
student_t_d64_df3.0_cor,new_matched_realization,tflow,8925,failed,angular_sw_bin0,null,/mnt/vast01/users/fouad.oubari/msgm/rafm-additions/outputs_tflow_full/v2/final/student_t_d64_df3.0_cor/seed_8925/result.json
student_t_d64_df3.0_cor,new_matched_realization,tflow,8925,failed,angular_sw_bin1,null,/mnt/vast01/users/fouad.oubari/msgm/rafm-additions/outputs_tflow_full/v2/final/student_t_d64_df3.0_cor/seed_8925/result.json
student_t_d64_df3.0_cor,new_matched_realization,tflow,8925,failed,angular_sw_bin2,null,/mnt/vast01/users/fouad.oubari/msgm/rafm-additions/outputs_tflow_full/v2/final/student_t_d64_df3.0_cor/seed_8925/result.json
student_t_d64_df3.0_cor,new_matched_realization,tflow,8925,failed,angular_sw_bin3,0.06412355601787567,/mnt/vast01/users/fouad.oubari/msgm/rafm-additions/outputs_tflow_full/v2/final/student_t_d64_df3.0_cor/seed_8925/result.json
student_t_d64_df3.0_cor,new_matched_realization,tflow,8925,failed,angular_sw_mean,0.06412355601787567,/mnt/vast01/users/fouad.oubari/msgm/rafm-additions/outputs_tflow_full/v2/final/student_t_d64_df3.0_cor/seed_8925/result.json
student_t_d64_df3.0_cor,new_matched_realization,tflow,8925,failed,exploding_norm_rate,0.0,/mnt/vast01/users/fouad.oubari/msgm/rafm-additions/outputs_tflow_full/v2/final/student_t_d64_df3.0_cor/seed_8925/result.json
student_t_d64_df3.0_cor,new_matched_realization,tflow,8925,failed,inf_rate,0.0,/mnt/vast01/users/fouad.oubari/msgm/rafm-additions/outputs_tflow_full/v2/final/student_t_d64_df3.0_cor/seed_8925/result.json
student_t_d64_df3.0_cor,new_matched_realization,tflow,8925,failed,invalid_rate,0.0,/mnt/vast01/users/fouad.oubari/msgm/rafm-additions/outputs_tflow_full/v2/final/student_t_d64_df3.0_cor/seed_8925/result.json
student_t_d64_df3.0_cor,new_matched_realization,tflow,8925,failed,ks_stat,0.9967000484466553,/mnt/vast01/users/fouad.oubari/msgm/rafm-additions/outputs_tflow_full/v2/final/student_t_d64_df3.0_cor/seed_8925/result.json
student_t_d64_df3.0_cor,new_matched_realization,tflow,8925,failed,mmd,0.31172627210617065,/mnt/vast01/users/fouad.oubari/msgm/rafm-additions/outputs_tflow_full/v2/final/student_t_d64_df3.0_cor/seed_8925/result.json
student_t_d64_df3.0_cor,new_matched_realization,tflow,8925,failed,n_params,49728,/mnt/vast01/users/fouad.oubari/msgm/rafm-additions/outputs_tflow_full/v2/final/student_t_d64_df3.0_cor/seed_8925/result.json
student_t_d64_df3.0_cor,new_matched_realization,tflow,8925,failed,nan_rate,0.0,/mnt/vast01/users/fouad.oubari/msgm/rafm-additions/outputs_tflow_full/v2/final/student_t_d64_df3.0_cor/seed_8925/result.json
student_t_d64_df3.0_cor,new_matched_realization,tflow,8925,failed,nfe,512,/mnt/vast01/users/fouad.oubari/msgm/rafm-additions/outputs_tflow_full/v2/final/student_t_d64_df3.0_cor/seed_8925/result.json
student_t_d64_df3.0_cor,new_matched_realization,tflow,8925,failed,q950_err,102.80698272568485,/mnt/vast01/users/fouad.oubari/msgm/rafm-additions/outputs_tflow_full/v2/final/student_t_d64_df3.0_cor/seed_8925/result.json
student_t_d64_df3.0_cor,new_matched_realization,tflow,8925,failed,q990_err,119.24697011008412,/mnt/vast01/users/fouad.oubari/msgm/rafm-additions/outputs_tflow_full/v2/final/student_t_d64_df3.0_cor/seed_8925/result.json
student_t_d64_df3.0_cor,new_matched_realization,tflow,8925,failed,q995_err,120.55761772523717,/mnt/vast01/users/fouad.oubari/msgm/rafm-additions/outputs_tflow_full/v2/final/student_t_d64_df3.0_cor/seed_8925/result.json
student_t_d64_df3.0_cor,new_matched_realization,tflow,8925,failed,radial_w1,6145.02880859375,/mnt/vast01/users/fouad.oubari/msgm/rafm-additions/outputs_tflow_full/v2/final/student_t_d64_df3.0_cor/seed_8925/result.json
student_t_d64_df3.0_cor,new_matched_realization,tflow,8925,failed,sample_time_s,0.4325050562620163,/mnt/vast01/users/fouad.oubari/msgm/rafm-additions/outputs_tflow_full/v2/final/student_t_d64_df3.0_cor/seed_8925/result.json
student_t_d64_df3.0_cor,new_matched_realization,tflow,8925,failed,sliced_w1,617.5135498046875,/mnt/vast01/users/fouad.oubari/msgm/rafm-additions/outputs_tflow_full/v2/final/student_t_d64_df3.0_cor/seed_8925/result.json
student_t_d64_df3.0_cor,new_matched_realization,tflow,8925,failed,tail_exc_95,0.9498999834060669,/mnt/vast01/users/fouad.oubari/msgm/rafm-additions/outputs_tflow_full/v2/final/student_t_d64_df3.0_cor/seed_8925/result.json
student_t_d64_df3.0_cor,new_matched_realization,tflow,8925,failed,tail_exc_99,0.9894999766349792,/mnt/vast01/users/fouad.oubari/msgm/rafm-additions/outputs_tflow_full/v2/final/student_t_d64_df3.0_cor/seed_8925/result.json
student_t_d64_df3.0_cor,new_matched_realization,tflow,8925,failed,total_train_time_s,30.5297997482121,/mnt/vast01/users/fouad.oubari/msgm/rafm-additions/outputs_tflow_full/v2/final/student_t_d64_df3.0_cor/seed_8925/result.json
student_t_d64_df3.0_cor,new_matched_realization,tflow,77395,failed,angular_sw_bin0,null,/mnt/vast01/users/fouad.oubari/msgm/rafm-additions/outputs_tflow_full/v2/final/student_t_d64_df3.0_cor/seed_77395/result.json
student_t_d64_df3.0_cor,new_matched_realization,tflow,77395,failed,angular_sw_bin1,null,/mnt/vast01/users/fouad.oubari/msgm/rafm-additions/outputs_tflow_full/v2/final/student_t_d64_df3.0_cor/seed_77395/result.json
student_t_d64_df3.0_cor,new_matched_realization,tflow,77395,failed,angular_sw_bin2,null,/mnt/vast01/users/fouad.oubari/msgm/rafm-additions/outputs_tflow_full/v2/final/student_t_d64_df3.0_cor/seed_77395/result.json
student_t_d64_df3.0_cor,new_matched_realization,tflow,77395,failed,angular_sw_bin3,0.060631122440099716,/mnt/vast01/users/fouad.oubari/msgm/rafm-additions/outputs_tflow_full/v2/final/student_t_d64_df3.0_cor/seed_77395/result.json
student_t_d64_df3.0_cor,new_matched_realization,tflow,77395,failed,angular_sw_mean,0.060631122440099716,/mnt/vast01/users/fouad.oubari/msgm/rafm-additions/outputs_tflow_full/v2/final/student_t_d64_df3.0_cor/seed_77395/result.json
student_t_d64_df3.0_cor,new_matched_realization,tflow,77395,failed,exploding_norm_rate,0.0,/mnt/vast01/users/fouad.oubari/msgm/rafm-additions/outputs_tflow_full/v2/final/student_t_d64_df3.0_cor/seed_77395/result.json
student_t_d64_df3.0_cor,new_matched_realization,tflow,77395,failed,inf_rate,0.0,/mnt/vast01/users/fouad.oubari/msgm/rafm-additions/outputs_tflow_full/v2/final/student_t_d64_df3.0_cor/seed_77395/result.json
student_t_d64_df3.0_cor,new_matched_realization,tflow,77395,failed,invalid_rate,0.0,/mnt/vast01/users/fouad.oubari/msgm/rafm-additions/outputs_tflow_full/v2/final/student_t_d64_df3.0_cor/seed_77395/result.json
student_t_d64_df3.0_cor,new_matched_realization,tflow,77395,failed,ks_stat,0.992900013923645,/mnt/vast01/users/fouad.oubari/msgm/rafm-additions/outputs_tflow_full/v2/final/student_t_d64_df3.0_cor/seed_77395/result.json
student_t_d64_df3.0_cor,new_matched_realization,tflow,77395,failed,mmd,0.3084374666213989,/mnt/vast01/users/fouad.oubari/msgm/rafm-additions/outputs_tflow_full/v2/final/student_t_d64_df3.0_cor/seed_77395/result.json
student_t_d64_df3.0_cor,new_matched_realization,tflow,77395,failed,n_params,49728,/mnt/vast01/users/fouad.oubari/msgm/rafm-additions/outputs_tflow_full/v2/final/student_t_d64_df3.0_cor/seed_77395/result.json
student_t_d64_df3.0_cor,new_matched_realization,tflow,77395,failed,nan_rate,0.0,/mnt/vast01/users/fouad.oubari/msgm/rafm-additions/outputs_tflow_full/v2/final/student_t_d64_df3.0_cor/seed_77395/result.json
student_t_d64_df3.0_cor,new_matched_realization,tflow,77395,failed,nfe,512,/mnt/vast01/users/fouad.oubari/msgm/rafm-additions/outputs_tflow_full/v2/final/student_t_d64_df3.0_cor/seed_77395/result.json
student_t_d64_df3.0_cor,new_matched_realization,tflow,77395,failed,q950_err,100.91782010875524,/mnt/vast01/users/fouad.oubari/msgm/rafm-additions/outputs_tflow_full/v2/final/student_t_d64_df3.0_cor/seed_77395/result.json
student_t_d64_df3.0_cor,new_matched_realization,tflow,77395,failed,q990_err,116.26636802585541,/mnt/vast01/users/fouad.oubari/msgm/rafm-additions/outputs_tflow_full/v2/final/student_t_d64_df3.0_cor/seed_77395/result.json
student_t_d64_df3.0_cor,new_matched_realization,tflow,77395,failed,q995_err,114.06369689502375,/mnt/vast01/users/fouad.oubari/msgm/rafm-additions/outputs_tflow_full/v2/final/student_t_d64_df3.0_cor/seed_77395/result.json
student_t_d64_df3.0_cor,new_matched_realization,tflow,77395,failed,radial_w1,5707.767578125,/mnt/vast01/users/fouad.oubari/msgm/rafm-additions/outputs_tflow_full/v2/final/student_t_d64_df3.0_cor/seed_77395/result.json
student_t_d64_df3.0_cor,new_matched_realization,tflow,77395,failed,sample_time_s,0.43152254819869995,/mnt/vast01/users/fouad.oubari/msgm/rafm-additions/outputs_tflow_full/v2/final/student_t_d64_df3.0_cor/seed_77395/result.json
student_t_d64_df3.0_cor,new_matched_realization,tflow,77395,failed,sliced_w1,570.9359130859375,/mnt/vast01/users/fouad.oubari/msgm/rafm-additions/outputs_tflow_full/v2/final/student_t_d64_df3.0_cor/seed_77395/result.json
student_t_d64_df3.0_cor,new_matched_realization,tflow,77395,failed,tail_exc_95,0.9498999834060669,/mnt/vast01/users/fouad.oubari/msgm/rafm-additions/outputs_tflow_full/v2/final/student_t_d64_df3.0_cor/seed_77395/result.json
student_t_d64_df3.0_cor,new_matched_realization,tflow,77395,failed,tail_exc_99,0.9886000061035156,/mnt/vast01/users/fouad.oubari/msgm/rafm-additions/outputs_tflow_full/v2/final/student_t_d64_df3.0_cor/seed_77395/result.json
student_t_d64_df3.0_cor,new_matched_realization,tflow,77395,failed,total_train_time_s,30.539913587272167,/mnt/vast01/users/fouad.oubari/msgm/rafm-additions/outputs_tflow_full/v2/final/student_t_d64_df3.0_cor/seed_77395/result.json
student_t_d64_df3.0_cor,new_matched_realization,tflow,65457,failed,angular_sw_bin0,null,/mnt/vast01/users/fouad.oubari/msgm/rafm-additions/outputs_tflow_full/v2/final/student_t_d64_df3.0_cor/seed_65457/result.json
student_t_d64_df3.0_cor,new_matched_realization,tflow,65457,failed,angular_sw_bin1,null,/mnt/vast01/users/fouad.oubari/msgm/rafm-additions/outputs_tflow_full/v2/final/student_t_d64_df3.0_cor/seed_65457/result.json
student_t_d64_df3.0_cor,new_matched_realization,tflow,65457,failed,angular_sw_bin2,null,/mnt/vast01/users/fouad.oubari/msgm/rafm-additions/outputs_tflow_full/v2/final/student_t_d64_df3.0_cor/seed_65457/result.json
student_t_d64_df3.0_cor,new_matched_realization,tflow,65457,failed,angular_sw_bin3,0.08466260880231857,/mnt/vast01/users/fouad.oubari/msgm/rafm-additions/outputs_tflow_full/v2/final/student_t_d64_df3.0_cor/seed_65457/result.json
student_t_d64_df3.0_cor,new_matched_realization,tflow,65457,failed,angular_sw_mean,0.08466260880231857,/mnt/vast01/users/fouad.oubari/msgm/rafm-additions/outputs_tflow_full/v2/final/student_t_d64_df3.0_cor/seed_65457/result.json
student_t_d64_df3.0_cor,new_matched_realization,tflow,65457,failed,exploding_norm_rate,0.0,/mnt/vast01/users/fouad.oubari/msgm/rafm-additions/outputs_tflow_full/v2/final/student_t_d64_df3.0_cor/seed_65457/result.json
student_t_d64_df3.0_cor,new_matched_realization,tflow,65457,failed,inf_rate,0.0,/mnt/vast01/users/fouad.oubari/msgm/rafm-additions/outputs_tflow_full/v2/final/student_t_d64_df3.0_cor/seed_65457/result.json
student_t_d64_df3.0_cor,new_matched_realization,tflow,65457,failed,invalid_rate,0.0,/mnt/vast01/users/fouad.oubari/msgm/rafm-additions/outputs_tflow_full/v2/final/student_t_d64_df3.0_cor/seed_65457/result.json
student_t_d64_df3.0_cor,new_matched_realization,tflow,65457,failed,ks_stat,0.999500036239624,/mnt/vast01/users/fouad.oubari/msgm/rafm-additions/outputs_tflow_full/v2/final/student_t_d64_df3.0_cor/seed_65457/result.json
student_t_d64_df3.0_cor,new_matched_realization,tflow,65457,failed,mmd,0.319801926612854,/mnt/vast01/users/fouad.oubari/msgm/rafm-additions/outputs_tflow_full/v2/final/student_t_d64_df3.0_cor/seed_65457/result.json
student_t_d64_df3.0_cor,new_matched_realization,tflow,65457,failed,n_params,49728,/mnt/vast01/users/fouad.oubari/msgm/rafm-additions/outputs_tflow_full/v2/final/student_t_d64_df3.0_cor/seed_65457/result.json
student_t_d64_df3.0_cor,new_matched_realization,tflow,65457,failed,nan_rate,0.0,/mnt/vast01/users/fouad.oubari/msgm/rafm-additions/outputs_tflow_full/v2/final/student_t_d64_df3.0_cor/seed_65457/result.json
student_t_d64_df3.0_cor,new_matched_realization,tflow,65457,failed,nfe,512,/mnt/vast01/users/fouad.oubari/msgm/rafm-additions/outputs_tflow_full/v2/final/student_t_d64_df3.0_cor/seed_65457/result.json
student_t_d64_df3.0_cor,new_matched_realization,tflow,65457,failed,q950_err,112.21541242997326,/mnt/vast01/users/fouad.oubari/msgm/rafm-additions/outputs_tflow_full/v2/final/student_t_d64_df3.0_cor/seed_65457/result.json
student_t_d64_df3.0_cor,new_matched_realization,tflow,65457,failed,q990_err,124.26447179806449,/mnt/vast01/users/fouad.oubari/msgm/rafm-additions/outputs_tflow_full/v2/final/student_t_d64_df3.0_cor/seed_65457/result.json
student_t_d64_df3.0_cor,new_matched_realization,tflow,65457,failed,q995_err,123.79891176210941,/mnt/vast01/users/fouad.oubari/msgm/rafm-additions/outputs_tflow_full/v2/final/student_t_d64_df3.0_cor/seed_65457/result.json
student_t_d64_df3.0_cor,new_matched_realization,tflow,65457,failed,radial_w1,6966.228515625,/mnt/vast01/users/fouad.oubari/msgm/rafm-additions/outputs_tflow_full/v2/final/student_t_d64_df3.0_cor/seed_65457/result.json
student_t_d64_df3.0_cor,new_matched_realization,tflow,65457,failed,sample_time_s,0.4330044724047184,/mnt/vast01/users/fouad.oubari/msgm/rafm-additions/outputs_tflow_full/v2/final/student_t_d64_df3.0_cor/seed_65457/result.json
student_t_d64_df3.0_cor,new_matched_realization,tflow,65457,failed,sliced_w1,705.2107543945312,/mnt/vast01/users/fouad.oubari/msgm/rafm-additions/outputs_tflow_full/v2/final/student_t_d64_df3.0_cor/seed_65457/result.json
student_t_d64_df3.0_cor,new_matched_realization,tflow,65457,failed,tail_exc_95,0.95,/mnt/vast01/users/fouad.oubari/msgm/rafm-additions/outputs_tflow_full/v2/final/student_t_d64_df3.0_cor/seed_65457/result.json
student_t_d64_df3.0_cor,new_matched_realization,tflow,65457,failed,tail_exc_99,0.99,/mnt/vast01/users/fouad.oubari/msgm/rafm-additions/outputs_tflow_full/v2/final/student_t_d64_df3.0_cor/seed_65457/result.json
student_t_d64_df3.0_cor,new_matched_realization,tflow,65457,failed,total_train_time_s,30.93287067860365,/mnt/vast01/users/fouad.oubari/msgm/rafm-additions/outputs_tflow_full/v2/final/student_t_d64_df3.0_cor/seed_65457/result.json
student_t_d8_df3.0_cor,new_matched_realization,tflow,8925,complete,angular_sw_bin0,0.10799134522676468,/mnt/vast01/users/fouad.oubari/msgm/rafm-additions/outputs_tflow_full/v2/final/student_t_d8_df3.0_cor/seed_8925/result.json
student_t_d8_df3.0_cor,new_matched_realization,tflow,8925,complete,angular_sw_bin1,0.1682177037000656,/mnt/vast01/users/fouad.oubari/msgm/rafm-additions/outputs_tflow_full/v2/final/student_t_d8_df3.0_cor/seed_8925/result.json
student_t_d8_df3.0_cor,new_matched_realization,tflow,8925,complete,angular_sw_bin2,0.20157328248023987,/mnt/vast01/users/fouad.oubari/msgm/rafm-additions/outputs_tflow_full/v2/final/student_t_d8_df3.0_cor/seed_8925/result.json
student_t_d8_df3.0_cor,new_matched_realization,tflow,8925,complete,angular_sw_bin3,0.26216158270835876,/mnt/vast01/users/fouad.oubari/msgm/rafm-additions/outputs_tflow_full/v2/final/student_t_d8_df3.0_cor/seed_8925/result.json
student_t_d8_df3.0_cor,new_matched_realization,tflow,8925,complete,angular_sw_mean,0.18498597852885723,/mnt/vast01/users/fouad.oubari/msgm/rafm-additions/outputs_tflow_full/v2/final/student_t_d8_df3.0_cor/seed_8925/result.json
student_t_d8_df3.0_cor,new_matched_realization,tflow,8925,complete,exploding_norm_rate,0.0007999999797903001,/mnt/vast01/users/fouad.oubari/msgm/rafm-additions/outputs_tflow_full/v2/final/student_t_d8_df3.0_cor/seed_8925/result.json
student_t_d8_df3.0_cor,new_matched_realization,tflow,8925,complete,inf_rate,0.0,/mnt/vast01/users/fouad.oubari/msgm/rafm-additions/outputs_tflow_full/v2/final/student_t_d8_df3.0_cor/seed_8925/result.json
student_t_d8_df3.0_cor,new_matched_realization,tflow,8925,complete,invalid_rate,0.0007999999797903001,/mnt/vast01/users/fouad.oubari/msgm/rafm-additions/outputs_tflow_full/v2/final/student_t_d8_df3.0_cor/seed_8925/result.json
student_t_d8_df3.0_cor,new_matched_realization,tflow,8925,complete,ks_stat,0.21410000324249268,/mnt/vast01/users/fouad.oubari/msgm/rafm-additions/outputs_tflow_full/v2/final/student_t_d8_df3.0_cor/seed_8925/result.json
student_t_d8_df3.0_cor,new_matched_realization,tflow,8925,complete,mmd,0.14988183975219727,/mnt/vast01/users/fouad.oubari/msgm/rafm-additions/outputs_tflow_full/v2/final/student_t_d8_df3.0_cor/seed_8925/result.json
student_t_d8_df3.0_cor,new_matched_realization,tflow,8925,complete,n_params,35336,/mnt/vast01/users/fouad.oubari/msgm/rafm-additions/outputs_tflow_full/v2/final/student_t_d8_df3.0_cor/seed_8925/result.json
student_t_d8_df3.0_cor,new_matched_realization,tflow,8925,complete,nan_rate,0.0,/mnt/vast01/users/fouad.oubari/msgm/rafm-additions/outputs_tflow_full/v2/final/student_t_d8_df3.0_cor/seed_8925/result.json
student_t_d8_df3.0_cor,new_matched_realization,tflow,8925,complete,nfe,512,/mnt/vast01/users/fouad.oubari/msgm/rafm-additions/outputs_tflow_full/v2/final/student_t_d8_df3.0_cor/seed_8925/result.json
student_t_d8_df3.0_cor,new_matched_realization,tflow,8925,complete,q950_err,0.27192264275822065,/mnt/vast01/users/fouad.oubari/msgm/rafm-additions/outputs_tflow_full/v2/final/student_t_d8_df3.0_cor/seed_8925/result.json
student_t_d8_df3.0_cor,new_matched_realization,tflow,8925,complete,q990_err,0.7425248008769002,/mnt/vast01/users/fouad.oubari/msgm/rafm-additions/outputs_tflow_full/v2/final/student_t_d8_df3.0_cor/seed_8925/result.json
student_t_d8_df3.0_cor,new_matched_realization,tflow,8925,complete,q995_err,1.1998187025896643,/mnt/vast01/users/fouad.oubari/msgm/rafm-additions/outputs_tflow_full/v2/final/student_t_d8_df3.0_cor/seed_8925/result.json
student_t_d8_df3.0_cor,new_matched_realization,tflow,8925,complete,radial_w1,8.640021324157715,/mnt/vast01/users/fouad.oubari/msgm/rafm-additions/outputs_tflow_full/v2/final/student_t_d8_df3.0_cor/seed_8925/result.json
student_t_d8_df3.0_cor,new_matched_realization,tflow,8925,complete,sample_time_s,0.4361104555428028,/mnt/vast01/users/fouad.oubari/msgm/rafm-additions/outputs_tflow_full/v2/final/student_t_d8_df3.0_cor/seed_8925/result.json
student_t_d8_df3.0_cor,new_matched_realization,tflow,8925,complete,sliced_w1,4.885653495788574,/mnt/vast01/users/fouad.oubari/msgm/rafm-additions/outputs_tflow_full/v2/final/student_t_d8_df3.0_cor/seed_8925/result.json
student_t_d8_df3.0_cor,new_matched_realization,tflow,8925,complete,tail_exc_95,0.04409999847412105,/mnt/vast01/users/fouad.oubari/msgm/rafm-additions/outputs_tflow_full/v2/final/student_t_d8_df3.0_cor/seed_8925/result.json
student_t_d8_df3.0_cor,new_matched_realization,tflow,8925,complete,tail_exc_99,0.018500000014901152,/mnt/vast01/users/fouad.oubari/msgm/rafm-additions/outputs_tflow_full/v2/final/student_t_d8_df3.0_cor/seed_8925/result.json
student_t_d8_df3.0_cor,new_matched_realization,tflow,8925,complete,total_train_time_s,31.53794963285327,/mnt/vast01/users/fouad.oubari/msgm/rafm-additions/outputs_tflow_full/v2/final/student_t_d8_df3.0_cor/seed_8925/result.json
student_t_d8_df3.0_cor,new_matched_realization,tflow,77395,complete,angular_sw_bin0,0.10339920967817307,/mnt/vast01/users/fouad.oubari/msgm/rafm-additions/outputs_tflow_full/v2/final/student_t_d8_df3.0_cor/seed_77395/result.json
student_t_d8_df3.0_cor,new_matched_realization,tflow,77395,complete,angular_sw_bin1,0.15929251909255981,/mnt/vast01/users/fouad.oubari/msgm/rafm-additions/outputs_tflow_full/v2/final/student_t_d8_df3.0_cor/seed_77395/result.json
student_t_d8_df3.0_cor,new_matched_realization,tflow,77395,complete,angular_sw_bin2,0.19792033731937408,/mnt/vast01/users/fouad.oubari/msgm/rafm-additions/outputs_tflow_full/v2/final/student_t_d8_df3.0_cor/seed_77395/result.json
student_t_d8_df3.0_cor,new_matched_realization,tflow,77395,complete,angular_sw_bin3,0.2457922399044037,/mnt/vast01/users/fouad.oubari/msgm/rafm-additions/outputs_tflow_full/v2/final/student_t_d8_df3.0_cor/seed_77395/result.json
student_t_d8_df3.0_cor,new_matched_realization,tflow,77395,complete,angular_sw_mean,0.17660107649862766,/mnt/vast01/users/fouad.oubari/msgm/rafm-additions/outputs_tflow_full/v2/final/student_t_d8_df3.0_cor/seed_77395/result.json
student_t_d8_df3.0_cor,new_matched_realization,tflow,77395,complete,exploding_norm_rate,0.0012000000569969416,/mnt/vast01/users/fouad.oubari/msgm/rafm-additions/outputs_tflow_full/v2/final/student_t_d8_df3.0_cor/seed_77395/result.json
student_t_d8_df3.0_cor,new_matched_realization,tflow,77395,complete,inf_rate,0.0,/mnt/vast01/users/fouad.oubari/msgm/rafm-additions/outputs_tflow_full/v2/final/student_t_d8_df3.0_cor/seed_77395/result.json
student_t_d8_df3.0_cor,new_matched_realization,tflow,77395,complete,invalid_rate,0.0012000000569969416,/mnt/vast01/users/fouad.oubari/msgm/rafm-additions/outputs_tflow_full/v2/final/student_t_d8_df3.0_cor/seed_77395/result.json
student_t_d8_df3.0_cor,new_matched_realization,tflow,77395,complete,ks_stat,0.08039999008178711,/mnt/vast01/users/fouad.oubari/msgm/rafm-additions/outputs_tflow_full/v2/final/student_t_d8_df3.0_cor/seed_77395/result.json
student_t_d8_df3.0_cor,new_matched_realization,tflow,77395,complete,mmd,0.11913108825683594,/mnt/vast01/users/fouad.oubari/msgm/rafm-additions/outputs_tflow_full/v2/final/student_t_d8_df3.0_cor/seed_77395/result.json
student_t_d8_df3.0_cor,new_matched_realization,tflow,77395,complete,n_params,35336,/mnt/vast01/users/fouad.oubari/msgm/rafm-additions/outputs_tflow_full/v2/final/student_t_d8_df3.0_cor/seed_77395/result.json
student_t_d8_df3.0_cor,new_matched_realization,tflow,77395,complete,nan_rate,0.0,/mnt/vast01/users/fouad.oubari/msgm/rafm-additions/outputs_tflow_full/v2/final/student_t_d8_df3.0_cor/seed_77395/result.json
student_t_d8_df3.0_cor,new_matched_realization,tflow,77395,complete,nfe,512,/mnt/vast01/users/fouad.oubari/msgm/rafm-additions/outputs_tflow_full/v2/final/student_t_d8_df3.0_cor/seed_77395/result.json
student_t_d8_df3.0_cor,new_matched_realization,tflow,77395,complete,q950_err,0.1465582539734352,/mnt/vast01/users/fouad.oubari/msgm/rafm-additions/outputs_tflow_full/v2/final/student_t_d8_df3.0_cor/seed_77395/result.json
student_t_d8_df3.0_cor,new_matched_realization,tflow,77395,complete,q990_err,0.27880814064409454,/mnt/vast01/users/fouad.oubari/msgm/rafm-additions/outputs_tflow_full/v2/final/student_t_d8_df3.0_cor/seed_77395/result.json
student_t_d8_df3.0_cor,new_matched_realization,tflow,77395,complete,q995_err,0.22681803041031148,/mnt/vast01/users/fouad.oubari/msgm/rafm-additions/outputs_tflow_full/v2/final/student_t_d8_df3.0_cor/seed_77395/result.json
student_t_d8_df3.0_cor,new_matched_realization,tflow,77395,complete,radial_w1,6.958595275878906,/mnt/vast01/users/fouad.oubari/msgm/rafm-additions/outputs_tflow_full/v2/final/student_t_d8_df3.0_cor/seed_77395/result.json
student_t_d8_df3.0_cor,new_matched_realization,tflow,77395,complete,sample_time_s,0.43963681533932686,/mnt/vast01/users/fouad.oubari/msgm/rafm-additions/outputs_tflow_full/v2/final/student_t_d8_df3.0_cor/seed_77395/result.json
student_t_d8_df3.0_cor,new_matched_realization,tflow,77395,complete,sliced_w1,4.102243423461914,/mnt/vast01/users/fouad.oubari/msgm/rafm-additions/outputs_tflow_full/v2/final/student_t_d8_df3.0_cor/seed_77395/result.json
student_t_d8_df3.0_cor,new_matched_realization,tflow,77395,complete,tail_exc_95,0.032799999415874526,/mnt/vast01/users/fouad.oubari/msgm/rafm-additions/outputs_tflow_full/v2/final/student_t_d8_df3.0_cor/seed_77395/result.json
student_t_d8_df3.0_cor,new_matched_realization,tflow,77395,complete,tail_exc_99,0.005399999897927055,/mnt/vast01/users/fouad.oubari/msgm/rafm-additions/outputs_tflow_full/v2/final/student_t_d8_df3.0_cor/seed_77395/result.json
student_t_d8_df3.0_cor,new_matched_realization,tflow,77395,complete,total_train_time_s,33.11785415560007,/mnt/vast01/users/fouad.oubari/msgm/rafm-additions/outputs_tflow_full/v2/final/student_t_d8_df3.0_cor/seed_77395/result.json
student_t_d8_df3.0_cor,new_matched_realization,tflow,65457,complete,angular_sw_bin0,0.13942670822143555,/mnt/vast01/users/fouad.oubari/msgm/rafm-additions/outputs_tflow_full/v2/final/student_t_d8_df3.0_cor/seed_65457/result.json
student_t_d8_df3.0_cor,new_matched_realization,tflow,65457,complete,angular_sw_bin1,0.14533603191375732,/mnt/vast01/users/fouad.oubari/msgm/rafm-additions/outputs_tflow_full/v2/final/student_t_d8_df3.0_cor/seed_65457/result.json
student_t_d8_df3.0_cor,new_matched_realization,tflow,65457,complete,angular_sw_bin2,0.16710655391216278,/mnt/vast01/users/fouad.oubari/msgm/rafm-additions/outputs_tflow_full/v2/final/student_t_d8_df3.0_cor/seed_65457/result.json
student_t_d8_df3.0_cor,new_matched_realization,tflow,65457,complete,angular_sw_bin3,0.18048374354839325,/mnt/vast01/users/fouad.oubari/msgm/rafm-additions/outputs_tflow_full/v2/final/student_t_d8_df3.0_cor/seed_65457/result.json
student_t_d8_df3.0_cor,new_matched_realization,tflow,65457,complete,angular_sw_mean,0.15808825939893723,/mnt/vast01/users/fouad.oubari/msgm/rafm-additions/outputs_tflow_full/v2/final/student_t_d8_df3.0_cor/seed_65457/result.json
student_t_d8_df3.0_cor,new_matched_realization,tflow,65457,complete,exploding_norm_rate,0.002899999963119626,/mnt/vast01/users/fouad.oubari/msgm/rafm-additions/outputs_tflow_full/v2/final/student_t_d8_df3.0_cor/seed_65457/result.json
student_t_d8_df3.0_cor,new_matched_realization,tflow,65457,complete,inf_rate,0.0,/mnt/vast01/users/fouad.oubari/msgm/rafm-additions/outputs_tflow_full/v2/final/student_t_d8_df3.0_cor/seed_65457/result.json
student_t_d8_df3.0_cor,new_matched_realization,tflow,65457,complete,invalid_rate,0.002899999963119626,/mnt/vast01/users/fouad.oubari/msgm/rafm-additions/outputs_tflow_full/v2/final/student_t_d8_df3.0_cor/seed_65457/result.json
student_t_d8_df3.0_cor,new_matched_realization,tflow,65457,complete,ks_stat,0.17500001192092896,/mnt/vast01/users/fouad.oubari/msgm/rafm-additions/outputs_tflow_full/v2/final/student_t_d8_df3.0_cor/seed_65457/result.json
student_t_d8_df3.0_cor,new_matched_realization,tflow,65457,complete,mmd,0.09222090244293213,/mnt/vast01/users/fouad.oubari/msgm/rafm-additions/outputs_tflow_full/v2/final/student_t_d8_df3.0_cor/seed_65457/result.json
student_t_d8_df3.0_cor,new_matched_realization,tflow,65457,complete,n_params,35336,/mnt/vast01/users/fouad.oubari/msgm/rafm-additions/outputs_tflow_full/v2/final/student_t_d8_df3.0_cor/seed_65457/result.json
student_t_d8_df3.0_cor,new_matched_realization,tflow,65457,complete,nan_rate,0.0,/mnt/vast01/users/fouad.oubari/msgm/rafm-additions/outputs_tflow_full/v2/final/student_t_d8_df3.0_cor/seed_65457/result.json
student_t_d8_df3.0_cor,new_matched_realization,tflow,65457,complete,nfe,512,/mnt/vast01/users/fouad.oubari/msgm/rafm-additions/outputs_tflow_full/v2/final/student_t_d8_df3.0_cor/seed_65457/result.json
student_t_d8_df3.0_cor,new_matched_realization,tflow,65457,complete,q950_err,0.029790207972985632,/mnt/vast01/users/fouad.oubari/msgm/rafm-additions/outputs_tflow_full/v2/final/student_t_d8_df3.0_cor/seed_65457/result.json
student_t_d8_df3.0_cor,new_matched_realization,tflow,65457,complete,q990_err,1.0981862492708983,/mnt/vast01/users/fouad.oubari/msgm/rafm-additions/outputs_tflow_full/v2/final/student_t_d8_df3.0_cor/seed_65457/result.json
student_t_d8_df3.0_cor,new_matched_realization,tflow,65457,complete,q995_err,6.497404292323037,/mnt/vast01/users/fouad.oubari/msgm/rafm-additions/outputs_tflow_full/v2/final/student_t_d8_df3.0_cor/seed_65457/result.json
student_t_d8_df3.0_cor,new_matched_realization,tflow,65457,complete,radial_w1,17.210744857788086,/mnt/vast01/users/fouad.oubari/msgm/rafm-additions/outputs_tflow_full/v2/final/student_t_d8_df3.0_cor/seed_65457/result.json
student_t_d8_df3.0_cor,new_matched_realization,tflow,65457,complete,sample_time_s,0.4351443648338318,/mnt/vast01/users/fouad.oubari/msgm/rafm-additions/outputs_tflow_full/v2/final/student_t_d8_df3.0_cor/seed_65457/result.json
student_t_d8_df3.0_cor,new_matched_realization,tflow,65457,complete,sliced_w1,6.769744873046875,/mnt/vast01/users/fouad.oubari/msgm/rafm-additions/outputs_tflow_full/v2/final/student_t_d8_df3.0_cor/seed_65457/result.json
student_t_d8_df3.0_cor,new_matched_realization,tflow,65457,complete,tail_exc_95,0.004500000923872038,/mnt/vast01/users/fouad.oubari/msgm/rafm-additions/outputs_tflow_full/v2/final/student_t_d8_df3.0_cor/seed_65457/result.json
student_t_d8_df3.0_cor,new_matched_realization,tflow,65457,complete,tail_exc_99,0.00889999955892562,/mnt/vast01/users/fouad.oubari/msgm/rafm-additions/outputs_tflow_full/v2/final/student_t_d8_df3.0_cor/seed_65457/result.json
student_t_d8_df3.0_cor,new_matched_realization,tflow,65457,complete,total_train_time_s,31.940446708351374,/mnt/vast01/users/fouad.oubari/msgm/rafm-additions/outputs_tflow_full/v2/final/student_t_d8_df3.0_cor/seed_65457/result.json
toy_radial_angular,new_matched_realization,tflow,8925,complete,angular_sw_bin0,0.21908974647521973,/mnt/vast01/users/fouad.oubari/msgm/rafm-additions/outputs_tflow_full/v2/final/toy_radial_angular/seed_8925/result.json
toy_radial_angular,new_matched_realization,tflow,8925,complete,angular_sw_bin1,0.29393672943115234,/mnt/vast01/users/fouad.oubari/msgm/rafm-additions/outputs_tflow_full/v2/final/toy_radial_angular/seed_8925/result.json
toy_radial_angular,new_matched_realization,tflow,8925,complete,angular_sw_bin2,0.1346876323223114,/mnt/vast01/users/fouad.oubari/msgm/rafm-additions/outputs_tflow_full/v2/final/toy_radial_angular/seed_8925/result.json
toy_radial_angular,new_matched_realization,tflow,8925,complete,angular_sw_bin3,0.14893686771392822,/mnt/vast01/users/fouad.oubari/msgm/rafm-additions/outputs_tflow_full/v2/final/toy_radial_angular/seed_8925/result.json
toy_radial_angular,new_matched_realization,tflow,8925,complete,angular_sw_mean,0.19916274398565292,/mnt/vast01/users/fouad.oubari/msgm/rafm-additions/outputs_tflow_full/v2/final/toy_radial_angular/seed_8925/result.json
toy_radial_angular,new_matched_realization,tflow,8925,complete,exploding_norm_rate,0.00019999999494757503,/mnt/vast01/users/fouad.oubari/msgm/rafm-additions/outputs_tflow_full/v2/final/toy_radial_angular/seed_8925/result.json
toy_radial_angular,new_matched_realization,tflow,8925,complete,inf_rate,0.0,/mnt/vast01/users/fouad.oubari/msgm/rafm-additions/outputs_tflow_full/v2/final/toy_radial_angular/seed_8925/result.json
toy_radial_angular,new_matched_realization,tflow,8925,complete,invalid_rate,0.00019999999494757503,/mnt/vast01/users/fouad.oubari/msgm/rafm-additions/outputs_tflow_full/v2/final/toy_radial_angular/seed_8925/result.json
toy_radial_angular,new_matched_realization,tflow,8925,complete,ks_stat,0.1421000063419342,/mnt/vast01/users/fouad.oubari/msgm/rafm-additions/outputs_tflow_full/v2/final/toy_radial_angular/seed_8925/result.json
toy_radial_angular,new_matched_realization,tflow,8925,complete,mmd,0.014783382415771484,/mnt/vast01/users/fouad.oubari/msgm/rafm-additions/outputs_tflow_full/v2/final/toy_radial_angular/seed_8925/result.json
toy_radial_angular,new_matched_realization,tflow,8925,complete,n_params,33794,/mnt/vast01/users/fouad.oubari/msgm/rafm-additions/outputs_tflow_full/v2/final/toy_radial_angular/seed_8925/result.json
toy_radial_angular,new_matched_realization,tflow,8925,complete,nan_rate,0.0,/mnt/vast01/users/fouad.oubari/msgm/rafm-additions/outputs_tflow_full/v2/final/toy_radial_angular/seed_8925/result.json
toy_radial_angular,new_matched_realization,tflow,8925,complete,nfe,512,/mnt/vast01/users/fouad.oubari/msgm/rafm-additions/outputs_tflow_full/v2/final/toy_radial_angular/seed_8925/result.json
toy_radial_angular,new_matched_realization,tflow,8925,complete,q950_err,0.3504186924834053,/mnt/vast01/users/fouad.oubari/msgm/rafm-additions/outputs_tflow_full/v2/final/toy_radial_angular/seed_8925/result.json
toy_radial_angular,new_matched_realization,tflow,8925,complete,q990_err,0.5743080257710504,/mnt/vast01/users/fouad.oubari/msgm/rafm-additions/outputs_tflow_full/v2/final/toy_radial_angular/seed_8925/result.json
toy_radial_angular,new_matched_realization,tflow,8925,complete,q995_err,0.4552863169575434,/mnt/vast01/users/fouad.oubari/msgm/rafm-additions/outputs_tflow_full/v2/final/toy_radial_angular/seed_8925/result.json
toy_radial_angular,new_matched_realization,tflow,8925,complete,radial_w1,0.5477457642555237,/mnt/vast01/users/fouad.oubari/msgm/rafm-additions/outputs_tflow_full/v2/final/toy_radial_angular/seed_8925/result.json
toy_radial_angular,new_matched_realization,tflow,8925,complete,sample_time_s,0.4359232485294342,/mnt/vast01/users/fouad.oubari/msgm/rafm-additions/outputs_tflow_full/v2/final/toy_radial_angular/seed_8925/result.json
toy_radial_angular,new_matched_realization,tflow,8925,complete,sliced_w1,0.3854420483112335,/mnt/vast01/users/fouad.oubari/msgm/rafm-additions/outputs_tflow_full/v2/final/toy_radial_angular/seed_8925/result.json
toy_radial_angular,new_matched_realization,tflow,8925,complete,tail_exc_95,0.0372000008821487,/mnt/vast01/users/fouad.oubari/msgm/rafm-additions/outputs_tflow_full/v2/final/toy_radial_angular/seed_8925/result.json
toy_radial_angular,new_matched_realization,tflow,8925,complete,tail_exc_99,0.01630000002682208,/mnt/vast01/users/fouad.oubari/msgm/rafm-additions/outputs_tflow_full/v2/final/toy_radial_angular/seed_8925/result.json
toy_radial_angular,new_matched_realization,tflow,8925,complete,total_train_time_s,33.407513838261366,/mnt/vast01/users/fouad.oubari/msgm/rafm-additions/outputs_tflow_full/v2/final/toy_radial_angular/seed_8925/result.json
toy_radial_angular,new_matched_realization,tflow,77395,complete,angular_sw_bin0,0.06731483340263367,/mnt/vast01/users/fouad.oubari/msgm/rafm-additions/outputs_tflow_full/v2/final/toy_radial_angular/seed_77395/result.json
toy_radial_angular,new_matched_realization,tflow,77395,complete,angular_sw_bin1,0.04204266518354416,/mnt/vast01/users/fouad.oubari/msgm/rafm-additions/outputs_tflow_full/v2/final/toy_radial_angular/seed_77395/result.json
toy_radial_angular,new_matched_realization,tflow,77395,complete,angular_sw_bin2,0.14840252697467804,/mnt/vast01/users/fouad.oubari/msgm/rafm-additions/outputs_tflow_full/v2/final/toy_radial_angular/seed_77395/result.json
toy_radial_angular,new_matched_realization,tflow,77395,complete,angular_sw_bin3,0.07159540057182312,/mnt/vast01/users/fouad.oubari/msgm/rafm-additions/outputs_tflow_full/v2/final/toy_radial_angular/seed_77395/result.json
toy_radial_angular,new_matched_realization,tflow,77395,complete,angular_sw_mean,0.08233885653316975,/mnt/vast01/users/fouad.oubari/msgm/rafm-additions/outputs_tflow_full/v2/final/toy_radial_angular/seed_77395/result.json
toy_radial_angular,new_matched_realization,tflow,77395,complete,exploding_norm_rate,0.0,/mnt/vast01/users/fouad.oubari/msgm/rafm-additions/outputs_tflow_full/v2/final/toy_radial_angular/seed_77395/result.json
toy_radial_angular,new_matched_realization,tflow,77395,complete,inf_rate,0.0,/mnt/vast01/users/fouad.oubari/msgm/rafm-additions/outputs_tflow_full/v2/final/toy_radial_angular/seed_77395/result.json
toy_radial_angular,new_matched_realization,tflow,77395,complete,invalid_rate,0.0,/mnt/vast01/users/fouad.oubari/msgm/rafm-additions/outputs_tflow_full/v2/final/toy_radial_angular/seed_77395/result.json
toy_radial_angular,new_matched_realization,tflow,77395,complete,ks_stat,0.08840000629425049,/mnt/vast01/users/fouad.oubari/msgm/rafm-additions/outputs_tflow_full/v2/final/toy_radial_angular/seed_77395/result.json
toy_radial_angular,new_matched_realization,tflow,77395,complete,mmd,0.004450559616088867,/mnt/vast01/users/fouad.oubari/msgm/rafm-additions/outputs_tflow_full/v2/final/toy_radial_angular/seed_77395/result.json
toy_radial_angular,new_matched_realization,tflow,77395,complete,n_params,33794,/mnt/vast01/users/fouad.oubari/msgm/rafm-additions/outputs_tflow_full/v2/final/toy_radial_angular/seed_77395/result.json
toy_radial_angular,new_matched_realization,tflow,77395,complete,nan_rate,0.0,/mnt/vast01/users/fouad.oubari/msgm/rafm-additions/outputs_tflow_full/v2/final/toy_radial_angular/seed_77395/result.json
toy_radial_angular,new_matched_realization,tflow,77395,complete,nfe,512,/mnt/vast01/users/fouad.oubari/msgm/rafm-additions/outputs_tflow_full/v2/final/toy_radial_angular/seed_77395/result.json
toy_radial_angular,new_matched_realization,tflow,77395,complete,q950_err,0.12968545586781044,/mnt/vast01/users/fouad.oubari/msgm/rafm-additions/outputs_tflow_full/v2/final/toy_radial_angular/seed_77395/result.json
toy_radial_angular,new_matched_realization,tflow,77395,complete,q990_err,0.12728523860075971,/mnt/vast01/users/fouad.oubari/msgm/rafm-additions/outputs_tflow_full/v2/final/toy_radial_angular/seed_77395/result.json
toy_radial_angular,new_matched_realization,tflow,77395,complete,q995_err,0.0221180925602147,/mnt/vast01/users/fouad.oubari/msgm/rafm-additions/outputs_tflow_full/v2/final/toy_radial_angular/seed_77395/result.json
toy_radial_angular,new_matched_realization,tflow,77395,complete,radial_w1,0.1734977662563324,/mnt/vast01/users/fouad.oubari/msgm/rafm-additions/outputs_tflow_full/v2/final/toy_radial_angular/seed_77395/result.json
toy_radial_angular,new_matched_realization,tflow,77395,complete,sample_time_s,0.43648989498615265,/mnt/vast01/users/fouad.oubari/msgm/rafm-additions/outputs_tflow_full/v2/final/toy_radial_angular/seed_77395/result.json
toy_radial_angular,new_matched_realization,tflow,77395,complete,sliced_w1,0.14136679470539093,/mnt/vast01/users/fouad.oubari/msgm/rafm-additions/outputs_tflow_full/v2/final/toy_radial_angular/seed_77395/result.json
toy_radial_angular,new_matched_realization,tflow,77395,complete,tail_exc_95,0.01490000337362285,/mnt/vast01/users/fouad.oubari/msgm/rafm-additions/outputs_tflow_full/v2/final/toy_radial_angular/seed_77395/result.json
toy_radial_angular,new_matched_realization,tflow,77395,complete,tail_exc_99,0.004299999922513953,/mnt/vast01/users/fouad.oubari/msgm/rafm-additions/outputs_tflow_full/v2/final/toy_radial_angular/seed_77395/result.json
toy_radial_angular,new_matched_realization,tflow,77395,complete,total_train_time_s,31.507998064160347,/mnt/vast01/users/fouad.oubari/msgm/rafm-additions/outputs_tflow_full/v2/final/toy_radial_angular/seed_77395/result.json
toy_radial_angular,new_matched_realization,tflow,65457,complete,angular_sw_bin0,0.11462318897247314,/mnt/vast01/users/fouad.oubari/msgm/rafm-additions/outputs_tflow_full/v2/final/toy_radial_angular/seed_65457/result.json
toy_radial_angular,new_matched_realization,tflow,65457,complete,angular_sw_bin1,0.19588541984558105,/mnt/vast01/users/fouad.oubari/msgm/rafm-additions/outputs_tflow_full/v2/final/toy_radial_angular/seed_65457/result.json
toy_radial_angular,new_matched_realization,tflow,65457,complete,angular_sw_bin2,0.1282336711883545,/mnt/vast01/users/fouad.oubari/msgm/rafm-additions/outputs_tflow_full/v2/final/toy_radial_angular/seed_65457/result.json
toy_radial_angular,new_matched_realization,tflow,65457,complete,angular_sw_bin3,0.15237826108932495,/mnt/vast01/users/fouad.oubari/msgm/rafm-additions/outputs_tflow_full/v2/final/toy_radial_angular/seed_65457/result.json
toy_radial_angular,new_matched_realization,tflow,65457,complete,angular_sw_mean,0.1477801352739334,/mnt/vast01/users/fouad.oubari/msgm/rafm-additions/outputs_tflow_full/v2/final/toy_radial_angular/seed_65457/result.json
toy_radial_angular,new_matched_realization,tflow,65457,complete,exploding_norm_rate,0.0007999999797903001,/mnt/vast01/users/fouad.oubari/msgm/rafm-additions/outputs_tflow_full/v2/final/toy_radial_angular/seed_65457/result.json
toy_radial_angular,new_matched_realization,tflow,65457,complete,inf_rate,0.0,/mnt/vast01/users/fouad.oubari/msgm/rafm-additions/outputs_tflow_full/v2/final/toy_radial_angular/seed_65457/result.json
toy_radial_angular,new_matched_realization,tflow,65457,complete,invalid_rate,0.0007999999797903001,/mnt/vast01/users/fouad.oubari/msgm/rafm-additions/outputs_tflow_full/v2/final/toy_radial_angular/seed_65457/result.json
toy_radial_angular,new_matched_realization,tflow,65457,complete,ks_stat,0.07080000638961792,/mnt/vast01/users/fouad.oubari/msgm/rafm-additions/outputs_tflow_full/v2/final/toy_radial_angular/seed_65457/result.json
toy_radial_angular,new_matched_realization,tflow,65457,complete,mmd,0.008980154991149902,/mnt/vast01/users/fouad.oubari/msgm/rafm-additions/outputs_tflow_full/v2/final/toy_radial_angular/seed_65457/result.json
toy_radial_angular,new_matched_realization,tflow,65457,complete,n_params,33794,/mnt/vast01/users/fouad.oubari/msgm/rafm-additions/outputs_tflow_full/v2/final/toy_radial_angular/seed_65457/result.json
toy_radial_angular,new_matched_realization,tflow,65457,complete,nan_rate,0.0,/mnt/vast01/users/fouad.oubari/msgm/rafm-additions/outputs_tflow_full/v2/final/toy_radial_angular/seed_65457/result.json
toy_radial_angular,new_matched_realization,tflow,65457,complete,nfe,512,/mnt/vast01/users/fouad.oubari/msgm/rafm-additions/outputs_tflow_full/v2/final/toy_radial_angular/seed_65457/result.json
toy_radial_angular,new_matched_realization,tflow,65457,complete,q950_err,0.00043623643829044967,/mnt/vast01/users/fouad.oubari/msgm/rafm-additions/outputs_tflow_full/v2/final/toy_radial_angular/seed_65457/result.json
toy_radial_angular,new_matched_realization,tflow,65457,complete,q990_err,0.297456998985705,/mnt/vast01/users/fouad.oubari/msgm/rafm-additions/outputs_tflow_full/v2/final/toy_radial_angular/seed_65457/result.json
toy_radial_angular,new_matched_realization,tflow,65457,complete,q995_err,0.26435100732894223,/mnt/vast01/users/fouad.oubari/msgm/rafm-additions/outputs_tflow_full/v2/final/toy_radial_angular/seed_65457/result.json
toy_radial_angular,new_matched_realization,tflow,65457,complete,radial_w1,0.44220754504203796,/mnt/vast01/users/fouad.oubari/msgm/rafm-additions/outputs_tflow_full/v2/final/toy_radial_angular/seed_65457/result.json
toy_radial_angular,new_matched_realization,tflow,65457,complete,sample_time_s,0.43958765640854836,/mnt/vast01/users/fouad.oubari/msgm/rafm-additions/outputs_tflow_full/v2/final/toy_radial_angular/seed_65457/result.json
toy_radial_angular,new_matched_realization,tflow,65457,complete,sliced_w1,0.36160770058631897,/mnt/vast01/users/fouad.oubari/msgm/rafm-additions/outputs_tflow_full/v2/final/toy_radial_angular/seed_65457/result.json
toy_radial_angular,new_matched_realization,tflow,65457,complete,tail_exc_95,9.999871253962844e-05,/mnt/vast01/users/fouad.oubari/msgm/rafm-additions/outputs_tflow_full/v2/final/toy_radial_angular/seed_65457/result.json
toy_radial_angular,new_matched_realization,tflow,65457,complete,tail_exc_99,0.007899999395012847,/mnt/vast01/users/fouad.oubari/msgm/rafm-additions/outputs_tflow_full/v2/final/toy_radial_angular/seed_65457/result.json
toy_radial_angular,new_matched_realization,tflow,65457,complete,total_train_time_s,33.19002578034997,/mnt/vast01/users/fouad.oubari/msgm/rafm-additions/outputs_tflow_full/v2/final/toy_radial_angular/seed_65457/result.json
weather_au_wind,new_matched_runs_on_verified_existing_cache,tflow,8925,failed,angular_sw_bin0,null,/mnt/vast01/users/fouad.oubari/msgm/rafm-additions/outputs_tflow_full/v2/final/weather_au_wind/seed_8925/result.json
weather_au_wind,new_matched_runs_on_verified_existing_cache,tflow,8925,failed,angular_sw_bin1,null,/mnt/vast01/users/fouad.oubari/msgm/rafm-additions/outputs_tflow_full/v2/final/weather_au_wind/seed_8925/result.json
weather_au_wind,new_matched_runs_on_verified_existing_cache,tflow,8925,failed,angular_sw_bin2,null,/mnt/vast01/users/fouad.oubari/msgm/rafm-additions/outputs_tflow_full/v2/final/weather_au_wind/seed_8925/result.json
weather_au_wind,new_matched_runs_on_verified_existing_cache,tflow,8925,failed,angular_sw_bin3,null,/mnt/vast01/users/fouad.oubari/msgm/rafm-additions/outputs_tflow_full/v2/final/weather_au_wind/seed_8925/result.json
weather_au_wind,new_matched_runs_on_verified_existing_cache,tflow,8925,failed,angular_sw_mean,null,/mnt/vast01/users/fouad.oubari/msgm/rafm-additions/outputs_tflow_full/v2/final/weather_au_wind/seed_8925/result.json
weather_au_wind,new_matched_runs_on_verified_existing_cache,tflow,8925,failed,exploding_norm_rate,0.0,/mnt/vast01/users/fouad.oubari/msgm/rafm-additions/outputs_tflow_full/v2/final/weather_au_wind/seed_8925/result.json
weather_au_wind,new_matched_runs_on_verified_existing_cache,tflow,8925,failed,inf_rate,0.0,/mnt/vast01/users/fouad.oubari/msgm/rafm-additions/outputs_tflow_full/v2/final/weather_au_wind/seed_8925/result.json
weather_au_wind,new_matched_runs_on_verified_existing_cache,tflow,8925,failed,invalid_rate,0.0,/mnt/vast01/users/fouad.oubari/msgm/rafm-additions/outputs_tflow_full/v2/final/weather_au_wind/seed_8925/result.json
weather_au_wind,new_matched_runs_on_verified_existing_cache,tflow,8925,failed,ks_stat,1.0,/mnt/vast01/users/fouad.oubari/msgm/rafm-additions/outputs_tflow_full/v2/final/weather_au_wind/seed_8925/result.json
weather_au_wind,new_matched_runs_on_verified_existing_cache,tflow,8925,failed,mmd,0.2740691900253296,/mnt/vast01/users/fouad.oubari/msgm/rafm-additions/outputs_tflow_full/v2/final/weather_au_wind/seed_8925/result.json
weather_au_wind,new_matched_runs_on_verified_existing_cache,tflow,8925,failed,n_params,57952,/mnt/vast01/users/fouad.oubari/msgm/rafm-additions/outputs_tflow_full/v2/final/weather_au_wind/seed_8925/result.json
weather_au_wind,new_matched_runs_on_verified_existing_cache,tflow,8925,failed,nan_rate,0.0,/mnt/vast01/users/fouad.oubari/msgm/rafm-additions/outputs_tflow_full/v2/final/weather_au_wind/seed_8925/result.json
weather_au_wind,new_matched_runs_on_verified_existing_cache,tflow,8925,failed,nfe,512,/mnt/vast01/users/fouad.oubari/msgm/rafm-additions/outputs_tflow_full/v2/final/weather_au_wind/seed_8925/result.json
weather_au_wind,new_matched_runs_on_verified_existing_cache,tflow,8925,failed,q950_err,384.41133587186346,/mnt/vast01/users/fouad.oubari/msgm/rafm-additions/outputs_tflow_full/v2/final/weather_au_wind/seed_8925/result.json
weather_au_wind,new_matched_runs_on_verified_existing_cache,tflow,8925,failed,q990_err,540.2782093467673,/mnt/vast01/users/fouad.oubari/msgm/rafm-additions/outputs_tflow_full/v2/final/weather_au_wind/seed_8925/result.json
weather_au_wind,new_matched_runs_on_verified_existing_cache,tflow,8925,failed,q995_err,591.8220477309454,/mnt/vast01/users/fouad.oubari/msgm/rafm-additions/outputs_tflow_full/v2/final/weather_au_wind/seed_8925/result.json
weather_au_wind,new_matched_runs_on_verified_existing_cache,tflow,8925,failed,radial_w1,2410.70361328125,/mnt/vast01/users/fouad.oubari/msgm/rafm-additions/outputs_tflow_full/v2/final/weather_au_wind/seed_8925/result.json
weather_au_wind,new_matched_runs_on_verified_existing_cache,tflow,8925,failed,sample_time_s,0.3947520740330219,/mnt/vast01/users/fouad.oubari/msgm/rafm-additions/outputs_tflow_full/v2/final/weather_au_wind/seed_8925/result.json
weather_au_wind,new_matched_runs_on_verified_existing_cache,tflow,8925,failed,sliced_w1,195.85287475585938,/mnt/vast01/users/fouad.oubari/msgm/rafm-additions/outputs_tflow_full/v2/final/weather_au_wind/seed_8925/result.json
weather_au_wind,new_matched_runs_on_verified_existing_cache,tflow,8925,failed,tail_exc_95,0.95,/mnt/vast01/users/fouad.oubari/msgm/rafm-additions/outputs_tflow_full/v2/final/weather_au_wind/seed_8925/result.json
weather_au_wind,new_matched_runs_on_verified_existing_cache,tflow,8925,failed,tail_exc_99,0.99,/mnt/vast01/users/fouad.oubari/msgm/rafm-additions/outputs_tflow_full/v2/final/weather_au_wind/seed_8925/result.json
weather_au_wind,new_matched_runs_on_verified_existing_cache,tflow,8925,failed,total_train_time_s,32.54789047315717,/mnt/vast01/users/fouad.oubari/msgm/rafm-additions/outputs_tflow_full/v2/final/weather_au_wind/seed_8925/result.json
weather_au_wind,new_matched_runs_on_verified_existing_cache,tflow,77395,failed,angular_sw_bin0,null,/mnt/vast01/users/fouad.oubari/msgm/rafm-additions/outputs_tflow_full/v2/final/weather_au_wind/seed_77395/result.json
weather_au_wind,new_matched_runs_on_verified_existing_cache,tflow,77395,failed,angular_sw_bin1,null,/mnt/vast01/users/fouad.oubari/msgm/rafm-additions/outputs_tflow_full/v2/final/weather_au_wind/seed_77395/result.json
weather_au_wind,new_matched_runs_on_verified_existing_cache,tflow,77395,failed,angular_sw_bin2,null,/mnt/vast01/users/fouad.oubari/msgm/rafm-additions/outputs_tflow_full/v2/final/weather_au_wind/seed_77395/result.json
weather_au_wind,new_matched_runs_on_verified_existing_cache,tflow,77395,failed,angular_sw_bin3,null,/mnt/vast01/users/fouad.oubari/msgm/rafm-additions/outputs_tflow_full/v2/final/weather_au_wind/seed_77395/result.json
weather_au_wind,new_matched_runs_on_verified_existing_cache,tflow,77395,failed,angular_sw_mean,null,/mnt/vast01/users/fouad.oubari/msgm/rafm-additions/outputs_tflow_full/v2/final/weather_au_wind/seed_77395/result.json
weather_au_wind,new_matched_runs_on_verified_existing_cache,tflow,77395,failed,exploding_norm_rate,0.0,/mnt/vast01/users/fouad.oubari/msgm/rafm-additions/outputs_tflow_full/v2/final/weather_au_wind/seed_77395/result.json
weather_au_wind,new_matched_runs_on_verified_existing_cache,tflow,77395,failed,inf_rate,0.0,/mnt/vast01/users/fouad.oubari/msgm/rafm-additions/outputs_tflow_full/v2/final/weather_au_wind/seed_77395/result.json
weather_au_wind,new_matched_runs_on_verified_existing_cache,tflow,77395,failed,invalid_rate,0.0,/mnt/vast01/users/fouad.oubari/msgm/rafm-additions/outputs_tflow_full/v2/final/weather_au_wind/seed_77395/result.json
weather_au_wind,new_matched_runs_on_verified_existing_cache,tflow,77395,failed,ks_stat,1.0,/mnt/vast01/users/fouad.oubari/msgm/rafm-additions/outputs_tflow_full/v2/final/weather_au_wind/seed_77395/result.json
weather_au_wind,new_matched_runs_on_verified_existing_cache,tflow,77395,failed,mmd,0.246673583984375,/mnt/vast01/users/fouad.oubari/msgm/rafm-additions/outputs_tflow_full/v2/final/weather_au_wind/seed_77395/result.json
weather_au_wind,new_matched_runs_on_verified_existing_cache,tflow,77395,failed,n_params,57952,/mnt/vast01/users/fouad.oubari/msgm/rafm-additions/outputs_tflow_full/v2/final/weather_au_wind/seed_77395/result.json
weather_au_wind,new_matched_runs_on_verified_existing_cache,tflow,77395,failed,nan_rate,0.0,/mnt/vast01/users/fouad.oubari/msgm/rafm-additions/outputs_tflow_full/v2/final/weather_au_wind/seed_77395/result.json
weather_au_wind,new_matched_runs_on_verified_existing_cache,tflow,77395,failed,nfe,512,/mnt/vast01/users/fouad.oubari/msgm/rafm-additions/outputs_tflow_full/v2/final/weather_au_wind/seed_77395/result.json
weather_au_wind,new_matched_runs_on_verified_existing_cache,tflow,77395,failed,q950_err,377.20234469195964,/mnt/vast01/users/fouad.oubari/msgm/rafm-additions/outputs_tflow_full/v2/final/weather_au_wind/seed_77395/result.json
weather_au_wind,new_matched_runs_on_verified_existing_cache,tflow,77395,failed,q990_err,526.7100516499801,/mnt/vast01/users/fouad.oubari/msgm/rafm-additions/outputs_tflow_full/v2/final/weather_au_wind/seed_77395/result.json
weather_au_wind,new_matched_runs_on_verified_existing_cache,tflow,77395,failed,q995_err,590.5032755546504,/mnt/vast01/users/fouad.oubari/msgm/rafm-additions/outputs_tflow_full/v2/final/weather_au_wind/seed_77395/result.json
weather_au_wind,new_matched_runs_on_verified_existing_cache,tflow,77395,failed,radial_w1,2431.175537109375,/mnt/vast01/users/fouad.oubari/msgm/rafm-additions/outputs_tflow_full/v2/final/weather_au_wind/seed_77395/result.json
weather_au_wind,new_matched_runs_on_verified_existing_cache,tflow,77395,failed,sample_time_s,0.39997588470578194,/mnt/vast01/users/fouad.oubari/msgm/rafm-additions/outputs_tflow_full/v2/final/weather_au_wind/seed_77395/result.json
weather_au_wind,new_matched_runs_on_verified_existing_cache,tflow,77395,failed,sliced_w1,198.82127380371094,/mnt/vast01/users/fouad.oubari/msgm/rafm-additions/outputs_tflow_full/v2/final/weather_au_wind/seed_77395/result.json
weather_au_wind,new_matched_runs_on_verified_existing_cache,tflow,77395,failed,tail_exc_95,0.95,/mnt/vast01/users/fouad.oubari/msgm/rafm-additions/outputs_tflow_full/v2/final/weather_au_wind/seed_77395/result.json
weather_au_wind,new_matched_runs_on_verified_existing_cache,tflow,77395,failed,tail_exc_99,0.99,/mnt/vast01/users/fouad.oubari/msgm/rafm-additions/outputs_tflow_full/v2/final/weather_au_wind/seed_77395/result.json
weather_au_wind,new_matched_runs_on_verified_existing_cache,tflow,77395,failed,total_train_time_s,33.36124658212066,/mnt/vast01/users/fouad.oubari/msgm/rafm-additions/outputs_tflow_full/v2/final/weather_au_wind/seed_77395/result.json
weather_au_wind,new_matched_runs_on_verified_existing_cache,tflow,65457,failed,angular_sw_bin0,null,/mnt/vast01/users/fouad.oubari/msgm/rafm-additions/outputs_tflow_full/v2/final/weather_au_wind/seed_65457/result.json
weather_au_wind,new_matched_runs_on_verified_existing_cache,tflow,65457,failed,angular_sw_bin1,null,/mnt/vast01/users/fouad.oubari/msgm/rafm-additions/outputs_tflow_full/v2/final/weather_au_wind/seed_65457/result.json
weather_au_wind,new_matched_runs_on_verified_existing_cache,tflow,65457,failed,angular_sw_bin2,null,/mnt/vast01/users/fouad.oubari/msgm/rafm-additions/outputs_tflow_full/v2/final/weather_au_wind/seed_65457/result.json
weather_au_wind,new_matched_runs_on_verified_existing_cache,tflow,65457,failed,angular_sw_bin3,null,/mnt/vast01/users/fouad.oubari/msgm/rafm-additions/outputs_tflow_full/v2/final/weather_au_wind/seed_65457/result.json
weather_au_wind,new_matched_runs_on_verified_existing_cache,tflow,65457,failed,angular_sw_mean,null,/mnt/vast01/users/fouad.oubari/msgm/rafm-additions/outputs_tflow_full/v2/final/weather_au_wind/seed_65457/result.json
weather_au_wind,new_matched_runs_on_verified_existing_cache,tflow,65457,failed,exploding_norm_rate,0.0,/mnt/vast01/users/fouad.oubari/msgm/rafm-additions/outputs_tflow_full/v2/final/weather_au_wind/seed_65457/result.json
weather_au_wind,new_matched_runs_on_verified_existing_cache,tflow,65457,failed,inf_rate,0.0,/mnt/vast01/users/fouad.oubari/msgm/rafm-additions/outputs_tflow_full/v2/final/weather_au_wind/seed_65457/result.json
weather_au_wind,new_matched_runs_on_verified_existing_cache,tflow,65457,failed,invalid_rate,0.0,/mnt/vast01/users/fouad.oubari/msgm/rafm-additions/outputs_tflow_full/v2/final/weather_au_wind/seed_65457/result.json
weather_au_wind,new_matched_runs_on_verified_existing_cache,tflow,65457,failed,ks_stat,1.0,/mnt/vast01/users/fouad.oubari/msgm/rafm-additions/outputs_tflow_full/v2/final/weather_au_wind/seed_65457/result.json
weather_au_wind,new_matched_runs_on_verified_existing_cache,tflow,65457,failed,mmd,0.26741957664489746,/mnt/vast01/users/fouad.oubari/msgm/rafm-additions/outputs_tflow_full/v2/final/weather_au_wind/seed_65457/result.json
weather_au_wind,new_matched_runs_on_verified_existing_cache,tflow,65457,failed,n_params,57952,/mnt/vast01/users/fouad.oubari/msgm/rafm-additions/outputs_tflow_full/v2/final/weather_au_wind/seed_65457/result.json
weather_au_wind,new_matched_runs_on_verified_existing_cache,tflow,65457,failed,nan_rate,0.0,/mnt/vast01/users/fouad.oubari/msgm/rafm-additions/outputs_tflow_full/v2/final/weather_au_wind/seed_65457/result.json
weather_au_wind,new_matched_runs_on_verified_existing_cache,tflow,65457,failed,nfe,512,/mnt/vast01/users/fouad.oubari/msgm/rafm-additions/outputs_tflow_full/v2/final/weather_au_wind/seed_65457/result.json
weather_au_wind,new_matched_runs_on_verified_existing_cache,tflow,65457,failed,q950_err,398.6471908546523,/mnt/vast01/users/fouad.oubari/msgm/rafm-additions/outputs_tflow_full/v2/final/weather_au_wind/seed_65457/result.json
weather_au_wind,new_matched_runs_on_verified_existing_cache,tflow,65457,failed,q990_err,512.1483073328761,/mnt/vast01/users/fouad.oubari/msgm/rafm-additions/outputs_tflow_full/v2/final/weather_au_wind/seed_65457/result.json
weather_au_wind,new_matched_runs_on_verified_existing_cache,tflow,65457,failed,q995_err,555.3337204349986,/mnt/vast01/users/fouad.oubari/msgm/rafm-additions/outputs_tflow_full/v2/final/weather_au_wind/seed_65457/result.json
weather_au_wind,new_matched_runs_on_verified_existing_cache,tflow,65457,failed,radial_w1,2373.8603515625,/mnt/vast01/users/fouad.oubari/msgm/rafm-additions/outputs_tflow_full/v2/final/weather_au_wind/seed_65457/result.json
weather_au_wind,new_matched_runs_on_verified_existing_cache,tflow,65457,failed,sample_time_s,0.39852358028292656,/mnt/vast01/users/fouad.oubari/msgm/rafm-additions/outputs_tflow_full/v2/final/weather_au_wind/seed_65457/result.json
weather_au_wind,new_matched_runs_on_verified_existing_cache,tflow,65457,failed,sliced_w1,194.36093139648438,/mnt/vast01/users/fouad.oubari/msgm/rafm-additions/outputs_tflow_full/v2/final/weather_au_wind/seed_65457/result.json
weather_au_wind,new_matched_runs_on_verified_existing_cache,tflow,65457,failed,tail_exc_95,0.95,/mnt/vast01/users/fouad.oubari/msgm/rafm-additions/outputs_tflow_full/v2/final/weather_au_wind/seed_65457/result.json
weather_au_wind,new_matched_runs_on_verified_existing_cache,tflow,65457,failed,tail_exc_99,0.99,/mnt/vast01/users/fouad.oubari/msgm/rafm-additions/outputs_tflow_full/v2/final/weather_au_wind/seed_65457/result.json
weather_au_wind,new_matched_runs_on_verified_existing_cache,tflow,65457,failed,total_train_time_s,32.35606659948826,/mnt/vast01/users/fouad.oubari/msgm/rafm-additions/outputs_tflow_full/v2/final/weather_au_wind/seed_65457/result.json
