condition,method,status,metric,mean,std_population,std_sample,n
aniso_k1,A,complete,angular_sw_bin0,0.008176853880286217,0.00018583180721297983,0.00022759655282552754,3
aniso_k1,A,complete,angular_sw_bin1,0.008172274256745974,8.480570682864474e-05,0.00010386535450312131,3
aniso_k1,A,complete,angular_sw_bin2,0.007606657998015483,0.00012442371124698744,0.00015238730222925584,3
aniso_k1,A,complete,angular_sw_bin3,0.00864439643919468,8.677132122149565e-05,0.00010627273064989894,3
aniso_k1,A,complete,angular_sw_mean,0.008150045643560588,6.178520012978879e-05,7.567110698686177e-05,3
aniso_k1,A,complete,exploding_norm_rate,0.0,0.0,0.0,3
aniso_k1,A,complete,inf_rate,0.0,0.0,0.0,3
aniso_k1,A,complete,invalid_rate,0.0,0.0,0.0,3
aniso_k1,A,complete,ks_stat,0.010100007057189941,0.0,0.0,3
aniso_k1,A,complete,mmd,0.00013124942779541016,8.164458495052863e-06,9.999378669505486e-06,3
aniso_k1,A,complete,nan_rate,0.0,0.0,0.0,3
aniso_k1,A,complete,nfe,512,0.0,0.0,3
aniso_k1,A,complete,q950_err,0.003214405035232895,3.298567766310318e-08,4.039903954726172e-08,3
aniso_k1,A,complete,q990_err,0.0008871895818321581,3.060184241524519e-08,3.747944955320514e-08,3
aniso_k1,A,complete,q995_err,0.0030266671072267165,7.864629114039441e-08,9.632164172816782e-08,3
aniso_k1,A,complete,radial_w1,0.012358881843586763,1.5829439938045991e-09,1.938702538112302e-09,3
aniso_k1,A,complete,sample_time_s,0.189125195145607,0.0018821033792228168,0.002305096461131924,3
aniso_k1,A,complete,sliced_w1,0.021147213876247406,0.00022859801579665857,0.00027997424745725103,3
aniso_k1,A,complete,tail_exc_95,0.002500000596046492,0.0,0.0,3
aniso_k1,A,complete,tail_exc_99,0.0002000003680586726,0.0,0.0,3
aniso_k1,A,complete,total_train_time_s,29.951571221152943,1.4042579922701937,1.7198577741435694,3
aniso_k1,B,complete,angular_sw_bin0,0.008248414223392805,0.0002180386179151259,0.0002670416790568607,3
aniso_k1,B,complete,angular_sw_bin1,0.008191063068807125,3.939997140099477e-05,4.825491290634363e-05,3
aniso_k1,B,complete,angular_sw_bin2,0.007592441203693549,8.456755981157511e-05,0.00010357368516532807,3
aniso_k1,B,complete,angular_sw_bin3,0.008860602354009947,0.00010553882284504479,0.00012925813201217408,3
aniso_k1,B,complete,angular_sw_mean,0.008223130212475857,2.818883049699884e-05,3.452412558172615e-05,3
aniso_k1,B,complete,exploding_norm_rate,0.0,0.0,0.0,3
aniso_k1,B,complete,inf_rate,0.0,0.0,0.0,3
aniso_k1,B,complete,invalid_rate,0.0,0.0,0.0,3
aniso_k1,B,complete,ks_stat,0.010100007057189941,0.0,0.0,3
aniso_k1,B,complete,mmd,0.00013256072998046875,1.1392234160267606e-05,1.3952580361479817e-05,3
aniso_k1,B,complete,nan_rate,0.0,0.0,0.0,3
aniso_k1,B,complete,nfe,512,0.0,0.0,3
aniso_k1,B,complete,q950_err,0.003214544981611041,3.298567766310318e-08,4.039903954726172e-08,3
aniso_k1,B,complete,q990_err,0.0008872328593727354,3.060184241519408e-08,3.7479449553142546e-08,3
aniso_k1,B,complete,q995_err,0.0030267932218593684,5.94510079702233e-08,7.281231711059147e-08,3
aniso_k1,B,complete,radial_w1,0.01235888246446848,7.604216979143452e-10,9.313225746154785e-10,3
aniso_k1,B,complete,sample_time_s,0.28631020585695904,0.005477061841670412,0.006708003400880409,3
aniso_k1,B,complete,sliced_w1,0.021165456001957256,0.0003722794064664881,0.0004559472937945361,3
aniso_k1,B,complete,tail_exc_95,0.002500000596046492,0.0,0.0,3
aniso_k1,B,complete,tail_exc_99,0.0002000003680586726,0.0,0.0,3
aniso_k1,B,complete,total_train_time_s,29.19903949648142,0.12990307202982396,0.15909812124653908,3
aniso_k1,C,complete,angular_sw_bin0,0.008129600125054518,0.00013318397461576395,0.0001631163898622045,3
aniso_k1,C,complete,angular_sw_bin1,0.008073247969150543,9.257146878807646e-05,0.00011337643163538322,3
aniso_k1,C,complete,angular_sw_bin2,0.007628417573869228,0.00012128496953248648,0.00014854314441179795,3
aniso_k1,C,complete,angular_sw_bin3,0.008386931692560514,0.00012935237643972773,0.00015842365964687075,3
aniso_k1,C,complete,angular_sw_mean,0.008054549340158701,4.99618476827705e-05,6.119051671472091e-05,3
aniso_k1,C,complete,exploding_norm_rate,0.0,0.0,0.0,3
aniso_k1,C,complete,inf_rate,0.0,0.0,0.0,3
aniso_k1,C,complete,invalid_rate,0.0,0.0,0.0,3
aniso_k1,C,complete,ks_stat,0.010100007057189941,0.0,0.0,3
aniso_k1,C,complete,mmd,0.00013299783070882162,1.0107904306376938e-05,1.2379603959752112e-05,3
aniso_k1,C,complete,nan_rate,0.0,0.0,0.0,3
aniso_k1,C,complete,nfe,512,0.0,0.0,3
aniso_k1,C,complete,q950_err,0.003214475008421968,3.298567766310318e-08,4.039903954726172e-08,3
aniso_k1,C,complete,q990_err,0.0008871895818321581,3.060184241524519e-08,3.747944955320514e-08,3
aniso_k1,C,complete,q995_err,0.0030267091454376006,7.864629114058759e-08,9.632164172840442e-08,3
aniso_k1,C,complete,radial_w1,0.012358884637554487,2.44441376192241e-09,2.9937832184734926e-09,3
aniso_k1,C,complete,sample_time_s,0.2525354747970899,0.007087023044166215,0.00867979512677658,3
aniso_k1,C,complete,sliced_w1,0.021152136226495106,0.00037622711299810607,0.0004607822271228943,3
aniso_k1,C,complete,tail_exc_95,0.002500000596046492,0.0,0.0,3
aniso_k1,C,complete,tail_exc_99,0.0002000003680586726,0.0,0.0,3
aniso_k1,C,complete,total_train_time_s,29.820918301741283,0.7329158971651544,0.8976349862143882,3
aniso_k1,tflow,complete,angular_sw_bin0,0.07789131750663121,0.008222172282673128,0.010070063334901987,3
aniso_k1,tflow,complete,angular_sw_bin1,0.08546742300192516,0.009567315438159293,0.011717520515871167,3
aniso_k1,tflow,complete,angular_sw_bin2,0.08965600033601125,0.00680651341970883,0.008336242402846417,3
aniso_k1,tflow,complete,angular_sw_bin3,0.09939457476139069,0.008020905004891266,0.009823562268659707,3
aniso_k1,tflow,complete,angular_sw_mean,0.08810232890148957,0.00803566708996999,0.00984164205665092,3
aniso_k1,tflow,complete,exploding_norm_rate,0.0,0.0,0.0,3
aniso_k1,tflow,complete,inf_rate,0.0,0.0,0.0,3
aniso_k1,tflow,complete,invalid_rate,0.0,0.0,0.0,3
aniso_k1,tflow,complete,ks_stat,0.2508000085751216,0.029302217714960173,0.03588774086679724,3
aniso_k1,tflow,complete,mmd,0.12764247258504233,0.02368757305369316,0.029011233613224302,3
aniso_k1,tflow,complete,n_params,41504,0.0,0.0,3
aniso_k1,tflow,complete,nan_rate,0.0,0.0,0.0,3
aniso_k1,tflow,complete,nfe,512,0.0,0.0,3
aniso_k1,tflow,complete,q950_err,0.015133871305868222,0.008972717081347724,0.010989289227828332,3
aniso_k1,tflow,complete,q990_err,0.013990438736235917,0.0018816701716356187,0.002304565892361255,3
aniso_k1,tflow,complete,q995_err,0.016589980562369856,0.008630503240482486,0.010570164581309414,3
aniso_k1,tflow,complete,radial_w1,0.31734638412793476,0.04272667327645161,0.052329273966958176,3
aniso_k1,tflow,complete,sample_time_s,0.4202718672653039,0.0020029148697632625,0.002453059714576508,3
aniso_k1,tflow,complete,sliced_w1,0.5047250588734945,0.047046630861871316,0.057620119864330153,3
aniso_k1,tflow,complete,tail_exc_95,0.013066665952404355,0.0066655001769620175,0.00816353715699396,3
aniso_k1,tflow,complete,tail_exc_99,0.0018666666746139555,0.0003091206069291899,0.00037859387797798067,3
aniso_k1,tflow,complete,total_train_time_s,33.255557145923376,0.7605045992526769,0.9314241076044318,3
aniso_k10,A,complete,angular_sw_bin0,0.009979458215336004,0.0007490156236126174,0.000917353043611726,3
aniso_k10,A,complete,angular_sw_bin1,0.008214032277464867,0.0001764762333240711,0.0002161383616861615,3
aniso_k10,A,complete,angular_sw_bin2,0.009531539554397265,0.0008396060574723082,0.0010283032128785212,3
aniso_k10,A,complete,angular_sw_bin3,0.008574870570252338,0.0006154908281048625,0.0007538192351099925,3
aniso_k10,A,complete,angular_sw_mean,0.009074975154362619,0.0005253140458747733,0.0006433756835550945,3
aniso_k10,A,complete,exploding_norm_rate,0.0,0.0,0.0,3
aniso_k10,A,complete,inf_rate,0.0,0.0,0.0,3
aniso_k10,A,complete,invalid_rate,0.0,0.0,0.0,3
aniso_k10,A,complete,ks_stat,0.012400031089782715,0.0,0.0,3
aniso_k10,A,complete,mmd,0.0002843141555786133,7.885800376781108e-05,9.658093568280522e-05,3
aniso_k10,A,complete,nan_rate,0.0,0.0,0.0,3
aniso_k10,A,complete,nfe,512,0.0,0.0,3
aniso_k10,A,complete,q950_err,0.0013593420858034294,8.852980500682242e-08,1.0842642464740319e-07,3
aniso_k10,A,complete,q990_err,0.0008078052251168665,1.3553317180168173e-07,1.6599355706754485e-07,3
aniso_k10,A,complete,q995_err,0.009980196061573144,7.532070064405205e-08,9.22486418234239e-08,3
aniso_k10,A,complete,radial_w1,0.07575116803248723,2.458566163135485e-08,3.0111162992770825e-08,3
aniso_k10,A,complete,sample_time_s,0.19283282508452734,0.00798954247099634,0.009785151166118049,3
aniso_k10,A,complete,sliced_w1,0.13433870921532312,0.013378667211544517,0.016385454053393957,3
aniso_k10,A,complete,tail_exc_95,0.000900001078844026,0.0,0.0,3
aniso_k10,A,complete,tail_exc_99,0.00010000005364418918,0.0,0.0,3
aniso_k10,A,complete,total_train_time_s,28.49544669687748,1.847442205999618,2.262645366990396,3
aniso_k10,B,complete,angular_sw_bin0,0.011246946640312672,0.00125446582145562,0.0015364005811638074,3
aniso_k10,B,complete,angular_sw_bin1,0.008943293864528338,0.0005640511830713836,0.0006908187936690353,3
aniso_k10,B,complete,angular_sw_bin2,0.009971094317734241,0.0016575656835901335,0.0020300950699717094,3
aniso_k10,B,complete,angular_sw_bin3,0.008821187540888786,0.0008969382446030883,0.0010985205150326072,3
aniso_k10,B,complete,angular_sw_mean,0.009745630590866009,0.0010385978082004458,0.0012720173390320414,3
aniso_k10,B,complete,exploding_norm_rate,0.0,0.0,0.0,3
aniso_k10,B,complete,inf_rate,0.0,0.0,0.0,3
aniso_k10,B,complete,invalid_rate,0.0,0.0,0.0,3
aniso_k10,B,complete,ks_stat,0.012400031089782715,0.0,0.0,3
aniso_k10,B,complete,mmd,0.00042378902435302734,0.00021445047673759852,0.0002626471215518551,3
aniso_k10,B,complete,nan_rate,0.0,0.0,0.0,3
aniso_k10,B,complete,nfe,512,0.0,0.0,3
aniso_k10,B,complete,q950_err,0.00135930594366188,1.0222541350398801e-07,1.252000509148938e-07,3
aniso_k10,B,complete,q990_err,0.000807869116066771,9.035544786780487e-08,1.106623713783841e-07,3
aniso_k10,B,complete,q995_err,0.00998010381293132,7.532070064405205e-08,9.22486418234239e-08,3
aniso_k10,B,complete,radial_w1,0.07575120280186336,9.292506642078214e-09,1.138094985225757e-08,3
aniso_k10,B,complete,sample_time_s,0.282808281481266,0.0008157953767964865,0.0009991412038364658,3
aniso_k10,B,complete,sliced_w1,0.15405119955539703,0.033516650371153645,0.041049345648295425,3
aniso_k10,B,complete,tail_exc_95,0.000900001078844026,0.0,0.0,3
aniso_k10,B,complete,tail_exc_99,0.00010000005364418918,0.0,0.0,3
aniso_k10,B,complete,total_train_time_s,29.605324854453404,4.01658868403455,4.919296391260807,3
aniso_k10,C,complete,angular_sw_bin0,0.010773865195612112,0.0003740658344189862,0.0004581352122674687,3
aniso_k10,C,complete,angular_sw_bin1,0.008666954934597015,0.00018376029438411,0.00022505947811234732,3
aniso_k10,C,complete,angular_sw_bin2,0.0096492866675059,0.0006753026142739692,0.0008270734134693763,3
aniso_k10,C,complete,angular_sw_bin3,0.010028071701526642,0.00017676361005849342,0.00021649032486780254,3
aniso_k10,C,complete,angular_sw_mean,0.009779544624810418,0.0002972269396423167,0.00036402716996634477,3
aniso_k10,C,complete,exploding_norm_rate,0.0,0.0,0.0,3
aniso_k10,C,complete,inf_rate,0.0,0.0,0.0,3
aniso_k10,C,complete,invalid_rate,0.0,0.0,0.0,3
aniso_k10,C,complete,ks_stat,0.012400031089782715,0.0,0.0,3
aniso_k10,C,complete,mmd,0.0002702077229817708,5.594226069042783e-05,6.851499687465277e-05,3
aniso_k10,C,complete,nan_rate,0.0,0.0,0.0,3
aniso_k10,C,complete,nfe,512,0.0,0.0,3
aniso_k10,C,complete,q950_err,0.0013593059436618803,5.111270675204511e-08,6.26000254575095e-08,3
aniso_k10,C,complete,q990_err,0.0008079010615417232,1.5650022644763474e-07,1.9167284971336298e-07,3
aniso_k10,C,complete,q995_err,0.009980073063384047,8.697285358478934e-08,1.0651955637826232e-07,3
aniso_k10,C,complete,radial_w1,0.07575114816427231,1.609509363375073e-08,1.971238338250362e-08,3
aniso_k10,C,complete,sample_time_s,0.25344812621672946,0.003423501999664678,0.004192916516288164,3
aniso_k10,C,complete,sliced_w1,0.13446329782406488,0.009847782528117832,0.012061021145892012,3
aniso_k10,C,complete,tail_exc_95,0.000900001078844026,0.0,0.0,3
aniso_k10,C,complete,tail_exc_99,0.00010000005364418918,0.0,0.0,3
aniso_k10,C,complete,total_train_time_s,28.959818604091804,0.2501719985784563,0.3063968722247482,3
aniso_k10,tflow,incomplete,,,,,
aniso_k100,A,complete,angular_sw_bin0,0.010005336254835129,0.0010734307123574322,0.001314678759753985,3
aniso_k100,A,complete,angular_sw_bin1,0.009950637196501097,0.0008533742324856459,0.0010451657146145284,3
aniso_k100,A,complete,angular_sw_bin2,0.008776347618550062,0.0010789761657210798,0.0013214705253206537,3
aniso_k100,A,complete,angular_sw_bin3,0.012096268745760122,0.0020484211979412783,0.0025087933566283957,3
aniso_k100,A,complete,angular_sw_mean,0.010207147453911602,0.0009003493172950833,0.0011026982088180718,3
aniso_k100,A,complete,exploding_norm_rate,0.0,0.0,0.0,3
aniso_k100,A,complete,inf_rate,0.0,0.0,0.0,3
aniso_k100,A,complete,invalid_rate,0.0,0.0,0.0,3
aniso_k100,A,complete,ks_stat,0.011399984359741211,0.0,0.0,3
aniso_k100,A,complete,mmd,0.0006992419560750326,0.00025198346219446413,0.0003086154529981663,3
aniso_k100,A,complete,nan_rate,0.0,0.0,0.0,3
aniso_k100,A,complete,nfe,512,0.0,0.0,3
aniso_k100,A,complete,q950_err,0.007355078321737654,1.0121734935292869e-07,1.2396542951585017e-07,3
aniso_k100,A,complete,q990_err,0.002717359611725893,0.0,0.0,3
aniso_k100,A,complete,q995_err,0.014684905936310569,1.48962084243221e-07,1.8244054870868675e-07,3
aniso_k100,A,complete,radial_w1,0.8959000507990519,5.6195798014525375e-08,6.882551541204759e-08,3
aniso_k100,A,complete,sample_time_s,0.1871843934059143,0.00021340674198557131,0.0002613688127672166,3
aniso_k100,A,complete,sliced_w1,1.4761945406595867,0.2055364166657435,0.2517296721955741,3
aniso_k100,A,complete,tail_exc_95,0.003200001269578978,0.0,0.0,3
aniso_k100,A,complete,tail_exc_99,0.0004000000283121974,0.0,0.0,3
aniso_k100,A,complete,total_train_time_s,28.754304612676304,1.8748315214697093,2.2961902906433163,3
aniso_k100,B,complete,angular_sw_bin0,0.00857861495266358,0.0005051941526739048,0.0006187339475443843,3
aniso_k100,B,complete,angular_sw_bin1,0.009591314320762953,0.0002488892309991127,0.0003048258092107598,3
aniso_k100,B,complete,angular_sw_bin2,0.007868147765596708,0.0005615292623230062,0.000687730084166404,3
aniso_k100,B,complete,angular_sw_bin3,0.010121926665306091,0.001572856411211452,0.001926347823066606,3
aniso_k100,B,complete,angular_sw_mean,0.009040000926082334,0.0004231461047311196,0.0005182460216187669,3
aniso_k100,B,complete,exploding_norm_rate,0.0,0.0,0.0,3
aniso_k100,B,complete,inf_rate,0.0,0.0,0.0,3
aniso_k100,B,complete,invalid_rate,0.0,0.0,0.0,3
aniso_k100,B,complete,ks_stat,0.011399984359741211,0.0,0.0,3
aniso_k100,B,complete,mmd,0.0004445314407348633,0.00010364277120411127,0.00012693595248904714,3
aniso_k100,B,complete,nan_rate,0.0,0.0,0.0,3
aniso_k100,B,complete,nfe,512,0.0,0.0,3
aniso_k100,B,complete,q950_err,0.007355114107474705,5.06086746762599e-08,6.19827147576747e-08,3
aniso_k100,B,complete,q990_err,0.002717390465918666,4.363441787592424e-08,5.344102950969569e-08,3
aniso_k100,B,complete,q995_err,0.014684789080837594,0.0,0.0,3
aniso_k100,B,complete,radial_w1,0.8959000706672668,1.2876074907000583e-07,1.5769906706002895e-07,3
aniso_k100,B,complete,sample_time_s,0.28410721073548,0.002023949527545567,0.0024788218038168624,3
aniso_k100,B,complete,sliced_w1,1.201482077439626,0.14762565800787025,0.18080376753094776,3
aniso_k100,B,complete,tail_exc_95,0.003200001269578978,0.0,0.0,3
aniso_k100,B,complete,tail_exc_99,0.0004000000283121974,0.0,0.0,3
aniso_k100,B,complete,total_train_time_s,27.28524188200633,0.6393697072650452,0.7830647698960056,3
aniso_k100,C,complete,angular_sw_bin0,0.011973868434627851,0.00026538747477128843,0.00032503194865770023,3
aniso_k100,C,complete,angular_sw_bin1,0.009914284572005272,0.0001546137351035727,0.00018936237911479833,3
aniso_k100,C,complete,angular_sw_bin2,0.007658383964250485,0.0003628787969374543,0.0004444339454858971,3
aniso_k100,C,complete,angular_sw_bin3,0.012813015840947628,0.00017463742447944717,0.00021388628998423887,3
aniso_k100,C,complete,angular_sw_mean,0.010589888202957809,9.269816174155099e-05,0.0001135315981803926,3
aniso_k100,C,complete,exploding_norm_rate,0.0,0.0,0.0,3
aniso_k100,C,complete,inf_rate,0.0,0.0,0.0,3
aniso_k100,C,complete,invalid_rate,0.0,0.0,0.0,3
aniso_k100,C,complete,ks_stat,0.011399984359741211,0.0,0.0,3
aniso_k100,C,complete,mmd,0.00040086110432942707,6.101903706693336e-05,7.47327527049799e-05,3
aniso_k100,C,complete,nan_rate,0.0,0.0,0.0,3
aniso_k100,C,complete,nfe,512,0.0,0.0,3
aniso_k100,C,complete,q950_err,0.007355114107474705,1.012173493525198e-07,1.239654295153494e-07,3
aniso_k100,C,complete,q990_err,0.002717390465918666,4.363441787592424e-08,5.344102950969569e-08,3
aniso_k100,C,complete,q995_err,0.014684789080837594,7.155907061014765e-08,8.764160473132693e-08,3
aniso_k100,C,complete,radial_w1,0.8959003289540609,1.1239159602905075e-07,1.3765103082409519e-07,3
aniso_k100,C,complete,sample_time_s,0.24951138347387314,0.003178561080611924,0.003892926381884361,3
aniso_k100,C,complete,sliced_w1,1.258186936378479,0.09357823344667285,0.11460946148769743,3
aniso_k100,C,complete,tail_exc_95,0.003200001269578978,0.0,0.0,3
aniso_k100,C,complete,tail_exc_99,0.0004000000283121974,0.0,0.0,3
aniso_k100,C,complete,total_train_time_s,26.88492163270712,0.17699203109208358,0.21677008235721004,3
aniso_k100,tflow,complete,angular_sw_bin0,0.06830637156963348,0.005114930777350795,0.00626448523708338,3
aniso_k100,tflow,complete,angular_sw_bin1,0.08475683877865474,0.004448696245861125,0.005448517911497429,3
aniso_k100,tflow,complete,angular_sw_bin2,0.09411586821079254,0.0027905689337492396,0.0034177349898740763,3
aniso_k100,tflow,complete,angular_sw_bin3,0.10845264792442322,0.007119493998054028,0.00871956376101987,3
aniso_k100,tflow,complete,angular_sw_mean,0.088907931620876,0.003325135225139054,0.004072442313672573,3
aniso_k100,tflow,complete,exploding_norm_rate,0.0,0.0,0.0,3
aniso_k100,tflow,complete,inf_rate,0.0,0.0,0.0,3
aniso_k100,tflow,complete,invalid_rate,0.0,0.0,0.0,3
aniso_k100,tflow,complete,ks_stat,0.5031000276406606,0.08052532389922243,0.09862297746271922,3
aniso_k100,tflow,complete,mmd,0.07370412349700928,0.005993867091128519,0.007340957979662476,3
aniso_k100,tflow,complete,n_params,41504,0.0,0.0,3
aniso_k100,tflow,complete,nan_rate,0.0,0.0,0.0,3
aniso_k100,tflow,complete,nfe,512,0.0,0.0,3
aniso_k100,tflow,complete,q950_err,0.21241738952066144,0.06277726066990956,0.07688612804548464,3
aniso_k100,tflow,complete,q990_err,0.10089098886638764,0.04934703378416815,0.060437526545547425,3
aniso_k100,tflow,complete,q995_err,0.04259291426974169,0.053515590493337685,0.0655429449962078,3
aniso_k100,tflow,complete,radial_w1,60.26828257242838,10.280858832619051,12.591429128751102,3
aniso_k100,tflow,complete,sample_time_s,0.418299147238334,0.0021396121467655736,0.002620479003518284,3
aniso_k100,tflow,complete,sliced_w1,13.61447556813558,0.4672442354708354,0.5722549810801896,3
aniso_k100,tflow,complete,tail_exc_95,0.03630000030001009,0.004920026799923473,0.006025777590315445,3
aniso_k100,tflow,complete,tail_exc_99,0.004466666675483196,0.0018006171264592725,0.002205296590970854,3
aniso_k100,tflow,complete,total_train_time_s,32.34228814765811,1.496722517807666,1.833103227581245,3
aniso_k3,A,complete,angular_sw_bin0,0.00892355851829052,0.000538382925307104,0.0006593817266146765,3
aniso_k3,A,complete,angular_sw_bin1,0.007842260723312696,0.00023381323536598203,0.000286361560877961,3
aniso_k3,A,complete,angular_sw_bin2,0.007721461666127046,0.00015993803911945706,0.00019588329315198237,3
aniso_k3,A,complete,angular_sw_bin3,0.008413652113328377,0.0005317001941046101,0.0006511970858475336,3
aniso_k3,A,complete,angular_sw_mean,0.00822523325526466,0.00013726199494203088,0.00016811092434223054,3
aniso_k3,A,complete,exploding_norm_rate,0.0,0.0,0.0,3
aniso_k3,A,complete,inf_rate,0.0,0.0,0.0,3
aniso_k3,A,complete,invalid_rate,0.0,0.0,0.0,3
aniso_k3,A,complete,ks_stat,0.015500009059906006,0.0,0.0,3
aniso_k3,A,complete,mmd,0.00019236405690511069,9.865043895361937e-06,1.2082161916897435e-05,3
aniso_k3,A,complete,nan_rate,0.0,0.0,0.0,3
aniso_k3,A,complete,nfe,512,0.0,0.0,3
aniso_k3,A,complete,q950_err,7.151622793256476e-05,8.843001405092245e-08,1.0830420618595343e-07,3
aniso_k3,A,complete,q990_err,0.011286100988406138,1.5381060346893858e-07,1.8837874776422788e-07,3
aniso_k3,A,complete,q995_err,0.0180618671130738,5.9441539956768923e-08,7.280072120967096e-08,3
aniso_k3,A,complete,radial_w1,0.035853048165639244,9.292506642078214e-09,1.138094985225757e-08,3
aniso_k3,A,complete,sample_time_s,0.19195741415023804,0.006245968888149115,0.007649718362632054,3
aniso_k3,A,complete,sliced_w1,0.04692881057659785,0.001869119134347326,0.002289194073811774,3
aniso_k3,A,complete,tail_exc_95,0.00040000006556506484,0.0,0.0,3
aniso_k3,A,complete,tail_exc_99,0.003100000098347655,0.0,0.0,3
aniso_k3,A,complete,total_train_time_s,28.6249133720994,1.9513888131317536,2.3899534409740353,3
aniso_k3,B,complete,angular_sw_bin0,0.009428884213169416,0.000819251903354649,0.001003374567011404,3
aniso_k3,B,complete,angular_sw_bin1,0.008004302779833475,0.00023281619333130352,0.00028514043875942666,3
aniso_k3,B,complete,angular_sw_bin2,0.00788117852061987,3.131479704414943e-05,3.83526370784905e-05,3
aniso_k3,B,complete,angular_sw_bin3,0.009050946372250715,0.0006183823914809067,0.0007573606625251064,3
aniso_k3,B,complete,angular_sw_mean,0.008591327971468369,0.00010406835768160498,0.00012745718734469118,3
aniso_k3,B,complete,exploding_norm_rate,0.0,0.0,0.0,3
aniso_k3,B,complete,inf_rate,0.0,0.0,0.0,3
aniso_k3,B,complete,invalid_rate,0.0,0.0,0.0,3
aniso_k3,B,complete,ks_stat,0.015500009059906006,0.0,0.0,3
aniso_k3,B,complete,mmd,0.00021497408548990885,3.104852167862679e-05,3.802651769018873e-05,3
aniso_k3,B,complete,nan_rate,0.0,0.0,0.0,3
aniso_k3,B,complete,nfe,512,0.0,0.0,3
aniso_k3,B,complete,q950_err,7.16107635940751e-05,1.0027021097686547e-07,1.2280542664726862e-07,3
aniso_k3,B,complete,q990_err,0.011286122740510286,8.138892115671602e-08,9.968066377478235e-08,3
aniso_k3,B,complete,q995_err,0.0180618671130738,2.9720769978384462e-08,3.640036060483548e-08,3
aniso_k3,B,complete,radial_w1,0.03585304940740267,7.654743893654367e-09,9.375108325569269e-09,3
aniso_k3,B,complete,sample_time_s,0.2900252789258957,0.007792401279664085,0.009543703503093843,3
aniso_k3,B,complete,sliced_w1,0.04905626798669497,0.0037226067288085906,0.0045592434993161415,3
aniso_k3,B,complete,tail_exc_95,0.00040000006556506484,0.0,0.0,3
aniso_k3,B,complete,tail_exc_99,0.003100000098347655,0.0,0.0,3
aniso_k3,B,complete,total_train_time_s,29.52309328565995,1.074865499969626,1.3164360085235558,3
aniso_k3,C,complete,angular_sw_bin0,0.008828899202247461,0.00035960280099150803,0.00044042168625239977,3
aniso_k3,C,complete,angular_sw_bin1,0.007616490280876557,0.00025595152007450335,0.0003134753115361293,3
aniso_k3,C,complete,angular_sw_bin2,0.007758430981387694,0.00021341776359872048,0.00026138231143139543,3
aniso_k3,C,complete,angular_sw_bin3,0.00918808983018001,0.00041505121202460907,0.000508331843292003,3
aniso_k3,C,complete,angular_sw_mean,0.00834797757367293,0.00016128450068458264,0.00019753236504839583,3
aniso_k3,C,complete,exploding_norm_rate,0.0,0.0,0.0,3
aniso_k3,C,complete,inf_rate,0.0,0.0,0.0,3
aniso_k3,C,complete,invalid_rate,0.0,0.0,0.0,3
aniso_k3,C,complete,ks_stat,0.015500009059906006,0.0,0.0,3
aniso_k3,C,complete,mmd,0.00019653638203938803,6.2060111380750775e-06,7.60078031315653e-06,3
aniso_k3,C,complete,nan_rate,0.0,0.0,0.0,3
aniso_k3,C,complete,nfe,512,0.0,0.0,3
aniso_k3,C,complete,q950_err,7.156349576331993e-05,8.843001405092124e-08,1.0830420618595194e-07,3
aniso_k3,C,complete,q990_err,0.011286100988406138,8.138892115671602e-08,9.968066377478235e-08,3
aniso_k3,C,complete,q995_err,0.018061930160347777,1.2954983285849454e-07,1.5866549338307876e-07,3
aniso_k3,C,complete,radial_w1,0.03585304940740267,8.78059343976959e-09,1.0753986783132438e-08,3
aniso_k3,C,complete,sample_time_s,0.2547219942013423,0.007975951025986057,0.009768505113546905,3
aniso_k3,C,complete,sliced_w1,0.04770535478989283,0.0010381402178315502,0.0012714569075745381,3
aniso_k3,C,complete,tail_exc_95,0.00040000006556506484,0.0,0.0,3
aniso_k3,C,complete,tail_exc_99,0.003100000098347655,0.0,0.0,3
aniso_k3,C,complete,total_train_time_s,29.192205145955086,1.7758911494579117,2.1750135774482913,3
aniso_k3,tflow,complete,angular_sw_bin0,0.03922149911522865,0.009376804276102647,0.011484192947199438,3
aniso_k3,tflow,complete,angular_sw_bin1,0.03586943633854389,0.009933690496106123,0.012166236489097343,3
aniso_k3,tflow,complete,angular_sw_bin2,0.03880013773838679,0.013096411047364635,0.016039762263895987,3
aniso_k3,tflow,complete,angular_sw_bin3,0.048877677569786705,0.010728379819118578,0.013139528161806503,3
aniso_k3,tflow,complete,angular_sw_mean,0.04069218769048651,0.010711097726655688,0.013118362007695663,3
aniso_k3,tflow,complete,exploding_norm_rate,0.0,0.0,0.0,3
aniso_k3,tflow,complete,inf_rate,0.0,0.0,0.0,3
aniso_k3,tflow,complete,invalid_rate,0.0,0.0,0.0,3
aniso_k3,tflow,complete,ks_stat,0.2882000207901001,0.03907795730646387,0.047860527795551104,3
aniso_k3,tflow,complete,mmd,0.03172377745310465,0.01920060873521992,0.023515847076057143,3
aniso_k3,tflow,complete,n_params,41504,0.0,0.0,3
aniso_k3,tflow,complete,nan_rate,0.0,0.0,0.0,3
aniso_k3,tflow,complete,nfe,512,0.0,0.0,3
aniso_k3,tflow,complete,q950_err,0.09538608068736171,0.013211576502619353,0.016180810564580678,3
aniso_k3,tflow,complete,q990_err,0.13496523709227043,0.027032101434615815,0.03310742759498293,3
aniso_k3,tflow,complete,q995_err,0.15172255029921022,0.04321304903319266,0.052924960180595976,3
aniso_k3,tflow,complete,radial_w1,1.1935277382532756,0.1698339282550583,0.20800323261866974,3
aniso_k3,tflow,complete,sample_time_s,0.4202594968179862,0.0008105241738472279,0.0009926853250582972,3
aniso_k3,tflow,complete,sliced_w1,0.5166017909844717,0.15190854277276086,0.18604920868150873,3
aniso_k3,tflow,complete,tail_exc_95,0.11126666963100429,0.025888780309454802,0.03170715091058832,3
aniso_k3,tflow,complete,tail_exc_99,0.0474666659037272,0.010623975473100924,0.013011659474470387,3
aniso_k3,tflow,complete,total_train_time_s,33.774583833913006,0.9868342393590938,1.20862017356867,3
aniso_k30,A,complete,angular_sw_bin0,0.009323290238777796,0.0005110984105330668,0.0006259651570767666,3
aniso_k30,A,complete,angular_sw_bin1,0.007834160389999548,0.0007377021302894989,0.0009034969006867136,3
aniso_k30,A,complete,angular_sw_bin2,0.00785147569452723,0.0001551415401175395,0.00019000880559874895,3
aniso_k30,A,complete,angular_sw_bin3,0.008078167835871378,0.00038203956974572605,0.0004679010037147273,3
aniso_k30,A,complete,angular_sw_mean,0.008271773539793989,0.0003650452179992304,0.00044708725857058203,3
aniso_k30,A,complete,exploding_norm_rate,0.0,0.0,0.0,3
aniso_k30,A,complete,inf_rate,0.0,0.0,0.0,3
aniso_k30,A,complete,invalid_rate,0.0,0.0,0.0,3
aniso_k30,A,complete,ks_stat,0.012799978256225586,0.0,0.0,3
aniso_k30,A,complete,mmd,0.0003192027409871419,6.768962906568059e-05,8.290252604459135e-05,3
aniso_k30,A,complete,nan_rate,0.0,0.0,0.0,3
aniso_k30,A,complete,nfe,512,0.0,0.0,3
aniso_k30,A,complete,q950_err,0.006984009734667787,3.900236649538513e-08,4.776794833735809e-08,3
aniso_k30,A,complete,q990_err,0.00547969106472784,8.913627749595423e-08,1.0916919871810745e-07,3
aniso_k30,A,complete,q995_err,0.016515786799345206,1.1551208853768436e-07,1.4147283802026008e-07,3
aniso_k30,A,complete,radial_w1,0.25316862265268963,5.6195798014525375e-08,6.882551541204759e-08,3
aniso_k30,A,complete,sample_time_s,0.1873817890882492,0.00022580542781484508,0.0002765540396486152,3
aniso_k30,A,complete,sliced_w1,0.34035995602607727,0.036014548099405,0.044108633080231975,3
aniso_k30,A,complete,tail_exc_95,0.003100001066923097,0.0,0.0,3
aniso_k30,A,complete,tail_exc_99,0.0008000002801418216,0.0,0.0,3
aniso_k30,A,complete,total_train_time_s,27.822491919000942,2.01411609771243,2.4667783610605394,3
aniso_k30,B,complete,angular_sw_bin0,0.008867908890048662,0.0003928600386194139,0.0004811533174738288,3
aniso_k30,B,complete,angular_sw_bin1,0.007787812811632951,0.00040516610716161995,0.000496225111807889,3
aniso_k30,B,complete,angular_sw_bin2,0.007408610700319211,0.00011278103897790381,0.00013812799907840257,3
aniso_k30,B,complete,angular_sw_bin3,0.007555146391193072,0.0006303096962439514,0.0007719685678631698,3
aniso_k30,B,complete,angular_sw_mean,0.007904869698298475,0.00012026886697454987,0.0001472986780151572,3
aniso_k30,B,complete,exploding_norm_rate,0.0,0.0,0.0,3
aniso_k30,B,complete,inf_rate,0.0,0.0,0.0,3
aniso_k30,B,complete,invalid_rate,0.0,0.0,0.0,3
aniso_k30,B,complete,ks_stat,0.012799978256225586,0.0,0.0,3
aniso_k30,B,complete,mmd,0.000225067138671875,4.057332724971103e-05,4.969197446437619e-05,3
aniso_k30,B,complete,nan_rate,0.0,0.0,0.0,3
aniso_k30,B,complete,nfe,512,0.0,0.0,3
aniso_k30,B,complete,q950_err,0.006983954576992125,1.1700709948574651e-07,1.4330384501157348e-07,3
aniso_k30,B,complete,q990_err,0.00547969106472784,8.913627749595423e-08,1.0916919871810745e-07,3
aniso_k30,B,complete,q995_err,0.01651571883799211,8.476269961049395e-08,1.0381268163325831e-07,3
aniso_k30,B,complete,radial_w1,0.25316863258679706,1.4048949503631344e-08,1.7206378853011898e-08,3
aniso_k30,B,complete,sample_time_s,0.2930602903167407,0.0015158063256156846,0.0018564760233207387,3
aniso_k30,B,complete,sliced_w1,0.30045175552368164,0.012010331505284787,0.014709591914810366,3
aniso_k30,B,complete,tail_exc_95,0.003100001066923097,0.0,0.0,3
aniso_k30,B,complete,tail_exc_99,0.0008000002801418216,0.0,0.0,3
aniso_k30,B,complete,total_train_time_s,29.131106689572334,0.5514269435712725,0.6753573210860552,3
aniso_k30,C,complete,angular_sw_bin0,0.011369126538435618,0.00010155752501801388,0.00012438205791703548,3
aniso_k30,C,complete,angular_sw_bin1,0.008314590435475111,0.0004062972615204151,0.0004976104873075756,3
aniso_k30,C,complete,angular_sw_bin2,0.007428101108719905,0.00026032737677191773,0.00031883461958423216,3
aniso_k30,C,complete,angular_sw_bin3,0.011022874154150486,0.0004298302111986899,0.000526432346734759,3
aniso_k30,C,complete,angular_sw_mean,0.00953367305919528,0.000266097171190123,0.0003259011457069128,3
aniso_k30,C,complete,exploding_norm_rate,0.0,0.0,0.0,3
aniso_k30,C,complete,inf_rate,0.0,0.0,0.0,3
aniso_k30,C,complete,invalid_rate,0.0,0.0,0.0,3
aniso_k30,C,complete,ks_stat,0.012799978256225586,0.0,0.0,3
aniso_k30,C,complete,mmd,0.0002722740173339844,7.922698769925838e-05,9.703284686047121e-05,3
aniso_k30,C,complete,nan_rate,0.0,0.0,0.0,3
aniso_k30,C,complete,nfe,512,0.0,0.0,3
aniso_k30,C,complete,q950_err,0.006983954576992125,0.0,0.0,3
aniso_k30,C,complete,q990_err,0.0054796672420556174,1.5438856142028336e-07,1.890865988010174e-07,3
aniso_k30,C,complete,q995_err,0.01651576414556084,1.1098042487825499e-07,1.359227061945023e-07,3
aniso_k30,C,complete,radial_w1,0.25316864252090454,2.4333494333259047e-08,2.9802322387695312e-08,3
aniso_k30,C,complete,sample_time_s,0.25548700739940006,0.006707782381882805,0.008215322070621823,3
aniso_k30,C,complete,sliced_w1,0.3529204527537028,0.031064380609056006,0.038045940833897667,3
aniso_k30,C,complete,tail_exc_95,0.003100001066923097,0.0,0.0,3
aniso_k30,C,complete,tail_exc_99,0.0008000002801418216,0.0,0.0,3
aniso_k30,C,complete,total_train_time_s,29.388148692746956,2.0620678724470825,2.52550705124093,3
aniso_k30,tflow,complete,angular_sw_bin0,0.06762711827953656,0.010551747021829351,0.012923198049206972,3
aniso_k30,tflow,complete,angular_sw_bin1,0.08746366699536641,0.022956152543548252,0.028115430094593705,3
aniso_k30,tflow,complete,angular_sw_bin2,0.09829746186733246,0.014315844739551708,0.017533257424404213,3
aniso_k30,tflow,complete,angular_sw_bin3,0.09287412961324056,0.007603145062959611,0.009311912922306063,3
aniso_k30,tflow,complete,angular_sw_mean,0.086565594188869,0.013378295629446296,0.016384998960124863,3
aniso_k30,tflow,complete,exploding_norm_rate,0.0,0.0,0.0,3
aniso_k30,tflow,complete,inf_rate,0.0,0.0,0.0,3
aniso_k30,tflow,complete,invalid_rate,0.0,0.0,0.0,3
aniso_k30,tflow,complete,ks_stat,0.6158666809399923,0.0504984461412556,0.061847712924747174,3
aniso_k30,tflow,complete,mmd,0.0839155912399292,0.016967757928571154,0.020781174502031492,3
aniso_k30,tflow,complete,n_params,41504,0.0,0.0,3
aniso_k30,tflow,complete,nan_rate,0.0,0.0,0.0,3
aniso_k30,tflow,complete,nfe,512,0.0,0.0,3
aniso_k30,tflow,complete,q950_err,0.3133211771331908,0.029928882019282167,0.03665524475959978,3
aniso_k30,tflow,complete,q990_err,0.2762680993049972,0.021917233492067294,0.026843019314501386,3
aniso_k30,tflow,complete,q995_err,0.2554807036763785,0.021894703387106525,0.02681542568399877,3
aniso_k30,tflow,complete,radial_w1,21.518773396809895,1.9918943744871125,2.439562419506848,3
aniso_k30,tflow,complete,sample_time_s,0.4215192422270775,0.0030487122114825124,0.0037338946453621164,3
aniso_k30,tflow,complete,sliced_w1,4.8302890459696455,0.46419294007416506,0.5685179226920168,3
aniso_k30,tflow,complete,tail_exc_95,0.04753333333258832,0.0004496913166133124,0.0005507571337314857,3
aniso_k30,tflow,complete,tail_exc_99,0.008533333341280628,0.00018856176239390898,0.00023094005143249944,3
aniso_k30,tflow,complete,total_train_time_s,31.957583777606487,0.8915095061379452,1.0918716954392969,3
aniso_k300,A,complete,angular_sw_bin0,0.013320958862702051,0.0007933145512788163,0.00097160792807905,3
aniso_k300,A,complete,angular_sw_bin1,0.012669876217842102,0.002411696928428892,0.0029537134444441336,3
aniso_k300,A,complete,angular_sw_bin2,0.013487572781741619,0.0026438241751602994,0.0032380100993886747,3
aniso_k300,A,complete,angular_sw_bin3,0.013757042586803436,0.0012432973882178962,0.0015227220998344259,3
aniso_k300,A,complete,angular_sw_mean,0.013308862612272302,0.0017053829039176723,0.0020886589653320645,3
aniso_k300,A,complete,exploding_norm_rate,0.0,0.0,0.0,3
aniso_k300,A,complete,inf_rate,0.0,0.0,0.0,3
aniso_k300,A,complete,invalid_rate,0.0,0.0,0.0,3
aniso_k300,A,complete,ks_stat,0.009999990463256836,0.0,0.0,3
aniso_k300,A,complete,mmd,0.0016512870788574219,0.000293218360351659,0.0003591176830385452,3
aniso_k300,A,complete,nan_rate,0.0,0.0,0.0,3
aniso_k300,A,complete,nfe,512,0.0,0.0,3
aniso_k300,A,complete,q950_err,0.005736564017691517,3.6338224438715966e-08,4.450505401679389e-08,3
aniso_k300,A,complete,q990_err,0.038335134751631486,1.1305190221060449e-07,1.3845973743350128e-07,3
aniso_k300,A,complete,q995_err,0.059916483289010454,5.925967857438084e-08,7.257798741428697e-08,3
aniso_k300,A,complete,radial_w1,3.2963573932647705,3.8933590933214475e-07,4.76837158203125e-07,3
aniso_k300,A,complete,sample_time_s,0.19872799267371496,0.007703319501124667,0.00943460105169325,3
aniso_k300,A,complete,sliced_w1,6.040782610575358,0.5216605744953029,0.6389011132203122,3
aniso_k300,A,complete,tail_exc_95,0.0022000007331370863,0.0,0.0,3
aniso_k300,A,complete,tail_exc_99,0.005100000426173201,0.0,0.0,3
aniso_k300,A,complete,total_train_time_s,27.99104120830695,2.268465520766864,2.7782915124878667,3
aniso_k300,B,complete,angular_sw_bin0,0.00879132840782404,0.0002994762550099902,0.00036678200742704516,3
aniso_k300,B,complete,angular_sw_bin1,0.006833981877813737,0.0003495114605824102,0.0004280623688408904,3
aniso_k300,B,complete,angular_sw_bin2,0.007564404824127753,0.00021426280871134762,0.0002624172760991801,3
aniso_k300,B,complete,angular_sw_bin3,0.007071029394865036,0.0010037394327867166,0.0012293247225190337,3
aniso_k300,B,complete,angular_sw_mean,0.007565186126157641,0.00024382043565546478,0.00029861782810949346,3
aniso_k300,B,complete,exploding_norm_rate,0.0,0.0,0.0,3
aniso_k300,B,complete,inf_rate,0.0,0.0,0.0,3
aniso_k300,B,complete,invalid_rate,0.0,0.0,0.0,3
aniso_k300,B,complete,ks_stat,0.009999990463256836,0.0,0.0,3
aniso_k300,B,complete,mmd,0.00024310747782389322,7.537675009945554e-05,9.231728810647363e-05,3
aniso_k300,B,complete,nan_rate,0.0,0.0,0.0,3
aniso_k300,B,complete,nfe,512,0.0,0.0,3
aniso_k300,B,complete,q950_err,0.005736641102706268,3.633822443830709e-08,4.4505054016293113e-08,3
aniso_k300,B,complete,q990_err,0.038335179094235755,3.135495617080952e-08,3.840182176290702e-08,3
aniso_k300,B,complete,q995_err,0.059916483289010454,2.3703871429752337e-07,2.903119496571479e-07,3
aniso_k300,B,complete,radial_w1,3.2963569164276123,5.150429962800233e-07,6.307962682401158e-07,3
aniso_k300,B,complete,sample_time_s,0.282240887482961,0.0005298722031718687,0.0006489582633277082,3
aniso_k300,B,complete,sliced_w1,2.5119043986002603,0.34293687635828346,0.42001018053085915,3
aniso_k300,B,complete,tail_exc_95,0.0022000007331370863,0.0,0.0,3
aniso_k300,B,complete,tail_exc_99,0.005100000426173201,0.0,0.0,3
aniso_k300,B,complete,total_train_time_s,28.228965528309345,1.1499661299997657,1.4084151199912465,3
aniso_k300,C,complete,angular_sw_bin0,0.013421509725352129,0.000250284014485722,0.0003065340631326862,3
aniso_k300,C,complete,angular_sw_bin1,0.00824949579934279,0.00017767609660857743,0.00021760788809023173,3
aniso_k300,C,complete,angular_sw_bin2,0.008516833186149597,0.0006317533747041721,0.0007737367056532636,3
aniso_k300,C,complete,angular_sw_bin3,0.013381877914071083,0.00038439809018050373,0.0004707895895212935,3
aniso_k300,C,complete,angular_sw_mean,0.0108924291562289,0.0002864910392653781,0.00035087843103991817,3
aniso_k300,C,complete,exploding_norm_rate,0.0,0.0,0.0,3
aniso_k300,C,complete,inf_rate,0.0,0.0,0.0,3
aniso_k300,C,complete,invalid_rate,0.0,0.0,0.0,3
aniso_k300,C,complete,ks_stat,0.009999990463256836,0.0,0.0,3
aniso_k300,C,complete,mmd,0.00045541922251383465,0.000122050804907359,0.0001494810973595033,3
aniso_k300,C,complete,nan_rate,0.0,0.0,0.0,3
aniso_k300,C,complete,nfe,512,0.0,0.0,3
aniso_k300,C,complete,q950_err,0.005736718187721018,3.6338224438715966e-08,4.450505401679389e-08,3
aniso_k300,C,complete,q990_err,0.03833522343684002,5.430837715410459e-08,6.651390639308974e-08,3
aniso_k300,C,complete,q995_err,0.05991639948316931,2.3703871429425234e-07,2.903119496531417e-07,3
aniso_k300,C,complete,radial_w1,3.296356280644735,2.9736021254650284e-07,3.6419039527224225e-07,3
aniso_k300,C,complete,sample_time_s,0.2510409280657768,0.0051610794737147764,0.006321005616276574,3
aniso_k300,C,complete,sliced_w1,3.7402467727661133,0.40555479692990254,0.4967011576081555,3
aniso_k300,C,complete,tail_exc_95,0.0022000007331370863,0.0,0.0,3
aniso_k300,C,complete,tail_exc_99,0.005100000426173201,0.0,0.0,3
aniso_k300,C,complete,total_train_time_s,29.493296136458714,1.4266753354768293,1.7473133002661214,3
aniso_k300,tflow,complete,angular_sw_bin0,0.06695238128304482,0.0055726164448807285,0.006825033411100102,3
aniso_k300,tflow,complete,angular_sw_bin1,0.06932635729511578,0.007167857423303668,0.008778796618057296,3
aniso_k300,tflow,complete,angular_sw_bin2,0.06891653314232826,0.008984414561117166,0.011003615656184162,3
aniso_k300,tflow,complete,angular_sw_bin3,0.07060331106185913,0.0010510959016937515,0.00128732431494014,3
aniso_k300,tflow,complete,angular_sw_mean,0.068949645695587,0.005302295391887692,0.006493959087817707,3
aniso_k300,tflow,complete,exploding_norm_rate,0.0,0.0,0.0,3
aniso_k300,tflow,complete,inf_rate,0.0,0.0,0.0,3
aniso_k300,tflow,complete,invalid_rate,0.0,0.0,0.0,3
aniso_k300,tflow,complete,ks_stat,0.7657000025113424,0.0029810587429666994,0.003651036406765522,3
aniso_k300,tflow,complete,mmd,0.25794140497843426,0.00692767251022159,0.008484631377574388,3
aniso_k300,tflow,complete,n_params,41504,0.0,0.0,3
aniso_k300,tflow,complete,nan_rate,0.0,0.0,0.0,3
aniso_k300,tflow,complete,nfe,512,0.0,0.0,3
aniso_k300,tflow,complete,q950_err,3.991481232239929,0.823683543963798,1.00880219611931,3
aniso_k300,tflow,complete,q990_err,5.511160700923539,1.3152077632312626,1.6107939628318924,3
aniso_k300,tflow,complete,q995_err,6.265110434099585,1.636492603629582,2.004285923365599,3
aniso_k300,tflow,complete,radial_w1,1237.1067708333333,168.35944817432525,206.1973707018229,3
aniso_k300,tflow,complete,sample_time_s,0.41907620554169017,0.0022137911964339022,0.0027113294141642716,3
aniso_k300,tflow,complete,sliced_w1,191.46593729654947,20.27319321335271,24.829489414784497,3
aniso_k300,tflow,complete,tail_exc_95,0.7618000030517578,0.0019949841832238037,0.002443346646910692,3
aniso_k300,tflow,complete,tail_exc_99,0.7427666687965393,0.008674247756630652,0.010623740453113387,3
aniso_k300,tflow,complete,total_train_time_s,32.39619946231445,1.3605293853111136,1.6663013870373375,3
audiomnist_stft,A,complete,PIT,0.49250116666666666,2.054804667649375e-06,2.5166114784150712e-06,3
audiomnist_stft,A,complete,angular_sw_bin0,0.0006983210526717206,1.0675754636237609e-05,1.307507573896699e-05,3
audiomnist_stft,A,complete,angular_sw_bin1,0.0007501642879409095,9.483602397835016e-06,1.1614993399065413e-05,3
audiomnist_stft,A,complete,angular_sw_bin2,0.0007265480817295611,2.2109958636133844e-06,2.70790584462851e-06,3
audiomnist_stft,A,complete,angular_sw_bin3,0.0007560365096045037,5.456807266479047e-06,6.68319671379257e-06,3
audiomnist_stft,A,complete,angular_sw_mean,0.0007327674829866737,2.3377298147165916e-06,2.863122601273355e-06,3
audiomnist_stft,A,complete,cov<q10,0.0975,0.0,0.0,3
audiomnist_stft,A,complete,cov>q90,0.1055,0.0,0.0,3
audiomnist_stft,A,complete,cov>q95,0.05,0.0,0.0,3
audiomnist_stft,A,complete,cov>q99,0.0145,0.0,0.0,3
audiomnist_stft,A,complete,digit_acc,0.7883333333333333,0.01133088208785572,0.013877439725444113,3
audiomnist_stft,A,complete,energy_KS,0.021833333333333333,0.0,0.0,3
audiomnist_stft,A,complete,nfe,160,0.0,0.0,3
audiomnist_stft,A,complete,radial_w1,0.0486861978835529,5.907838034611023e-06,7.235594333902015e-06,3
audiomnist_stft,A,complete,sample_time_s,873.5442486554384,3.2820619022483193,4.019688482368352,3
audiomnist_stft,A,complete,total_train_time_s,8903.60055886954,19.48965490482415,23.869854889875306,3
audiomnist_stft,B,complete,PIT,0.49249105555555556,1.701488092360239e-06,2.0838888148520613e-06,3
audiomnist_stft,B,complete,angular_sw_bin0,0.0006917921709828079,1.0800467209275428e-05,1.322781682319311e-05,3
audiomnist_stft,B,complete,angular_sw_bin1,0.000756186549551785,9.955782516546102e-06,1.2193293577829886e-05,3
audiomnist_stft,B,complete,angular_sw_bin2,0.000723336338220785,1.1361435945937343e-06,1.3914860406430809e-06,3
audiomnist_stft,B,complete,angular_sw_bin3,0.0007462166637803117,1.07531584941201e-05,1.3169875716934495e-05,3
audiomnist_stft,B,complete,angular_sw_mean,0.0007293829306339225,3.0394641566556e-06,3.722568137642507e-06,3
audiomnist_stft,B,complete,cov<q10,0.0975,0.0,0.0,3
audiomnist_stft,B,complete,cov>q90,0.1055,0.0,0.0,3
audiomnist_stft,B,complete,cov>q95,0.05,0.0,0.0,3
audiomnist_stft,B,complete,cov>q99,0.0145,0.0,0.0,3
audiomnist_stft,B,complete,digit_acc,0.7765,0.013496913227351937,0.016530275254816585,3
audiomnist_stft,B,complete,energy_KS,0.021833333333333333,0.0,0.0,3
audiomnist_stft,B,complete,nfe,160,0.0,0.0,3
audiomnist_stft,B,complete,radial_w1,0.04870265772276446,2.50649462649982e-06,3.0698164389762312e-06,3
audiomnist_stft,B,complete,sample_time_s,876.7437753453851,7.972498233425283,9.76427632356612,3
audiomnist_stft,B,complete,total_train_time_s,8921.076882777115,13.508624369844561,16.544618416522564,3
audiomnist_stft,C,complete,PIT,0.4924902222222222,1.3630937940289652e-06,1.669442133462678e-06,3
audiomnist_stft,C,complete,angular_sw_bin0,0.0006954165097946922,8.194116349395033e-06,1.0035701974507537e-05,3
audiomnist_stft,C,complete,angular_sw_bin1,0.0007588378308961788,6.493261629204863e-06,7.95258887897245e-06,3
audiomnist_stft,C,complete,angular_sw_bin2,0.0007176952785812318,5.724890573928346e-06,7.011530369696793e-06,3
audiomnist_stft,C,complete,angular_sw_bin3,0.000750635052099824,2.216546954641588e-06,2.7147045148959297e-06,3
audiomnist_stft,C,complete,angular_sw_mean,0.0007306461678429818,2.7446474602737316e-06,3.3614929007482033e-06,3
audiomnist_stft,C,complete,cov<q10,0.0975,0.0,0.0,3
audiomnist_stft,C,complete,cov>q90,0.1055,0.0,0.0,3
audiomnist_stft,C,complete,cov>q95,0.05,0.0,0.0,3
audiomnist_stft,C,complete,cov>q99,0.0145,0.0,0.0,3
audiomnist_stft,C,complete,digit_acc,0.7868333333333334,0.008209073570683194,0.010054020754570481,3
audiomnist_stft,C,complete,energy_KS,0.021833333333333333,0.0,0.0,3
audiomnist_stft,C,complete,nfe,160,0.0,0.0,3
audiomnist_stft,C,complete,radial_w1,0.04870410883426658,2.528723152688438e-06,3.0970407124243347e-06,3
audiomnist_stft,C,complete,sample_time_s,869.892659522593,2.903130222982137,3.5555938515792924,3
audiomnist_stft,C,complete,total_train_time_s,8906.956527066728,11.778194374346237,14.425283154233819,3
audiomnist_stft,tflow,complete,PIT,0.9773554999999999,0.0019387420320060365,0.0023744643606507013,3
audiomnist_stft,tflow,complete,cov<q10,0.0,0.0,0.0,3
audiomnist_stft,tflow,complete,cov>q90,0.924,0.008524474568362956,0.01044030650891056,3
audiomnist_stft,tflow,complete,cov>q95,0.8755000000000001,0.01098483803552268,0.01345362404707366,3
audiomnist_stft,tflow,complete,cov>q99,0.764,0.017846568297574743,0.021857492994394392,3
audiomnist_stft,tflow,complete,digit_acc,0.14483333333333334,0.006908127258687562,0.008460693430998029,3
audiomnist_stft,tflow,complete,energy_KS,0.8322777777777778,0.009593915252728864,0.011750098502345216,3
audiomnist_stft,tflow,complete,n_params,27896802,0.0,0.0,3
audiomnist_stft,tflow,complete,nfe,160,0.0,0.0,3
audiomnist_stft,tflow,complete,radial_w1,7.523477844198544,0.17670533704243888,0.21641895529024918,3
audiomnist_stft,tflow,complete,sample_time_s,878.4115721508861,0.44229185716223224,0.5416946837177052,3
audiomnist_stft,tflow,complete,total_train_time_s,8938.968507267535,5.784036668078288,7.0839692451697776,3
finance_ff49,A,complete,angular_sw_bin0,0.01409008726477623,0.0007894024333159282,0.000966816581667724,3
finance_ff49,A,complete,angular_sw_bin1,0.016698578372597694,0.0002701585477110411,0.00033087529577169756,3
finance_ff49,A,complete,angular_sw_bin2,0.01887977992494901,0.00033164596770961235,0.0004061816980700483,3
finance_ff49,A,complete,angular_sw_bin3,0.022198384006818134,0.0023772068062212098,0.002911471844156606,3
finance_ff49,A,complete,angular_sw_mean,0.01796670739228527,0.0007399661847759869,0.000906269789807591,3
finance_ff49,A,complete,exploding_norm_rate,0.0,0.0,0.0,3
finance_ff49,A,complete,inf_rate,0.0,0.0,0.0,3
finance_ff49,A,complete,invalid_rate,0.0,0.0,0.0,3
finance_ff49,A,complete,ks_stat,0.200278639793396,0.0028009605353919837,0.0034304620506915716,3
finance_ff49,A,complete,mmd,0.00983413060506185,0.00040091146102529617,0.0004910142557728404,3
finance_ff49,A,complete,nan_rate,0.0,0.0,0.0,3
finance_ff49,A,complete,nfe,512,0.0,0.0,3
finance_ff49,A,complete,q950_err,0.20072914142451012,0.00989112411034528,0.012114103526443076,3
finance_ff49,A,complete,q990_err,0.2759007230798766,0.0065055799616144635,0.007967675693415204,3
finance_ff49,A,complete,q995_err,0.38124733698827484,0.021138705293873527,0.025889520896529836,3
finance_ff49,A,complete,radial_w1,1.4228713909784954,0.04006019857150579,0.04906352274738038,3
finance_ff49,A,complete,sample_time_s,0.14868721862634024,0.006000458838573225,0.007349031188538887,3
finance_ff49,A,complete,sliced_w1,0.18109530210494995,0.003159868344256516,0.0038700325489008,3
finance_ff49,A,complete,tail_exc_95,0.02770811555286253,0.0010253987335594869,0.001255851840058412,3
finance_ff49,A,complete,tail_exc_99,0.007213514521718034,0.0007524370768593535,0.0009215434509283722,3
finance_ff49,A,complete,total_train_time_s,30.551564281185467,0.2737847351708354,0.33531645026578505,3
finance_ff49,B,complete,angular_sw_bin0,0.014755312042931715,0.0011907535441207633,0.0014583692962532632,3
finance_ff49,B,complete,angular_sw_bin1,0.017238014688094456,0.0001823778736448724,0.00022336636540186072,3
finance_ff49,B,complete,angular_sw_bin2,0.018840833256642025,0.0006762303806441436,0.000828209690573097,3
finance_ff49,B,complete,angular_sw_bin3,0.02154609685142835,0.0006838134668226031,0.0008374970364794856,3
finance_ff49,B,complete,angular_sw_mean,0.018095064209774137,0.00037377335110924453,0.0004577769948338949,3
finance_ff49,B,complete,exploding_norm_rate,0.0,0.0,0.0,3
finance_ff49,B,complete,inf_rate,0.0,0.0,0.0,3
finance_ff49,B,complete,invalid_rate,0.0,0.0,0.0,3
finance_ff49,B,complete,ks_stat,0.200278639793396,0.0028009605353919837,0.0034304620506915716,3
finance_ff49,B,complete,mmd,0.0098800261815389,0.0003621882091138015,0.00044358815159063286,3
finance_ff49,B,complete,nan_rate,0.0,0.0,0.0,3
finance_ff49,B,complete,nfe,512,0.0,0.0,3
finance_ff49,B,complete,q950_err,0.2007291200045001,0.009891107128569101,0.012114082728099794,3
finance_ff49,B,complete,q990_err,0.2759007496230031,0.006505582552521569,0.007967678866615395,3
finance_ff49,B,complete,q995_err,0.38124737588565244,0.021138677876243347,0.02588948731692789,3
finance_ff49,B,complete,radial_w1,1.4228713512420654,0.040060150112757285,0.049063463397776674,3
finance_ff49,B,complete,sample_time_s,0.22802640000979105,0.007493000183110352,0.00917701354560064,3
finance_ff49,B,complete,sliced_w1,0.18192076683044434,0.0027713689659019398,0.0033942199277222124,3
finance_ff49,B,complete,tail_exc_95,0.02770811555286253,0.0010253987335594869,0.001255851840058412,3
finance_ff49,B,complete,tail_exc_99,0.007213514521718034,0.0007524370768593535,0.0009215434509283722,3
finance_ff49,B,complete,total_train_time_s,31.026464295883972,2.632176746459293,3.223744970822218,3
finance_ff49,C,complete,angular_sw_bin0,0.01889692371090253,0.0007688976945815733,0.0009417035080635983,3
finance_ff49,C,complete,angular_sw_bin1,0.01723516918718815,0.0007165062559964271,0.0008775373623516131,3
finance_ff49,C,complete,angular_sw_bin2,0.017941937471429508,0.0006211476326458542,0.0007607473774600367,3
finance_ff49,C,complete,angular_sw_bin3,0.029631763075788815,0.003239506557577153,0.003967569042232039,3
finance_ff49,C,complete,angular_sw_mean,0.02092644836132725,0.0008634371695347859,0.0010574902451565991,3
finance_ff49,C,complete,exploding_norm_rate,0.0,0.0,0.0,3
finance_ff49,C,complete,inf_rate,0.0,0.0,0.0,3
finance_ff49,C,complete,invalid_rate,0.0,0.0,0.0,3
finance_ff49,C,complete,ks_stat,0.200278639793396,0.0028009605353919837,0.0034304620506915716,3
finance_ff49,C,complete,mmd,0.010984222094217936,0.0004431976762457901,0.0005428040809947013,3
finance_ff49,C,complete,nan_rate,0.0,0.0,0.0,3
finance_ff49,C,complete,nfe,512,0.0,0.0,3
finance_ff49,C,complete,q950_err,0.2007291628445201,0.009891141092185068,0.012114124324864264,3
finance_ff49,C,complete,q990_err,0.2759007230798766,0.006505630203411952,0.00796773722679901,3
finance_ff49,C,complete,q995_err,0.3812473564369636,0.02113869347779727,0.02588950642485104,3
finance_ff49,C,complete,radial_w1,1.4228713512420654,0.040060150112757285,0.049063463397776674,3
finance_ff49,C,complete,sample_time_s,0.19229615728060404,0.004891471177719853,0.005990804238472167,3
finance_ff49,C,complete,sliced_w1,0.19292230904102325,0.0032317688706460473,0.003958092349846734,3
finance_ff49,C,complete,tail_exc_95,0.02770811555286253,0.0010253987335594869,0.001255851840058412,3
finance_ff49,C,complete,tail_exc_99,0.007213514521718034,0.0007524370768593535,0.0009215434509283722,3
finance_ff49,C,complete,total_train_time_s,31.872254960238934,1.4673275581759826,1.7971019015275782,3
finance_ff49,tflow,complete,angular_sw_bin0,0.07283354053894679,0.0054321372495676114,0.006652982237103144,3
finance_ff49,tflow,complete,angular_sw_bin1,0.05895777295033137,0.005962244155459985,0.007302227951384093,3
finance_ff49,tflow,complete,angular_sw_bin2,0.058809819320837654,0.00863733253392427,0.01057852872342747,3
finance_ff49,tflow,complete,angular_sw_bin3,0.05050833274920782,0.0058811667334037285,0.007202928794535042,3
finance_ff49,tflow,complete,angular_sw_mean,0.06027736638983091,0.004077247206511925,0.004993587605571163,3
finance_ff49,tflow,complete,exploding_norm_rate,0.006501799526934822,0.003392926673629387,0.0041554695425353155,3
finance_ff49,tflow,complete,inf_rate,0.0,0.0,0.0,3
finance_ff49,tflow,complete,invalid_rate,0.006501799526934822,0.003392926673629387,0.0041554695425353155,3
finance_ff49,tflow,complete,ks_stat,0.32776037851969403,0.0224671396513968,0.02751651406288685,3
finance_ff49,tflow,complete,mmd,0.09164365132649739,0.009295866303189237,0.011385064579972909,3
finance_ff49,tflow,complete,n_params,45873,0.0,0.0,3
finance_ff49,tflow,complete,nan_rate,0.0,0.0,0.0,3
finance_ff49,tflow,complete,nfe,512,0.0,0.0,3
finance_ff49,tflow,complete,q950_err,17.54380166064507,1.9118554484536259,2.3415351553356447,3
finance_ff49,tflow,complete,q990_err,28.188647175676127,2.208244509635182,2.704536137954324,3
finance_ff49,tflow,complete,q995_err,27.35351648241284,3.0888744869118763,3.783083186217646,3
finance_ff49,tflow,complete,radial_w1,50.21770350138346,2.4622164300422598,3.015586944950365,3
finance_ff49,tflow,complete,sample_time_s,0.3892404871682326,0.0020272368474467915,0.002482847932006511,3
finance_ff49,tflow,complete,sliced_w1,5.951688925425212,0.30554879116758815,0.3742193149424033,3
finance_ff49,tflow,complete,tail_exc_95,0.32292464574178054,0.020792593057771258,0.025465621710437706,3
finance_ff49,tflow,complete,tail_exc_99,0.2882700566450755,0.013610393441276198,0.016669259564824745,3
finance_ff49,tflow,complete,total_train_time_s,33.725268833339214,0.8623798487422157,1.056195296938483,3
gaussian_aniso_d16_cor,A,complete,angular_sw_bin0,0.012268118870755037,0.0007971774898802796,0.0009763390423196928,3
gaussian_aniso_d16_cor,A,complete,angular_sw_bin1,0.012632277173300585,0.0003642746643313754,0.00044614352691774465,3
gaussian_aniso_d16_cor,A,complete,angular_sw_bin2,0.013387082144618034,0.0008440204430714062,0.0010337097090013614,3
gaussian_aniso_d16_cor,A,complete,angular_sw_bin3,0.013061913972099623,0.0009300102734931876,0.0011390253128022705,3
gaussian_aniso_d16_cor,A,complete,angular_sw_mean,0.01283734804019332,0.00044199125943676567,0.0005413265281950881,3
gaussian_aniso_d16_cor,A,complete,exploding_norm_rate,0.0,0.0,0.0,3
gaussian_aniso_d16_cor,A,complete,inf_rate,0.0,0.0,0.0,3
gaussian_aniso_d16_cor,A,complete,invalid_rate,0.0,0.0,0.0,3
gaussian_aniso_d16_cor,A,complete,ks_stat,0.011600017547607422,0.0,0.0,3
gaussian_aniso_d16_cor,A,complete,mmd,0.0003228187561035156,7.532536836099671e-05,9.225435858581298e-05,3
gaussian_aniso_d16_cor,A,complete,nan_rate,0.0,0.0,0.0,3
gaussian_aniso_d16_cor,A,complete,nfe,512,0.0,0.0,3
gaussian_aniso_d16_cor,A,complete,q950_err,0.0009215616688174233,7.026351215833525e-08,8.605487616188167e-08,3
gaussian_aniso_d16_cor,A,complete,q990_err,0.0019920176870843733,9.283851942422715e-08,1.1370350053241064e-07,3
gaussian_aniso_d16_cor,A,complete,q995_err,0.002190323897121869,3.333246272796982e-08,4.0823762776932334e-08,3
gaussian_aniso_d16_cor,A,complete,radial_w1,0.052943925062815346,9.292506642078214e-09,1.138094985225757e-08,3
gaussian_aniso_d16_cor,A,complete,sample_time_s,0.17154786984125772,0.0005408313738049509,0.000662380451355281,3
gaussian_aniso_d16_cor,A,complete,sliced_w1,0.12239758670330048,0.014010810917127057,0.01715966881478865,3
gaussian_aniso_d16_cor,A,complete,tail_exc_95,0.0003000006079674211,0.0,0.0,3
gaussian_aniso_d16_cor,A,complete,tail_exc_99,0.00010000005364418918,0.0,0.0,3
gaussian_aniso_d16_cor,A,complete,total_train_time_s,28.046218862136204,1.0986119489744963,1.3455193501560325,3
gaussian_aniso_d16_cor,B,complete,angular_sw_bin0,0.013641263668735823,0.001278269204193541,0.0015655536520938476,3
gaussian_aniso_d16_cor,B,complete,angular_sw_bin1,0.013246962490181128,0.0006866938513215056,0.0008410247726221523,3
gaussian_aniso_d16_cor,B,complete,angular_sw_bin2,0.014560863065222899,0.0007708547986291417,0.0009441004612086375,3
gaussian_aniso_d16_cor,B,complete,angular_sw_bin3,0.014416223702331385,0.002275294218046652,0.0027866549244595735,3
gaussian_aniso_d16_cor,B,complete,angular_sw_mean,0.013966328231617808,0.001175494532708771,0.0014396809002839197,3
gaussian_aniso_d16_cor,B,complete,exploding_norm_rate,0.0,0.0,0.0,3
gaussian_aniso_d16_cor,B,complete,inf_rate,0.0,0.0,0.0,3
gaussian_aniso_d16_cor,B,complete,invalid_rate,0.0,0.0,0.0,3
gaussian_aniso_d16_cor,B,complete,ks_stat,0.011600017547607422,0.0,0.0,3
gaussian_aniso_d16_cor,B,complete,mmd,0.0004388093948364258,0.00013388008182359736,0.00016396894359493717,3
gaussian_aniso_d16_cor,B,complete,nan_rate,0.0,0.0,0.0,3
gaussian_aniso_d16_cor,B,complete,nfe,512,0.0,0.0,3
gaussian_aniso_d16_cor,B,complete,q950_err,0.0009216477236935852,7.026351215833525e-08,8.605487616188167e-08,3
gaussian_aniso_d16_cor,B,complete,q990_err,0.0019919928749463746,0.0,0.0,3
gaussian_aniso_d16_cor,B,complete,q995_err,0.0021905595932261543,1.1546703797212517e-07,1.4141766257113816e-07,3
gaussian_aniso_d16_cor,B,complete,radial_w1,0.05294394368926684,2.9542488985683318e-08,3.6182011873358155e-08,3
gaussian_aniso_d16_cor,B,complete,sample_time_s,0.24802217880884805,0.0038314926926876196,0.004692601025143512,3
gaussian_aniso_d16_cor,B,complete,sliced_w1,0.13982233653465906,0.01980895828979768,0.02426092007303961,3
gaussian_aniso_d16_cor,B,complete,tail_exc_95,0.0003000006079674211,0.0,0.0,3
gaussian_aniso_d16_cor,B,complete,tail_exc_99,0.00010000005364418918,0.0,0.0,3
gaussian_aniso_d16_cor,B,complete,total_train_time_s,28.88554325203101,1.2355890106295058,1.513281303916295,3
gaussian_aniso_d16_cor,C,complete,angular_sw_bin0,0.015547819125155607,0.0006558790538651458,0.000803284507474505,3
gaussian_aniso_d16_cor,C,complete,angular_sw_bin1,0.012929296121001244,0.0006233601050657369,0.0007634570917093834,3
gaussian_aniso_d16_cor,C,complete,angular_sw_bin2,0.014101725071668625,0.001118660722898475,0.001370073983197115,3
gaussian_aniso_d16_cor,C,complete,angular_sw_bin3,0.017031744432946045,0.0012456866057478815,0.0015256482817509144,3
gaussian_aniso_d16_cor,C,complete,angular_sw_mean,0.01490264618769288,0.0007725543268136055,0.000946181949636345,3
gaussian_aniso_d16_cor,C,complete,exploding_norm_rate,0.0,0.0,0.0,3
gaussian_aniso_d16_cor,C,complete,inf_rate,0.0,0.0,0.0,3
gaussian_aniso_d16_cor,C,complete,invalid_rate,0.0,0.0,0.0,3
gaussian_aniso_d16_cor,C,complete,ks_stat,0.011600017547607422,0.0,0.0,3
gaussian_aniso_d16_cor,C,complete,mmd,0.00038631757100423175,0.00013506766142839884,0.00016542342562528701,3
gaussian_aniso_d16_cor,C,complete,nan_rate,0.0,0.0,0.0,3
gaussian_aniso_d16_cor,C,complete,nfe,512,0.0,0.0,3
gaussian_aniso_d16_cor,C,complete,q950_err,0.0009216764086523059,8.11333153176468e-08,9.936761183428458e-08,3
gaussian_aniso_d16_cor,C,complete,q990_err,0.001992042499222372,9.283851942422715e-08,1.1370350053241064e-07,3
gaussian_aniso_d16_cor,C,complete,q995_err,0.002190323897121869,6.666492545573521e-08,8.164752555361428e-08,3
gaussian_aniso_d16_cor,C,complete,radial_w1,0.052943953623374305,1.5004284647100383e-08,1.8376420670435753e-08,3
gaussian_aniso_d16_cor,C,complete,sample_time_s,0.22515356292327246,0.0019127784712050842,0.002342665622716671,3
gaussian_aniso_d16_cor,C,complete,sliced_w1,0.14056540528933206,0.02014878436753959,0.024677120318919134,3
gaussian_aniso_d16_cor,C,complete,tail_exc_95,0.0003000006079674211,0.0,0.0,3
gaussian_aniso_d16_cor,C,complete,tail_exc_99,0.00010000005364418918,0.0,0.0,3
gaussian_aniso_d16_cor,C,complete,total_train_time_s,29.551751126845677,1.5025885286916378,1.840287594326917,3
gaussian_aniso_d16_cor,tflow,complete,angular_sw_bin0,0.0435482474664847,0.00728969668589693,0.008928018630052529,3
gaussian_aniso_d16_cor,tflow,complete,angular_sw_bin1,0.0597924068570137,0.005526940269733798,0.006769091749844115,3
gaussian_aniso_d16_cor,tflow,complete,angular_sw_bin2,0.08030419548352559,0.01608289494990227,0.019697443107022487,3
gaussian_aniso_d16_cor,tflow,complete,angular_sw_bin3,0.10605953385432561,0.021017373901522394,0.025740920896008986,3
gaussian_aniso_d16_cor,tflow,complete,angular_sw_mean,0.0724260959153374,0.010661332614050858,0.013057412441258671,3
gaussian_aniso_d16_cor,tflow,complete,exploding_norm_rate,0.0,0.0,0.0,3
gaussian_aniso_d16_cor,tflow,complete,inf_rate,0.0,0.0,0.0,3
gaussian_aniso_d16_cor,tflow,complete,invalid_rate,0.0,0.0,0.0,3
gaussian_aniso_d16_cor,tflow,complete,ks_stat,0.15786668161551157,0.03004777474515003,0.036800858015852214,3
gaussian_aniso_d16_cor,tflow,complete,mmd,0.04173382123311361,0.0164146996726883,0.02010381923955819,3
gaussian_aniso_d16_cor,tflow,complete,n_params,37392,0.0,0.0,3
gaussian_aniso_d16_cor,tflow,complete,nan_rate,0.0,0.0,0.0,3
gaussian_aniso_d16_cor,tflow,complete,nfe,512,0.0,0.0,3
gaussian_aniso_d16_cor,tflow,complete,q950_err,0.08369100608361701,0.05109862899228691,0.06258278379344497,3
gaussian_aniso_d16_cor,tflow,complete,q990_err,0.1140628126717033,0.05461287797361871,0.0668868422101242,3
gaussian_aniso_d16_cor,tflow,complete,q995_err,0.1160798363986158,0.06200800534257726,0.07594398652854376,3
gaussian_aniso_d16_cor,tflow,complete,radial_w1,1.1376484632492065,0.1560561339836953,0.1911289497457295,3
gaussian_aniso_d16_cor,tflow,complete,sample_time_s,0.4148092207809289,0.0014610811416507668,0.0017894516349237445,3
gaussian_aniso_d16_cor,tflow,complete,sliced_w1,1.1891844272613525,0.2825031222310058,0.34599425010453555,3
gaussian_aniso_d16_cor,tflow,complete,tail_exc_95,0.030733333931615,0.014040259120381994,0.01719573535069683,3
gaussian_aniso_d16_cor,tflow,complete,tail_exc_99,0.0074333332502283245,0.0024073961074458764,0.002948446036002412,3
gaussian_aniso_d16_cor,tflow,complete,total_train_time_s,33.427991253634296,1.3278618963005604,1.6262920474104214,3
imagenette_dcae,A,complete,angular_sw_bin0,0.0018773165453846257,1.175244891532207e-05,1.439375153533235e-05,3
imagenette_dcae,A,complete,angular_sw_bin1,0.0018047073778385918,1.1599794757226613e-05,1.4206789138108337e-05,3
imagenette_dcae,A,complete,angular_sw_bin2,0.0018626010278239846,1.0656196345746856e-05,1.3051121822995254e-05,3
imagenette_dcae,A,complete,angular_sw_bin3,0.002456191461533308,4.739793041698997e-05,5.8050372192783864e-05,3
imagenette_dcae,A,complete,angular_sw_mean,0.0020002041031451276,1.7311468918185386e-05,2.120213277380245e-05,3
imagenette_dcae,A,complete,coverage,0.06063694267515923,0.004646917713903846,0.005691288637882464,3
imagenette_dcae,A,complete,density,0.05444444444444445,0.0036799087481976657,0.004506949366544133,3
imagenette_dcae,A,complete,fid,147.9570705364819,0.37797351428389375,0.4629211231410544,3
imagenette_dcae,A,complete,kid,0.09576944351196288,5.485172914290621e-05,6.717937395473495e-05,3
imagenette_dcae,A,complete,kid_std,0.00264932976598315,4.990288752619079e-05,6.111830556533347e-05,3
imagenette_dcae,A,complete,ks,0.04048258066177368,0.0,0.0,3
imagenette_dcae,A,complete,nfe,100,0.0,0.0,3
imagenette_dcae,A,complete,precision,0.15922222222222224,0.004909049340972121,0.006012333003763865,3
imagenette_dcae,A,complete,radial_w1,0.26603636145591736,2.1900144899933143e-07,2.682209014892578e-07,3
imagenette_dcae,A,complete,recall,0.6811889596602972,0.011440092538656148,0.014011194664964302,3
imagenette_dcae,A,complete,sample_time_s,49.154609521230064,0.7545388618715059,0.9241176013427734,3
imagenette_dcae,A,complete,sliced_w1,0.04706759254137675,0.000817161031883816,0.0010008137829007624,3
imagenette_dcae,A,complete,total_train_time_s,1775.3995405038197,33.070914055750784,40.50343238201278,3
imagenette_dcae,B,complete,angular_sw_bin0,0.005371190685157974,0.0020911992012102028,0.0025611854967403837,3
imagenette_dcae,B,complete,angular_sw_bin1,0.005356327708189686,0.0020185708576118196,0.0024722343054005974,3
imagenette_dcae,B,complete,angular_sw_bin2,0.0060253367604066925,0.0028583201099036683,0.0035007128953999608,3
imagenette_dcae,B,complete,angular_sw_bin3,0.006347476659963529,0.002293953686114781,0.0028095080122789093,3
imagenette_dcae,B,complete,angular_sw_mean,0.005775082953429471,0.0023034116605964534,0.0028210916180190903,3
imagenette_dcae,B,complete,coverage,0.00059447983014862,0.0002402061252438378,0.0002941912199692361,3
imagenette_dcae,B,complete,density,0.0010222222222222223,0.0007390350732584841,0.0009051294157518357,3
imagenette_dcae,B,complete,fid,311.40280945625057,11.058005244532191,13.543235211062097,3
imagenette_dcae,B,complete,kid,0.3184788584709168,0.021294051103273415,0.026079779879884524,3
imagenette_dcae,B,complete,kid_std,0.0033808440031088452,0.00022771131093485408,0.000278888260225318,3
imagenette_dcae,B,complete,ks,0.04048258066177368,0.0,0.0,3
imagenette_dcae,B,complete,nfe,100,0.0,0.0,3
imagenette_dcae,B,complete,precision,0.005,0.003681787005729087,0.004509249752822895,3
imagenette_dcae,B,complete,radial_w1,0.26601141691207886,1.7033446033281332e-07,2.086162567138672e-07,3
imagenette_dcae,B,complete,recall,0.0,0.0,0.0,3
imagenette_dcae,B,complete,sample_time_s,49.07617118706306,0.2539602242305605,0.31103648216383695,3
imagenette_dcae,B,complete,sliced_w1,0.22041369477907816,0.09318036384526314,0.11412217273388829,3
imagenette_dcae,B,complete,total_train_time_s,1805.704392053187,41.336614363834904,50.626806442798696,3
imagenette_dcae,C,complete,angular_sw_bin0,0.0025189685014386973,0.0005569449079044322,0.0006821154196036141,3
imagenette_dcae,C,complete,angular_sw_bin1,0.0021807411685585976,0.0002877535003205584,0.00035242462374258183,3
imagenette_dcae,C,complete,angular_sw_bin2,0.0023118754227956138,0.00013592922915297615,0.0001664786262773196,3
imagenette_dcae,C,complete,angular_sw_bin3,0.003159498873477181,0.00025055749880370043,0.00030686901164853634,3
imagenette_dcae,C,complete,angular_sw_mean,0.0025427709915675223,0.00018310475714458844,0.00022425661224023712,3
imagenette_dcae,C,complete,coverage,0.021316348195329085,0.014757045269823887,0.018073615511110315,3
imagenette_dcae,C,complete,density,0.021866666666666666,0.01465403496449837,0.017947454167962403,3
imagenette_dcae,C,complete,fid,227.43675485271265,67.72442808354815,82.9451459632541,3
imagenette_dcae,C,complete,kid,0.1982350492477417,0.1063208060799008,0.13021586196857818,3
imagenette_dcae,C,complete,kid_std,0.0031293266026220946,0.00038804235443475234,0.00047525288347668017,3
imagenette_dcae,C,complete,ks,0.04048258066177368,0.0,0.0,3
imagenette_dcae,C,complete,nfe,100,0.0,0.0,3
imagenette_dcae,C,complete,precision,0.06933333333333333,0.045191772440304846,0.055348391525359114,3
imagenette_dcae,C,complete,radial_w1,0.26602335770924884,8.4864376997497e-06,1.0393721049152679e-05,3
imagenette_dcae,C,complete,recall,0.4473885350318471,0.3169173466302895,0.3881428949404775,3
imagenette_dcae,C,complete,sample_time_s,49.11000048369169,0.0954716157209419,0.1169283717176922,3
imagenette_dcae,C,complete,sliced_w1,0.06654396901528041,0.010403711077127592,0.012741891785151883,3
imagenette_dcae,C,complete,total_train_time_s,1785.2816286509235,15.469177386612106,18.945795668899923,3
imagenette_dcae,tflow,complete,coverage,0.006539278131634819,0.00043303775062359106,0.000530360764195193,3
imagenette_dcae,tflow,complete,density,0.00988888888888889,0.00196059955556558,0.0024012342505315733,3
imagenette_dcae,tflow,complete,fid,223.7960738837206,6.271901828596999,7.681479598445703,3
imagenette_dcae,tflow,complete,kid,0.0902553129196167,0.00614688153255219,0.007528361632044965,3
imagenette_dcae,tflow,complete,kid_std,0.0022597328717021492,0.0004160741232219305,0.0005095846485348115,3
imagenette_dcae,tflow,complete,ks,0.6738673051198324,0.08958287428018143,0.1097161658391697,3
imagenette_dcae,tflow,complete,n_params,32515616,0.0,0.0,3
imagenette_dcae,tflow,complete,nfe,100,0.0,0.0,3
imagenette_dcae,tflow,complete,precision,0.044222222222222225,0.008434204317488153,0.010329748482112414,3
imagenette_dcae,tflow,complete,radial_w1,405.59482828776044,66.36997590287898,81.28628760143437,3
imagenette_dcae,tflow,complete,recall,0.17876857749469216,0.05859294103570944,0.07176140403323492,3
imagenette_dcae,tflow,complete,sample_time_s,50.18982760111491,0.121355225281914,0.14862918978059508,3
imagenette_dcae,tflow,complete,sliced_w1,7.243133385976155,1.1614874343750952,1.4225257784366727,3
imagenette_dcae,tflow,complete,total_train_time_s,1772.3880231107275,1.1664799208153844,1.4286403005999089,3
piv_d16,A,complete,angular_sw_bin0,0.04531486208240191,0.003195272643015345,0.003913393782230891,3
piv_d16,A,complete,angular_sw_bin1,0.042064753671487175,0.002746832476523614,0.0033641689881941535,3
piv_d16,A,complete,angular_sw_bin2,0.06722289696335793,0.006073089599811689,0.007437985340870965,3
piv_d16,A,complete,angular_sw_bin3,0.07102724661429723,0.004616778629741178,0.005654375949125796,3
piv_d16,A,complete,angular_sw_mean,0.05640743983288606,0.003250665229124229,0.003981235567980864,3
piv_d16,A,complete,exploding_norm_rate,0.0,0.0,0.0,3
piv_d16,A,complete,inf_rate,0.0,0.0,0.0,3
piv_d16,A,complete,invalid_rate,0.0,0.0,0.0,3
piv_d16,A,complete,ks_stat,0.08239004015922546,0.0049504203746330066,0.006063001965064203,3
piv_d16,A,complete,mmd,0.0052060286204020185,0.001602018050387979,0.0019620633910894295,3
piv_d16,A,complete,nan_rate,0.0,0.0,0.0,3
piv_d16,A,complete,nfe,512,0.0,0.0,3
piv_d16,A,complete,q950_err,0.04330559475545012,0.003446368387231789,0.0042209220071882355,3
piv_d16,A,complete,q990_err,0.09883281634688655,0.0008614785229344301,0.0010550914027779446,3
piv_d16,A,complete,q995_err,0.1858478364917882,0.004973695504276529,0.006091508060726082,3
piv_d16,A,complete,radial_w1,0.011107543172935644,0.00046657780046173057,0.0005714387682206727,3
piv_d16,A,complete,sample_time_s,0.1779422586162885,0.007081109518078426,0.008672552566028719,3
piv_d16,A,complete,sliced_w1,0.012024956134458384,0.0012722595232980503,0.0015581933262383948,3
piv_d16,A,complete,tail_exc_95,0.015800001223881994,0.0008981462341555165,0.0010999999940416382,3
piv_d16,A,complete,tail_exc_99,0.005866667032241812,0.0010873009038449674,0.0013316662056435632,3
piv_d16,A,complete,total_train_time_s,30.67017214745283,5.139779680537425,6.294918803820911,3
piv_d16,B,complete,angular_sw_bin0,0.04363919794559479,0.004098800170728978,0.005019984487959286,3
piv_d16,B,complete,angular_sw_bin1,0.03896413743495941,0.0012623173432695465,0.0015460166922380328,3
piv_d16,B,complete,angular_sw_bin2,0.06736714020371437,0.008068898646461268,0.009882342235031972,3
piv_d16,B,complete,angular_sw_bin3,0.08032082517941792,0.004047790885751585,0.004957511127789871,3
piv_d16,B,complete,angular_sw_mean,0.05757282519092163,0.0034384217001033387,0.004211189342883112,3
piv_d16,B,complete,exploding_norm_rate,0.0,0.0,0.0,3
piv_d16,B,complete,inf_rate,0.0,0.0,0.0,3
piv_d16,B,complete,invalid_rate,0.0,0.0,0.0,3
piv_d16,B,complete,ks_stat,0.08239004015922546,0.0049504203746330066,0.006063001965064203,3
piv_d16,B,complete,mmd,0.005332390467325847,0.001554166872599097,0.0019034579065024494,3
piv_d16,B,complete,nan_rate,0.0,0.0,0.0,3
piv_d16,B,complete,nfe,512,0.0,0.0,3
piv_d16,B,complete,q950_err,0.04330569151230547,0.0034464086203449917,0.004220971282487291,3
piv_d16,B,complete,q990_err,0.09883273754400322,0.0008615661367595013,0.0010551987073608637,3
piv_d16,B,complete,q995_err,0.18584806745525925,0.004973421917883556,0.006091172987194406,3
piv_d16,B,complete,radial_w1,0.011107543172935644,0.0004665778638413855,0.00057143884584458,3
piv_d16,B,complete,sample_time_s,0.2549923037489255,0.002059300972722609,0.002522118304993726,3
piv_d16,B,complete,sliced_w1,0.012623651884496212,0.0011022667359851467,0.0013499955318033551,3
piv_d16,B,complete,tail_exc_95,0.015800001223881994,0.0008981462341555165,0.0010999999940416382,3
piv_d16,B,complete,tail_exc_99,0.005866667032241812,0.0010873009038449674,0.0013316662056435632,3
piv_d16,B,complete,total_train_time_s,30.92328132688999,2.1121383183847553,2.586830573111384,3
piv_d16,C,complete,angular_sw_bin0,0.06239003191391627,0.004940142608967987,0.006050414324276607,3
piv_d16,C,complete,angular_sw_bin1,0.05556445320447286,0.003366111932010507,0.004122628325259902,3
piv_d16,C,complete,angular_sw_bin2,0.06383317708969116,0.00821573842867507,0.010062183505214584,3
piv_d16,C,complete,angular_sw_bin3,0.06199909498294195,0.0065385566565419155,0.008008063731403047,3
piv_d16,C,complete,angular_sw_mean,0.06094668929775556,0.002654757283197317,0.0032514003673853823,3
piv_d16,C,complete,exploding_norm_rate,0.0,0.0,0.0,3
piv_d16,C,complete,inf_rate,0.0,0.0,0.0,3
piv_d16,C,complete,invalid_rate,0.0,0.0,0.0,3
piv_d16,C,complete,ks_stat,0.08239004015922546,0.0049504203746330066,0.006063001965064203,3
piv_d16,C,complete,mmd,0.004995266596476237,0.0016018839952911359,0.001961899207797087,3
piv_d16,C,complete,nan_rate,0.0,0.0,0.0,3
piv_d16,C,complete,nfe,512,0.0,0.0,3
piv_d16,C,complete,q950_err,0.04330559475545013,0.0034464086203449917,0.004220971282487291,3
piv_d16,C,complete,q990_err,0.09883286888214211,0.0008614532378475088,0.0010550604349974153,3
piv_d16,C,complete,q995_err,0.18584760552831717,0.004973630749168372,0.00609142875223947,3
piv_d16,C,complete,radial_w1,0.011107543172935644,0.00046657848840450915,0.0005714396107750626,3
piv_d16,C,complete,sample_time_s,0.22906331966320673,0.005734347348576147,0.007023112505946593,3
piv_d16,C,complete,sliced_w1,0.012300283337632814,0.0010419081629391672,0.001276071679020777,3
piv_d16,C,complete,tail_exc_95,0.015800001223881994,0.0008981462341555165,0.0010999999940416382,3
piv_d16,C,complete,tail_exc_99,0.005866667032241812,0.0010873009038449674,0.0013316662056435632,3
piv_d16,C,complete,total_train_time_s,31.079304325083893,1.479603171239742,1.8121363956706051,3
piv_d16,tflow,complete,angular_sw_bin0,0.1311574305097262,0.021775210623759506,0.0266690775349211,3
piv_d16,tflow,complete,angular_sw_bin1,0.14406317472457886,0.02545067374281114,0.031170582139968518,3
piv_d16,tflow,complete,angular_sw_bin2,0.1443679208556811,0.03755381762696777,0.04599384553980384,3
piv_d16,tflow,complete,angular_sw_bin3,0.15681861092646918,0.03568193452538113,0.043701266311291016,3
piv_d16,tflow,complete,angular_sw_mean,0.14410178425411382,0.017946589586647792,0.02197999355521658,3
piv_d16,tflow,complete,exploding_norm_rate,3.33333324912625e-05,4.714045088823518e-05,5.773502546045312e-05,3
piv_d16,tflow,complete,inf_rate,0.0,0.0,0.0,3
piv_d16,tflow,complete,invalid_rate,3.33333324912625e-05,4.714045088823518e-05,5.773502546045312e-05,3
piv_d16,tflow,complete,ks_stat,0.16360648473103842,0.02423138771017391,0.02967726782473668,3
piv_d16,tflow,complete,mmd,0.14510504404703775,0.0527785116693536,0.06464021148672196,3
piv_d16,tflow,complete,n_params,37392,0.0,0.0,3
piv_d16,tflow,complete,nan_rate,0.0,0.0,0.0,3
piv_d16,tflow,complete,nfe,512,0.0,0.0,3
piv_d16,tflow,complete,q950_err,0.3771944091947722,0.332196395260392,0.40685583138993825,3
piv_d16,tflow,complete,q990_err,2.0466375164267103,1.7044941161679654,2.0875704270938553,3
piv_d16,tflow,complete,q995_err,3.8825957502003954,3.0580464852183042,3.7453267492481928,3
piv_d16,tflow,complete,radial_w1,0.10823102047046025,0.06583951196015671,0.08063660460812712,3
piv_d16,tflow,complete,sample_time_s,0.4177562817931175,0.002151246441620661,0.00263472804647431,3
piv_d16,tflow,complete,sliced_w1,0.0645828681687514,0.02144120187789143,0.026260002036419237,3
piv_d16,tflow,complete,tail_exc_95,0.061933330694834345,0.051489889392096255,0.06306197796149007,3
piv_d16,tflow,complete,tail_exc_99,0.055566666424274436,0.03606266186732756,0.04416756017073845,3
piv_d16,tflow,complete,total_train_time_s,33.21681240325173,0.9738168238505933,1.1926771606858606,3
piv_d256,A,complete,angular_sw_bin0,0.01214138325303793,0.0005819101091273768,0.0007126914217646746,3
piv_d256,A,complete,angular_sw_bin1,0.01435616984963417,0.0011363041347825476,0.0013916826614159823,3
piv_d256,A,complete,angular_sw_bin2,0.01074612575272719,0.0002962577431729777,0.000362840151561151,3
piv_d256,A,complete,angular_sw_bin3,0.01143353587637345,0.0006836984107826981,0.0008373561221846894,3
piv_d256,A,complete,angular_sw_mean,0.012169303682943186,0.0005602161606304293,0.000686121869602805,3
piv_d256,A,complete,exploding_norm_rate,0.0,0.0,0.0,3
piv_d256,A,complete,inf_rate,0.0,0.0,0.0,3
piv_d256,A,complete,invalid_rate,0.0,0.0,0.0,3
piv_d256,A,complete,ks_stat,0.0578653613726298,0.0014188932526390124,0.001737782234221761,3
piv_d256,A,complete,mmd,0.003966967264811198,0.0006471956342426392,0.0007926495338256991,3
piv_d256,A,complete,nan_rate,0.0,0.0,0.0,3
piv_d256,A,complete,nfe,512,0.0,0.0,3
piv_d256,A,complete,q950_err,0.0076266592250528766,0.0019175926591713515,0.002348561774738272,3
piv_d256,A,complete,q990_err,0.019439740786493926,0.004953267356891913,0.006066488791984742,3
piv_d256,A,complete,q995_err,0.052674230301179695,0.007732784137795169,0.009470687714342865,3
piv_d256,A,complete,radial_w1,0.0370533453921477,0.0012661850552363307,0.0015507536526333718,3
piv_d256,A,complete,sample_time_s,0.3235489676396052,0.0028360103030144294,0.003473389073830629,3
piv_d256,A,complete,sliced_w1,0.023286751781900723,0.0012920962575962442,0.0015824882648352656,3
piv_d256,A,complete,tail_exc_95,0.00706666658322012,0.0009843228929520232,0.0012055444149363225,3
piv_d256,A,complete,tail_exc_99,0.003633333146572104,0.0008730534835705815,0.0010692677764536306,3
piv_d256,A,complete,total_train_time_s,29.280169802407425,2.171098584996576,2.659041857260092,3
piv_d256,B,complete,angular_sw_bin0,0.012185471753279368,0.00035956568310216663,0.000440376226307792,3
piv_d256,B,complete,angular_sw_bin1,0.01461294728020827,0.0012146794171573074,0.001487672386548337,3
piv_d256,B,complete,angular_sw_bin2,0.010728170163929462,0.0005048921652116256,0.0006183640899487333,3
piv_d256,B,complete,angular_sw_bin3,0.011923178099095821,0.0011688247574593972,0.0014315121272539147,3
piv_d256,B,complete,angular_sw_mean,0.012362441824128231,0.0006000112736559043,0.000734860730187204,3
piv_d256,B,complete,exploding_norm_rate,0.0,0.0,0.0,3
piv_d256,B,complete,inf_rate,0.0,0.0,0.0,3
piv_d256,B,complete,invalid_rate,0.0,0.0,0.0,3
piv_d256,B,complete,ks_stat,0.0578653613726298,0.0014188932526390124,0.001737782234221761,3
piv_d256,B,complete,mmd,0.00443422794342041,0.0009347706726779394,0.001144855587289572,3
piv_d256,B,complete,nan_rate,0.0,0.0,0.0,3
piv_d256,B,complete,nfe,512,0.0,0.0,3
piv_d256,B,complete,q950_err,0.0076266195067998645,0.00191753713741474,0.0023484937747516115,3
piv_d256,B,complete,q990_err,0.01943980772659753,0.004953307741471549,0.006066538252791535,3
piv_d256,B,complete,q995_err,0.052674326135583975,0.0077328089496145405,0.009470718102491388,3
piv_d256,B,complete,radial_w1,0.03705334663391113,0.001266184961791112,0.0015507535381868197,3
piv_d256,B,complete,sample_time_s,0.4427945787707965,0.006152961229905647,0.007535807710198225,3
piv_d256,B,complete,sliced_w1,0.024350446338454883,0.001534213858597361,0.0018790205549350184,3
piv_d256,B,complete,tail_exc_95,0.00706666658322012,0.0009843228929520232,0.0012055444149363225,3
piv_d256,B,complete,tail_exc_99,0.003633333146572104,0.0008730534835705815,0.0010692677764536306,3
piv_d256,B,complete,total_train_time_s,31.704305241505306,4.2873489942228895,5.250908692540371,3
piv_d256,C,complete,angular_sw_bin0,0.012257898847262064,0.0007837340032572125,0.0009598742010244701,3
piv_d256,C,complete,angular_sw_bin1,0.01481541432440281,0.0011776091538302051,0.0014422707716573327,3
piv_d256,C,complete,angular_sw_bin2,0.011405155373116335,0.000789573335268434,0.0009670258929575662,3
piv_d256,C,complete,angular_sw_bin3,0.01234075209746758,0.0007610823606994326,0.0009321317179732337,3
piv_d256,C,complete,angular_sw_mean,0.012704805160562197,0.0006521210228520662,0.0007986818782647054,3
piv_d256,C,complete,exploding_norm_rate,0.0,0.0,0.0,3
piv_d256,C,complete,inf_rate,0.0,0.0,0.0,3
piv_d256,C,complete,invalid_rate,0.0,0.0,0.0,3
piv_d256,C,complete,ks_stat,0.0578653613726298,0.0014188932526390124,0.001737782234221761,3
piv_d256,C,complete,mmd,0.004570802052815755,0.0010248599964473714,0.00125519202454332,3
piv_d256,C,complete,nan_rate,0.0,0.0,0.0,3
piv_d256,C,complete,nfe,512,0.0,0.0,3
piv_d256,C,complete,q950_err,0.0076266195067998645,0.00191753713741474,0.0023484937747516115,3
piv_d256,C,complete,q990_err,0.01943977425654573,0.0049533089310775606,0.006066539709755396,3
piv_d256,C,complete,q995_err,0.052674262245981124,0.007732903657303257,0.009470834095247427,3
piv_d256,C,complete,radial_w1,0.03705334415038427,0.0012661834898246346,0.0015507517354034256,3
piv_d256,C,complete,sample_time_s,0.4183332771062851,0.006447506780205572,0.007896550862319272,3
piv_d256,C,complete,sliced_w1,0.024836143478751183,0.0018013459321371457,0.0022061891919870707,3
piv_d256,C,complete,tail_exc_95,0.00706666658322012,0.0009843228929520232,0.0012055444149363225,3
piv_d256,C,complete,tail_exc_99,0.003633333146572104,0.0008730534835705815,0.0010692677764536306,3
piv_d256,C,complete,total_train_time_s,29.987061962485313,1.8995756853000574,2.326495578391408,3
piv_d256,tflow,incomplete,,,,,
piv_d32,A,complete,angular_sw_bin0,0.029602513338128727,0.0009821728541987067,0.001202911165999905,3
piv_d32,A,complete,angular_sw_bin1,0.03450479110081991,0.0008587211920436112,0.0010517143759106846,3
piv_d32,A,complete,angular_sw_bin2,0.036771501104036965,0.0031890117172424046,0.0039057257455003195,3
piv_d32,A,complete,angular_sw_bin3,0.0404981275399526,0.002891600985589308,0.0035414734772113692,3
piv_d32,A,complete,angular_sw_mean,0.03534423327073455,0.0013204021083766588,0.001617155710408954,3
piv_d32,A,complete,exploding_norm_rate,0.0,0.0,0.0,3
piv_d32,A,complete,inf_rate,0.0,0.0,0.0,3
piv_d32,A,complete,invalid_rate,0.0,0.0,0.0,3
piv_d32,A,complete,ks_stat,0.05118506153424581,0.0028994318257634316,0.0035510642585533147,3
piv_d32,A,complete,mmd,0.008264660835266113,0.0014030330028379698,0.0017183574746189444,3
piv_d32,A,complete,nan_rate,0.0,0.0,0.0,3
piv_d32,A,complete,nfe,512,0.0,0.0,3
piv_d32,A,complete,q950_err,0.015797446162244558,0.0022050814941844588,0.002700662251002918,3
piv_d32,A,complete,q990_err,0.030726901697024068,0.004063195616457017,0.004976377992716518,3
piv_d32,A,complete,q995_err,0.015708176354184936,0.003368667176439547,0.00412575784776952,3
piv_d32,A,complete,radial_w1,0.018826718752582867,0.00030098383674494503,0.00036862841042513476,3
piv_d32,A,complete,sample_time_s,0.18822954098383585,0.004816323920430121,0.0058987680205074226,3
piv_d32,A,complete,sliced_w1,0.020231545592347782,0.0015749904456782752,0.0019289614708352207,3
piv_d32,A,complete,tail_exc_95,0.013666666547457332,0.0008806586320263189,0.0010785821430209666,3
piv_d32,A,complete,tail_exc_99,0.007133333409825952,0.0013199327365879614,0.0016165808497179712,3
piv_d32,A,complete,total_train_time_s,30.315092116594315,0.5251763921215631,0.6432070928268225,3
piv_d32,B,complete,angular_sw_bin0,0.03042079322040081,0.0016957437724611463,0.0020768534885160146,3
piv_d32,B,complete,angular_sw_bin1,0.03335635488231977,0.001210829943079503,0.0014829577629139911,3
piv_d32,B,complete,angular_sw_bin2,0.03622890387972196,0.0029441678754005157,0.0036058545059126524,3
piv_d32,B,complete,angular_sw_bin3,0.04405698925256729,0.00820828718811161,0.010053057636548983,3
piv_d32,B,complete,angular_sw_mean,0.036015760308752455,0.0030081500696552445,0.003684216370186512,3
piv_d32,B,complete,exploding_norm_rate,0.0,0.0,0.0,3
piv_d32,B,complete,inf_rate,0.0,0.0,0.0,3
piv_d32,B,complete,invalid_rate,0.0,0.0,0.0,3
piv_d32,B,complete,ks_stat,0.05118506153424581,0.0028994318257634316,0.0035510642585533147,3
piv_d32,B,complete,mmd,0.009103178977966309,0.0027814441723185332,0.0034065594851091473,3
piv_d32,B,complete,nan_rate,0.0,0.0,0.0,3
piv_d32,B,complete,nfe,512,0.0,0.0,3
piv_d32,B,complete,q950_err,0.015797411454024933,0.0022049958287538077,0.002700557332706073,3
piv_d32,B,complete,q990_err,0.030726901697024068,0.0040631578425192215,0.00497633172927993,3
piv_d32,B,complete,q995_err,0.015708028476895404,0.003368643163268039,0.0041257284377608705,3
piv_d32,B,complete,radial_w1,0.018826719373464584,0.0003009839917205769,0.00036862860023074507,3
piv_d32,B,complete,sample_time_s,0.28897776703039807,0.003648027982019325,0.004467903561671176,3
piv_d32,B,complete,sliced_w1,0.02108982888360818,0.0030042956341926135,0.0036794956701215447,3
piv_d32,B,complete,tail_exc_95,0.013666666547457332,0.0008806586320263189,0.0010785821430209666,3
piv_d32,B,complete,tail_exc_99,0.007133333409825952,0.0013199327365879614,0.0016165808497179712,3
piv_d32,B,complete,total_train_time_s,30.34535374244054,1.6232680047958128,1.988089163767729,3
piv_d32,C,complete,angular_sw_bin0,0.03564521173636118,0.0021848403956577986,0.002675872069391059,3
piv_d32,C,complete,angular_sw_bin1,0.03898011272152265,0.00044506838585890577,0.0005450952229992277,3
piv_d32,C,complete,angular_sw_bin2,0.03798722724119822,0.002378342284356879,0.002912862515179844,3
piv_d32,C,complete,angular_sw_bin3,0.03883622835079829,0.002902124318529605,0.003554361875259944,3
piv_d32,C,complete,angular_sw_mean,0.03786219501247009,0.0010291573884861644,0.001260455233403191,3
piv_d32,C,complete,exploding_norm_rate,0.0,0.0,0.0,3
piv_d32,C,complete,inf_rate,0.0,0.0,0.0,3
piv_d32,C,complete,invalid_rate,0.0,0.0,0.0,3
piv_d32,C,complete,ks_stat,0.05118506153424581,0.0028994318257634316,0.0035510642585533147,3
piv_d32,C,complete,mmd,0.008305549621582031,0.0011481911904690175,0.0014062412719039322,3
piv_d32,C,complete,nan_rate,0.0,0.0,0.0,3
piv_d32,C,complete,nfe,512,0.0,0.0,3
piv_d32,C,complete,q950_err,0.015797376745805308,0.0022049971410436756,0.002700558939926358,3
piv_d32,C,complete,q990_err,0.030726870678673954,0.004063347430889686,0.004976563926664332,3
piv_d32,C,complete,q995_err,0.015708176354184936,0.003368660962513259,0.004125750237295168,3
piv_d32,C,complete,radial_w1,0.018826719373464584,0.0003009839917205769,0.00036862860023074507,3
piv_d32,C,complete,sample_time_s,0.2630079040924708,0.0029755222332110724,0.0036442555948369084,3
piv_d32,C,complete,sliced_w1,0.020634109154343605,0.00125219667530716,0.001533621456056043,3
piv_d32,C,complete,tail_exc_95,0.013666666547457332,0.0008806586320263189,0.0010785821430209666,3
piv_d32,C,complete,tail_exc_99,0.007133333409825952,0.0013199327365879614,0.0016165808497179712,3
piv_d32,C,complete,total_train_time_s,29.62700659284989,1.3928494632764732,1.705885236768388,3
piv_d32,tflow,complete,angular_sw_bin0,0.07439663012822469,0.016045878719098853,0.01965210766818776,3
piv_d32,tflow,complete,angular_sw_bin1,0.08153850336869557,0.015910086686325726,0.019485797072473034,3
piv_d32,tflow,complete,angular_sw_bin2,0.07055011639992396,0.012885196540166188,0.015781078379441187,3
piv_d32,tflow,complete,angular_sw_bin3,0.06411365419626236,0.010802157860374794,0.01322988743945637,3
piv_d32,tflow,complete,angular_sw_mean,0.07264972602327664,0.012853261082580917,0.01574196559154808,3
piv_d32,tflow,complete,exploding_norm_rate,0.0005333333392627537,0.0002054804513453527,0.00025166112895644966,3
piv_d32,tflow,complete,inf_rate,0.0,0.0,0.0,3
piv_d32,tflow,complete,invalid_rate,0.0005333333392627537,0.0002054804513453527,0.00025166112895644966,3
piv_d32,tflow,complete,ks_stat,0.8180155952771505,0.1039671950174699,0.12733328889061543,3
piv_d32,tflow,complete,mmd,0.12253121534983318,0.028646366841209428,0.03508449087277332,3
piv_d32,tflow,complete,n_params,41504,0.0,0.0,3
piv_d32,tflow,complete,nan_rate,0.0,0.0,0.0,3
piv_d32,tflow,complete,nfe,512,0.0,0.0,3
piv_d32,tflow,complete,q950_err,19.293472574363644,14.392289011933386,17.626882154950934,3
piv_d32,tflow,complete,q990_err,62.88753589942614,41.4716307106387,50.792167021100674,3
piv_d32,tflow,complete,q995_err,85.28743098042979,51.674901947871966,63.288571140319426,3
piv_d32,tflow,complete,radial_w1,6.222221453984578,4.343433024001177,5.3195973203783025,3
piv_d32,tflow,complete,sample_time_s,0.42084673295418423,0.002245080627223489,0.0027496509840525796,3
piv_d32,tflow,complete,sliced_w1,0.8933747609456381,0.6167152779216258,0.7553188737433498,3
piv_d32,tflow,complete,tail_exc_95,0.8026666760444641,0.09230603503051457,0.11305134300211508,3
piv_d32,tflow,complete,tail_exc_99,0.7982666595776876,0.11830250235998838,0.1448903830381871,3
piv_d32,tflow,complete,total_train_time_s,33.60424599548181,0.6473180133792636,0.7927994170456452,3
piv_d64,A,complete,angular_sw_bin0,0.027507526179154713,0.0011124994301792463,0.001362527971538097,3
piv_d64,A,complete,angular_sw_bin1,0.0277743445088466,0.0013087684768510808,0.001602907479862343,3
piv_d64,A,complete,angular_sw_bin2,0.01972146766881148,0.0009337956068108253,0.001143661380369555,3
piv_d64,A,complete,angular_sw_bin3,0.017856189981102943,0.0018529577467516088,0.0022694004972393478,3
piv_d64,A,complete,angular_sw_mean,0.023214882084478933,0.0008395100505541375,0.0010281856288978735,3
piv_d64,A,complete,exploding_norm_rate,0.0,0.0,0.0,3
piv_d64,A,complete,inf_rate,0.0,0.0,0.0,3
piv_d64,A,complete,invalid_rate,0.0,0.0,0.0,3
piv_d64,A,complete,ks_stat,0.04690547784169515,0.0026487544272382193,0.003244048400335775,3
piv_d64,A,complete,mmd,0.004379669825236003,0.0008619216147809743,0.0010556340772445551,3
piv_d64,A,complete,nan_rate,0.0,0.0,0.0,3
piv_d64,A,complete,nfe,512,0.0,0.0,3
piv_d64,A,complete,q950_err,0.023577365448642935,0.006669320374224647,0.00816821592399907,3
piv_d64,A,complete,q990_err,0.025260633904387014,0.0035133398900518238,0.00430294501179646,3
piv_d64,A,complete,q995_err,0.05632799467811265,0.009557720923946465,0.011705769683795511,3
piv_d64,A,complete,radial_w1,0.04821785042683283,0.0018668875374814075,0.0022864609369952268,3
piv_d64,A,complete,sample_time_s,0.21524047603209814,0.0049923605371920915,0.006114367964063772,3
piv_d64,A,complete,sliced_w1,0.028788040702541668,0.001971510823182658,0.00241459776958597,3
piv_d64,A,complete,tail_exc_95,0.004600000133117084,0.0011575837620230879,0.0014177447757439585,3
piv_d64,A,complete,tail_exc_99,0.0008000001062949588,0.0002943919505904144,0.00036055503166457616,3
piv_d64,A,complete,total_train_time_s,31.720116518437862,4.894505781602358,5.9945208540139685,3
piv_d64,B,complete,angular_sw_bin0,0.026984840631484985,0.0006422077101503608,0.0007865405993747905,3
piv_d64,B,complete,angular_sw_bin1,0.027476852138837177,0.001312491880707668,0.0016074676996398179,3
piv_d64,B,complete,angular_sw_bin2,0.019605613003174465,0.0008296186087841135,0.001016071136319368,3
piv_d64,B,complete,angular_sw_bin3,0.020303482189774513,0.003811386472675916,0.004667976035301107,3
piv_d64,B,complete,angular_sw_mean,0.023592696990817785,0.0011686262380395953,0.0014312689916126406,3
piv_d64,B,complete,exploding_norm_rate,0.0,0.0,0.0,3
piv_d64,B,complete,inf_rate,0.0,0.0,0.0,3
piv_d64,B,complete,invalid_rate,0.0,0.0,0.0,3
piv_d64,B,complete,ks_stat,0.04690547784169515,0.0026487544272382193,0.003244048400335775,3
piv_d64,B,complete,mmd,0.0040605465571085615,0.0011337892535412592,0.0013886025735135555,3
piv_d64,B,complete,nan_rate,0.0,0.0,0.0,3
piv_d64,B,complete,nfe,512,0.0,0.0,3
piv_d64,B,complete,q950_err,0.023577365448642935,0.00666941529870398,0.008168332182268302,3
piv_d64,B,complete,q990_err,0.025260702393128148,0.003513399387214118,0.0043030178806408425,3
piv_d64,B,complete,q995_err,0.05632793014236475,0.009557873191193587,0.011705956172325506,3
piv_d64,B,complete,radial_w1,0.04821785042683283,0.001866884628238597,0.0022864573739150153,3
piv_d64,B,complete,sample_time_s,0.3222867126266162,0.0029203405361413115,0.003576672094356035,3
piv_d64,B,complete,sliced_w1,0.029082538560032845,0.003976575191871666,0.004870290071947847,3
piv_d64,B,complete,tail_exc_95,0.004600000133117084,0.0011575837620230879,0.0014177447757439585,3
piv_d64,B,complete,tail_exc_99,0.0008000001062949588,0.0002943919505904144,0.00036055503166457616,3
piv_d64,B,complete,total_train_time_s,29.45053127159675,1.9677180083075125,2.409952539019498,3
piv_d64,C,complete,angular_sw_bin0,0.03055643600722154,0.0009900593154217343,0.0012125700689362365,3
piv_d64,C,complete,angular_sw_bin1,0.029119754830996197,0.001407812505699191,0.0017242111462360263,3
piv_d64,C,complete,angular_sw_bin2,0.020898194362719853,0.0012851728836516558,0.0015740088981039048,3
piv_d64,C,complete,angular_sw_bin3,0.03387432048718134,0.0015007400330069069,0.0018380236587172533,3
piv_d64,C,complete,angular_sw_mean,0.028612176422029734,0.0008583727374825836,0.0010512876079741532,3
piv_d64,C,complete,exploding_norm_rate,0.0,0.0,0.0,3
piv_d64,C,complete,inf_rate,0.0,0.0,0.0,3
piv_d64,C,complete,invalid_rate,0.0,0.0,0.0,3
piv_d64,C,complete,ks_stat,0.04690547784169515,0.0026487544272382193,0.003244048400335775,3
piv_d64,C,complete,mmd,0.006651957829793294,0.0011074110823298055,0.001356296043605638,3
piv_d64,C,complete,nan_rate,0.0,0.0,0.0,3
piv_d64,C,complete,nfe,512,0.0,0.0,3
piv_d64,C,complete,q950_err,0.023577299701800888,0.006669480161929227,0.008168411623170767,3
piv_d64,C,complete,q990_err,0.025260736637498716,0.0035134797026964088,0.004303116246615872,3
piv_d64,C,complete,q995_err,0.0563280269459866,0.009558030357383531,0.011706148660810597,3
piv_d64,C,complete,radial_w1,0.048217845459779106,0.001866886339142016,0.002286459469335203,3
piv_d64,C,complete,sample_time_s,0.29535942276318866,0.007028618441856321,0.008608264389631871,3
piv_d64,C,complete,sliced_w1,0.039156039555867515,0.0018021112668623691,0.002207126531766686,3
piv_d64,C,complete,tail_exc_95,0.004600000133117084,0.0011575837620230879,0.0014177447757439585,3
piv_d64,C,complete,tail_exc_99,0.0008000001062949588,0.0002943919505904144,0.00036055503166457616,3
piv_d64,C,complete,total_train_time_s,30.662070870399475,0.5633719057495602,0.6899868522528796,3
piv_d64,tflow,incomplete,,,,,
student_t_d128_df3.0_cor,A,complete,angular_sw_bin0,0.008018506380418936,0.0003122637197873833,0.000382443389331258,3
student_t_d128_df3.0_cor,A,complete,angular_sw_bin1,0.007879465507964293,0.00030553603601959185,0.00037420369314031097,3
student_t_d128_df3.0_cor,A,complete,angular_sw_bin2,0.008429874976476034,0.00019623416842422603,0.00024033679136936412,3
student_t_d128_df3.0_cor,A,complete,angular_sw_bin3,0.007732765283435583,0.00036496429402396334,0.00044698814734690106,3
student_t_d128_df3.0_cor,A,complete,angular_sw_mean,0.008015153037073711,0.00018521912435667755,0.00022684617263948176,3
student_t_d128_df3.0_cor,A,complete,exploding_norm_rate,0.0,0.0,0.0,3
student_t_d128_df3.0_cor,A,complete,inf_rate,0.0,0.0,0.0,3
student_t_d128_df3.0_cor,A,complete,invalid_rate,0.0,0.0,0.0,3
student_t_d128_df3.0_cor,A,complete,ks_stat,0.014299988746643066,0.0,0.0,3
student_t_d128_df3.0_cor,A,complete,mmd,0.0025330384572347007,0.0002356503701574486,0.0002886115822918647,3
student_t_d128_df3.0_cor,A,complete,nan_rate,0.0,0.0,0.0,3
student_t_d128_df3.0_cor,A,complete,nfe,512,0.0,0.0,3
student_t_d128_df3.0_cor,A,complete,q950_err,0.0004973753162602602,8.359515133063557e-08,1.023827328653997e-07,3
student_t_d128_df3.0_cor,A,complete,q990_err,0.010877235215376424,3.3955745211023e-08,4.1587124801479926e-08,3
student_t_d128_df3.0_cor,A,complete,q995_err,0.030401526722982707,0.0,0.0,3
student_t_d128_df3.0_cor,A,complete,radial_w1,1.1712861061096191,0.0,0.0,3
student_t_d128_df3.0_cor,A,complete,sample_time_s,0.2595699851711591,0.0009942042895258367,0.0012176466047122872,3
student_t_d128_df3.0_cor,A,complete,sliced_w1,1.5099712212880452,0.08400866726478279,0.10288918438498519,3
student_t_d128_df3.0_cor,A,complete,tail_exc_95,0.00010000094771389634,0.0,0.0,3
student_t_d128_df3.0_cor,A,complete,tail_exc_99,0.00010000005364418918,0.0,0.0,3
student_t_d128_df3.0_cor,A,complete,total_train_time_s,28.0057006975015,2.1468532614963185,2.6293475216479223,3
student_t_d128_df3.0_cor,B,complete,angular_sw_bin0,0.006454166024923325,0.0002772133888508693,0.0003395156762761845,3
student_t_d128_df3.0_cor,B,complete,angular_sw_bin1,0.005973500665277243,0.0001592451589722037,0.00019503469174514477,3
student_t_d128_df3.0_cor,B,complete,angular_sw_bin2,0.006400655799855788,0.0006333234506541187,0.000775659648120656,3
student_t_d128_df3.0_cor,B,complete,angular_sw_bin3,0.006026771540443103,0.00036059957819653223,0.00044164248402217316,3
student_t_d128_df3.0_cor,B,complete,angular_sw_mean,0.006213773507624865,0.00029455555471012636,0.00036075540497113186,3
student_t_d128_df3.0_cor,B,complete,exploding_norm_rate,0.0,0.0,0.0,3
student_t_d128_df3.0_cor,B,complete,inf_rate,0.0,0.0,0.0,3
student_t_d128_df3.0_cor,B,complete,invalid_rate,0.0,0.0,0.0,3
student_t_d128_df3.0_cor,B,complete,ks_stat,0.014299988746643066,0.0,0.0,3
student_t_d128_df3.0_cor,B,complete,mmd,0.0012982686360677083,0.00021664414524475114,0.00026533380580552347,3
student_t_d128_df3.0_cor,B,complete,nan_rate,0.0,0.0,0.0,3
student_t_d128_df3.0_cor,B,complete,nfe,512,0.0,0.0,3
student_t_d128_df3.0_cor,B,complete,q950_err,0.0004973411886826383,4.826368312371551e-08,5.911069838023936e-08,3
student_t_d128_df3.0_cor,B,complete,q990_err,0.010877259225714123,5.8813075914355416e-08,7.203101309687099e-08,3
student_t_d128_df3.0_cor,B,complete,q995_err,0.030401526722982707,0.0,0.0,3
student_t_d128_df3.0_cor,B,complete,radial_w1,1.1712862253189087,0.0,0.0,3
student_t_d128_df3.0_cor,B,complete,sample_time_s,0.41296354432900745,0.005188955395589618,0.0063551465086281,3
student_t_d128_df3.0_cor,B,complete,sliced_w1,1.1120896538098652,0.08964857231095189,0.10979662916541634,3
student_t_d128_df3.0_cor,B,complete,tail_exc_95,0.00010000094771389634,0.0,0.0,3
student_t_d128_df3.0_cor,B,complete,tail_exc_99,0.00010000005364418918,0.0,0.0,3
student_t_d128_df3.0_cor,B,complete,total_train_time_s,29.510089203715324,1.7311036069440673,2.1201602644522275,3
student_t_d128_df3.0_cor,C,complete,angular_sw_bin0,0.006279728064934413,0.00017383123479860517,0.0002128989133072588,3
student_t_d128_df3.0_cor,C,complete,angular_sw_bin1,0.005892388677845399,0.00024402010261467187,0.00029886236919376865,3
student_t_d128_df3.0_cor,C,complete,angular_sw_bin2,0.0064015489382048445,0.0006519188688704076,0.0007984342912124376,3
student_t_d128_df3.0_cor,C,complete,angular_sw_bin3,0.006043489711980025,0.0002810429374509122,0.00034420589628383186,3
student_t_d128_df3.0_cor,C,complete,angular_sw_mean,0.00615428884824117,0.00028733468216966113,0.00035191167836022476,3
student_t_d128_df3.0_cor,C,complete,exploding_norm_rate,0.0,0.0,0.0,3
student_t_d128_df3.0_cor,C,complete,inf_rate,0.0,0.0,0.0,3
student_t_d128_df3.0_cor,C,complete,invalid_rate,0.0,0.0,0.0,3
student_t_d128_df3.0_cor,C,complete,ks_stat,0.014299988746643066,0.0,0.0,3
student_t_d128_df3.0_cor,C,complete,mmd,0.0012946128845214844,0.00021799362680678617,0.0002669865764276634,3
student_t_d128_df3.0_cor,C,complete,nan_rate,0.0,0.0,0.0,3
student_t_d128_df3.0_cor,C,complete,nfe,512,0.0,0.0,3
student_t_d128_df3.0_cor,C,complete,q950_err,0.0004973411886826383,4.826368312371551e-08,5.911069838023936e-08,3
student_t_d128_df3.0_cor,C,complete,q990_err,0.010877235215376424,6.7911490422046e-08,8.317424960295985e-08,3
student_t_d128_df3.0_cor,C,complete,q995_err,0.030401526722982707,9.835911622949432e-08,1.204648231566824e-07,3
student_t_d128_df3.0_cor,C,complete,radial_w1,1.1712861855824788,1.1239159602905075e-07,1.3765103082409519e-07,3
student_t_d128_df3.0_cor,C,complete,sample_time_s,0.3669843375682831,0.007389247035067618,0.00904994240964457,3
student_t_d128_df3.0_cor,C,complete,sliced_w1,1.1085449655850728,0.09175319423476125,0.11237425407282016,3
student_t_d128_df3.0_cor,C,complete,tail_exc_95,0.00010000094771389634,0.0,0.0,3
student_t_d128_df3.0_cor,C,complete,tail_exc_99,0.00010000005364418918,0.0,0.0,3
student_t_d128_df3.0_cor,C,complete,total_train_time_s,29.418818245331448,0.6979073673550089,0.8547584688744528,3
student_t_d128_df3.0_cor,tflow,incomplete,,,,,
student_t_d16_df1.5_cor,A,complete,angular_sw_bin0,0.01711992671092351,0.0011582850044980734,0.0014186036188687991,3
student_t_d16_df1.5_cor,A,complete,angular_sw_bin1,0.015756193548440933,0.0016442311027526195,0.0020137636104788077,3
student_t_d16_df1.5_cor,A,complete,angular_sw_bin2,0.018564507986108463,0.001421788999518389,0.0017413287853611256,3
student_t_d16_df1.5_cor,A,complete,angular_sw_bin3,0.022505180289347965,0.003010696799761304,0.0036873354648227267,3
student_t_d16_df1.5_cor,A,complete,angular_sw_mean,0.018486452133705217,0.0016203469242405386,0.0019845115853387354,3
student_t_d16_df1.5_cor,A,complete,exploding_norm_rate,0.0005000000237487257,0.0,0.0,3
student_t_d16_df1.5_cor,A,complete,inf_rate,0.0,0.0,0.0,3
student_t_d16_df1.5_cor,A,complete,invalid_rate,0.0005000000237487257,0.0,0.0,3
student_t_d16_df1.5_cor,A,complete,ks_stat,0.011199995875358582,0.0,0.0,3
student_t_d16_df1.5_cor,A,complete,mmd,0.0009257793426513672,0.0002394872200297188,0.00029331074449522715,3
student_t_d16_df1.5_cor,A,complete,nan_rate,0.0,0.0,0.0,3
student_t_d16_df1.5_cor,A,complete,nfe,512,0.0,0.0,3
student_t_d16_df1.5_cor,A,complete,q950_err,0.007135370880927143,7.614798164826229e-08,9.326184999053008e-08,3
student_t_d16_df1.5_cor,A,complete,q990_err,0.07842462602108911,3.2953582299183966e-08,4.035973091490621e-08,3
student_t_d16_df1.5_cor,A,complete,q995_err,0.15253510392954786,1.1740440642190559e-07,1.437904446440026e-07,3
student_t_d16_df1.5_cor,A,complete,radial_w1,5.134227275848389,3.8933590933214475e-07,4.76837158203125e-07,3
student_t_d16_df1.5_cor,A,complete,sample_time_s,0.17304344226916632,0.0016764681793499455,0.0020532458047100403,3
student_t_d16_df1.5_cor,A,complete,sliced_w1,2.1171229680379233,0.12130765821545557,0.14857093225990298,3
student_t_d16_df1.5_cor,A,complete,tail_exc_95,0.0003000006079674211,0.0,0.0,3
student_t_d16_df1.5_cor,A,complete,tail_exc_99,0.001500000022351733,0.0,0.0,3
student_t_d16_df1.5_cor,A,complete,total_train_time_s,27.20096590866645,1.421609362697729,1.7411087760863089,3
student_t_d16_df1.5_cor,B,complete,angular_sw_bin0,0.0154243732492129,0.002171882036830993,0.002660001385876277,3
student_t_d16_df1.5_cor,B,complete,angular_sw_bin1,0.013142194598913193,0.000798036597629718,0.0009773912301297902,3
student_t_d16_df1.5_cor,B,complete,angular_sw_bin2,0.01446585077792406,0.0011201701495378651,0.0013719226457324497,3
student_t_d16_df1.5_cor,B,complete,angular_sw_bin3,0.018689024572571118,0.0009439495579138529,0.001156097379907349,3
student_t_d16_df1.5_cor,B,complete,angular_sw_mean,0.015430360799655318,0.0006488974598908235,0.0007947338360603154,3
student_t_d16_df1.5_cor,B,complete,exploding_norm_rate,0.0005000000237487257,0.0,0.0,3
student_t_d16_df1.5_cor,B,complete,inf_rate,0.0,0.0,0.0,3
student_t_d16_df1.5_cor,B,complete,invalid_rate,0.0005000000237487257,0.0,0.0,3
student_t_d16_df1.5_cor,B,complete,ks_stat,0.011199995875358582,0.0,0.0,3
student_t_d16_df1.5_cor,B,complete,mmd,0.0005538860956827799,8.645220815951383e-05,0.00010588189856384265,3
student_t_d16_df1.5_cor,B,complete,nan_rate,0.0,0.0,0.0,3
student_t_d16_df1.5_cor,B,complete,nfe,512,0.0,0.0,3
student_t_d16_df1.5_cor,B,complete,q950_err,0.007135401968210473,4.3964057703075354e-08,5.384475419740543e-08,3
student_t_d16_df1.5_cor,B,complete,q990_err,0.07842464932279063,5.7077278827923465e-08,6.9905104517487e-08,3
student_t_d16_df1.5_cor,B,complete,q995_err,0.15253521461948377,1.0354095408502646e-07,1.2681125249462814e-07,3
student_t_d16_df1.5_cor,B,complete,radial_w1,5.134227275848389,3.8933590933214475e-07,4.76837158203125e-07,3
student_t_d16_df1.5_cor,B,complete,sample_time_s,0.25552090754111606,0.0016631637951391258,0.002036951328380816,3
student_t_d16_df1.5_cor,B,complete,sliced_w1,1.8650490442911785,0.02615052510477318,0.032027721506267946,3
student_t_d16_df1.5_cor,B,complete,tail_exc_95,0.0003000006079674211,0.0,0.0,3
student_t_d16_df1.5_cor,B,complete,tail_exc_99,0.001500000022351733,0.0,0.0,3
student_t_d16_df1.5_cor,B,complete,total_train_time_s,28.493688484032948,1.5073906806587887,1.846169005320328,3
student_t_d16_df1.5_cor,C,complete,angular_sw_bin0,0.014936151914298534,0.001487019870218405,0.0018212199597073778,3
student_t_d16_df1.5_cor,C,complete,angular_sw_bin1,0.012504988349974155,0.00040519974473854467,0.0004962663092577136,3
student_t_d16_df1.5_cor,C,complete,angular_sw_bin2,0.014221739023923874,0.0012124844865587276,0.0014849841565546655,3
student_t_d16_df1.5_cor,C,complete,angular_sw_bin3,0.01919454087813695,5.7379099106024115e-05,7.027475735517274e-05,3
student_t_d16_df1.5_cor,C,complete,angular_sw_mean,0.01521435504158338,0.0006136831149605448,0.0007516052477075422,3
student_t_d16_df1.5_cor,C,complete,exploding_norm_rate,0.0005000000237487257,0.0,0.0,3
student_t_d16_df1.5_cor,C,complete,inf_rate,0.0,0.0,0.0,3
student_t_d16_df1.5_cor,C,complete,invalid_rate,0.0005000000237487257,0.0,0.0,3
student_t_d16_df1.5_cor,C,complete,ks_stat,0.011199995875358582,0.0,0.0,3
student_t_d16_df1.5_cor,C,complete,mmd,0.0005172093709309896,0.00011187131118764267,0.00013701381463291786,3
student_t_d16_df1.5_cor,C,complete,nan_rate,0.0,0.0,0.0,3
student_t_d16_df1.5_cor,C,complete,nfe,512,0.0,0.0,3
student_t_d16_df1.5_cor,C,complete,q950_err,0.007135464142777134,7.614798164861639e-08,9.326184999096376e-08,3
student_t_d16_df1.5_cor,C,complete,q990_err,0.07842478913299966,5.707727883358905e-08,6.990510452442589e-08,3
student_t_d16_df1.5_cor,C,complete,q995_err,0.15253518694699977,6.778346565551248e-08,8.301745192673682e-08,3
student_t_d16_df1.5_cor,C,complete,radial_w1,5.134227275848389,3.8933590933214475e-07,4.76837158203125e-07,3
student_t_d16_df1.5_cor,C,complete,sample_time_s,0.23237188657124838,0.006704338877437595,0.008211104656212937,3
student_t_d16_df1.5_cor,C,complete,sliced_w1,1.8044095039367676,0.03963705521094543,0.048545280086670674,3
student_t_d16_df1.5_cor,C,complete,tail_exc_95,0.0003000006079674211,0.0,0.0,3
student_t_d16_df1.5_cor,C,complete,tail_exc_99,0.001500000022351733,0.0,0.0,3
student_t_d16_df1.5_cor,C,complete,total_train_time_s,29.67071909457445,0.6907300207083247,0.8459680503787268,3
student_t_d16_df1.5_cor,tflow,complete,angular_sw_bin0,0.12276804198821385,0.024825893337176844,0.03040538554242196,3
student_t_d16_df1.5_cor,tflow,complete,angular_sw_bin1,0.11624002705017726,0.02436043876676587,0.029835322444445346,3
student_t_d16_df1.5_cor,tflow,complete,angular_sw_bin2,0.12264630695184071,0.0157806176528612,0.019327230537733327,3
student_t_d16_df1.5_cor,tflow,complete,angular_sw_bin3,0.08155535161495209,0.008965942102932207,0.01098099160776014,3
student_t_d16_df1.5_cor,tflow,complete,angular_sw_mean,0.11080243190129598,0.017973421993717223,0.022012856408161956,3
student_t_d16_df1.5_cor,tflow,complete,exploding_norm_rate,0.00019999999494757503,0.0001632993120602575,0.00019999999494757503,3
student_t_d16_df1.5_cor,tflow,complete,inf_rate,0.0,0.0,0.0,3
student_t_d16_df1.5_cor,tflow,complete,invalid_rate,0.00019999999494757503,0.0001632993120602575,0.00019999999494757503,3
student_t_d16_df1.5_cor,tflow,complete,ks_stat,0.669866681098938,0.05977303048736184,0.07320671253692951,3
student_t_d16_df1.5_cor,tflow,complete,mmd,0.2824592590332031,0.012393781316858844,0.015179220104971764,3
student_t_d16_df1.5_cor,tflow,complete,n_params,37392,0.0,0.0,3
student_t_d16_df1.5_cor,tflow,complete,nan_rate,0.0,0.0,0.0,3
student_t_d16_df1.5_cor,tflow,complete,nfe,512,0.0,0.0,3
student_t_d16_df1.5_cor,tflow,complete,q950_err,33.03990873519689,2.1891727561969447,2.6811781057423976,3
student_t_d16_df1.5_cor,tflow,complete,q990_err,25.033455790765203,1.4431505454347104,1.767491229167136,3
student_t_d16_df1.5_cor,tflow,complete,q995_err,18.711686366707983,0.920735331551466,1.1276658752266924,3
student_t_d16_df1.5_cor,tflow,complete,radial_w1,1348.3602701822917,197.20328839548537,241.52371608392718,3
student_t_d16_df1.5_cor,tflow,complete,sample_time_s,0.4139886436363061,0.004383857726453366,0.005369107267384151,3
student_t_d16_df1.5_cor,tflow,complete,sliced_w1,271.16607666015625,39.45522277939801,48.32258174868031,3
student_t_d16_df1.5_cor,tflow,complete,tail_exc_95,0.642033310731252,0.07194980939475079,0.08812016005382341,3
student_t_d16_df1.5_cor,tflow,complete,tail_exc_99,0.5187333329518636,0.08162178504260895,0.09996586262476202,3
student_t_d16_df1.5_cor,tflow,complete,total_train_time_s,32.35054061934352,1.2848603048520484,1.57362606882218,3
student_t_d16_df10.0_cor,A,complete,angular_sw_bin0,0.011691645408670107,0.0017736294336271224,0.0021722435525839867,3
student_t_d16_df10.0_cor,A,complete,angular_sw_bin1,0.011871091400583586,0.0005460998624164907,0.0006688330057622495,3
student_t_d16_df10.0_cor,A,complete,angular_sw_bin2,0.014074730686843395,0.0009952944703720441,0.001218981798112569,3
student_t_d16_df10.0_cor,A,complete,angular_sw_bin3,0.01399213851739963,0.0015015547377723467,0.0018390214642004241,3
student_t_d16_df10.0_cor,A,complete,angular_sw_mean,0.01290740150337418,0.00036619750333681176,0.0004484985141281645,3
student_t_d16_df10.0_cor,A,complete,exploding_norm_rate,0.0,0.0,0.0,3
student_t_d16_df10.0_cor,A,complete,inf_rate,0.0,0.0,0.0,3
student_t_d16_df10.0_cor,A,complete,invalid_rate,0.0,0.0,0.0,3
student_t_d16_df10.0_cor,A,complete,ks_stat,0.01199999451637268,0.0,0.0,3
student_t_d16_df10.0_cor,A,complete,mmd,0.0004967848459879557,0.00015245997676868094,0.00018672457463992281,3
student_t_d16_df10.0_cor,A,complete,nan_rate,0.0,0.0,0.0,3
student_t_d16_df10.0_cor,A,complete,nfe,512,0.0,0.0,3
student_t_d16_df10.0_cor,A,complete,q950_err,0.0073444150113036455,7.111289263923782e-08,8.70951505497272e-08,3
student_t_d16_df10.0_cor,A,complete,q990_err,0.026209938421783603,3.000821753866738e-08,3.6752410530086e-08,3
student_t_d16_df10.0_cor,A,complete,q995_err,0.014925293917208645,9.630208822781847e-08,1.1794548866132099e-07,3
student_t_d16_df10.0_cor,A,complete,radial_w1,0.0982167050242424,1.8250120749944284e-08,2.2351741790771484e-08,3
student_t_d16_df10.0_cor,A,complete,sample_time_s,0.18259559075037637,0.009371292436054208,0.011477442349368183,3
student_t_d16_df10.0_cor,A,complete,sliced_w1,0.15832656621932983,0.015232895456505148,0.01865641058679892,3
student_t_d16_df10.0_cor,A,complete,tail_exc_95,0.002600000053644136,0.0,0.0,3
student_t_d16_df10.0_cor,A,complete,tail_exc_99,0.0030000002682208926,0.0,0.0,3
student_t_d16_df10.0_cor,A,complete,total_train_time_s,27.996307839949925,1.3973012462703425,1.7113375351586777,3
student_t_d16_df10.0_cor,B,complete,angular_sw_bin0,0.01323656520495812,0.002289226804683178,0.002803718788487877,3
student_t_d16_df10.0_cor,B,complete,angular_sw_bin1,0.013215504897137484,0.0013551363519891785,0.0016596962971350535,3
student_t_d16_df10.0_cor,B,complete,angular_sw_bin2,0.016205776793261368,0.0008092234245718059,0.0009910922390542576,3
student_t_d16_df10.0_cor,B,complete,angular_sw_bin3,0.01594129887719949,0.0009506340775158367,0.0011642842110075953,3
student_t_d16_df10.0_cor,B,complete,angular_sw_mean,0.014649786443139115,0.00047104811600760305,0.0005769137642589821,3
student_t_d16_df10.0_cor,B,complete,exploding_norm_rate,0.0,0.0,0.0,3
student_t_d16_df10.0_cor,B,complete,inf_rate,0.0,0.0,0.0,3
student_t_d16_df10.0_cor,B,complete,invalid_rate,0.0,0.0,0.0,3
student_t_d16_df10.0_cor,B,complete,ks_stat,0.01199999451637268,0.0,0.0,3
student_t_d16_df10.0_cor,B,complete,mmd,0.000702063242594401,0.00013576022060298427,0.00016627163392249575,3
student_t_d16_df10.0_cor,B,complete,nan_rate,0.0,0.0,0.0,3
student_t_d16_df10.0_cor,B,complete,nfe,512,0.0,0.0,3
student_t_d16_df10.0_cor,B,complete,q950_err,0.007344591006733798,1.066693389592656e-07,1.3064272582509156e-07,3
student_t_d16_df10.0_cor,B,complete,q990_err,0.026209959640797715,5.197575742013498e-08,6.365704233700364e-08,3
student_t_d16_df10.0_cor,B,complete,q995_err,0.01492537254753442,1.4710386962907368e-07,1.8016470989006495e-07,3
student_t_d16_df10.0_cor,B,complete,radial_w1,0.09821669012308121,1.0536712127723509e-08,1.2904784139758924e-08,3
student_t_d16_df10.0_cor,B,complete,sample_time_s,0.25389476865530014,0.0009399436329274124,0.0011511911438250265,3
student_t_d16_df10.0_cor,B,complete,sliced_w1,0.1851738542318344,0.0055297059660443385,0.006772479022216276,3
student_t_d16_df10.0_cor,B,complete,tail_exc_95,0.002600000053644136,0.0,0.0,3
student_t_d16_df10.0_cor,B,complete,tail_exc_99,0.0030000002682208926,0.0,0.0,3
student_t_d16_df10.0_cor,B,complete,total_train_time_s,28.480515701075394,0.47089843486298927,0.5767304430447723,3
student_t_d16_df10.0_cor,C,complete,angular_sw_bin0,0.014881344822545847,0.0017764384105427816,0.002175683832655298,3
student_t_d16_df10.0_cor,C,complete,angular_sw_bin1,0.013142203291257223,0.0007979995974704478,0.0009773459143744834,3
student_t_d16_df10.0_cor,C,complete,angular_sw_bin2,0.0156785286962986,0.0007809104116463575,0.0009564160216801711,3
student_t_d16_df10.0_cor,C,complete,angular_sw_bin3,0.017227642859021824,9.472505436322552e-05,0.00011601402452364992,3
student_t_d16_df10.0_cor,C,complete,angular_sw_mean,0.015232429917280873,0.000492431357678867,0.0006031027798295896,3
student_t_d16_df10.0_cor,C,complete,exploding_norm_rate,0.0,0.0,0.0,3
student_t_d16_df10.0_cor,C,complete,inf_rate,0.0,0.0,0.0,3
student_t_d16_df10.0_cor,C,complete,invalid_rate,0.0,0.0,0.0,3
student_t_d16_df10.0_cor,C,complete,ks_stat,0.01199999451637268,0.0,0.0,3
student_t_d16_df10.0_cor,C,complete,mmd,0.000652472178141276,0.00011429107700045885,0.00013997741040213318,3
student_t_d16_df10.0_cor,C,complete,nan_rate,0.0,0.0,0.0,3
student_t_d16_df10.0_cor,C,complete,nfe,512,0.0,0.0,3
student_t_d16_df10.0_cor,C,complete,q950_err,0.0073445658645294905,2.1628141938387405e-07,2.648895591676931e-07,3
student_t_d16_df10.0_cor,C,complete,q990_err,0.026209938421783603,3.000821753866738e-08,3.6752410530086e-08,3
student_t_d16_df10.0_cor,C,complete,q995_err,0.014925215286882872,5.56000365614452e-08,6.809585962781486e-08,3
student_t_d16_df10.0_cor,C,complete,radial_w1,0.09821666280428569,2.5327103900873586e-08,3.101924060979683e-08,3
student_t_d16_df10.0_cor,C,complete,sample_time_s,0.22639334698518118,0.0034135251227187247,0.004180697387416102,3
student_t_d16_df10.0_cor,C,complete,sliced_w1,0.18464234471321106,0.00475562121168992,0.0058244226892982835,3
student_t_d16_df10.0_cor,C,complete,tail_exc_95,0.002600000053644136,0.0,0.0,3
student_t_d16_df10.0_cor,C,complete,tail_exc_99,0.0030000002682208926,0.0,0.0,3
student_t_d16_df10.0_cor,C,complete,total_train_time_s,29.887269094586372,1.0168522002295917,1.2453845171944455,3
student_t_d16_df10.0_cor,tflow,complete,angular_sw_bin0,0.10052305087447166,0.032278980049791794,0.03953351526973392,3
student_t_d16_df10.0_cor,tflow,complete,angular_sw_bin1,0.10790075858434041,0.04090993516017243,0.050104233276383636,3
student_t_d16_df10.0_cor,tflow,complete,angular_sw_bin2,0.1140458732843399,0.05024833753706721,0.06154139369447654,3
student_t_d16_df10.0_cor,tflow,complete,angular_sw_bin3,0.12314444904526074,0.05367028278210414,0.06573240358351835,3
student_t_d16_df10.0_cor,tflow,complete,angular_sw_mean,0.11140353294710319,0.043848512730559425,0.05370324108490146,3
student_t_d16_df10.0_cor,tflow,complete,exploding_norm_rate,0.0,0.0,0.0,3
student_t_d16_df10.0_cor,tflow,complete,inf_rate,0.0,0.0,0.0,3
student_t_d16_df10.0_cor,tflow,complete,invalid_rate,0.0,0.0,0.0,3
student_t_d16_df10.0_cor,tflow,complete,ks_stat,0.2532000044981639,0.05897547335907141,0.072229908534414,3
student_t_d16_df10.0_cor,tflow,complete,mmd,0.12568465868631998,0.08386094795487327,0.10270826591776801,3
student_t_d16_df10.0_cor,tflow,complete,n_params,37392,0.0,0.0,3
student_t_d16_df10.0_cor,tflow,complete,nan_rate,0.0,0.0,0.0,3
student_t_d16_df10.0_cor,tflow,complete,nfe,512,0.0,0.0,3
student_t_d16_df10.0_cor,tflow,complete,q950_err,0.6381480151737979,0.16688014972582074,0.20438560751375945,3
student_t_d16_df10.0_cor,tflow,complete,q990_err,1.931247996527147,0.9444003352122001,1.1566494670916396,3
student_t_d16_df10.0_cor,tflow,complete,q995_err,2.6940249483800907,1.299681776183133,1.5917785898214034,3
student_t_d16_df10.0_cor,tflow,complete,radial_w1,5.902222474416097,0.36887912808457995,0.45178282028499045,3
student_t_d16_df10.0_cor,tflow,complete,sample_time_s,0.41193656002481777,0.0007056874711455582,0.0008642871110908225,3
student_t_d16_df10.0_cor,tflow,complete,sliced_w1,2.7104111512502036,0.7391885896636505,0.9053174341817377,3
student_t_d16_df10.0_cor,tflow,complete,tail_exc_95,0.17313333551088964,0.015607122620067332,0.019114743386107125,3
student_t_d16_df10.0_cor,tflow,complete,tail_exc_99,0.11423333277304966,0.010179826270642877,0.01246769001662723,3
student_t_d16_df10.0_cor,tflow,complete,total_train_time_s,30.81255752593279,0.8182695629392968,1.0021714506257406,3
student_t_d16_df2.0_cor,A,complete,angular_sw_bin0,0.015363849389056364,0.0009288966581409837,0.001137661418110956,3
student_t_d16_df2.0_cor,A,complete,angular_sw_bin1,0.014475488103926182,0.0011771442455910908,0.0014417013776758096,3
student_t_d16_df2.0_cor,A,complete,angular_sw_bin2,0.01696017012000084,0.0010527145159960646,0.0012893067045056592,3
student_t_d16_df2.0_cor,A,complete,angular_sw_bin3,0.018135507280627888,0.00018104317005324214,0.00022173169402318364,3
student_t_d16_df2.0_cor,A,complete,angular_sw_mean,0.016233753723402817,0.0002548689267461399,0.00031214941090941344,3
student_t_d16_df2.0_cor,A,complete,exploding_norm_rate,0.0,0.0,0.0,3
student_t_d16_df2.0_cor,A,complete,inf_rate,0.0,0.0,0.0,3
student_t_d16_df2.0_cor,A,complete,invalid_rate,0.0,0.0,0.0,3
student_t_d16_df2.0_cor,A,complete,ks_stat,0.0065000057220458984,0.0,0.0,3
student_t_d16_df2.0_cor,A,complete,mmd,0.000717004140218099,9.772434732961776e-05,0.00011968739320203968,3
student_t_d16_df2.0_cor,A,complete,nan_rate,0.0,0.0,0.0,3
student_t_d16_df2.0_cor,A,complete,nfe,512,0.0,0.0,3
student_t_d16_df2.0_cor,A,complete,q950_err,0.005908815610292372,8.179245135439134e-08,1.0017488531483681e-07,3
student_t_d16_df2.0_cor,A,complete,q990_err,0.021808551736542642,4.391832283884145e-08,5.378874065699117e-08,3
student_t_d16_df2.0_cor,A,complete,q995_err,0.1537999860632783,1.1979705375625413e-07,1.4672082719579475e-07,3
student_t_d16_df2.0_cor,A,complete,radial_w1,0.9923965136210123,1.2786859599514077e-06,1.5660640715709173e-06,3
student_t_d16_df2.0_cor,A,complete,sample_time_s,0.1779614786307017,0.008662055908954157,0.010608808550198813,3
student_t_d16_df2.0_cor,A,complete,sliced_w1,0.6273964643478394,0.01822374565653918,0.022319439030391106,3
student_t_d16_df2.0_cor,A,complete,tail_exc_95,0.000900001078844026,0.0,0.0,3
student_t_d16_df2.0_cor,A,complete,tail_exc_99,0.00010000005364418918,0.0,0.0,3
student_t_d16_df2.0_cor,A,complete,total_train_time_s,27.69144620249669,0.9093444194247551,1.113714914019031,3
student_t_d16_df2.0_cor,B,complete,angular_sw_bin0,0.014034341089427471,0.002205038768764532,0.0027006099232639844,3
student_t_d16_df2.0_cor,B,complete,angular_sw_bin1,0.013269344344735146,0.001944347932846107,0.0023813301589541073,3
student_t_d16_df2.0_cor,B,complete,angular_sw_bin2,0.015260090430577597,0.00013501300579503797,0.00016535648641863562,3
student_t_d16_df2.0_cor,B,complete,angular_sw_bin3,0.017645282670855522,0.0022298022362207603,0.002730938853028873,3
student_t_d16_df2.0_cor,B,complete,angular_sw_mean,0.015052264633898934,0.0007333599374815498,0.0008981788223145846,3
student_t_d16_df2.0_cor,B,complete,exploding_norm_rate,0.0,0.0,0.0,3
student_t_d16_df2.0_cor,B,complete,inf_rate,0.0,0.0,0.0,3
student_t_d16_df2.0_cor,B,complete,invalid_rate,0.0,0.0,0.0,3
student_t_d16_df2.0_cor,B,complete,ks_stat,0.0065000057220458984,0.0,0.0,3
student_t_d16_df2.0_cor,B,complete,mmd,0.0005460580190022787,0.00017443186566295116,0.00021363453287796607,3
student_t_d16_df2.0_cor,B,complete,nan_rate,0.0,0.0,0.0,3
student_t_d16_df2.0_cor,B,complete,nfe,512,0.0,0.0,3
student_t_d16_df2.0_cor,B,complete,q950_err,0.00590884900192081,4.722289380713721e-08,5.783599700256092e-08,3
student_t_d16_df2.0_cor,B,complete,q990_err,0.021808520681598744,1.5834976492623643e-07,1.9393806247947177e-07,3
student_t_d16_df2.0_cor,B,complete,q995_err,0.1538001035339542,1.4482757590153308e-07,1.7737683082147874e-07,3
student_t_d16_df2.0_cor,B,complete,radial_w1,0.9923956195513407,7.434005313662571e-08,9.104759881806056e-08,3
student_t_d16_df2.0_cor,B,complete,sample_time_s,0.2547507534424464,0.0015948908596048555,0.0019533344007303696,3
student_t_d16_df2.0_cor,B,complete,sliced_w1,0.5756263534228007,0.05167455922041113,0.06328815138661947,3
student_t_d16_df2.0_cor,B,complete,tail_exc_95,0.000900001078844026,0.0,0.0,3
student_t_d16_df2.0_cor,B,complete,tail_exc_99,0.00010000005364418918,0.0,0.0,3
student_t_d16_df2.0_cor,B,complete,total_train_time_s,30.372497374812763,4.878189529798649,5.974537608297043,3
student_t_d16_df2.0_cor,C,complete,angular_sw_bin0,0.014421142948170504,0.0018732429627728929,0.002294244711526486,3
student_t_d16_df2.0_cor,C,complete,angular_sw_bin1,0.01326836614559094,0.001591315261271952,0.00194895520500999,3
student_t_d16_df2.0_cor,C,complete,angular_sw_bin2,0.015629139107962448,0.00017777695666622244,0.00021773141592856067,3
student_t_d16_df2.0_cor,C,complete,angular_sw_bin3,0.01797819696366787,0.0010891893764891796,0.0013339791028293252,3
student_t_d16_df2.0_cor,C,complete,angular_sw_mean,0.015324211291347941,0.0007877455914172317,0.0009647873730495888,3
student_t_d16_df2.0_cor,C,complete,exploding_norm_rate,0.0,0.0,0.0,3
student_t_d16_df2.0_cor,C,complete,inf_rate,0.0,0.0,0.0,3
student_t_d16_df2.0_cor,C,complete,invalid_rate,0.0,0.0,0.0,3
student_t_d16_df2.0_cor,C,complete,ks_stat,0.0065000057220458984,0.0,0.0,3
student_t_d16_df2.0_cor,C,complete,mmd,0.0005483229955037435,0.00016231053849524577,0.00019878899959485934,3
student_t_d16_df2.0_cor,C,complete,nan_rate,0.0,0.0,0.0,3
student_t_d16_df2.0_cor,C,complete,nfe,512,0.0,0.0,3
student_t_d16_df2.0_cor,C,complete,q950_err,0.005908782218663934,9.444578761427441e-08,1.1567199400512185e-07,3
student_t_d16_df2.0_cor,C,complete,q990_err,0.021808551736542642,1.1619696022907731e-07,1.4231163111185488e-07,3
student_t_d16_df2.0_cor,C,complete,q995_err,0.1538002444987653,1.7581400889893512e-07,2.1532730571776598e-07,3
student_t_d16_df2.0_cor,C,complete,radial_w1,0.9923956791559855,5.6195798014525375e-08,6.882551541204759e-08,3
student_t_d16_df2.0_cor,C,complete,sample_time_s,0.227621927857399,0.004355707960115564,0.005334630985431056,3
student_t_d16_df2.0_cor,C,complete,sliced_w1,0.5701110462347666,0.052659686690116246,0.0644946812028078,3
student_t_d16_df2.0_cor,C,complete,tail_exc_95,0.000900001078844026,0.0,0.0,3
student_t_d16_df2.0_cor,C,complete,tail_exc_99,0.00010000005364418918,0.0,0.0,3
student_t_d16_df2.0_cor,C,complete,total_train_time_s,29.020772581299145,1.6339895360235506,2.001220304152366,3
student_t_d16_df2.0_cor,tflow,complete,angular_sw_bin0,0.0968279242515564,0.026750054078280915,0.03276199154182221,3
student_t_d16_df2.0_cor,tflow,complete,angular_sw_bin1,0.0918059026201566,0.018335660920821648,0.022456506676351493,3
student_t_d16_df2.0_cor,tflow,complete,angular_sw_bin2,0.09316900124152501,0.028915272097737466,0.035413831206596275,3
student_t_d16_df2.0_cor,tflow,complete,angular_sw_bin3,0.0655587948858738,0.01938656536141487,0.023743596500290693,3
student_t_d16_df2.0_cor,tflow,complete,angular_sw_mean,0.08684040574977796,0.022988868879296888,0.028155499259012572,3
student_t_d16_df2.0_cor,tflow,complete,exploding_norm_rate,0.0034666666761040688,0.00036817865130872845,0.0004509249149462373,3
student_t_d16_df2.0_cor,tflow,complete,inf_rate,0.0,0.0,0.0,3
student_t_d16_df2.0_cor,tflow,complete,invalid_rate,0.0034666666761040688,0.00036817865130872845,0.0004509249149462373,3
student_t_d16_df2.0_cor,tflow,complete,ks_stat,0.491400013367335,0.009860019339793412,0.012076008118233861,3
student_t_d16_df2.0_cor,tflow,complete,mmd,0.1804311474164327,0.007982103025095789,0.009776039742905357,3
student_t_d16_df2.0_cor,tflow,complete,n_params,37392,0.0,0.0,3
student_t_d16_df2.0_cor,tflow,complete,nan_rate,0.0,0.0,0.0,3
student_t_d16_df2.0_cor,tflow,complete,nfe,512,0.0,0.0,3
student_t_d16_df2.0_cor,tflow,complete,q950_err,29.381268952670524,0.8349855960299134,1.0226443264234857,3
student_t_d16_df2.0_cor,tflow,complete,q990_err,33.20714591649828,1.6645117685454083,2.0386022518969327,3
student_t_d16_df2.0_cor,tflow,complete,q995_err,32.48880342349005,1.9613001315605005,2.4020922773883715,3
student_t_d16_df2.0_cor,tflow,complete,radial_w1,444.9259948730469,15.468522845653046,18.9449940232172,3
student_t_d16_df2.0_cor,tflow,complete,sample_time_s,0.41096534331639606,0.0002734695368534949,0.00033493041274315107,3
student_t_d16_df2.0_cor,tflow,complete,sliced_w1,89.95650990804036,2.7295307209685764,3.3429787518120504,3
student_t_d16_df2.0_cor,tflow,complete,tail_exc_95,0.4695999940236409,0.009509282508137176,0.011646444982454754,3
student_t_d16_df2.0_cor,tflow,complete,tail_exc_99,0.36826667229334514,0.00856050339481052,0.010484432629324473,3
student_t_d16_df2.0_cor,tflow,complete,total_train_time_s,30.398631905515987,0.8388607704092225,1.0273904263702924,3
student_t_d16_df3.0_cor,A,complete,angular_sw_bin0,0.013899642353256544,0.001627909716775088,0.001993774076708823,3
student_t_d16_df3.0_cor,A,complete,angular_sw_bin1,0.01180497898409764,7.414961000119727e-05,9.081435456465283e-05,3
student_t_d16_df3.0_cor,A,complete,angular_sw_bin2,0.013267275566856066,0.002481239778338356,0.003038885693212705,3
student_t_d16_df3.0_cor,A,complete,angular_sw_bin3,0.019185567274689674,0.0004549726284422771,0.0005572253933082299,3
student_t_d16_df3.0_cor,A,complete,angular_sw_mean,0.01453936604472498,0.0008644290356813228,0.001058705028132677,3
student_t_d16_df3.0_cor,A,complete,exploding_norm_rate,0.0,0.0,0.0,3
student_t_d16_df3.0_cor,A,complete,inf_rate,0.0,0.0,0.0,3
student_t_d16_df3.0_cor,A,complete,invalid_rate,0.0,0.0,0.0,3
student_t_d16_df3.0_cor,A,complete,ks_stat,0.019299983978271484,0.0,0.0,3
student_t_d16_df3.0_cor,A,complete,mmd,0.0006490548451741537,0.0001918549316954615,0.00023497334364520008,3
student_t_d16_df3.0_cor,A,complete,nan_rate,0.0,0.0,0.0,3
student_t_d16_df3.0_cor,A,complete,nfe,512,0.0,0.0,3
student_t_d16_df3.0_cor,A,complete,q950_err,0.006655055222932562,8.288860333770796e-08,1.0151739183466956e-07,3
student_t_d16_df3.0_cor,A,complete,q990_err,0.0197414418100506,1.068577395269195e-07,1.3087346845409295e-07,3
student_t_d16_df3.0_cor,A,complete,q995_err,0.10132850460026953,1.5882388155643364e-07,1.945187343907473e-07,3
student_t_d16_df3.0_cor,A,complete,radial_w1,0.39025790492693585,1.4048949503631344e-08,1.7206378853011898e-08,3
student_t_d16_df3.0_cor,A,complete,sample_time_s,0.17413169890642166,0.0021501123417538895,0.0026333390634788356,3
student_t_d16_df3.0_cor,A,complete,sliced_w1,0.3104114731152852,0.03131255657258536,0.03834989307243292,3
student_t_d16_df3.0_cor,A,complete,tail_exc_95,0.0011000007390975508,0.0,0.0,3
student_t_d16_df3.0_cor,A,complete,tail_exc_99,0.000900000110268584,0.0,0.0,3
student_t_d16_df3.0_cor,A,complete,total_train_time_s,28.7809782375892,1.537774845202148,1.8833818550163255,3
student_t_d16_df3.0_cor,B,complete,angular_sw_bin0,0.014840424060821533,0.0026249112700170076,0.0032148466158113125,3
student_t_d16_df3.0_cor,B,complete,angular_sw_bin1,0.012407624473174414,0.000664743349718561,0.0008141410083594732,3
student_t_d16_df3.0_cor,B,complete,angular_sw_bin2,0.013253529245654741,0.0027718543645981783,0.0033948144172860108,3
student_t_d16_df3.0_cor,B,complete,angular_sw_bin3,0.020725355794032414,0.0007431812431397275,0.0009102074160498068,3
student_t_d16_df3.0_cor,B,complete,angular_sw_mean,0.015306733393420776,0.0011741270194512157,0.001438006045435169,3
student_t_d16_df3.0_cor,B,complete,exploding_norm_rate,0.0,0.0,0.0,3
student_t_d16_df3.0_cor,B,complete,inf_rate,0.0,0.0,0.0,3
student_t_d16_df3.0_cor,B,complete,invalid_rate,0.0,0.0,0.0,3
student_t_d16_df3.0_cor,B,complete,ks_stat,0.019299983978271484,0.0,0.0,3
student_t_d16_df3.0_cor,B,complete,mmd,0.000689228375752767,0.0002581326134540186,0.00031614659446671674,3
student_t_d16_df3.0_cor,B,complete,nan_rate,0.0,0.0,0.0,3
student_t_d16_df3.0_cor,B,complete,nfe,512,0.0,0.0,3
student_t_d16_df3.0_cor,B,complete,q950_err,0.006654791473011797,1.096513154770677e-07,1.3429488627187982e-07,3
student_t_d16_df3.0_cor,B,complete,q990_err,0.0197414418100506,5.342886976427751e-08,6.543673422804801e-08,3
student_t_d16_df3.0_cor,B,complete,q995_err,0.10132863427942579,1.6530913706917846e-07,2.0246151781964554e-07,3
student_t_d16_df3.0_cor,B,complete,radial_w1,0.39025789499282837,4.2146848510894035e-08,5.1619136559035694e-08,3
student_t_d16_df3.0_cor,B,complete,sample_time_s,0.2653512756029765,0.006119233456691011,0.007494499792930142,3
student_t_d16_df3.0_cor,B,complete,sliced_w1,0.3234737515449524,0.035526004471866324,0.04351029177795294,3
student_t_d16_df3.0_cor,B,complete,tail_exc_95,0.0011000007390975508,0.0,0.0,3
student_t_d16_df3.0_cor,B,complete,tail_exc_99,0.000900000110268584,0.0,0.0,3
student_t_d16_df3.0_cor,B,complete,total_train_time_s,30.2523935859402,1.6859589594827813,2.0648695890032362,3
student_t_d16_df3.0_cor,C,complete,angular_sw_bin0,0.01544936653226614,0.0020251534764203446,0.0024802963340266647,3
student_t_d16_df3.0_cor,C,complete,angular_sw_bin1,0.012323023130496344,0.0008561598402022179,0.0010485773733791086,3
student_t_d16_df3.0_cor,C,complete,angular_sw_bin2,0.013739462631444136,0.0024853947169461432,0.0030439744329635392,3
student_t_d16_df3.0_cor,C,complete,angular_sw_bin3,0.01967587259908517,0.0006199106007194786,0.0007592323289524605,3
student_t_d16_df3.0_cor,C,complete,angular_sw_mean,0.015296931223322948,0.001353205782169787,0.0016573318416498904,3
student_t_d16_df3.0_cor,C,complete,exploding_norm_rate,0.0,0.0,0.0,3
student_t_d16_df3.0_cor,C,complete,inf_rate,0.0,0.0,0.0,3
student_t_d16_df3.0_cor,C,complete,invalid_rate,0.0,0.0,0.0,3
student_t_d16_df3.0_cor,C,complete,ks_stat,0.019299983978271484,0.0,0.0,3
student_t_d16_df3.0_cor,C,complete,mmd,0.0006892681121826172,0.00024037228243202558,0.0002943947201333139,3
student_t_d16_df3.0_cor,C,complete,nan_rate,0.0,0.0,0.0,3
student_t_d16_df3.0_cor,C,complete,nfe,512,0.0,0.0,3
student_t_d16_df3.0_cor,C,complete,q950_err,0.006654908695198804,4.144430166905841e-08,5.0758695917585164e-08,3
student_t_d16_df3.0_cor,C,complete,q990_err,0.019741517369882843,1.60286609291197e-07,1.9631020268214094e-07,3
student_t_d16_df3.0_cor,C,complete,q995_err,0.10132866669921485,4.584850538680962e-08,5.615272183346472e-08,3
student_t_d16_df3.0_cor,C,complete,radial_w1,0.39025790492693585,3.7170026568312855e-08,4.552379940903028e-08,3
student_t_d16_df3.0_cor,C,complete,sample_time_s,0.2279432068268458,0.005504127466214805,0.006741151885732165,3
student_t_d16_df3.0_cor,C,complete,sliced_w1,0.31962769230206806,0.038513359142983955,0.04716903909043196,3
student_t_d16_df3.0_cor,C,complete,tail_exc_95,0.0011000007390975508,0.0,0.0,3
student_t_d16_df3.0_cor,C,complete,tail_exc_99,0.000900000110268584,0.0,0.0,3
student_t_d16_df3.0_cor,C,complete,total_train_time_s,29.904127702116966,1.2827971079418294,1.5710991789877182,3
student_t_d16_df3.0_cor,tflow,complete,angular_sw_bin0,0.11568690339724223,0.0435397085833039,0.053325034789285804,3
student_t_d16_df3.0_cor,tflow,complete,angular_sw_bin1,0.12207644805312157,0.04914330891850503,0.060188015561151574,3
student_t_d16_df3.0_cor,tflow,complete,angular_sw_bin2,0.12969851618011793,0.05486582158222782,0.06719663359751948,3
student_t_d16_df3.0_cor,tflow,complete,angular_sw_bin3,0.1255747266113758,0.05489808868770762,0.0672361525694705,3
student_t_d16_df3.0_cor,tflow,complete,angular_sw_mean,0.12325914856046438,0.050466638428838806,0.06180875659209401,3
student_t_d16_df3.0_cor,tflow,complete,exploding_norm_rate,6.6666664982525e-05,9.428090177647036e-05,0.00011547005092090624,3
student_t_d16_df3.0_cor,tflow,complete,inf_rate,0.0,0.0,0.0,3
student_t_d16_df3.0_cor,tflow,complete,invalid_rate,6.6666664982525e-05,9.428090177647036e-05,0.00011547005092090624,3
student_t_d16_df3.0_cor,tflow,complete,ks_stat,0.24796665708223978,0.06204592348238571,0.07599042657580686,3
student_t_d16_df3.0_cor,tflow,complete,mmd,0.1281527280807495,0.07451216710217141,0.09125839451465752,3
student_t_d16_df3.0_cor,tflow,complete,n_params,37392,0.0,0.0,3
student_t_d16_df3.0_cor,tflow,complete,nan_rate,0.0,0.0,0.0,3
student_t_d16_df3.0_cor,tflow,complete,nfe,512,0.0,0.0,3
student_t_d16_df3.0_cor,tflow,complete,q950_err,0.9505794190134109,0.09911190237787942,0.12138679413117165,3
student_t_d16_df3.0_cor,tflow,complete,q990_err,1.9586235869838833,0.2781027037424993,0.34060486012876046,3
student_t_d16_df3.0_cor,tflow,complete,q995_err,2.6991265914306766,0.12439109546564839,0.15234735621833442,3
student_t_d16_df3.0_cor,tflow,complete,radial_w1,13.869048754374186,1.6969156970686994,2.078288797168773,3
student_t_d16_df3.0_cor,tflow,complete,sample_time_s,0.4135880197087924,0.001727611245169794,0.0021158830122801424,3
student_t_d16_df3.0_cor,tflow,complete,sliced_w1,4.809830109278361,1.3105106505857196,1.6050411982089148,3
student_t_d16_df3.0_cor,tflow,complete,tail_exc_95,0.15573333402474718,0.013365212052171251,0.016368974915957794,3
student_t_d16_df3.0_cor,tflow,complete,tail_exc_99,0.0704333339134852,0.006003520023496238,0.00735278035907373,3
student_t_d16_df3.0_cor,tflow,complete,total_train_time_s,29.83890771617492,0.32428811857090384,0.397170210072942,3
student_t_d16_df5.0_cor,A,complete,angular_sw_bin0,0.013697154199083647,0.0008962120676818808,0.0010976311335726351,3
student_t_d16_df5.0_cor,A,complete,angular_sw_bin1,0.013420618760089079,0.0011225822153352284,0.0013748768109472294,3
student_t_d16_df5.0_cor,A,complete,angular_sw_bin2,0.011220892891287804,0.0011802103874412227,0.0014454566191817177,3
student_t_d16_df5.0_cor,A,complete,angular_sw_bin3,0.013983251216510931,0.0012369198713609332,0.001514911268771647,3
student_t_d16_df5.0_cor,A,complete,angular_sw_mean,0.013080479266742865,0.0006532569501564051,0.0008000730994049681,3
student_t_d16_df5.0_cor,A,complete,exploding_norm_rate,0.0,0.0,0.0,3
student_t_d16_df5.0_cor,A,complete,inf_rate,0.0,0.0,0.0,3
student_t_d16_df5.0_cor,A,complete,invalid_rate,0.0,0.0,0.0,3
student_t_d16_df5.0_cor,A,complete,ks_stat,0.007299989461898804,0.0,0.0,3
student_t_d16_df5.0_cor,A,complete,mmd,0.0005596478780110677,0.00010474521401076722,0.00012828616366250157,3
student_t_d16_df5.0_cor,A,complete,nan_rate,0.0,0.0,0.0,3
student_t_d16_df5.0_cor,A,complete,nfe,512,0.0,0.0,3
student_t_d16_df5.0_cor,A,complete,q950_err,0.003113268544462379,2.9479331509205316e-08,3.610466007795168e-08,3
student_t_d16_df5.0_cor,A,complete,q990_err,0.01489235632487597,2.0412337293314394e-07,2.4999905413102075e-07,3
student_t_d16_df5.0_cor,A,complete,q995_err,0.025393389586803518,4.165850891094227e-08,5.102104513849736e-08,3
student_t_d16_df5.0_cor,A,complete,radial_w1,0.07371849318345387,3.512237375907836e-09,4.3015947132529745e-09,3
student_t_d16_df5.0_cor,A,complete,sample_time_s,0.17224106937646866,0.0014497641060529497,0.001775591153615962,3
student_t_d16_df5.0_cor,A,complete,sliced_w1,0.20445023973782858,0.019996861920477647,0.024491054081030764,3
student_t_d16_df5.0_cor,A,complete,tail_exc_95,0.000900001078844026,0.0,0.0,3
student_t_d16_df5.0_cor,A,complete,tail_exc_99,0.0013000003620982081,0.0,0.0,3
student_t_d16_df5.0_cor,A,complete,total_train_time_s,28.001937424143154,1.5136975058049513,1.8538932570728541,3
student_t_d16_df5.0_cor,B,complete,angular_sw_bin0,0.015509544561306635,0.0015971979699305726,0.0019561600222695263,3
student_t_d16_df5.0_cor,B,complete,angular_sw_bin1,0.014779829109708468,0.0019960433470225616,0.002444643852341184,3
student_t_d16_df5.0_cor,B,complete,angular_sw_bin2,0.012176130587855974,0.001964518915176133,0.002406034466113737,3
student_t_d16_df5.0_cor,B,complete,angular_sw_bin3,0.013695969556768736,0.0007307569614008802,0.0008949908407094294,3
student_t_d16_df5.0_cor,B,complete,angular_sw_mean,0.014040368453909954,0.0012108020234086678,0.001482923568440325,3
student_t_d16_df5.0_cor,B,complete,exploding_norm_rate,0.0,0.0,0.0,3
student_t_d16_df5.0_cor,B,complete,inf_rate,0.0,0.0,0.0,3
student_t_d16_df5.0_cor,B,complete,invalid_rate,0.0,0.0,0.0,3
student_t_d16_df5.0_cor,B,complete,ks_stat,0.007299989461898804,0.0,0.0,3
student_t_d16_df5.0_cor,B,complete,mmd,0.000659942626953125,0.00023885379249077992,0.0002925349573655135,3
student_t_d16_df5.0_cor,B,complete,nan_rate,0.0,0.0,0.0,3
student_t_d16_df5.0_cor,B,complete,nfe,512,0.0,0.0,3
student_t_d16_df5.0_cor,B,complete,q950_err,0.0031136229100610334,1.350912680774294e-07,1.6545233774761793e-07,3
student_t_d16_df5.0_cor,B,complete,q990_err,0.014892256985325042,1.2389818817817199e-07,1.5174367054592613e-07,3
student_t_d16_df5.0_cor,B,complete,q995_err,0.025393330672775227,7.215465400131284e-08,8.837104243514249e-08,3
student_t_d16_df5.0_cor,B,complete,radial_w1,0.07371850808461507,1.8585013284156427e-08,2.276189970451514e-08,3
student_t_d16_df5.0_cor,B,complete,sample_time_s,0.25829851378997165,0.004270781075337687,0.005230617218856088,3
student_t_d16_df5.0_cor,B,complete,sliced_w1,0.21314812699953714,0.03137122327440019,0.03842174481460208,3
student_t_d16_df5.0_cor,B,complete,tail_exc_95,0.000900001078844026,0.0,0.0,3
student_t_d16_df5.0_cor,B,complete,tail_exc_99,0.0013000003620982081,0.0,0.0,3
student_t_d16_df5.0_cor,B,complete,total_train_time_s,28.132404173413914,1.1022532015489455,1.3499789555720307,3
student_t_d16_df5.0_cor,C,complete,angular_sw_bin0,0.016152348990241688,0.000708501219017012,0.0008677332343657746,3
student_t_d16_df5.0_cor,C,complete,angular_sw_bin1,0.013866077487667402,0.0012919828969853938,0.0015823494270085087,3
student_t_d16_df5.0_cor,C,complete,angular_sw_bin2,0.011915341019630432,0.0013862470400198648,0.0016977989527461003,3
student_t_d16_df5.0_cor,C,complete,angular_sw_bin3,0.017040836314360302,0.00039069476652555914,0.0004785014115817128,3
student_t_d16_df5.0_cor,C,complete,angular_sw_mean,0.014743650952974955,0.0004858219111938961,0.0005950078941443842,3
student_t_d16_df5.0_cor,C,complete,exploding_norm_rate,0.0,0.0,0.0,3
student_t_d16_df5.0_cor,C,complete,inf_rate,0.0,0.0,0.0,3
student_t_d16_df5.0_cor,C,complete,invalid_rate,0.0,0.0,0.0,3
student_t_d16_df5.0_cor,C,complete,ks_stat,0.007299989461898804,0.0,0.0,3
student_t_d16_df5.0_cor,C,complete,mmd,0.0006733735402425131,9.913958142257247e-05,0.0001214206938992045,3
student_t_d16_df5.0_cor,C,complete,nan_rate,0.0,0.0,0.0,3
student_t_d16_df5.0_cor,C,complete,nfe,512,0.0,0.0,3
student_t_d16_df5.0_cor,C,complete,q950_err,0.003113289389497594,2.063553205642474e-07,2.527326205454293e-07,3
student_t_d16_df5.0_cor,C,complete,q990_err,0.014892157645774111,4.682911340126878e-08,5.735371647001907e-08,3
student_t_d16_df5.0_cor,C,complete,q995_err,0.025393301215761083,4.165850891094227e-08,5.102104513849736e-08,3
student_t_d16_df5.0_cor,C,complete,radial_w1,0.07371850808461507,4.050509738499942e-08,4.960841028749491e-08,3
student_t_d16_df5.0_cor,C,complete,sample_time_s,0.22839057197173437,0.001901714232537646,0.0023291147531528736,3
student_t_d16_df5.0_cor,C,complete,sliced_w1,0.229948028922081,0.014361575094501582,0.017589265442095988,3
student_t_d16_df5.0_cor,C,complete,tail_exc_95,0.000900001078844026,0.0,0.0,3
student_t_d16_df5.0_cor,C,complete,tail_exc_99,0.0013000003620982081,0.0,0.0,3
student_t_d16_df5.0_cor,C,complete,total_train_time_s,28.68619546542565,0.6298393788865678,0.7713925490917878,3
student_t_d16_df5.0_cor,tflow,complete,angular_sw_bin0,0.10575095067421596,0.03670859492800441,0.04495866337406469,3
student_t_d16_df5.0_cor,tflow,complete,angular_sw_bin1,0.11764880269765854,0.05120826096525266,0.0627170549900753,3
student_t_d16_df5.0_cor,tflow,complete,angular_sw_bin2,0.12935623774925867,0.05725453427100675,0.07012219721232948,3
student_t_d16_df5.0_cor,tflow,complete,angular_sw_bin3,0.12230223168929417,0.0604643043822324,0.07405334669439911,3
student_t_d16_df5.0_cor,tflow,complete,angular_sw_mean,0.11876455570260684,0.05046779738279778,0.061810176015011445,3
student_t_d16_df5.0_cor,tflow,complete,exploding_norm_rate,0.0,0.0,0.0,3
student_t_d16_df5.0_cor,tflow,complete,inf_rate,0.0,0.0,0.0,3
student_t_d16_df5.0_cor,tflow,complete,invalid_rate,0.0,0.0,0.0,3
student_t_d16_df5.0_cor,tflow,complete,ks_stat,0.29250001907348633,0.21772150168854726,0.2666532925847235,3
student_t_d16_df5.0_cor,tflow,complete,mmd,0.17384340365727743,0.15791468217930957,0.19340519711654217,3
student_t_d16_df5.0_cor,tflow,complete,n_params,37392,0.0,0.0,3
student_t_d16_df5.0_cor,tflow,complete,nan_rate,0.0,0.0,0.0,3
student_t_d16_df5.0_cor,tflow,complete,nfe,512,0.0,0.0,3
student_t_d16_df5.0_cor,tflow,complete,q950_err,0.860978998752063,0.3848052041710825,0.4712882002933266,3
student_t_d16_df5.0_cor,tflow,complete,q990_err,1.8697245234780595,0.790562742623563,0.9682376645414775,3
student_t_d16_df5.0_cor,tflow,complete,q995_err,2.3714419314468747,0.8669229735168973,1.0617594657063665,3
student_t_d16_df5.0_cor,tflow,complete,radial_w1,9.258629004160563,5.169414579150011,6.331213993910887,3
student_t_d16_df5.0_cor,tflow,complete,sample_time_s,0.41220834230383235,0.0006551785243167341,0.0008024265375028295,3
student_t_d16_df5.0_cor,tflow,complete,sliced_w1,3.7320921421051025,1.7894784870874079,2.1916545995258825,3
student_t_d16_df5.0_cor,tflow,complete,tail_exc_95,0.23953332453966136,0.16369450689469153,0.20048400779424858,3
student_t_d16_df5.0_cor,tflow,complete,tail_exc_99,0.14796666716535886,0.08851909200792218,0.1084133039569429,3
student_t_d16_df5.0_cor,tflow,complete,total_train_time_s,30.196566333373386,0.4018223770971135,0.49212989556006687,3
student_t_d16_df50.0_cor,A,complete,angular_sw_bin0,0.013495936679343382,0.002545900468497439,0.0031180785418656824,3
student_t_d16_df50.0_cor,A,complete,angular_sw_bin1,0.015220736463864645,0.0035646977208181195,0.004365845251633279,3
student_t_d16_df50.0_cor,A,complete,angular_sw_bin2,0.014393103308975697,0.0024692716050797483,0.0030242277343942993,3
student_t_d16_df50.0_cor,A,complete,angular_sw_bin3,0.015290988609194756,0.0011394707244160192,0.0013955609258293781,3
student_t_d16_df50.0_cor,A,complete,angular_sw_mean,0.01460019126534462,0.0024143502528681227,0.0029569630899432195,3
student_t_d16_df50.0_cor,A,complete,exploding_norm_rate,0.0,0.0,0.0,3
student_t_d16_df50.0_cor,A,complete,inf_rate,0.0,0.0,0.0,3
student_t_d16_df50.0_cor,A,complete,invalid_rate,0.0,0.0,0.0,3
student_t_d16_df50.0_cor,A,complete,ks_stat,0.013599991798400879,0.0,0.0,3
student_t_d16_df50.0_cor,A,complete,mmd,0.0008273522059122721,0.00048218276204982634,0.0005905508648939557,3
student_t_d16_df50.0_cor,A,complete,nan_rate,0.0,0.0,0.0,3
student_t_d16_df50.0_cor,A,complete,nfe,512,0.0,0.0,3
student_t_d16_df50.0_cor,A,complete,q950_err,0.009865690387547508,3.935139117938715e-08,4.8195414529078625e-08,3
student_t_d16_df50.0_cor,A,complete,q990_err,0.005890591035235068,5.8460319913358546e-08,7.159897699379747e-08,3
student_t_d16_df50.0_cor,A,complete,q995_err,0.02292104845798415,6.284377217371581e-08,7.696758766865991e-08,3
student_t_d16_df50.0_cor,A,complete,radial_w1,0.09306201338768005,1.2166747166629524e-08,1.4901161193847656e-08,3
student_t_d16_df50.0_cor,A,complete,sample_time_s,0.17253151287635168,0.0003800840819686222,0.0004655060300886504,3
student_t_d16_df50.0_cor,A,complete,sliced_w1,0.18109992643197378,0.04547244880019899,0.05569214845766034,3
student_t_d16_df50.0_cor,A,complete,tail_exc_95,0.004300001263618514,0.0,0.0,3
student_t_d16_df50.0_cor,A,complete,tail_exc_99,0.0006000001356005757,0.0,0.0,3
student_t_d16_df50.0_cor,A,complete,total_train_time_s,27.19460941106081,0.8696029980022788,1.0650418119500413,3
student_t_d16_df50.0_cor,B,complete,angular_sw_bin0,0.015593806592126688,0.002886697858406204,0.003535468397340082,3
student_t_d16_df50.0_cor,B,complete,angular_sw_bin1,0.016668017022311687,0.004026151948788543,0.004931008950722019,3
student_t_d16_df50.0_cor,B,complete,angular_sw_bin2,0.01556380403538545,0.0030799854865685332,0.003772196428635339,3
student_t_d16_df50.0_cor,B,complete,angular_sw_bin3,0.016820795834064484,0.0005562755307940447,0.0006812956034206402,3
student_t_d16_df50.0_cor,B,complete,angular_sw_mean,0.016161605870972078,0.0025640037180753943,0.003140250403941805,3
student_t_d16_df50.0_cor,B,complete,exploding_norm_rate,0.0,0.0,0.0,3
student_t_d16_df50.0_cor,B,complete,inf_rate,0.0,0.0,0.0,3
student_t_d16_df50.0_cor,B,complete,invalid_rate,0.0,0.0,0.0,3
student_t_d16_df50.0_cor,B,complete,ks_stat,0.013599991798400879,0.0,0.0,3
student_t_d16_df50.0_cor,B,complete,mmd,0.001048445701599121,0.0005545489388217347,0.0006791809687575676,3
student_t_d16_df50.0_cor,B,complete,nan_rate,0.0,0.0,0.0,3
student_t_d16_df50.0_cor,B,complete,nfe,512,0.0,0.0,3
student_t_d16_df50.0_cor,B,complete,q950_err,0.009865690387547508,3.935139117938715e-08,4.8195414529078625e-08,3
student_t_d16_df50.0_cor,B,complete,q990_err,0.0058907819658403845,8.929961371809993e-08,1.0936924391849288e-07,3
student_t_d16_df50.0_cor,B,complete,q995_err,0.022920892927583047,5.4424303170663115e-08,6.665588618733065e-08,3
student_t_d16_df50.0_cor,B,complete,radial_w1,0.09306202083826065,2.6516810685473957e-08,3.247632789269592e-08,3
student_t_d16_df50.0_cor,B,complete,sample_time_s,0.25479962925116223,0.0009199427431459277,0.0011266951566418848,3
student_t_d16_df50.0_cor,B,complete,sliced_w1,0.20070554316043854,0.049269104235322304,0.060342082730268615,3
student_t_d16_df50.0_cor,B,complete,tail_exc_95,0.004300001263618514,0.0,0.0,3
student_t_d16_df50.0_cor,B,complete,tail_exc_99,0.0006000001356005757,0.0,0.0,3
student_t_d16_df50.0_cor,B,complete,total_train_time_s,28.888633308311302,1.6527606965635726,2.024210186753826,3
student_t_d16_df50.0_cor,C,complete,angular_sw_bin0,0.016803727485239506,0.00295844825080659,0.003623344322452789,3
student_t_d16_df50.0_cor,C,complete,angular_sw_bin1,0.01593286357820034,0.0039064171290479855,0.004784364344317776,3
student_t_d16_df50.0_cor,C,complete,angular_sw_bin2,0.015875238925218582,0.0027375818992743995,0.0033528393911507665,3
student_t_d16_df50.0_cor,C,complete,angular_sw_bin3,0.01956574742992719,0.0006882683200439959,0.0008429530951151887,3
student_t_d16_df50.0_cor,C,complete,angular_sw_mean,0.017044394354646403,0.002506846155812699,0.0030702469726993234,3
student_t_d16_df50.0_cor,C,complete,exploding_norm_rate,0.0,0.0,0.0,3
student_t_d16_df50.0_cor,C,complete,inf_rate,0.0,0.0,0.0,3
student_t_d16_df50.0_cor,C,complete,invalid_rate,0.0,0.0,0.0,3
student_t_d16_df50.0_cor,C,complete,ks_stat,0.013599991798400879,0.0,0.0,3
student_t_d16_df50.0_cor,C,complete,mmd,0.0010064045588175456,0.0004726795932768286,0.000578911907677258,3
student_t_d16_df50.0_cor,C,complete,nan_rate,0.0,0.0,0.0,3
student_t_d16_df50.0_cor,C,complete,nfe,512,0.0,0.0,3
student_t_d16_df50.0_cor,C,complete,q950_err,0.009865746038818613,3.935139117938715e-08,4.8195414529078625e-08,3
student_t_d16_df50.0_cor,C,complete,q990_err,0.0058907580995147205,6.75041628777784e-08,8.267537728214159e-08,3
student_t_d16_df50.0_cor,C,complete,q995_err,0.022920937364840504,6.284377217208031e-08,7.696758766665682e-08,3
student_t_d16_df50.0_cor,C,complete,radial_w1,0.09306202083826065,0.0,0.0,3
student_t_d16_df50.0_cor,C,complete,sample_time_s,0.22391065955162048,0.0010116639915972038,0.0012390302852802188,3
student_t_d16_df50.0_cor,C,complete,sliced_w1,0.20758060117562613,0.04576647857483459,0.05605225991618171,3
student_t_d16_df50.0_cor,C,complete,tail_exc_95,0.004300001263618514,0.0,0.0,3
student_t_d16_df50.0_cor,C,complete,tail_exc_99,0.0006000001356005757,0.0,0.0,3
student_t_d16_df50.0_cor,C,complete,total_train_time_s,30.275231428444386,2.945535139679055,3.6075290558256308,3
student_t_d16_df50.0_cor,tflow,complete,angular_sw_bin0,0.09048020467162132,0.0211878605953789,0.025949723599950247,3
student_t_d16_df50.0_cor,tflow,complete,angular_sw_bin1,0.09867911040782928,0.027578453784591818,0.03377656983358879,3
student_t_d16_df50.0_cor,tflow,complete,angular_sw_bin2,0.10468509793281555,0.04332552035949446,0.053062708860662715,3
student_t_d16_df50.0_cor,tflow,complete,angular_sw_bin3,0.1265590637922287,0.058265936264728035,0.07136090661705487,3
student_t_d16_df50.0_cor,tflow,complete,angular_sw_mean,0.10510086920112371,0.03718394593210072,0.04554084707844249,3
student_t_d16_df50.0_cor,tflow,complete,exploding_norm_rate,0.0,0.0,0.0,3
student_t_d16_df50.0_cor,tflow,complete,inf_rate,0.0,0.0,0.0,3
student_t_d16_df50.0_cor,tflow,complete,invalid_rate,0.0,0.0,0.0,3
student_t_d16_df50.0_cor,tflow,complete,ks_stat,0.41380001107851666,0.21416447444793746,0.26229684171438644,3
student_t_d16_df50.0_cor,tflow,complete,mmd,0.17978012561798096,0.16157427093858326,0.19788725968086493,3
student_t_d16_df50.0_cor,tflow,complete,n_params,37392,0.0,0.0,3
student_t_d16_df50.0_cor,tflow,complete,nan_rate,0.0,0.0,0.0,3
student_t_d16_df50.0_cor,tflow,complete,nfe,512,0.0,0.0,3
student_t_d16_df50.0_cor,tflow,complete,q950_err,1.0520373332099642,0.26678194301543756,0.32673981648804035,3
student_t_d16_df50.0_cor,tflow,complete,q990_err,2.5613570774633145,0.5119984195297912,0.627067438479711,3
student_t_d16_df50.0_cor,tflow,complete,q995_err,3.343999386054734,0.6958139054707422,0.8521945121682435,3
student_t_d16_df50.0_cor,tflow,complete,radial_w1,8.968788623809814,3.3277585324565475,4.075655195855758,3
student_t_d16_df50.0_cor,tflow,complete,sample_time_s,0.4159616082906723,0.005120646490037045,0.006271485526882213,3
student_t_d16_df50.0_cor,tflow,complete,sliced_w1,3.1381016969680786,1.3922986895016307,1.7052106794123525,3
student_t_d16_df50.0_cor,tflow,complete,tail_exc_95,0.34903334279855086,0.20401212506553784,0.2498628038757169,3
student_t_d16_df50.0_cor,tflow,complete,tail_exc_99,0.2518666688601176,0.13954283891857525,0.17090437630494765,3
student_t_d16_df50.0_cor,tflow,complete,total_train_time_s,32.19529977813363,1.629023435890414,1.9951380984834897,3
student_t_d256_df3.0_cor,A,complete,angular_sw_bin0,0.00518058364590009,0.00028617275827608223,0.0003504886180306167,3
student_t_d256_df3.0_cor,A,complete,angular_sw_bin1,0.004743045195937157,0.0003289111277527311,0.0004028322168587812,3
student_t_d256_df3.0_cor,A,complete,angular_sw_bin2,0.004694369000693162,0.00013724092831429637,0.0001680851230979552,3
student_t_d256_df3.0_cor,A,complete,angular_sw_bin3,0.00444240914657712,8.327668858015448e-05,0.0001019926972450187,3
student_t_d256_df3.0_cor,A,complete,angular_sw_mean,0.004765101747276883,0.00017831861644030118,0.00021839481095890277,3
student_t_d256_df3.0_cor,A,complete,exploding_norm_rate,0.0,0.0,0.0,3
student_t_d256_df3.0_cor,A,complete,inf_rate,0.0,0.0,0.0,3
student_t_d256_df3.0_cor,A,complete,invalid_rate,0.0,0.0,0.0,3
student_t_d256_df3.0_cor,A,complete,ks_stat,0.013999998569488525,0.0,0.0,3
student_t_d256_df3.0_cor,A,complete,mmd,0.0016192197799682617,0.0001305953953493372,0.00015994604068145772,3
student_t_d256_df3.0_cor,A,complete,nan_rate,0.0,0.0,0.0,3
student_t_d256_df3.0_cor,A,complete,nfe,512,0.0,0.0,3
student_t_d256_df3.0_cor,A,complete,q950_err,0.00884262823250553,5.0269791865476146e-08,6.156766977316453e-08,3
student_t_d256_df3.0_cor,A,complete,q990_err,0.0029334623043829754,3.769688483032678e-08,4.616906636338211e-08,3
student_t_d256_df3.0_cor,A,complete,q995_err,0.036863170552669196,3.2104905946787046e-08,3.9320318904836765e-08,3
student_t_d256_df3.0_cor,A,complete,radial_w1,2.7428935368855796,1.1239159602905075e-07,1.3765103082409519e-07,3
student_t_d256_df3.0_cor,A,complete,sample_time_s,0.32617710282405216,0.0069415183765014765,0.008501589031290653,3
student_t_d256_df3.0_cor,A,complete,sliced_w1,1.7648390928904216,0.07956658786607645,0.09744877042310539,3
student_t_d256_df3.0_cor,A,complete,tail_exc_95,0.0032999992370605913,0.0,0.0,3
student_t_d256_df3.0_cor,A,complete,tail_exc_99,2.2351742678949904e-10,0.0,0.0,3
student_t_d256_df3.0_cor,A,complete,total_train_time_s,27.35350416103999,0.8908592220683,1.0910752633600511,3
student_t_d256_df3.0_cor,B,complete,angular_sw_bin0,0.003915409402300914,0.00012675368412799848,0.00015524092456575562,3
student_t_d256_df3.0_cor,B,complete,angular_sw_bin1,0.0038417146230737367,0.00037696723827848686,0.0004616886917642279,3
student_t_d256_df3.0_cor,B,complete,angular_sw_bin2,0.0037656172644346952,0.00022294501372160735,0.00027305076215786606,3
student_t_d256_df3.0_cor,B,complete,angular_sw_bin3,0.003783335288365682,0.0001558812678433402,0.00019091478333714952,3
student_t_d256_df3.0_cor,B,complete,angular_sw_mean,0.003826519144543757,0.0002037378491667558,0.0002495268858753373,3
student_t_d256_df3.0_cor,B,complete,exploding_norm_rate,0.0,0.0,0.0,3
student_t_d256_df3.0_cor,B,complete,inf_rate,0.0,0.0,0.0,3
student_t_d256_df3.0_cor,B,complete,invalid_rate,0.0,0.0,0.0,3
student_t_d256_df3.0_cor,B,complete,ks_stat,0.013999998569488525,0.0,0.0,3
student_t_d256_df3.0_cor,B,complete,mmd,0.0006997982660929362,0.00010515873600781762,0.00012879262260759666,3
student_t_d256_df3.0_cor,B,complete,nan_rate,0.0,0.0,0.0,3
student_t_d256_df3.0_cor,B,complete,nfe,512,0.0,0.0,3
student_t_d256_df3.0_cor,B,complete,q950_err,0.00884262823250553,5.0269791865476146e-08,6.156766977316453e-08,3
student_t_d256_df3.0_cor,B,complete,q990_err,0.0029334889601058682,3.769688483032678e-08,4.616906636338211e-08,3
student_t_d256_df3.0_cor,B,complete,q995_err,0.036863170552669196,3.2104905946787046e-08,3.9320318904836765e-08,3
student_t_d256_df3.0_cor,B,complete,radial_w1,2.74289337793986,2.9736021254650284e-07,3.6419039527224225e-07,3
student_t_d256_df3.0_cor,B,complete,sample_time_s,0.44770248979330063,0.0006744721269490731,0.000826056278377454,3
student_t_d256_df3.0_cor,B,complete,sliced_w1,1.2118473847707112,0.05100692005637442,0.062470463744525355,3
student_t_d256_df3.0_cor,B,complete,tail_exc_95,0.0032999992370605913,0.0,0.0,3
student_t_d256_df3.0_cor,B,complete,tail_exc_99,2.2351742678949904e-10,0.0,0.0,3
student_t_d256_df3.0_cor,B,complete,total_train_time_s,29.665591058631737,1.2013050914844712,1.4712922497722098,3
student_t_d256_df3.0_cor,C,complete,angular_sw_bin0,0.0037505310804893575,0.00013265513675688096,0.00016246869840673983,3
student_t_d256_df3.0_cor,C,complete,angular_sw_bin1,0.0037848102704932294,0.0003398835822639367,0.0004162706742479577,3
student_t_d256_df3.0_cor,C,complete,angular_sw_bin2,0.0037627285346388817,0.0002385550671885589,0.00029216909508366344,3
student_t_d256_df3.0_cor,C,complete,angular_sw_bin3,0.003702346235513687,0.00011544392758045606,0.00014138935823746558,3
student_t_d256_df3.0_cor,C,complete,angular_sw_mean,0.0037501040302837887,0.00018629207099239324,0.00022816025852885144,3
student_t_d256_df3.0_cor,C,complete,exploding_norm_rate,0.0,0.0,0.0,3
student_t_d256_df3.0_cor,C,complete,inf_rate,0.0,0.0,0.0,3
student_t_d256_df3.0_cor,C,complete,invalid_rate,0.0,0.0,0.0,3
student_t_d256_df3.0_cor,C,complete,ks_stat,0.013999998569488525,0.0,0.0,3
student_t_d256_df3.0_cor,C,complete,mmd,0.000686804453531901,9.406795563005036e-05,0.00011520924622019574,3
student_t_d256_df3.0_cor,C,complete,nan_rate,0.0,0.0,0.0,3
student_t_d256_df3.0_cor,C,complete,nfe,512,0.0,0.0,3
student_t_d256_df3.0_cor,C,complete,q950_err,0.008842592686394812,5.0269791865476146e-08,6.156766977316453e-08,3
student_t_d256_df3.0_cor,C,complete,q990_err,0.0029334623043829754,3.769688483032678e-08,4.616906636338211e-08,3
student_t_d256_df3.0_cor,C,complete,q995_err,0.03686314785107249,5.560732827205536e-08,6.810479011298831e-08,3
student_t_d256_df3.0_cor,C,complete,radial_w1,2.7428932984670005,1.1239159602905075e-07,1.3765103082409519e-07,3
student_t_d256_df3.0_cor,C,complete,sample_time_s,0.41161788006623584,0.0002609506045120389,0.0003195979145626545,3
student_t_d256_df3.0_cor,C,complete,sliced_w1,1.2017592986424763,0.04246641225250745,0.052010520612659435,3
student_t_d256_df3.0_cor,C,complete,tail_exc_95,0.0032999992370605913,0.0,0.0,3
student_t_d256_df3.0_cor,C,complete,tail_exc_99,2.2351742678949904e-10,0.0,0.0,3
student_t_d256_df3.0_cor,C,complete,total_train_time_s,27.82119319339593,1.2897443814080256,1.579607816535597,3
student_t_d256_df3.0_cor,tflow,incomplete,,,,,
student_t_d2_df3.0_cor,A,incomplete,,,,,
student_t_d2_df3.0_cor,B,complete,angular_sw_bin0,0.5762986739476522,0.17807705846336866,0.21809896406551096,3
student_t_d2_df3.0_cor,B,complete,angular_sw_bin1,0.7742182811101278,0.14361748975525893,0.17589478401988742,3
student_t_d2_df3.0_cor,B,complete,angular_sw_bin2,0.8056720892588297,0.09626581033043627,0.11790105749255728,3
student_t_d2_df3.0_cor,B,complete,angular_sw_bin3,0.8225915233294169,0.05501039290261479,0.06737369658071372,3
student_t_d2_df3.0_cor,B,complete,angular_sw_mean,0.7446951419115067,0.10861119397747197,0.13302100279962584,3
student_t_d2_df3.0_cor,B,complete,exploding_norm_rate,0.0,0.0,0.0,3
student_t_d2_df3.0_cor,B,complete,inf_rate,0.0,0.0,0.0,3
student_t_d2_df3.0_cor,B,complete,invalid_rate,0.0,0.0,0.0,3
student_t_d2_df3.0_cor,B,complete,ks_stat,0.017399996519088745,0.0,0.0,3
student_t_d2_df3.0_cor,B,complete,mmd,0.2529442509015401,0.0623560557364108,0.07637025946337721,3
student_t_d2_df3.0_cor,B,complete,nan_rate,0.0,0.0,0.0,3
student_t_d2_df3.0_cor,B,complete,nfe,512,0.0,0.0,3
student_t_d2_df3.0_cor,B,complete,q950_err,0.00884338696729554,9.373077577378449e-06,1.1479628692049756e-05,3
student_t_d2_df3.0_cor,B,complete,q990_err,0.03713191448954789,3.559860893201247e-05,4.359921371815709e-05,3
student_t_d2_df3.0_cor,B,complete,q995_err,0.10754192239189544,0.00013174483761915317,0.00016135381420637556,3
student_t_d2_df3.0_cor,B,complete,radial_w1,0.017188587536414463,5.794666673411463e-06,7.096988289684449e-06,3
student_t_d2_df3.0_cor,B,complete,sample_time_s,0.24826511989037195,0.00791595909846174,0.009695030307986602,3
student_t_d2_df3.0_cor,B,complete,sliced_w1,0.43577656149864197,0.047062121674231176,0.05763909215732158,3
student_t_d2_df3.0_cor,B,complete,tail_exc_95,0.0008999995887279955,0.0,0.0,3
student_t_d2_df3.0_cor,B,complete,tail_exc_99,0.0010999997705221087,0.0,0.0,3
student_t_d2_df3.0_cor,B,complete,total_train_time_s,30.197632466753323,1.295211802868466,1.5863040129290078,3
student_t_d2_df3.0_cor,C,complete,angular_sw_bin0,0.8153391281763712,0.022560861208502984,0.02763129905929148,3
student_t_d2_df3.0_cor,C,complete,angular_sw_bin1,0.8687249024709066,0.019513627272184385,0.023899214923854873,3
student_t_d2_df3.0_cor,C,complete,angular_sw_bin2,0.8712670604387919,0.025467038507558694,0.03119062480166462,3
student_t_d2_df3.0_cor,C,complete,angular_sw_bin3,0.8708388010660807,0.027783909295739876,0.03402820041716651,3
student_t_d2_df3.0_cor,C,complete,angular_sw_mean,0.8565424730380377,0.022760128451248963,0.02787535059288096,3
student_t_d2_df3.0_cor,C,complete,exploding_norm_rate,0.0,0.0,0.0,3
student_t_d2_df3.0_cor,C,complete,inf_rate,0.0,0.0,0.0,3
student_t_d2_df3.0_cor,C,complete,invalid_rate,0.0,0.0,0.0,3
student_t_d2_df3.0_cor,C,complete,ks_stat,0.01733332872390747,9.428250011886994e-05,0.00011547200848256286,3
student_t_d2_df3.0_cor,C,complete,mmd,0.30193716287612915,0.010038569016096567,0.012294685918574782,3
student_t_d2_df3.0_cor,C,complete,nan_rate,0.0,0.0,0.0,3
student_t_d2_df3.0_cor,C,complete,nfe,512,0.0,0.0,3
student_t_d2_df3.0_cor,C,complete,q950_err,0.008016239736745074,0.0009394818568697478,0.0011506255859666705,3
student_t_d2_df3.0_cor,C,complete,q990_err,0.03715139581795099,3.325637172914358e-05,4.073057071636083e-05,3
student_t_d2_df3.0_cor,C,complete,q995_err,0.10737211077001363,0.00010850624627654018,0.0001328924686411453,3
student_t_d2_df3.0_cor,C,complete,radial_w1,0.017236443236470222,4.7566281490905893e-05,5.825655930715566e-05,3
student_t_d2_df3.0_cor,C,complete,sample_time_s,0.2195235217610995,0.006953517778927024,0.008516285237871105,3
student_t_d2_df3.0_cor,C,complete,sliced_w1,0.47268229722976685,0.008276604550474593,0.010136728975730046,3
student_t_d2_df3.0_cor,C,complete,tail_exc_95,0.0008666669329007911,4.713949394074702e-05,5.77338534439248e-05,3
student_t_d2_df3.0_cor,C,complete,tail_exc_99,0.0010999997705221087,0.0,0.0,3
student_t_d2_df3.0_cor,C,complete,total_train_time_s,29.5117053737243,1.8757507216020972,2.297316076291241,3
student_t_d2_df3.0_cor,tflow,complete,angular_sw_bin0,0.3144279569387436,0.09497985275995066,0.11632608755327785,3
student_t_d2_df3.0_cor,tflow,complete,angular_sw_bin1,0.46024023493131,0.054452634188485186,0.06669058445610954,3
student_t_d2_df3.0_cor,tflow,complete,angular_sw_bin2,0.5001530945301056,0.12165425438829158,0.14899542414502784,3
student_t_d2_df3.0_cor,tflow,complete,angular_sw_bin3,0.5039614935715994,0.12189410920068347,0.1492891850963834,3
student_t_d2_df3.0_cor,tflow,complete,angular_sw_mean,0.44469569499293965,0.05191385321940085,0.06358122548463692,3
student_t_d2_df3.0_cor,tflow,complete,exploding_norm_rate,0.003966666758060455,0.0014974052073586108,0.0018339393481075176,3
student_t_d2_df3.0_cor,tflow,complete,inf_rate,0.0,0.0,0.0,3
student_t_d2_df3.0_cor,tflow,complete,invalid_rate,0.003966666758060455,0.0014974052073586108,0.0018339393481075176,3
student_t_d2_df3.0_cor,tflow,complete,ks_stat,0.37806666890780133,0.07427540472262698,0.090968421004572,3
student_t_d2_df3.0_cor,tflow,complete,mmd,0.23129278421401978,0.06587570414391515,0.08068093079956973,3
student_t_d2_df3.0_cor,tflow,complete,n_params,33794,0.0,0.0,3
student_t_d2_df3.0_cor,tflow,complete,nan_rate,0.0,0.0,0.0,3
student_t_d2_df3.0_cor,tflow,complete,nfe,512,0.0,0.0,3
student_t_d2_df3.0_cor,tflow,complete,q950_err,0.24098172402308393,0.22256000929993683,0.272579229966962,3
student_t_d2_df3.0_cor,tflow,complete,q990_err,1.91184970867509,1.2172825081479548,1.4908605088888978,3
student_t_d2_df3.0_cor,tflow,complete,q995_err,9.108815958790426,4.1935503935950385,5.136029337477703,3
student_t_d2_df3.0_cor,tflow,complete,radial_w1,0.9877433379491171,0.1744292638269801,0.2136313462927043,3
student_t_d2_df3.0_cor,tflow,complete,sample_time_s,0.4431217561165492,0.004647130541196248,0.0056915492970173245,3
student_t_d2_df3.0_cor,tflow,complete,sliced_w1,0.8191537261009216,0.11192106047725259,0.137074744820223,3
student_t_d2_df3.0_cor,tflow,complete,tail_exc_95,0.01686666682362555,0.010809358316847189,0.013238706161592614,3
student_t_d2_df3.0_cor,tflow,complete,tail_exc_99,0.011066666580736628,0.006743062463713026,0.00825853116990566,3
student_t_d2_df3.0_cor,tflow,complete,total_train_time_s,32.84284700701634,1.303837768999867,1.5968686207092384,3
student_t_d32_df3.0_cor,A,complete,angular_sw_bin0,0.009913029459615549,0.00030496568910283,0.0003735051636790929,3
student_t_d32_df3.0_cor,A,complete,angular_sw_bin1,0.010696777453025183,0.0011556466967311424,0.0014153723649620977,3
student_t_d32_df3.0_cor,A,complete,angular_sw_bin2,0.013291628410418829,0.0009424436617598493,0.001154253041315885,3
student_t_d32_df3.0_cor,A,complete,angular_sw_bin3,0.011778106292088827,0.0006274307076153899,0.0007684425413055444,3
student_t_d32_df3.0_cor,A,complete,angular_sw_mean,0.011419885403787097,0.0004333351935223414,0.0005307250558599693,3
student_t_d32_df3.0_cor,A,complete,exploding_norm_rate,0.0,0.0,0.0,3
student_t_d32_df3.0_cor,A,complete,inf_rate,0.0,0.0,0.0,3
student_t_d32_df3.0_cor,A,complete,invalid_rate,0.0,0.0,0.0,3
student_t_d32_df3.0_cor,A,complete,ks_stat,0.010100007057189941,0.0,0.0,3
student_t_d32_df3.0_cor,A,complete,mmd,0.0008532206217447916,0.00013935453208515887,0.00017067374847647298,3
student_t_d32_df3.0_cor,A,complete,nan_rate,0.0,0.0,0.0,3
student_t_d32_df3.0_cor,A,complete,nfe,512,0.0,0.0,3
student_t_d32_df3.0_cor,A,complete,q950_err,0.00515995909690614,4.3004126020316886e-08,5.266908279206069e-08,3
student_t_d32_df3.0_cor,A,complete,q990_err,0.009318078661866121,5.092728152069618e-08,6.237292685638829e-08,3
student_t_d32_df3.0_cor,A,complete,q995_err,0.08700622681753814,1.3234918307967263e-07,1.620939832096955e-07,3
student_t_d32_df3.0_cor,A,complete,radial_w1,0.4210686882336934,2.8097899007262688e-08,3.4412757706023796e-08,3
student_t_d32_df3.0_cor,A,complete,sample_time_s,0.1873335043589274,0.0007208219741617469,0.0008828230160409601,3
student_t_d32_df3.0_cor,A,complete,sliced_w1,0.46892229715983075,0.03662706845435366,0.0448588142435783,3
student_t_d32_df3.0_cor,A,complete,tail_exc_95,0.001000001281499907,0.0,0.0,3
student_t_d32_df3.0_cor,A,complete,tail_exc_99,0.0004000000283121974,0.0,0.0,3
student_t_d32_df3.0_cor,A,complete,total_train_time_s,30.59152177472909,2.7605627047874957,3.3809850148433784,3
student_t_d32_df3.0_cor,B,complete,angular_sw_bin0,0.009853405257066091,0.00026219897942350725,0.00032112685533304926,3
student_t_d32_df3.0_cor,B,complete,angular_sw_bin1,0.010211647177735964,0.001172955663722122,0.0014365714335133864,3
student_t_d32_df3.0_cor,B,complete,angular_sw_bin2,0.012272043774525324,0.0005856121081406359,0.0007172254260700606,3
student_t_d32_df3.0_cor,B,complete,angular_sw_bin3,0.010427449829876423,0.00047734390286294025,0.0005846244969214309,3
student_t_d32_df3.0_cor,B,complete,angular_sw_mean,0.01069113650980095,0.00032476238538878396,0.0003977510659258119,3
student_t_d32_df3.0_cor,B,complete,exploding_norm_rate,0.0,0.0,0.0,3
student_t_d32_df3.0_cor,B,complete,inf_rate,0.0,0.0,0.0,3
student_t_d32_df3.0_cor,B,complete,invalid_rate,0.0,0.0,0.0,3
student_t_d32_df3.0_cor,B,complete,ks_stat,0.010100007057189941,0.0,0.0,3
student_t_d32_df3.0_cor,B,complete,mmd,0.0006337960561116537,4.68485261625419e-05,5.737749214982787e-05,3
student_t_d32_df3.0_cor,B,complete,nan_rate,0.0,0.0,0.0,3
student_t_d32_df3.0_cor,B,complete,nfe,512,0.0,0.0,3
student_t_d32_df3.0_cor,B,complete,q950_err,0.005160019913924396,8.600825204063377e-08,1.0533816558412137e-07,3
student_t_d32_df3.0_cor,B,complete,q990_err,0.009317974706988027,7.779270750230533e-08,9.527621954511444e-08,3
student_t_d32_df3.0_cor,B,complete,q995_err,0.08700612070211704,5.0023289240115795e-08,6.126576694696988e-08,3
student_t_d32_df3.0_cor,B,complete,radial_w1,0.4210686186949412,1.4048949503631344e-08,1.7206378853011898e-08,3
student_t_d32_df3.0_cor,B,complete,sample_time_s,0.276601642370224,0.003236783058658036,0.00396423345089861,3
student_t_d32_df3.0_cor,B,complete,sliced_w1,0.41846488912900287,0.019367585333767746,0.023720350808771006,3
student_t_d32_df3.0_cor,B,complete,tail_exc_95,0.001000001281499907,0.0,0.0,3
student_t_d32_df3.0_cor,B,complete,tail_exc_99,0.0004000000283121974,0.0,0.0,3
student_t_d32_df3.0_cor,B,complete,total_train_time_s,28.26986573636532,1.482000947725227,1.8150730601239462,3
student_t_d32_df3.0_cor,C,complete,angular_sw_bin0,0.00974282001455625,0.0002450973001933016,0.0003001816614036708,3
student_t_d32_df3.0_cor,C,complete,angular_sw_bin1,0.01018155924975872,0.0012533516161336777,0.0015350359639100812,3
student_t_d32_df3.0_cor,C,complete,angular_sw_bin2,0.012413668756683668,0.0006739262124767138,0.0008253876724272135,3
student_t_d32_df3.0_cor,C,complete,angular_sw_bin3,0.010409758426249027,0.0004452332335502943,0.0005452971193638165,3
student_t_d32_df3.0_cor,C,complete,angular_sw_mean,0.010686951611811915,0.0003813787476936409,0.00046709166529553355,3
student_t_d32_df3.0_cor,C,complete,exploding_norm_rate,0.0,0.0,0.0,3
student_t_d32_df3.0_cor,C,complete,inf_rate,0.0,0.0,0.0,3
student_t_d32_df3.0_cor,C,complete,invalid_rate,0.0,0.0,0.0,3
student_t_d32_df3.0_cor,C,complete,ks_stat,0.010100007057189941,0.0,0.0,3
student_t_d32_df3.0_cor,C,complete,mmd,0.0006252527236938477,6.956887727977878e-05,8.52041256568799e-05,3
student_t_d32_df3.0_cor,C,complete,nan_rate,0.0,0.0,0.0,3
student_t_d32_df3.0_cor,C,complete,nfe,512,0.0,0.0,3
student_t_d32_df3.0_cor,C,complete,q950_err,0.005160050322433524,8.600825204063377e-08,1.0533816558412137e-07,3
student_t_d32_df3.0_cor,C,complete,q990_err,0.009318078661866121,1.0185456304139235e-07,1.2474585371277658e-07,3
student_t_d32_df3.0_cor,C,complete,q995_err,0.08700615607392408,8.664287851992851e-08,1.0611542110988692e-07,3
student_t_d32_df3.0_cor,C,complete,radial_w1,0.4210686484972636,5.6195798014525375e-08,6.882551541204759e-08,3
student_t_d32_df3.0_cor,C,complete,sample_time_s,0.24872376024723053,0.0001561975690576777,0.00019130217162722433,3
student_t_d32_df3.0_cor,C,complete,sliced_w1,0.4152299662431081,0.02532527083018764,0.031016995565875324,3
student_t_d32_df3.0_cor,C,complete,tail_exc_95,0.001000001281499907,0.0,0.0,3
student_t_d32_df3.0_cor,C,complete,tail_exc_99,0.0004000000283121974,0.0,0.0,3
student_t_d32_df3.0_cor,C,complete,total_train_time_s,30.62312711775303,0.38259643482391525,0.4685830213632966,3
student_t_d32_df3.0_cor,tflow,complete,angular_sw_bin0,0.1210009256998698,0.006302957682345651,0.007719515096051053,3
student_t_d32_df3.0_cor,tflow,complete,angular_sw_bin1,0.12615177283684412,0.010518489692953109,0.012882466306229612,3
student_t_d32_df3.0_cor,tflow,complete,angular_sw_bin2,0.13276433696349463,0.018266512930885354,0.022371818030309982,3
student_t_d32_df3.0_cor,tflow,complete,angular_sw_bin3,0.12473764022191365,0.02063087823871733,0.025267562315173388,3
student_t_d32_df3.0_cor,tflow,complete,angular_sw_mean,0.12616366893053055,0.013777329576830984,0.0168737137406954,3
student_t_d32_df3.0_cor,tflow,complete,exploding_norm_rate,0.0005333333562399881,0.0003681787209149737,0.0004509250001961292,3
student_t_d32_df3.0_cor,tflow,complete,inf_rate,0.0,0.0,0.0,3
student_t_d32_df3.0_cor,tflow,complete,invalid_rate,0.0005333333562399881,0.0003681787209149737,0.0004509250001961292,3
student_t_d32_df3.0_cor,tflow,complete,ks_stat,0.2792333165804545,0.12641292004080007,0.15482357549760492,3
student_t_d32_df3.0_cor,tflow,complete,mmd,0.23196051518122354,0.07935495082821382,0.09718956904638662,3
student_t_d32_df3.0_cor,tflow,complete,n_params,41504,0.0,0.0,3
student_t_d32_df3.0_cor,tflow,complete,nan_rate,0.0,0.0,0.0,3
student_t_d32_df3.0_cor,tflow,complete,nfe,512,0.0,0.0,3
student_t_d32_df3.0_cor,tflow,complete,q950_err,0.24966912501217564,0.33871358919512146,0.4148377312373625,3
student_t_d32_df3.0_cor,tflow,complete,q990_err,1.0038194269670224,0.8403531810017048,1.0292182485894457,3
student_t_d32_df3.0_cor,tflow,complete,q995_err,1.803015467772858,1.0393137791985072,1.272894220839982,3
student_t_d32_df3.0_cor,tflow,complete,radial_w1,20.189228693644207,8.194735309360842,10.03646004255126,3
student_t_d32_df3.0_cor,tflow,complete,sample_time_s,0.4178415723145008,0.0013700461348966106,0.0016779569772844931,3
student_t_d32_df3.0_cor,tflow,complete,sliced_w1,7.9547068277994795,1.6413728336522717,2.0102629600570996,3
student_t_d32_df3.0_cor,tflow,complete,tail_exc_95,0.06103333532810207,0.08363736909714105,0.10243443885840889,3
student_t_d32_df3.0_cor,tflow,complete,tail_exc_99,0.026533332740267108,0.02617598476541871,0.03205890309507093,3
student_t_d32_df3.0_cor,tflow,complete,total_train_time_s,31.830614229043324,0.8522199594533818,1.0437520246380774,3
student_t_d64_df3.0_cor,A,complete,angular_sw_bin0,0.009128733848532041,0.0005094697656864534,0.0006239704826535582,3
student_t_d64_df3.0_cor,A,complete,angular_sw_bin1,0.009114241848389307,0.0008566081488635894,0.001049126437112924,3
student_t_d64_df3.0_cor,A,complete,angular_sw_bin2,0.009038942555586496,0.0003073603565455843,0.0003764380203482946,3
student_t_d64_df3.0_cor,A,complete,angular_sw_bin3,0.010183443004886309,0.0007385927414596323,0.0009045876721497386,3
student_t_d64_df3.0_cor,A,complete,angular_sw_mean,0.00936634031434854,0.000597347785737927,0.0007315986370196479,3
student_t_d64_df3.0_cor,A,complete,exploding_norm_rate,0.0,0.0,0.0,3
student_t_d64_df3.0_cor,A,complete,inf_rate,0.0,0.0,0.0,3
student_t_d64_df3.0_cor,A,complete,invalid_rate,0.0,0.0,0.0,3
student_t_d64_df3.0_cor,A,complete,ks_stat,0.013800002634525299,0.0,0.0,3
student_t_d64_df3.0_cor,A,complete,mmd,0.001776576042175293,0.00028742622975070703,0.000352023800790599,3
student_t_d64_df3.0_cor,A,complete,nan_rate,0.0,0.0,0.0,3
student_t_d64_df3.0_cor,A,complete,nfe,512,0.0,0.0,3
student_t_d64_df3.0_cor,A,complete,q950_err,0.012755703019110855,7.909256386627765e-08,9.686821196043527e-08,3
student_t_d64_df3.0_cor,A,complete,q990_err,0.00146712604725795,3.13337897177794e-08,3.837589825811283e-08,3
student_t_d64_df3.0_cor,A,complete,q995_err,0.016933600112216108,5.1431691240256274e-08,6.299070007349959e-08,3
student_t_d64_df3.0_cor,A,complete,radial_w1,0.819345494111379,2.8097899007262688e-08,3.4412757706023796e-08,3
student_t_d64_df3.0_cor,A,complete,sample_time_s,0.21458546072244644,0.0004928210363480465,0.0006035800367811578,3
student_t_d64_df3.0_cor,A,complete,sliced_w1,0.9176100293795267,0.06660982257247332,0.0815800385799404,3
student_t_d64_df3.0_cor,A,complete,tail_exc_95,0.0032999992370605913,0.0,0.0,3
student_t_d64_df3.0_cor,A,complete,tail_exc_99,2.2351742678949904e-10,0.0,0.0,3
student_t_d64_df3.0_cor,A,complete,total_train_time_s,29.44469617555539,2.678023706575681,3.279895800093659,3
student_t_d64_df3.0_cor,B,complete,angular_sw_bin0,0.008435148435334364,0.0009173789820200604,0.0011235552033515058,3
student_t_d64_df3.0_cor,B,complete,angular_sw_bin1,0.008542164073636135,0.0007256114142781291,0.0008886888582603362,3
student_t_d64_df3.0_cor,B,complete,angular_sw_bin2,0.008036349589625994,0.0008212803800424754,0.001005858933431557,3
student_t_d64_df3.0_cor,B,complete,angular_sw_bin3,0.007900307110200325,0.0005182088196263123,0.000634673594147215,3
student_t_d64_df3.0_cor,B,complete,angular_sw_mean,0.008228492302199205,0.0007193359619488277,0.0008810030302043619,3
student_t_d64_df3.0_cor,B,complete,exploding_norm_rate,0.0,0.0,0.0,3
student_t_d64_df3.0_cor,B,complete,inf_rate,0.0,0.0,0.0,3
student_t_d64_df3.0_cor,B,complete,invalid_rate,0.0,0.0,0.0,3
student_t_d64_df3.0_cor,B,complete,ks_stat,0.013800002634525299,0.0,0.0,3
student_t_d64_df3.0_cor,B,complete,mmd,0.0011554559071858723,0.00032652549939739993,0.00039991043076554304,3
student_t_d64_df3.0_cor,B,complete,nan_rate,0.0,0.0,0.0,3
student_t_d64_df3.0_cor,B,complete,nfe,512,0.0,0.0,3
student_t_d64_df3.0_cor,B,complete,q950_err,0.012755638440302882,4.566411303909307e-08,5.592688825127503e-08,3
student_t_d64_df3.0_cor,B,complete,q990_err,0.0014671703599283294,0.0,0.0,3
student_t_d64_df3.0_cor,B,complete,q995_err,0.01693363647991375,5.1431691240256274e-08,6.299070007349959e-08,3
student_t_d64_df3.0_cor,B,complete,radial_w1,0.8193454543749491,2.8097899007262688e-08,3.4412757706023796e-08,3
student_t_d64_df3.0_cor,B,complete,sample_time_s,0.33674491693576175,0.004680361484442714,0.0057322487243299395,3
student_t_d64_df3.0_cor,B,complete,sliced_w1,0.7339073816935221,0.11586560442567764,0.1419058047910353,3
student_t_d64_df3.0_cor,B,complete,tail_exc_95,0.0032999992370605913,0.0,0.0,3
student_t_d64_df3.0_cor,B,complete,tail_exc_99,2.2351742678949904e-10,0.0,0.0,3
student_t_d64_df3.0_cor,B,complete,total_train_time_s,29.808939655621845,1.5317691993798443,1.8760264710960648,3
student_t_d64_df3.0_cor,C,complete,angular_sw_bin0,0.008227440839012464,0.0008648921765139278,0.001059272257492142,3
student_t_d64_df3.0_cor,C,complete,angular_sw_bin1,0.008475177766134342,0.0007265234339401149,0.0008898058496639618,3
student_t_d64_df3.0_cor,C,complete,angular_sw_bin2,0.00802195817232132,0.0007990234690430367,0.0009785998958319754,3
student_t_d64_df3.0_cor,C,complete,angular_sw_bin3,0.007592255560060342,0.0004726081337232378,0.0005788243879554858,3
student_t_d64_df3.0_cor,C,complete,angular_sw_mean,0.008079208084382117,0.0007095503047559252,0.0008690180967441585,3
student_t_d64_df3.0_cor,C,complete,exploding_norm_rate,0.0,0.0,0.0,3
student_t_d64_df3.0_cor,C,complete,inf_rate,0.0,0.0,0.0,3
student_t_d64_df3.0_cor,C,complete,invalid_rate,0.0,0.0,0.0,3
student_t_d64_df3.0_cor,C,complete,ks_stat,0.013800002634525299,0.0,0.0,3
student_t_d64_df3.0_cor,C,complete,mmd,0.0011405547459920247,0.00032232784531917606,0.0003947693754613623,3
student_t_d64_df3.0_cor,C,complete,nan_rate,0.0,0.0,0.0,3
student_t_d64_df3.0_cor,C,complete,nfe,512,0.0,0.0,3
student_t_d64_df3.0_cor,C,complete,q950_err,0.012755670729706868,4.566411303909307e-08,5.592688825127503e-08,3
student_t_d64_df3.0_cor,C,complete,q990_err,0.0014671482035931397,3.13337897177794e-08,3.837589825811283e-08,3
student_t_d64_df3.0_cor,C,complete,q995_err,0.01693363647991375,5.1431691240256274e-08,6.299070007349959e-08,3
student_t_d64_df3.0_cor,C,complete,radial_w1,0.8193453550338745,9.733397733303619e-08,1.1920928955078125e-07,3
student_t_d64_df3.0_cor,C,complete,sample_time_s,0.2965576226512591,0.0038179279518464407,0.004675987678366522,3
student_t_d64_df3.0_cor,C,complete,sliced_w1,0.7282162110010783,0.11406779969961783,0.13970395267302999,3
student_t_d64_df3.0_cor,C,complete,tail_exc_95,0.0032999992370605913,0.0,0.0,3
student_t_d64_df3.0_cor,C,complete,tail_exc_99,2.2351742678949904e-10,0.0,0.0,3
student_t_d64_df3.0_cor,C,complete,total_train_time_s,30.22074167430401,4.886044815452155,5.984158329114489,3
student_t_d64_df3.0_cor,tflow,incomplete,,,,,
student_t_d8_df3.0_cor,A,complete,angular_sw_bin0,0.0224812850356102,0.0024771224773820965,0.0030338430499825503,3
student_t_d8_df3.0_cor,A,complete,angular_sw_bin1,0.015804677891234558,0.0009890780213930356,0.0012113682341072605,3
student_t_d8_df3.0_cor,A,complete,angular_sw_bin2,0.0175227802246809,0.0029162323044086835,0.003571640558611011,3
student_t_d8_df3.0_cor,A,complete,angular_sw_bin3,0.015609835584958395,0.0022713572314162116,0.002781833120275204,3
student_t_d8_df3.0_cor,A,complete,angular_sw_mean,0.017854644684121013,0.0015182473515699033,0.001859465657339102,3
student_t_d8_df3.0_cor,A,complete,exploding_norm_rate,0.0,0.0,0.0,3
student_t_d8_df3.0_cor,A,complete,inf_rate,0.0,0.0,0.0,3
student_t_d8_df3.0_cor,A,complete,invalid_rate,0.0,0.0,0.0,3
student_t_d8_df3.0_cor,A,complete,ks_stat,0.013899996876716614,0.0,0.0,3
student_t_d8_df3.0_cor,A,complete,mmd,0.0005482832590738932,0.00021411798886074494,0.0002622399087298788,3
student_t_d8_df3.0_cor,A,complete,nan_rate,0.0,0.0,0.0,3
student_t_d8_df3.0_cor,A,complete,nfe,512,0.0,0.0,3
student_t_d8_df3.0_cor,A,complete,q950_err,0.0016198119458964819,6.429610673656845e-08,7.87463269760584e-08,3
student_t_d8_df3.0_cor,A,complete,q990_err,0.0194765076969145,9.344119486005658e-08,1.1444162418155642e-07,3
student_t_d8_df3.0_cor,A,complete,q995_err,0.11283480562669396,0.0,0.0,3
student_t_d8_df3.0_cor,A,complete,radial_w1,0.1924387514591217,1.2166747166629524e-08,1.4901161193847656e-08,3
student_t_d8_df3.0_cor,A,complete,sample_time_s,0.17076212167739868,0.0005566730259418773,0.0006817824335643512,3
student_t_d8_df3.0_cor,A,complete,sliced_w1,0.19770289957523346,0.02692466147890092,0.03297584106023858,3
student_t_d8_df3.0_cor,A,complete,tail_exc_95,0.0003000006079674211,0.0,0.0,3
student_t_d8_df3.0_cor,A,complete,tail_exc_99,0.0008000002801418216,0.0,0.0,3
student_t_d8_df3.0_cor,A,complete,total_train_time_s,28.742095045745373,1.1921107346238204,1.4600315083613837,3
student_t_d8_df3.0_cor,B,complete,angular_sw_bin0,0.02431296867628892,0.0023510440804593823,0.002879429179958183,3
student_t_d8_df3.0_cor,B,complete,angular_sw_bin1,0.015585162676870823,0.0005448111120922943,0.0006672546154121856,3
student_t_d8_df3.0_cor,B,complete,angular_sw_bin2,0.016634217463433743,0.002038694296374884,0.0024968803838204237,3
student_t_d8_df3.0_cor,B,complete,angular_sw_bin3,0.014449044751624266,0.0009271081424004869,0.0011354709426303793,3
student_t_d8_df3.0_cor,B,complete,angular_sw_mean,0.01774534839205444,0.00037740936914735005,0.000462230189278352,3
student_t_d8_df3.0_cor,B,complete,exploding_norm_rate,0.0,0.0,0.0,3
student_t_d8_df3.0_cor,B,complete,inf_rate,0.0,0.0,0.0,3
student_t_d8_df3.0_cor,B,complete,invalid_rate,0.0,0.0,0.0,3
student_t_d8_df3.0_cor,B,complete,ks_stat,0.013899996876716614,0.0,0.0,3
student_t_d8_df3.0_cor,B,complete,mmd,0.000478823979695638,0.00012427709307025913,0.00015220773236925507,3
student_t_d8_df3.0_cor,B,complete,nan_rate,0.0,0.0,0.0,3
student_t_d8_df3.0_cor,B,complete,nfe,512,0.0,0.0,3
student_t_d8_df3.0_cor,B,complete,q950_err,0.0016196807020181885,9.8213925337095e-08,1.2028700135584354e-07,3
student_t_d8_df3.0_cor,B,complete,q990_err,0.019476309478206916,9.344119486005658e-08,1.1444162418155642e-07,3
student_t_d8_df3.0_cor,B,complete,q995_err,0.11283486028208882,2.0450176192624227e-07,2.5046248410970897e-07,3
student_t_d8_df3.0_cor,B,complete,radial_w1,0.19243875642617544,3.512237375907836e-08,4.301594713252975e-08,3
student_t_d8_df3.0_cor,B,complete,sample_time_s,0.24749628454446793,0.00782203718604709,0.00957999992744547,3
student_t_d8_df3.0_cor,B,complete,sliced_w1,0.18293369313081106,0.013048033157865352,0.01598051169184299,3
student_t_d8_df3.0_cor,B,complete,tail_exc_95,0.0003000006079674211,0.0,0.0,3
student_t_d8_df3.0_cor,B,complete,tail_exc_99,0.0008000002801418216,0.0,0.0,3
student_t_d8_df3.0_cor,B,complete,total_train_time_s,29.280481837689877,2.0111185237727036,2.4631070977512426,3
student_t_d8_df3.0_cor,C,complete,angular_sw_bin0,0.027017942319313686,0.0017875230245307703,0.0021892596567884425,3
student_t_d8_df3.0_cor,C,complete,angular_sw_bin1,0.01624479579428832,0.000655815441872893,0.0008032065990132345,3
student_t_d8_df3.0_cor,C,complete,angular_sw_bin2,0.018532841776808102,0.0016302275489228839,0.001996612829744583,3
student_t_d8_df3.0_cor,C,complete,angular_sw_bin3,0.022755160306890804,0.0018064708630614436,0.0022124659248528404,3
student_t_d8_df3.0_cor,C,complete,angular_sw_mean,0.021137685049325228,0.00039376662228917,0.0004822636511738499,3
student_t_d8_df3.0_cor,C,complete,exploding_norm_rate,0.0,0.0,0.0,3
student_t_d8_df3.0_cor,C,complete,inf_rate,0.0,0.0,0.0,3
student_t_d8_df3.0_cor,C,complete,invalid_rate,0.0,0.0,0.0,3
student_t_d8_df3.0_cor,C,complete,ks_stat,0.013899996876716614,0.0,0.0,3
student_t_d8_df3.0_cor,C,complete,mmd,0.0006961425145467123,0.00015244282509115192,0.00018670356821083337,3
student_t_d8_df3.0_cor,C,complete,nan_rate,0.0,0.0,0.0,3
student_t_d8_df3.0_cor,C,complete,nfe,512,0.0,0.0,3
student_t_d8_df3.0_cor,C,complete,q950_err,0.0016197331995695058,6.429610673656845e-08,7.87463269760584e-08,3
student_t_d8_df3.0_cor,C,complete,q990_err,0.01947640858756071,9.34411948616921e-08,1.1444162418355949e-07,3
student_t_d8_df3.0_cor,C,complete,q995_err,0.11283499692057598,2.0450176192624227e-07,2.5046248410970897e-07,3
student_t_d8_df3.0_cor,C,complete,radial_w1,0.19243877629439035,2.5327103900873586e-08,3.101924060979683e-08,3
student_t_d8_df3.0_cor,C,complete,sample_time_s,0.21658490598201752,0.00022080179371154044,0.0002704258644422728,3
student_t_d8_df3.0_cor,C,complete,sliced_w1,0.24244736631711325,0.01912145879722741,0.023418908595429853,3
student_t_d8_df3.0_cor,C,complete,tail_exc_95,0.0003000006079674211,0.0,0.0,3
student_t_d8_df3.0_cor,C,complete,tail_exc_99,0.0008000002801418216,0.0,0.0,3
student_t_d8_df3.0_cor,C,complete,total_train_time_s,30.933189012110233,3.1460525750766877,3.853111756453475,3
student_t_d8_df3.0_cor,tflow,complete,angular_sw_bin0,0.11693908770879109,0.016011282156960245,0.01960973570614072,3
student_t_d8_df3.0_cor,tflow,complete,angular_sw_bin1,0.1576154182354609,0.009416376741179719,0.011532659120850906,3
student_t_d8_df3.0_cor,tflow,complete,angular_sw_bin2,0.18886672457059225,0.015458865253742573,0.018933165937054852,3
student_t_d8_df3.0_cor,tflow,complete,angular_sw_bin3,0.22947918872038522,0.035283651376235646,0.04321347106701339,3
student_t_d8_df3.0_cor,tflow,complete,angular_sw_mean,0.17322510480880737,0.011237428894424417,0.01376298340607396,3
student_t_d8_df3.0_cor,tflow,complete,exploding_norm_rate,0.0016333333333022892,0.0009104333322694702,0.0011150485544409881,3
student_t_d8_df3.0_cor,tflow,complete,inf_rate,0.0,0.0,0.0,3
student_t_d8_df3.0_cor,tflow,complete,invalid_rate,0.0016333333333022892,0.0009104333322694702,0.0011150485544409881,3
student_t_d8_df3.0_cor,tflow,complete,ks_stat,0.15650000174840292,0.05612849046061418,0.06874308083058894,3
student_t_d8_df3.0_cor,tflow,complete,mmd,0.12041127681732178,0.023557377965420942,0.028851777846582525,3
student_t_d8_df3.0_cor,tflow,complete,n_params,35336,0.0,0.0,3
student_t_d8_df3.0_cor,tflow,complete,nan_rate,0.0,0.0,0.0,3
student_t_d8_df3.0_cor,tflow,complete,nfe,512,0.0,0.0,3
student_t_d8_df3.0_cor,tflow,complete,q950_err,0.14942370156821383,0.09887091613545188,0.1210916474666826,3
student_t_d8_df3.0_cor,tflow,complete,q990_err,0.706506396930631,0.33547788331606104,0.4108748170566517,3
student_t_d8_df3.0_cor,tflow,complete,q995_err,2.6413470084410045,2.7554268767228702,3.3746949357608798,3
student_t_d8_df3.0_cor,tflow,complete,radial_w1,10.936453819274902,4.489383358987642,5.498349244630861,3
student_t_d8_df3.0_cor,tflow,complete,sample_time_s,0.43696387857198715,0.0019307642763315884,0.0023646936453032056,3
student_t_d8_df3.0_cor,tflow,complete,sliced_w1,5.252547264099121,1.11947882927825,1.371075954789997,3
student_t_d8_df3.0_cor,tflow,complete,tail_exc_95,0.027133332937955872,0.01665579545231243,0.020399100059167,3
student_t_d8_df3.0_cor,tflow,complete,tail_exc_99,0.010933333157251276,0.005537949976163882,0.006782575831329888,3
student_t_d8_df3.0_cor,tflow,complete,total_train_time_s,32.198750165601574,0.6703556679203974,0.8210146662937898,3
toy_radial_angular,A,incomplete,,,,,
toy_radial_angular,B,incomplete,,,,,
toy_radial_angular,C,incomplete,,,,,
toy_radial_angular,tflow,complete,angular_sw_bin0,0.13367592295010886,0.06340957374384765,0.07766055023990416,3
toy_radial_angular,tflow,complete,angular_sw_bin1,0.17728827148675919,0.10367270726057257,0.1269726165206678,3
toy_radial_angular,tflow,complete,angular_sw_bin2,0.13710794349511465,0.008409879728124391,0.010299957066040439,3
toy_radial_angular,tflow,complete,angular_sw_bin3,0.1243035097916921,0.037296732477446186,0.04567898182141634,3
toy_radial_angular,tflow,complete,angular_sw_mean,0.1430939119309187,0.04780812822657584,0.058552759856330225,3
toy_radial_angular,tflow,complete,exploding_norm_rate,0.00033333332491262507,0.0003399346256520478,0.0004163331893757653,3
toy_radial_angular,tflow,complete,inf_rate,0.0,0.0,0.0,3
toy_radial_angular,tflow,complete,invalid_rate,0.00033333332491262507,0.0003399346256520478,0.0004163331893757653,3
toy_radial_angular,tflow,complete,ks_stat,0.10043333967526753,0.030326262903014167,0.0371419349589396,3
toy_radial_angular,tflow,complete,mmd,0.009404699007670084,0.004229025496012255,0.00517947728722528,3
toy_radial_angular,tflow,complete,n_params,33794,0.0,0.0,3
toy_radial_angular,tflow,complete,nan_rate,0.0,0.0,0.0,3
toy_radial_angular,tflow,complete,nfe,512,0.0,0.0,3
toy_radial_angular,tflow,complete,q950_err,0.16018012826316871,0.14449769010430089,0.17697280488317366,3
toy_radial_angular,tflow,complete,q990_err,0.33301675445250506,0.18422036662471702,0.2256229492295004,3
toy_radial_angular,tflow,complete,q995_err,0.24725180561556678,0.17725304826962246,0.21708976180674586,3
toy_radial_angular,tflow,complete,radial_w1,0.38781702518463135,0.1575523986686543,0.19296149224487738,3
toy_radial_angular,tflow,complete,sample_time_s,0.4373335999747117,0.0016105588795856103,0.00197252372784666,3
toy_radial_angular,tflow,complete,sliced_w1,0.2961388478676478,0.10987207823316891,0.13456526432520907,3
toy_radial_angular,tflow,complete,tail_exc_95,0.01740000098943706,0.015248825775679844,0.018675921163507758,3
toy_radial_angular,tflow,complete,tail_exc_99,0.009499999781449628,0.005027922138968685,0.006157921853458126,3
toy_radial_angular,tflow,complete,total_train_time_s,32.701845894257225,0.8488343948826886,1.0396055717933559,3
weather_au_wind,A,complete,angular_sw_bin0,0.01655888929963112,0.0006259642617193864,0.0007666465192152408,3
weather_au_wind,A,complete,angular_sw_bin1,0.014370839421947798,0.0008312278177137199,0.001018042006702901,3
weather_au_wind,A,complete,angular_sw_bin2,0.012202555313706398,0.0003107308870969692,0.0003805660603549719,3
weather_au_wind,A,complete,angular_sw_bin3,0.014651205701132616,0.0015019823542074824,0.0018395451852362792,3
weather_au_wind,A,complete,angular_sw_mean,0.014445872434104482,0.000456231230379416,0.0005587668595758643,3
weather_au_wind,A,complete,exploding_norm_rate,0.0,0.0,0.0,3
weather_au_wind,A,complete,inf_rate,0.0,0.0,0.0,3
weather_au_wind,A,complete,invalid_rate,0.0,0.0,0.0,3
weather_au_wind,A,complete,ks_stat,0.0330484410127004,0.0017562448125893913,0.0021509518271269393,3
weather_au_wind,A,complete,mmd,0.0020056962966918945,8.472658562445441e-05,0.00010376845121407088,3
weather_au_wind,A,complete,nan_rate,0.0,0.0,0.0,3
weather_au_wind,A,complete,nfe,512,0.0,0.0,3
weather_au_wind,A,complete,q950_err,0.012157265417953122,0.008803431648779376,0.01078195776248894,3
weather_au_wind,A,complete,q990_err,0.027691109710111975,0.004221341710029541,0.00517006660975008,3
weather_au_wind,A,complete,q995_err,0.008280195598957537,0.002365036483382514,0.0028965663036767332,3
weather_au_wind,A,complete,radial_w1,0.08726942787567775,0.004774250306321568,0.005847238577407063,3
weather_au_wind,A,complete,sample_time_s,0.14456033955017725,0.0010310975116158715,0.001262831389256168,3
weather_au_wind,A,complete,sliced_w1,0.07666529963413875,0.0007494695428524451,0.000917908978872731,3
weather_au_wind,A,complete,tail_exc_95,0.006980055818955148,0.004750236754052717,0.0058178281024218945,3
weather_au_wind,A,complete,tail_exc_99,0.007948718741536132,0.0006978602839835361,0.0008547008037567139,3
weather_au_wind,A,complete,total_train_time_s,28.705377265810966,0.48873669094056776,0.5985777556903564,3
weather_au_wind,B,complete,angular_sw_bin0,0.015602820242444674,0.0007383938901501546,0.0009043441300282863,3
weather_au_wind,B,complete,angular_sw_bin1,0.015161198253432909,0.000184362845590482,0.00022579744961210226,3
weather_au_wind,B,complete,angular_sw_bin2,0.01283988356590271,0.000364393822585792,0.0004462894653787253,3
weather_au_wind,B,complete,angular_sw_bin3,0.015091124611596266,0.0010375735121644961,0.0012707628377152252,3
weather_au_wind,B,complete,angular_sw_mean,0.01467375666834414,0.0002101124729953709,0.00025733417371648424,3
weather_au_wind,B,complete,exploding_norm_rate,0.0,0.0,0.0,3
weather_au_wind,B,complete,inf_rate,0.0,0.0,0.0,3
weather_au_wind,B,complete,invalid_rate,0.0,0.0,0.0,3
weather_au_wind,B,complete,ks_stat,0.0330484410127004,0.0017562448125893913,0.0021509518271269393,3
weather_au_wind,B,complete,mmd,0.0023470322291056314,0.00020206403196371846,0.0002474768868402703,3
weather_au_wind,B,complete,nan_rate,0.0,0.0,0.0,3
weather_au_wind,B,complete,nfe,512,0.0,0.0,3
weather_au_wind,B,complete,q950_err,0.012157216166650494,0.00880345651678006,0.010781988219445239,3
weather_au_wind,B,complete,q990_err,0.02769113263968871,0.004221255915933402,0.005169961533870839,3
weather_au_wind,B,complete,q995_err,0.008280195598957537,0.0023650216213186486,0.0028965481014402356,3
weather_au_wind,B,complete,radial_w1,0.08726940800746281,0.004774268528671011,0.005847260895136089,3
weather_au_wind,B,complete,sample_time_s,0.2152646705508232,0.004488657138432191,0.005497459809730072,3
weather_au_wind,B,complete,sliced_w1,0.08192249635855357,0.0028151027221003226,0.003447782621332872,3
weather_au_wind,B,complete,tail_exc_95,0.006980055818955148,0.004750236754052717,0.0058178281024218945,3
weather_au_wind,B,complete,tail_exc_99,0.007948718741536132,0.0006978602839835361,0.0008547008037567139,3
weather_au_wind,B,complete,total_train_time_s,29.27618556966384,2.001145482894742,2.4508926670837807,3
weather_au_wind,C,complete,angular_sw_bin0,0.022563104207317036,0.0007405670247552225,0.0009070056654906868,3
weather_au_wind,C,complete,angular_sw_bin1,0.015423451860745748,0.0001676978441799927,0.00020538707460287188,3
weather_au_wind,C,complete,angular_sw_bin2,0.012857502326369286,0.0003739886935674003,0.0004580407344051141,3
weather_au_wind,C,complete,angular_sw_bin3,0.02034785846869151,0.0025393086872531486,0.0031100052915934025,3
weather_au_wind,C,complete,angular_sw_mean,0.017797979215780895,0.0006163232667505144,0.0007548387600720028,3
weather_au_wind,C,complete,exploding_norm_rate,0.0,0.0,0.0,3
weather_au_wind,C,complete,inf_rate,0.0,0.0,0.0,3
weather_au_wind,C,complete,invalid_rate,0.0,0.0,0.0,3
weather_au_wind,C,complete,ks_stat,0.0330484410127004,0.0017562448125893913,0.0021509518271269393,3
weather_au_wind,C,complete,mmd,0.0020775794982910156,0.00016937197239089881,0.00020743745454323114,3
weather_au_wind,C,complete,nan_rate,0.0,0.0,0.0,3
weather_au_wind,C,complete,nfe,512,0.0,0.0,3
weather_au_wind,C,complete,q950_err,0.012157216166650494,0.008803440329363116,0.010781968393989356,3
weather_au_wind,C,complete,q990_err,0.02769113263968871,0.004221366296877233,0.005170096722365695,3
weather_au_wind,C,complete,q995_err,0.008280195598957537,0.002365036483382514,0.0028965663036767332,3
weather_au_wind,C,complete,radial_w1,0.08726940304040909,0.004774267515793422,0.005847259654619456,3
weather_au_wind,C,complete,sample_time_s,0.18393790970245996,0.002865163915853077,0.0035090948116372985,3
weather_au_wind,C,complete,sliced_w1,0.0813395803173383,0.0015758528220282046,0.001930017661847006,3
weather_au_wind,C,complete,tail_exc_95,0.006980055818955148,0.004750236754052717,0.0058178281024218945,3
weather_au_wind,C,complete,tail_exc_99,0.007948718741536132,0.0006978602839835361,0.0008547008037567139,3
weather_au_wind,C,complete,total_train_time_s,30.151646574338276,2.630774639854301,3.22202774794861,3
weather_au_wind,tflow,incomplete,,,,,
