condition,contrast,status,metric,seed,delta,mean_delta,std_population,seeds_favor_B
aniso_k1,B-A,complete,angular_sw_bin0,8925,1.7461366951465607e-05,7.156034310658772e-05,3.889953274678063e-05,0
aniso_k1,B-A,complete,angular_sw_bin0,77395,0.00010725483298301697,7.156034310658772e-05,3.889953274678063e-05,0
aniso_k1,B-A,complete,angular_sw_bin0,65457,8.996482938528061e-05,7.156034310658772e-05,3.889953274678063e-05,0
aniso_k1,B-A,complete,angular_sw_bin1,8925,0.00011725816875696182,1.8788812061150868e-05,7.03335590631088e-05,2
aniso_k1,B-A,complete,angular_sw_bin1,77395,-4.2613595724105835e-05,1.8788812061150868e-05,7.03335590631088e-05,2
aniso_k1,B-A,complete,angular_sw_bin1,65457,-1.827813684940338e-05,1.8788812061150868e-05,7.03335590631088e-05,2
aniso_k1,B-A,complete,angular_sw_bin2,8925,-2.7242116630077362e-05,-1.4216794321934382e-05,6.197007565591817e-05,2
aniso_k1,B-A,complete,angular_sw_bin2,77395,-8.275872096419334e-05,-1.4216794321934382e-05,6.197007565591817e-05,2
aniso_k1,B-A,complete,angular_sw_bin2,65457,6.735045462846756e-05,-1.4216794321934382e-05,6.197007565591817e-05,2
aniso_k1,B-A,complete,angular_sw_bin3,8925,0.00030143558979034424,0.00021620591481526694,8.832215080035818e-05,0
aniso_k1,B-A,complete,angular_sw_bin3,77395,9.451434016227722e-05,0.00021620591481526694,8.832215080035818e-05,0
aniso_k1,B-A,complete,angular_sw_bin3,65457,0.0002526678144931793,0.00021620591481526694,8.832215080035818e-05,0
aniso_k1,B-A,complete,angular_sw_mean,8925,0.00010222825221717358,7.308456891526778e-05,3.8213790932347735e-05,0
aniso_k1,B-A,complete,angular_sw_mean,77395,1.9099214114248753e-05,7.308456891526778e-05,3.8213790932347735e-05,0
aniso_k1,B-A,complete,angular_sw_mean,65457,9.792624041438103e-05,7.308456891526778e-05,3.8213790932347735e-05,0
aniso_k1,B-A,complete,exploding_norm_rate,8925,0.0,0.0,0.0,
aniso_k1,B-A,complete,exploding_norm_rate,77395,0.0,0.0,0.0,
aniso_k1,B-A,complete,exploding_norm_rate,65457,0.0,0.0,0.0,
aniso_k1,B-A,complete,inf_rate,8925,0.0,0.0,0.0,
aniso_k1,B-A,complete,inf_rate,77395,0.0,0.0,0.0,
aniso_k1,B-A,complete,inf_rate,65457,0.0,0.0,0.0,
aniso_k1,B-A,complete,invalid_rate,8925,0.0,0.0,0.0,
aniso_k1,B-A,complete,invalid_rate,77395,0.0,0.0,0.0,
aniso_k1,B-A,complete,invalid_rate,65457,0.0,0.0,0.0,
aniso_k1,B-A,complete,ks_stat,8925,0.0,0.0,0.0,0
aniso_k1,B-A,complete,ks_stat,77395,0.0,0.0,0.0,0
aniso_k1,B-A,complete,ks_stat,65457,0.0,0.0,0.0,0
aniso_k1,B-A,complete,mmd,8925,-1.0728836059570312e-06,1.3113021850585938e-06,3.976423562253913e-06,2
aniso_k1,B-A,complete,mmd,77395,-1.9073486328125e-06,1.3113021850585938e-06,3.976423562253913e-06,2
aniso_k1,B-A,complete,mmd,65457,6.9141387939453125e-06,1.3113021850585938e-06,3.976423562253913e-06,2
aniso_k1,B-A,complete,nan_rate,8925,0.0,0.0,0.0,
aniso_k1,B-A,complete,nan_rate,77395,0.0,0.0,0.0,
aniso_k1,B-A,complete,nan_rate,65457,0.0,0.0,0.0,
aniso_k1,B-A,complete,nfe,8925,0,0,0.0,
aniso_k1,B-A,complete,nfe,77395,0,0,0.0,
aniso_k1,B-A,complete,nfe,65457,0,0,0.0,
aniso_k1,B-A,complete,q950_err,8925,2.09919567218525e-07,1.3994637814568334e-07,5.7132869634584545e-08,0
aniso_k1,B-A,complete,q950_err,77395,1.3994637814568334e-07,1.3994637814568334e-07,5.7132869634584545e-08,0
aniso_k1,B-A,complete,q950_err,65457,6.997318907284167e-08,1.3994637814568334e-07,5.7132869634584545e-08,0
aniso_k1,B-A,complete,q990_err,8925,6.491631086586597e-08,4.327754057720784e-08,3.0601842415219635e-08,0
aniso_k1,B-A,complete,q990_err,77395,0.0,4.327754057720784e-08,3.0601842415219635e-08,0
aniso_k1,B-A,complete,q990_err,65457,6.491631086575755e-08,4.327754057720784e-08,3.0601842415219635e-08,0
aniso_k1,B-A,complete,q995_err,8925,0.0,1.26114632652072e-07,8.917651195513052e-08,0
aniso_k1,B-A,complete,q995_err,77395,1.8917194897832487e-07,1.26114632652072e-07,8.917651195513052e-08,0
aniso_k1,B-A,complete,q995_err,65457,1.891719489778912e-07,1.26114632652072e-07,8.917651195513052e-08,0
aniso_k1,B-A,complete,radial_w1,8925,9.313225746154785e-10,6.20881716410319e-10,1.913685973413592e-09,1
aniso_k1,B-A,complete,radial_w1,77395,-1.862645149230957e-09,6.20881716410319e-10,1.913685973413592e-09,1
aniso_k1,B-A,complete,radial_w1,65457,2.7939677238464355e-09,6.20881716410319e-10,1.913685973413592e-09,1
aniso_k1,B-A,complete,sample_time_s,8925,0.10657210648059845,0.09718501071135204,0.006905410136085942,
aniso_k1,B-A,complete,sample_time_s,77395,0.09482359886169434,0.09718501071135204,0.006905410136085942,
aniso_k1,B-A,complete,sample_time_s,65457,0.0901593267917633,0.09718501071135204,0.006905410136085942,
aniso_k1,B-A,complete,sliced_w1,8925,-5.00120222568512e-06,1.8242125709851582e-05,0.0002146174737346445,2
aniso_k1,B-A,complete,sliced_w1,77395,-0.0002322159707546234,1.8242125709851582e-05,0.0002146174737346445,2
aniso_k1,B-A,complete,sliced_w1,65457,0.0002919435501098633,1.8242125709851582e-05,0.0002146174737346445,2
aniso_k1,B-A,complete,tail_exc_95,8925,0.0,0.0,0.0,0
aniso_k1,B-A,complete,tail_exc_95,77395,0.0,0.0,0.0,0
aniso_k1,B-A,complete,tail_exc_95,65457,0.0,0.0,0.0,0
aniso_k1,B-A,complete,tail_exc_99,8925,0.0,0.0,0.0,0
aniso_k1,B-A,complete,tail_exc_99,77395,0.0,0.0,0.0,0
aniso_k1,B-A,complete,tail_exc_99,65457,0.0,0.0,0.0,0
aniso_k1,B-A,complete,total_train_time_s,8925,0.9782623201608658,-0.7525317246715227,1.4997866438125969,
aniso_k1,B-A,complete,total_train_time_s,77395,-2.679674454033375,-0.7525317246715227,1.4997866438125969,
aniso_k1,B-A,complete,total_train_time_s,65457,-0.5561830401420593,-0.7525317246715227,1.4997866438125969,
aniso_k1,B-C,complete,angular_sw_bin0,8925,1.885928213596344e-06,0.00011881409833828609,9.122367061075908e-05,0
aniso_k1,B-C,complete,angular_sw_bin0,77395,0.00022448506206274033,0.00011881409833828609,9.122367061075908e-05,0
aniso_k1,B-C,complete,angular_sw_bin0,65457,0.00013007130473852158,0.00011881409833828609,9.122367061075908e-05,0
aniso_k1,B-C,complete,angular_sw_bin1,8925,0.00022376049309968948,0.00011781509965658188,7.494327455820036e-05,0
aniso_k1,B-C,complete,angular_sw_bin1,77395,6.230827420949936e-05,0.00011781509965658188,7.494327455820036e-05,0
aniso_k1,B-C,complete,angular_sw_bin1,65457,6.737653166055679e-05,0.00011781509965658188,7.494327455820036e-05,0
aniso_k1,B-C,complete,angular_sw_bin2,8925,-4.055909812450409e-05,-3.597637017567953e-05,6.29236039328134e-05,2
aniso_k1,B-C,complete,angular_sw_bin2,77395,-0.00011064810678362846,-3.597637017567953e-05,6.29236039328134e-05,2
aniso_k1,B-C,complete,angular_sw_bin2,65457,4.327809438109398e-05,-3.597637017567953e-05,6.29236039328134e-05,2
aniso_k1,B-C,complete,angular_sw_bin3,8925,0.0005943970754742622,0.0004736706614494324,8.895613735058393e-05,0
aniso_k1,B-C,complete,angular_sw_bin3,77395,0.00038267020136117935,0.0004736706614494324,8.895613735058393e-05,0
aniso_k1,B-C,complete,angular_sw_bin3,65457,0.00044394470751285553,0.0004736706614494324,8.895613735058393e-05,0
aniso_k1,B-C,complete,angular_sw_mean,8925,0.000194871099665761,0.0001685808723171552,2.2596087381301246e-05,0
aniso_k1,B-C,complete,angular_sw_mean,77395,0.00013970385771244764,0.0001685808723171552,2.2596087381301246e-05,0
aniso_k1,B-C,complete,angular_sw_mean,65457,0.00017116765957325697,0.0001685808723171552,2.2596087381301246e-05,0
aniso_k1,B-C,complete,exploding_norm_rate,8925,0.0,0.0,0.0,
aniso_k1,B-C,complete,exploding_norm_rate,77395,0.0,0.0,0.0,
aniso_k1,B-C,complete,exploding_norm_rate,65457,0.0,0.0,0.0,
aniso_k1,B-C,complete,inf_rate,8925,0.0,0.0,0.0,
aniso_k1,B-C,complete,inf_rate,77395,0.0,0.0,0.0,
aniso_k1,B-C,complete,inf_rate,65457,0.0,0.0,0.0,
aniso_k1,B-C,complete,invalid_rate,8925,0.0,0.0,0.0,
aniso_k1,B-C,complete,invalid_rate,77395,0.0,0.0,0.0,
aniso_k1,B-C,complete,invalid_rate,65457,0.0,0.0,0.0,
aniso_k1,B-C,complete,ks_stat,8925,0.0,0.0,0.0,0
aniso_k1,B-C,complete,ks_stat,77395,0.0,0.0,0.0,0
aniso_k1,B-C,complete,ks_stat,65457,0.0,0.0,0.0,0
aniso_k1,B-C,complete,mmd,8925,3.5762786865234375e-07,-4.3710072835286457e-07,4.3194065862341534e-06,1
aniso_k1,B-C,complete,mmd,77395,-6.079673767089844e-06,-4.3710072835286457e-07,4.3194065862341534e-06,1
aniso_k1,B-C,complete,mmd,65457,4.410743713378906e-06,-4.3710072835286457e-07,4.3194065862341534e-06,1
aniso_k1,B-C,complete,nan_rate,8925,0.0,0.0,0.0,
aniso_k1,B-C,complete,nan_rate,77395,0.0,0.0,0.0,
aniso_k1,B-C,complete,nan_rate,65457,0.0,0.0,0.0,
aniso_k1,B-C,complete,nfe,8925,0,0,0.0,
aniso_k1,B-C,complete,nfe,77395,0,0,0.0,
aniso_k1,B-C,complete,nfe,65457,0,0,0.0,
aniso_k1,B-C,complete,q950_err,8925,6.997318907284167e-08,6.997318907284167e-08,0.0,0
aniso_k1,B-C,complete,q950_err,77395,6.997318907284167e-08,6.997318907284167e-08,0.0,0
aniso_k1,B-C,complete,q950_err,65457,6.997318907284167e-08,6.997318907284167e-08,0.0,0
aniso_k1,B-C,complete,q990_err,8925,0.0,4.327754057720784e-08,3.0601842415219635e-08,0
aniso_k1,B-C,complete,q990_err,77395,6.491631086586597e-08,4.327754057720784e-08,3.0601842415219635e-08,0
aniso_k1,B-C,complete,q990_err,65457,6.491631086575755e-08,4.327754057720784e-08,3.0601842415219635e-08,0
aniso_k1,B-C,complete,q995_err,8925,6.305731632596373e-08,8.407642176795164e-08,1.2957046791682345e-07,1
aniso_k1,B-C,complete,q995_err,77395,2.522292653042886e-07,8.407642176795164e-08,1.2957046791682345e-07,1
aniso_k1,B-C,complete,q995_err,65457,-6.305731632639741e-08,8.407642176795164e-08,1.2957046791682345e-07,1
aniso_k1,B-C,complete,radial_w1,8925,9.313225746154785e-10,-2.1730860074361167e-09,2.670513238460641e-09,2
aniso_k1,B-C,complete,radial_w1,77395,-1.862645149230957e-09,-2.1730860074361167e-09,2.670513238460641e-09,2
aniso_k1,B-C,complete,radial_w1,65457,-5.587935447692871e-09,-2.1730860074361167e-09,2.670513238460641e-09,2
aniso_k1,B-C,complete,sample_time_s,8925,0.046883709728717804,0.03377473105986913,0.010798583903521522,
aniso_k1,B-C,complete,sample_time_s,77395,0.020435690879821777,0.03377473105986913,0.010798583903521522,
aniso_k1,B-C,complete,sample_time_s,65457,0.03400479257106781,0.03377473105986913,0.010798583903521522,
aniso_k1,B-C,complete,sliced_w1,8925,0.00020833685994148254,1.3319775462150574e-05,0.000259669973392069,1
aniso_k1,B-C,complete,sliced_w1,77395,-0.00035366788506507874,1.3319775462150574e-05,0.000259669973392069,1
aniso_k1,B-C,complete,sliced_w1,65457,0.0001852903515100479,1.3319775462150574e-05,0.000259669973392069,1
aniso_k1,B-C,complete,tail_exc_95,8925,0.0,0.0,0.0,0
aniso_k1,B-C,complete,tail_exc_95,77395,0.0,0.0,0.0,0
aniso_k1,B-C,complete,tail_exc_95,65457,0.0,0.0,0.0,0
aniso_k1,B-C,complete,tail_exc_99,8925,0.0,0.0,0.0,0
aniso_k1,B-C,complete,tail_exc_99,77395,0.0,0.0,0.0,0
aniso_k1,B-C,complete,tail_exc_99,65457,0.0,0.0,0.0,0
aniso_k1,B-C,complete,total_train_time_s,8925,0.45413606613874435,-0.6218788052598635,0.8413336700066569,
aniso_k1,B-C,complete,total_train_time_s,77395,-1.599667452275753,-0.6218788052598635,0.8413336700066569,
aniso_k1,B-C,complete,total_train_time_s,65457,-0.7201050296425819,-0.6218788052598635,0.8413336700066569,
aniso_k10,B-A,complete,angular_sw_bin0,8925,0.002876976504921913,0.0012674884249766667,0.001142372689583841,0
aniso_k10,B-A,complete,angular_sw_bin0,77395,0.0003415662795305252,0.0012674884249766667,0.001142372689583841,0
aniso_k10,B-A,complete,angular_sw_bin0,65457,0.000583922490477562,0.0012674884249766667,0.001142372689583841,0
aniso_k10,B-A,complete,angular_sw_bin1,8925,0.0014011077582836151,0.0007292615870634714,0.0004771401514884411,0
aniso_k10,B-A,complete,angular_sw_bin1,77395,0.00033892225474119186,0.0007292615870634714,0.0004771401514884411,0
aniso_k10,B-A,complete,angular_sw_bin1,65457,0.00044775474816560745,0.0007292615870634714,0.0004771401514884411,0
aniso_k10,B-A,complete,angular_sw_bin2,8925,0.0016668178141117096,0.00043955476333697635,0.001115644050596486,1
aniso_k10,B-A,complete,angular_sw_bin2,77395,-0.0010327743366360664,0.00043955476333697635,0.001115644050596486,1
aniso_k10,B-A,complete,angular_sw_bin2,65457,0.000684620812535286,0.00043955476333697635,0.001115644050596486,1
aniso_k10,B-A,complete,angular_sw_bin3,8925,0.0010626493021845818,0.00024631697063644725,0.000854219676823653,1
aniso_k10,B-A,complete,angular_sw_bin3,77395,-0.0009330417960882187,0.00024631697063644725,0.000854219676823653,1
aniso_k10,B-A,complete,angular_sw_bin3,65457,0.0006093434058129787,0.00024631697063644725,0.000854219676823653,1
aniso_k10,B-A,complete,angular_sw_mean,8925,0.001751887844875455,0.0006706554365033904,0.0008487377056255413,1
aniso_k10,B-A,complete,angular_sw_mean,77395,-0.000321331899613142,0.0006706554365033904,0.0008487377056255413,1
aniso_k10,B-A,complete,angular_sw_mean,65457,0.0005814103642478585,0.0006706554365033904,0.0008487377056255413,1
aniso_k10,B-A,complete,exploding_norm_rate,8925,0.0,0.0,0.0,
aniso_k10,B-A,complete,exploding_norm_rate,77395,0.0,0.0,0.0,
aniso_k10,B-A,complete,exploding_norm_rate,65457,0.0,0.0,0.0,
aniso_k10,B-A,complete,inf_rate,8925,0.0,0.0,0.0,
aniso_k10,B-A,complete,inf_rate,77395,0.0,0.0,0.0,
aniso_k10,B-A,complete,inf_rate,65457,0.0,0.0,0.0,
aniso_k10,B-A,complete,invalid_rate,8925,0.0,0.0,0.0,
aniso_k10,B-A,complete,invalid_rate,77395,0.0,0.0,0.0,
aniso_k10,B-A,complete,invalid_rate,65457,0.0,0.0,0.0,
aniso_k10,B-A,complete,ks_stat,8925,0.0,0.0,0.0,0
aniso_k10,B-A,complete,ks_stat,77395,0.0,0.0,0.0,0
aniso_k10,B-A,complete,ks_stat,65457,0.0,0.0,0.0,0
aniso_k10,B-A,complete,mmd,8925,0.00037741661071777344,0.00013947486877441406,0.00018406935998663046,1
aniso_k10,B-A,complete,mmd,77395,-7.092952728271484e-05,0.00013947486877441406,0.00018406935998663046,1
aniso_k10,B-A,complete,mmd,65457,0.0001119375228881836,0.00013947486877441406,0.00018406935998663046,1
aniso_k10,B-A,complete,nan_rate,8925,0.0,0.0,0.0,
aniso_k10,B-A,complete,nan_rate,77395,0.0,0.0,0.0,
aniso_k10,B-A,complete,nan_rate,65457,0.0,0.0,0.0,
aniso_k10,B-A,complete,nfe,8925,0,0,0.0,
aniso_k10,B-A,complete,nfe,77395,0,0,0.0,
aniso_k10,B-A,complete,nfe,65457,0,0,0.0,
aniso_k10,B-A,complete,q950_err,8925,-1.0842642464751161e-07,-3.614214154917054e-08,5.111270675204511e-08,1
aniso_k10,B-A,complete,q950_err,77395,0.0,-3.614214154917054e-08,5.111270675204511e-08,1
aniso_k10,B-A,complete,q950_err,65457,0.0,-3.614214154917054e-08,5.111270675204511e-08,1
aniso_k10,B-A,complete,q990_err,8925,9.583642485665438e-08,6.389094990443625e-08,1.9692513312703607e-07,1
aniso_k10,B-A,complete,q990_err,77395,-1.9167284971341719e-07,6.389094990443625e-08,1.9692513312703607e-07,1
aniso_k10,B-A,complete,q990_err,65457,2.8750927457007157e-07,6.389094990443625e-08,1.9692513312703607e-07,1
aniso_k10,B-A,complete,q995_err,8925,-9.224864182255654e-08,-9.224864182313479e-08,8.177564888977995e-19,3
aniso_k10,B-A,complete,q995_err,77395,-9.224864182255654e-08,-9.224864182313479e-08,8.177564888977995e-19,3
aniso_k10,B-A,complete,q995_err,65457,-9.224864182429127e-08,-9.224864182313479e-08,8.177564888977995e-19,3
aniso_k10,B-A,complete,radial_w1,8925,5.960464477539063e-08,3.476937611897787e-08,1.8585013284156427e-08,0
aniso_k10,B-A,complete,radial_w1,77395,2.9802322387695312e-08,3.476937611897787e-08,1.8585013284156427e-08,0
aniso_k10,B-A,complete,radial_w1,65457,1.4901161193847656e-08,3.476937611897787e-08,1.8585013284156427e-08,0
aniso_k10,B-A,complete,sample_time_s,8925,0.0958952009677887,0.08997545639673869,0.008784635110777842,
aniso_k10,B-A,complete,sample_time_s,77395,0.07755661010742188,0.08997545639673869,0.008784635110777842,
aniso_k10,B-A,complete,sample_time_s,65457,0.0964745581150055,0.08997545639673869,0.008784635110777842,
aniso_k10,B-A,complete,sliced_w1,8925,0.056372299790382385,0.019712490340073902,0.028703549622655568,1
aniso_k10,B-A,complete,sliced_w1,77395,-0.013713255524635315,0.019712490340073902,0.028703549622655568,1
aniso_k10,B-A,complete,sliced_w1,65457,0.01647842675447464,0.019712490340073902,0.028703549622655568,1
aniso_k10,B-A,complete,tail_exc_95,8925,0.0,0.0,0.0,0
aniso_k10,B-A,complete,tail_exc_95,77395,0.0,0.0,0.0,0
aniso_k10,B-A,complete,tail_exc_95,65457,0.0,0.0,0.0,0
aniso_k10,B-A,complete,tail_exc_99,8925,0.0,0.0,0.0,0
aniso_k10,B-A,complete,tail_exc_99,77395,0.0,0.0,0.0,0
aniso_k10,B-A,complete,tail_exc_99,65457,0.0,0.0,0.0,0
aniso_k10,B-A,complete,total_train_time_s,8925,-1.1345290541648865,1.1098781575759251,2.3111793522552624,
aniso_k10,B-A,complete,total_train_time_s,77395,4.289823777973652,1.1098781575759251,2.3111793522552624,
aniso_k10,B-A,complete,total_train_time_s,65457,0.17433974891901016,1.1098781575759251,2.3111793522552624,
aniso_k10,B-C,complete,angular_sw_bin0,8925,0.0019889967516064644,0.00047308144470055896,0.001106210235833856,1
aniso_k10,B-C,complete,angular_sw_bin0,77395,4.9865804612636566e-05,0.00047308144470055896,0.001106210235833856,1
aniso_k10,B-C,complete,angular_sw_bin0,65457,-0.000619618222117424,0.00047308144470055896,0.001106210235833856,1
aniso_k10,B-C,complete,angular_sw_bin1,8925,0.0008593481034040451,0.00027633892993132275,0.00041227625639989117,2
aniso_k10,B-C,complete,angular_sw_bin1,77395,-2.089235931634903e-05,0.00027633892993132275,0.00041227625639989117,2
aniso_k10,B-C,complete,angular_sw_bin1,65457,-9.438954293727875e-06,0.00027633892993132275,0.00041227625639989117,2
aniso_k10,B-C,complete,angular_sw_bin2,8925,0.0016880463808774948,0.0003218076502283414,0.0010831945334351474,1
aniso_k10,B-C,complete,angular_sw_bin2,77395,-0.0009613195434212685,0.0003218076502283414,0.0010831945334351474,1
aniso_k10,B-C,complete,angular_sw_bin2,65457,0.0002386961132287979,0.0003218076502283414,0.0010831945334351474,1
aniso_k10,B-C,complete,angular_sw_bin3,8925,-4.56077978014946e-05,-0.0012068841606378555,0.0008621114088829654,3
aniso_k10,B-C,complete,angular_sw_bin3,77395,-0.002109130844473839,-0.0012068841606378555,0.0008621114088829654,3
aniso_k10,B-C,complete,angular_sw_bin3,65457,-0.0014659138396382332,-0.0012068841606378555,0.0008621114088829654,3
aniso_k10,B-C,complete,angular_sw_mean,8925,0.0011226958595216274,-3.3914033944408097e-05,0.000826743947582316,2
aniso_k10,B-C,complete,angular_sw_mean,77395,-0.0007603692356497049,-3.3914033944408097e-05,0.000826743947582316,2
aniso_k10,B-C,complete,angular_sw_mean,65457,-0.0004640687257051468,-3.3914033944408097e-05,0.000826743947582316,2
aniso_k10,B-C,complete,exploding_norm_rate,8925,0.0,0.0,0.0,
aniso_k10,B-C,complete,exploding_norm_rate,77395,0.0,0.0,0.0,
aniso_k10,B-C,complete,exploding_norm_rate,65457,0.0,0.0,0.0,
aniso_k10,B-C,complete,inf_rate,8925,0.0,0.0,0.0,
aniso_k10,B-C,complete,inf_rate,77395,0.0,0.0,0.0,
aniso_k10,B-C,complete,inf_rate,65457,0.0,0.0,0.0,
aniso_k10,B-C,complete,invalid_rate,8925,0.0,0.0,0.0,
aniso_k10,B-C,complete,invalid_rate,77395,0.0,0.0,0.0,
aniso_k10,B-C,complete,invalid_rate,65457,0.0,0.0,0.0,
aniso_k10,B-C,complete,ks_stat,8925,0.0,0.0,0.0,0
aniso_k10,B-C,complete,ks_stat,77395,0.0,0.0,0.0,0
aniso_k10,B-C,complete,ks_stat,65457,0.0,0.0,0.0,0
aniso_k10,B-C,complete,mmd,8925,0.00039589405059814453,0.0001535813013712565,0.00017754540124931005,1
aniso_k10,B-C,complete,mmd,77395,-2.4557113647460938e-05,0.0001535813013712565,0.00017754540124931005,1
aniso_k10,B-C,complete,mmd,65457,8.940696716308594e-05,0.0001535813013712565,0.00017754540124931005,1
aniso_k10,B-C,complete,nan_rate,8925,0.0,0.0,0.0,
aniso_k10,B-C,complete,nan_rate,77395,0.0,0.0,0.0,
aniso_k10,B-C,complete,nan_rate,65457,0.0,0.0,0.0,
aniso_k10,B-C,complete,nfe,8925,0,0,0.0,
aniso_k10,B-C,complete,nfe,77395,0,0,0.0,
aniso_k10,B-C,complete,nfe,65457,0,0,0.0,
aniso_k10,B-C,complete,q950_err,8925,-1.0842642464751161e-07,-7.228014483236696e-20,8.852980500682242e-08,1
aniso_k10,B-C,complete,q950_err,77395,1.0842642464729477e-07,-7.228014483236696e-20,8.852980500682242e-08,1
aniso_k10,B-C,complete,q950_err,65457,0.0,-7.228014483236696e-20,8.852980500682242e-08,1
aniso_k10,B-C,complete,q990_err,8925,-9.583642485665438e-08,-3.1945474952218125e-08,9.035544786775375e-08,2
aniso_k10,B-C,complete,q990_err,77395,9.583642485665438e-08,-3.1945474952218125e-08,9.035544786775375e-08,2
aniso_k10,B-C,complete,q990_err,65457,-9.583642485665438e-08,-3.1945474952218125e-08,9.035544786775375e-08,2
aniso_k10,B-C,complete,q995_err,8925,0.0,3.0749547274185517e-08,4.348642679198579e-08,0
aniso_k10,B-C,complete,q995_err,77395,0.0,3.0749547274185517e-08,4.348642679198579e-08,0
aniso_k10,B-C,complete,q995_err,65457,9.224864182255654e-08,3.0749547274185517e-08,4.348642679198579e-08,0
aniso_k10,B-C,complete,radial_w1,8925,4.470348358154297e-08,5.463759104410807e-08,2.5327103900873586e-08,0
aniso_k10,B-C,complete,radial_w1,77395,2.9802322387695312e-08,5.463759104410807e-08,2.5327103900873586e-08,0
aniso_k10,B-C,complete,radial_w1,65457,8.940696716308594e-08,5.463759104410807e-08,2.5327103900873586e-08,0
aniso_k10,B-C,complete,sample_time_s,8925,0.03422647714614868,0.02936015526453654,0.00346356058572981,
aniso_k10,B-C,complete,sample_time_s,77395,0.027410276234149933,0.02936015526453654,0.00346356058572981,
aniso_k10,B-C,complete,sample_time_s,65457,0.026443712413311005,0.02936015526453654,0.00346356058572981,
aniso_k10,B-C,complete,sliced_w1,8925,0.05476085841655731,0.019587901731332142,0.025597441413653697,1
aniso_k10,B-C,complete,sliced_w1,77395,-0.00541415810585022,0.019587901731332142,0.025597441413653697,1
aniso_k10,B-C,complete,sliced_w1,65457,0.009417004883289337,0.019587901731332142,0.025597441413653697,1
aniso_k10,B-C,complete,tail_exc_95,8925,0.0,0.0,0.0,0
aniso_k10,B-C,complete,tail_exc_95,77395,0.0,0.0,0.0,0
aniso_k10,B-C,complete,tail_exc_95,65457,0.0,0.0,0.0,0
aniso_k10,B-C,complete,tail_exc_99,8925,0.0,0.0,0.0,0
aniso_k10,B-C,complete,tail_exc_99,77395,0.0,0.0,0.0,0
aniso_k10,B-C,complete,tail_exc_99,65457,0.0,0.0,0.0,0
aniso_k10,B-C,complete,total_train_time_s,8925,-1.8694775328040123,0.6455062503616015,3.817230280447717,
aniso_k10,B-C,complete,total_train_time_s,77395,6.039785899221897,0.6455062503616015,3.817230280447717,
aniso_k10,B-C,complete,total_train_time_s,65457,-2.2337896153330803,0.6455062503616015,3.817230280447717,
aniso_k100,B-A,complete,angular_sw_bin0,8925,-0.0008511347696185112,-0.0014267213021715481,0.0006152641720670752,3
aniso_k100,B-A,complete,angular_sw_bin0,77395,-0.0011494038626551628,-0.0014267213021715481,0.0006152641720670752,3
aniso_k100,B-A,complete,angular_sw_bin0,65457,-0.0022796252742409706,-0.0014267213021715481,0.0006152641720670752,3
aniso_k100,B-A,complete,angular_sw_bin1,8925,0.0002814345061779022,-0.0003593228757381439,0.0009731437434686943,1
aniso_k100,B-A,complete,angular_sw_bin1,77395,-0.001734493300318718,-0.0003593228757381439,0.0009731437434686943,1
aniso_k100,B-A,complete,angular_sw_bin1,65457,0.00037509016692638397,-0.0003593228757381439,0.0009731437434686943,1
aniso_k100,B-A,complete,angular_sw_bin2,8925,-0.00023555196821689606,-0.0009081998529533545,0.0005416834873377004,3
aniso_k100,B-A,complete,angular_sw_bin2,77395,-0.001561998389661312,-0.0009081998529533545,0.0005416834873377004,3
aniso_k100,B-A,complete,angular_sw_bin2,65457,-0.0009270492009818554,-0.0009081998529533545,0.0005416834873377004,3
aniso_k100,B-A,complete,angular_sw_bin3,8925,-0.0017938660457730293,-0.0019743420804540315,0.0006911988602543064,3
aniso_k100,B-A,complete,angular_sw_bin3,77395,-0.002896568737924099,-0.0019743420804540315,0.0006911988602543064,3
aniso_k100,B-A,complete,angular_sw_bin3,65457,-0.0012325914576649666,-0.0019743420804540315,0.0006911988602543064,3
aniso_k100,B-A,complete,angular_sw_mean,8925,-0.0006497795693576336,-0.0011671465278292696,0.0004957661053547092,3
aniso_k100,B-A,complete,angular_sw_mean,77395,-0.001835616072639823,-0.0011671465278292696,0.0004957661053547092,3
aniso_k100,B-A,complete,angular_sw_mean,65457,-0.0010160439414903522,-0.0011671465278292696,0.0004957661053547092,3
aniso_k100,B-A,complete,exploding_norm_rate,8925,0.0,0.0,0.0,
aniso_k100,B-A,complete,exploding_norm_rate,77395,0.0,0.0,0.0,
aniso_k100,B-A,complete,exploding_norm_rate,65457,0.0,0.0,0.0,
aniso_k100,B-A,complete,inf_rate,8925,0.0,0.0,0.0,
aniso_k100,B-A,complete,inf_rate,77395,0.0,0.0,0.0,
aniso_k100,B-A,complete,inf_rate,65457,0.0,0.0,0.0,
aniso_k100,B-A,complete,invalid_rate,8925,0.0,0.0,0.0,
aniso_k100,B-A,complete,invalid_rate,77395,0.0,0.0,0.0,
aniso_k100,B-A,complete,invalid_rate,65457,0.0,0.0,0.0,
aniso_k100,B-A,complete,ks_stat,8925,0.0,0.0,0.0,0
aniso_k100,B-A,complete,ks_stat,77395,0.0,0.0,0.0,0
aniso_k100,B-A,complete,ks_stat,65457,0.0,0.0,0.0,0
aniso_k100,B-A,complete,mmd,8925,-0.00011706352233886719,-0.00025471051534016925,0.00017280633693031387,3
aniso_k100,B-A,complete,mmd,77395,-0.0004984140396118164,-0.00025471051534016925,0.00017280633693031387,3
aniso_k100,B-A,complete,mmd,65457,-0.00014865398406982422,-0.00025471051534016925,0.00017280633693031387,3
aniso_k100,B-A,complete,nan_rate,8925,0.0,0.0,0.0,
aniso_k100,B-A,complete,nan_rate,77395,0.0,0.0,0.0,
aniso_k100,B-A,complete,nan_rate,65457,0.0,0.0,0.0,
aniso_k100,B-A,complete,nfe,8925,0,0,0.0,
aniso_k100,B-A,complete,nfe,77395,0,0,0.0,
aniso_k100,B-A,complete,nfe,65457,0,0,0.0,
aniso_k100,B-A,complete,q950_err,8925,1.073572111522092e-07,3.57857370507364e-08,5.0608674676668776e-08,0
aniso_k100,B-A,complete,q950_err,77395,0.0,3.57857370507364e-08,5.0608674676668776e-08,0
aniso_k100,B-A,complete,q950_err,65457,0.0,3.57857370507364e-08,5.0608674676668776e-08,0
aniso_k100,B-A,complete,q990_err,8925,0.0,3.085419277319354e-08,4.363441787592424e-08,0
aniso_k100,B-A,complete,q990_err,77395,0.0,3.085419277319354e-08,4.363441787592424e-08,0
aniso_k100,B-A,complete,q990_err,65457,9.256257831958062e-08,3.085419277319354e-08,4.363441787592424e-08,0
aniso_k100,B-A,complete,q995_err,8925,8.764160473219429e-08,-1.1685547297510257e-07,1.48962084243221e-07,2
aniso_k100,B-A,complete,q995_err,77395,-2.6292481419484814e-07,-1.1685547297510257e-07,1.48962084243221e-07,2
aniso_k100,B-A,complete,q995_err,65457,-1.7528320946265386e-07,-1.1685547297510257e-07,1.48962084243221e-07,2
aniso_k100,B-A,complete,radial_w1,8925,1.7881393432617188e-07,1.9868214925130207e-08,1.2247590229846988e-07,1
aniso_k100,B-A,complete,radial_w1,77395,0.0,1.9868214925130207e-08,1.2247590229846988e-07,1
aniso_k100,B-A,complete,radial_w1,65457,-1.1920928955078125e-07,1.9868214925130207e-08,1.2247590229846988e-07,1
aniso_k100,B-A,complete,sample_time_s,8925,0.09947837144136429,0.09692281732956569,0.0018178669608613493,
aniso_k100,B-A,complete,sample_time_s,77395,0.09540251642465591,0.09692281732956569,0.0018178669608613493,
aniso_k100,B-A,complete,sample_time_s,65457,0.09588756412267685,0.09692281732956569,0.0018178669608613493,
aniso_k100,B-A,complete,sliced_w1,8925,-0.24725991487503052,-0.2747124632199605,0.13937467020662997,3
aniso_k100,B-A,complete,sliced_w1,77395,-0.45747339725494385,-0.2747124632199605,0.13937467020662997,3
aniso_k100,B-A,complete,sliced_w1,65457,-0.11940407752990723,-0.2747124632199605,0.13937467020662997,3
aniso_k100,B-A,complete,tail_exc_95,8925,0.0,0.0,0.0,0
aniso_k100,B-A,complete,tail_exc_95,77395,0.0,0.0,0.0,0
aniso_k100,B-A,complete,tail_exc_95,65457,0.0,0.0,0.0,0
aniso_k100,B-A,complete,tail_exc_99,8925,0.0,0.0,0.0,0
aniso_k100,B-A,complete,tail_exc_99,77395,0.0,0.0,0.0,0
aniso_k100,B-A,complete,tail_exc_99,65457,0.0,0.0,0.0,0
aniso_k100,B-A,complete,total_train_time_s,8925,-2.5862469747662544,-1.4690627306699753,1.346457736256953,
aniso_k100,B-A,complete,total_train_time_s,77395,-2.245890833437443,-1.4690627306699753,1.346457736256953,
aniso_k100,B-A,complete,total_train_time_s,65457,0.42494961619377136,-1.4690627306699753,1.346457736256953,
aniso_k100,B-C,complete,angular_sw_bin0,8925,-0.0036738160997629166,-0.00339525348196427,0.00033218471068878074,3
aniso_k100,B-C,complete,angular_sw_bin0,77395,-0.003583572804927826,-0.00339525348196427,0.00033218471068878074,3
aniso_k100,B-C,complete,angular_sw_bin0,65457,-0.0029283715412020683,-0.00339525348196427,0.00033218471068878074,3
aniso_k100,B-C,complete,angular_sw_bin1,8925,-3.7622638046741486e-05,-0.00032297025124231976,0.0002711607826215815,3
aniso_k100,B-C,complete,angular_sw_bin1,77395,-0.0006875107064843178,-0.00032297025124231976,0.0002711607826215815,3
aniso_k100,B-C,complete,angular_sw_bin1,65457,-0.00024377740919589996,-0.00032297025124231976,0.0002711607826215815,3
aniso_k100,B-C,complete,angular_sw_bin2,8925,0.0002395203337073326,0.00020976380134622255,0.0004170872276766473,1
aniso_k100,B-C,complete,angular_sw_bin2,77395,0.0007050605490803719,0.00020976380134622255,0.0004170872276766473,1
aniso_k100,B-C,complete,angular_sw_bin2,65457,-0.0003152894787490368,0.00020976380134622255,0.0004170872276766473,1
aniso_k100,B-C,complete,angular_sw_bin3,8925,-0.004473750479519367,-0.0026910891756415367,0.0014267070216275126,3
aniso_k100,B-C,complete,angular_sw_bin3,77395,-0.0009813280776143074,-0.0026910891756415367,0.0014267070216275126,3
aniso_k100,B-C,complete,angular_sw_bin3,65457,-0.0026181889697909355,-0.0026910891756415367,0.0014267070216275126,3
aniso_k100,B-C,complete,angular_sw_mean,8925,-0.001986417220905423,-0.0015498872768754761,0.00034723653124621565,3
aniso_k100,B-C,complete,angular_sw_mean,77395,-0.0011368377599865198,-0.0015498872768754761,0.00034723653124621565,3
aniso_k100,B-C,complete,angular_sw_mean,65457,-0.0015264068497344851,-0.0015498872768754761,0.00034723653124621565,3
aniso_k100,B-C,complete,exploding_norm_rate,8925,0.0,0.0,0.0,
aniso_k100,B-C,complete,exploding_norm_rate,77395,0.0,0.0,0.0,
aniso_k100,B-C,complete,exploding_norm_rate,65457,0.0,0.0,0.0,
aniso_k100,B-C,complete,inf_rate,8925,0.0,0.0,0.0,
aniso_k100,B-C,complete,inf_rate,77395,0.0,0.0,0.0,
aniso_k100,B-C,complete,inf_rate,65457,0.0,0.0,0.0,
aniso_k100,B-C,complete,invalid_rate,8925,0.0,0.0,0.0,
aniso_k100,B-C,complete,invalid_rate,77395,0.0,0.0,0.0,
aniso_k100,B-C,complete,invalid_rate,65457,0.0,0.0,0.0,
aniso_k100,B-C,complete,ks_stat,8925,0.0,0.0,0.0,0
aniso_k100,B-C,complete,ks_stat,77395,0.0,0.0,0.0,0
aniso_k100,B-C,complete,ks_stat,65457,0.0,0.0,0.0,0
aniso_k100,B-C,complete,mmd,8925,-5.0187110900878906e-05,4.3670336405436196e-05,8.846803658244396e-05,1
aniso_k100,B-C,complete,mmd,77395,0.00016224384307861328,4.3670336405436196e-05,8.846803658244396e-05,1
aniso_k100,B-C,complete,mmd,65457,1.895427703857422e-05,4.3670336405436196e-05,8.846803658244396e-05,1
aniso_k100,B-C,complete,nan_rate,8925,0.0,0.0,0.0,
aniso_k100,B-C,complete,nan_rate,77395,0.0,0.0,0.0,
aniso_k100,B-C,complete,nan_rate,65457,0.0,0.0,0.0,
aniso_k100,B-C,complete,nfe,8925,0,0,0.0,
aniso_k100,B-C,complete,nfe,77395,0,0,0.0,
aniso_k100,B-C,complete,nfe,65457,0,0,0.0,
aniso_k100,B-C,complete,q950_err,8925,0.0,0.0,8.765679584300655e-08,1
aniso_k100,B-C,complete,q950_err,77395,1.0735721115134184e-07,0.0,8.765679584300655e-08,1
aniso_k100,B-C,complete,q950_err,65457,-1.0735721115134184e-07,0.0,8.765679584300655e-08,1
aniso_k100,B-C,complete,q990_err,8925,0.0,0.0,7.557702871979244e-08,1
aniso_k100,B-C,complete,q990_err,77395,-9.256257831958062e-08,0.0,7.557702871979244e-08,1
aniso_k100,B-C,complete,q990_err,65457,9.256257831958062e-08,0.0,7.557702871979244e-08,1
aniso_k100,B-C,complete,q995_err,8925,8.764160473219429e-08,5.782411586589357e-19,7.155907061014765e-08,1
aniso_k100,B-C,complete,q995_err,77395,-8.764160473045957e-08,5.782411586589357e-19,7.155907061014765e-08,1
aniso_k100,B-C,complete,q995_err,65457,0.0,5.782411586589357e-19,7.155907061014765e-08,1
aniso_k100,B-C,complete,radial_w1,8925,-2.980232238769531e-07,-2.582867940266927e-07,1.0130841560349434e-07,3
aniso_k100,B-C,complete,radial_w1,77395,-1.1920928955078125e-07,-2.582867940266927e-07,1.0130841560349434e-07,3
aniso_k100,B-C,complete,radial_w1,65457,-3.5762786865234375e-07,-2.582867940266927e-07,1.0130841560349434e-07,3
aniso_k100,B-C,complete,sample_time_s,8925,0.04010293632745743,0.03459582726160685,0.004575951888018004,
aniso_k100,B-C,complete,sample_time_s,77395,0.03478553891181946,0.03459582726160685,0.004575951888018004,
aniso_k100,B-C,complete,sample_time_s,65457,0.02889900654554367,0.03459582726160685,0.004575951888018004,
aniso_k100,B-C,complete,sliced_w1,8925,-0.19246584177017212,-0.056704858938852944,0.11415569647504249,2
aniso_k100,B-C,complete,sliced_w1,77395,0.08683276176452637,-0.056704858938852944,0.11415569647504249,2
aniso_k100,B-C,complete,sliced_w1,65457,-0.06448149681091309,-0.056704858938852944,0.11415569647504249,2
aniso_k100,B-C,complete,tail_exc_95,8925,0.0,0.0,0.0,0
aniso_k100,B-C,complete,tail_exc_95,77395,0.0,0.0,0.0,0
aniso_k100,B-C,complete,tail_exc_95,65457,0.0,0.0,0.0,0
aniso_k100,B-C,complete,tail_exc_99,8925,0.0,0.0,0.0,0
aniso_k100,B-C,complete,tail_exc_99,77395,0.0,0.0,0.0,0
aniso_k100,B-C,complete,tail_exc_99,65457,0.0,0.0,0.0,0
aniso_k100,B-C,complete,total_train_time_s,8925,1.1701486557722092,0.40032024929920834,0.6213197953741676,
aniso_k100,B-C,complete,total_train_time_s,77395,0.3822583332657814,0.40032024929920834,0.6213197953741676,
aniso_k100,B-C,complete,total_train_time_s,65457,-0.3514462411403656,0.40032024929920834,0.6213197953741676,
aniso_k3,B-A,complete,angular_sw_bin0,8925,0.0002242065966129303,0.0005053256948788961,0.00028789779354996165,0
aniso_k3,B-A,complete,angular_sw_bin0,77395,0.00039082299917936325,0.0005053256948788961,0.00028789779354996165,0
aniso_k3,B-A,complete,angular_sw_bin0,65457,0.0009009474888443947,0.0005053256948788961,0.00028789779354996165,0
aniso_k3,B-A,complete,angular_sw_bin1,8925,4.759663715958595e-05,0.00016204205652077994,9.154383547977486e-05,0
aniso_k3,B-A,complete,angular_sw_bin1,77395,0.00016685202717781067,0.00016204205652077994,9.154383547977486e-05,0
aniso_k3,B-A,complete,angular_sw_bin1,65457,0.00027167750522494316,0.00016204205652077994,9.154383547977486e-05,0
aniso_k3,B-A,complete,angular_sw_bin2,8925,0.00020476104691624641,0.00015971685449282327,0.0001910985208810834,1
aniso_k3,B-A,complete,angular_sw_bin2,77395,-9.357836097478867e-05,0.00015971685449282327,0.0001910985208810834,1
aniso_k3,B-A,complete,angular_sw_bin2,65457,0.0003679678775370121,0.00015971685449282327,0.0001910985208810834,1
aniso_k3,B-A,complete,angular_sw_bin3,8925,0.0007225088775157928,0.0006372942589223385,8.677631337240223e-05,0
aniso_k3,B-A,complete,angular_sw_bin3,77395,0.0006711659952998161,0.0006372942589223385,8.677631337240223e-05,0
aniso_k3,B-A,complete,angular_sw_bin3,65457,0.0005182079039514065,0.0006372942589223385,8.677631337240223e-05,0
aniso_k3,B-A,complete,angular_sw_mean,8925,0.0002997682895511389,0.0003660947162037094,0.00010528156709449811,0
aniso_k3,B-A,complete,angular_sw_mean,77395,0.00028381566517055035,0.0003660947162037094,0.00010528156709449811,0
aniso_k3,B-A,complete,angular_sw_mean,65457,0.0005147001938894391,0.0003660947162037094,0.00010528156709449811,0
aniso_k3,B-A,complete,exploding_norm_rate,8925,0.0,0.0,0.0,
aniso_k3,B-A,complete,exploding_norm_rate,77395,0.0,0.0,0.0,
aniso_k3,B-A,complete,exploding_norm_rate,65457,0.0,0.0,0.0,
aniso_k3,B-A,complete,inf_rate,8925,0.0,0.0,0.0,
aniso_k3,B-A,complete,inf_rate,77395,0.0,0.0,0.0,
aniso_k3,B-A,complete,inf_rate,65457,0.0,0.0,0.0,
aniso_k3,B-A,complete,invalid_rate,8925,0.0,0.0,0.0,
aniso_k3,B-A,complete,invalid_rate,77395,0.0,0.0,0.0,
aniso_k3,B-A,complete,invalid_rate,65457,0.0,0.0,0.0,
aniso_k3,B-A,complete,ks_stat,8925,0.0,0.0,0.0,0
aniso_k3,B-A,complete,ks_stat,77395,0.0,0.0,0.0,0
aniso_k3,B-A,complete,ks_stat,65457,0.0,0.0,0.0,0
aniso_k3,B-A,complete,mmd,8925,1.0132789611816406e-05,2.2610028584798176e-05,2.3520274452503697e-05,0
aniso_k3,B-A,complete,mmd,77395,2.1457672119140625e-06,2.2610028584798176e-05,2.3520274452503697e-05,0
aniso_k3,B-A,complete,mmd,65457,5.555152893066406e-05,2.2610028584798176e-05,2.3520274452503697e-05,0
aniso_k3,B-A,complete,nan_rate,8925,0.0,0.0,0.0,
aniso_k3,B-A,complete,nan_rate,77395,0.0,0.0,0.0,
aniso_k3,B-A,complete,nan_rate,65457,0.0,0.0,0.0,
aniso_k3,B-A,complete,nfe,8925,0,0,0.0,
aniso_k3,B-A,complete,nfe,77395,0,0,0.0,
aniso_k3,B-A,complete,nfe,65457,0,0,0.0,
aniso_k3,B-A,complete,q950_err,8925,0.0,9.453566151033585e-08,6.684680731791458e-08,0
aniso_k3,B-A,complete,q950_err,77395,1.4180349226550377e-07,9.453566151033585e-08,6.684680731791458e-08,0
aniso_k3,B-A,complete,q950_err,65457,1.4180349226550377e-07,9.453566151033585e-08,6.684680731791458e-08,0
aniso_k3,B-A,complete,q990_err,8925,-6.525631243876895e-08,2.1752104146256317e-08,2.2182880700692696e-07,2
aniso_k3,B-A,complete,q990_err,77395,-1.9576893731630685e-07,2.1752104146256317e-08,2.2182880700692696e-07,2
aniso_k3,B-A,complete,q990_err,65457,3.2628156219384474e-07,2.1752104146256317e-08,2.2182880700692696e-07,2
aniso_k3,B-A,complete,q995_err,8925,1.2609454796280728e-07,0.0,8.91623099351534e-08,2
aniso_k3,B-A,complete,q995_err,77395,-6.304727398140364e-08,0.0,8.91623099351534e-08,2
aniso_k3,B-A,complete,q995_err,65457,-6.304727398140364e-08,0.0,8.91623099351534e-08,2
aniso_k3,B-A,complete,radial_w1,8925,3.725290298461914e-09,1.241763432820638e-09,1.756118687953918e-09,0
aniso_k3,B-A,complete,radial_w1,77395,0.0,1.241763432820638e-09,1.756118687953918e-09,0
aniso_k3,B-A,complete,radial_w1,65457,0.0,1.241763432820638e-09,1.756118687953918e-09,0
aniso_k3,B-A,complete,sample_time_s,8925,0.09727315604686737,0.09806786477565765,0.0015982245017083414,
aniso_k3,B-A,complete,sample_time_s,77395,0.10029765218496323,0.09806786477565765,0.0015982245017083414,
aniso_k3,B-A,complete,sample_time_s,65457,0.09663278609514236,0.09806786477565765,0.0015982245017083414,
aniso_k3,B-A,complete,sliced_w1,8925,0.000768713653087616,0.002127457410097122,0.0022455003180261108,0
aniso_k3,B-A,complete,sliced_w1,77395,0.00032111629843711853,0.002127457410097122,0.0022455003180261108,0
aniso_k3,B-A,complete,sliced_w1,65457,0.005292542278766632,0.002127457410097122,0.0022455003180261108,0
aniso_k3,B-A,complete,tail_exc_95,8925,0.0,0.0,0.0,0
aniso_k3,B-A,complete,tail_exc_95,77395,0.0,0.0,0.0,0
aniso_k3,B-A,complete,tail_exc_95,65457,0.0,0.0,0.0,0
aniso_k3,B-A,complete,tail_exc_99,8925,0.0,0.0,0.0,0
aniso_k3,B-A,complete,tail_exc_99,77395,0.0,0.0,0.0,0
aniso_k3,B-A,complete,tail_exc_99,65457,0.0,0.0,0.0,0
aniso_k3,B-A,complete,total_train_time_s,8925,3.2948857992887497,0.8981799135605494,2.7091999854320683,
aniso_k3,B-A,complete,total_train_time_s,77395,-2.888898104429245,0.8981799135605494,2.7091999854320683,
aniso_k3,B-A,complete,total_train_time_s,65457,2.2885520458221436,0.8981799135605494,2.7091999854320683,
aniso_k3,B-C,complete,angular_sw_bin0,8925,3.462936729192734e-05,0.0005999850109219551,0.00046451163763565947,0
aniso_k3,B-C,complete,angular_sw_bin0,77395,0.0005929451435804367,0.0005999850109219551,0.00046451163763565947,0
aniso_k3,B-C,complete,angular_sw_bin0,65457,0.0011723805218935013,0.0005999850109219551,0.00046451163763565947,0
aniso_k3,B-C,complete,angular_sw_bin1,8925,0.00023866072297096252,0.0003878124989569187,0.00012704508226739984,0
aniso_k3,B-C,complete,angular_sw_bin1,77395,0.00037563592195510864,0.0003878124989569187,0.00012704508226739984,0
aniso_k3,B-C,complete,angular_sw_bin1,65457,0.000549140851944685,0.0003878124989569187,0.00012704508226739984,0
aniso_k3,B-C,complete,angular_sw_bin2,8925,0.0001850132830440998,0.00012274753923217455,0.00024453706322000114,1
aniso_k3,B-C,complete,angular_sw_bin2,77395,-0.00020298641175031662,0.00012274753923217455,0.00024453706322000114,1
aniso_k3,B-C,complete,angular_sw_bin2,65457,0.0003862157464027405,0.00012274753923217455,0.00024453706322000114,1
aniso_k3,B-C,complete,angular_sw_bin3,8925,0.00025530438870191574,-0.0001371434579292933,0.0002861239145972348,2
aniso_k3,B-C,complete,angular_sw_bin3,77395,-0.0002479925751686096,-0.0001371434579292933,0.0002861239145972348,2
aniso_k3,B-C,complete,angular_sw_bin3,65457,-0.00041874218732118607,-0.0001371434579292933,0.0002861239145972348,2
aniso_k3,B-C,complete,angular_sw_mean,8925,0.00017840194050222635,0.00024335039779543877,0.00012807223385576244,0
aniso_k3,B-C,complete,angular_sw_mean,77395,0.00012940051965415478,0.00024335039779543877,0.00012807223385576244,0
aniso_k3,B-C,complete,angular_sw_mean,65457,0.00042224873322993517,0.00024335039779543877,0.00012807223385576244,0
aniso_k3,B-C,complete,exploding_norm_rate,8925,0.0,0.0,0.0,
aniso_k3,B-C,complete,exploding_norm_rate,77395,0.0,0.0,0.0,
aniso_k3,B-C,complete,exploding_norm_rate,65457,0.0,0.0,0.0,
aniso_k3,B-C,complete,inf_rate,8925,0.0,0.0,0.0,
aniso_k3,B-C,complete,inf_rate,77395,0.0,0.0,0.0,
aniso_k3,B-C,complete,inf_rate,65457,0.0,0.0,0.0,
aniso_k3,B-C,complete,invalid_rate,8925,0.0,0.0,0.0,
aniso_k3,B-C,complete,invalid_rate,77395,0.0,0.0,0.0,
aniso_k3,B-C,complete,invalid_rate,65457,0.0,0.0,0.0,
aniso_k3,B-C,complete,ks_stat,8925,0.0,0.0,0.0,0
aniso_k3,B-C,complete,ks_stat,77395,0.0,0.0,0.0,0
aniso_k3,B-C,complete,ks_stat,65457,0.0,0.0,0.0,0
aniso_k3,B-C,complete,mmd,8925,5.125999450683594e-06,1.8437703450520832e-05,3.5859656711085695e-05,1
aniso_k3,B-C,complete,mmd,77395,-1.728534698486328e-05,1.8437703450520832e-05,3.5859656711085695e-05,1
aniso_k3,B-C,complete,mmd,65457,6.747245788574219e-05,1.8437703450520832e-05,3.5859656711085695e-05,1
aniso_k3,B-C,complete,nan_rate,8925,0.0,0.0,0.0,
aniso_k3,B-C,complete,nan_rate,77395,0.0,0.0,0.0,
aniso_k3,B-C,complete,nan_rate,65457,0.0,0.0,0.0,
aniso_k3,B-C,complete,nfe,8925,0,0,0.0,
aniso_k3,B-C,complete,nfe,77395,0,0,0.0,
aniso_k3,B-C,complete,nfe,65457,0,0,0.0,
aniso_k3,B-C,complete,q950_err,8925,0.0,4.7267830755167925e-08,1.7686002810184367e-07,1
aniso_k3,B-C,complete,q950_err,77395,-1.4180349226549022e-07,4.7267830755167925e-08,1.7686002810184367e-07,1
aniso_k3,B-C,complete,q950_err,65457,2.83606984530994e-07,4.7267830755167925e-08,1.7686002810184367e-07,1
aniso_k3,B-C,complete,q990_err,8925,-6.525631243876895e-08,2.1752104146256317e-08,1.2304848277515085e-07,2
aniso_k3,B-C,complete,q990_err,77395,-6.525631243876895e-08,2.1752104146256317e-08,1.2304848277515085e-07,2
aniso_k3,B-C,complete,q990_err,65457,1.9576893731630685e-07,2.1752104146256317e-08,1.2304848277515085e-07,2
aniso_k3,B-C,complete,q995_err,8925,-1.8914182194074147e-07,-6.304727398024716e-08,1.0295576728384291e-07,2
aniso_k3,B-C,complete,q995_err,77395,-6.304727398140364e-08,-6.304727398024716e-08,1.0295576728384291e-07,2
aniso_k3,B-C,complete,q995_err,65457,6.304727398140364e-08,-6.304727398024716e-08,1.0295576728384291e-07,2
aniso_k3,B-C,complete,radial_w1,8925,-3.725290298461914e-09,0.0,5.268356063861754e-09,2
aniso_k3,B-C,complete,radial_w1,77395,-3.725290298461914e-09,0.0,5.268356063861754e-09,2
aniso_k3,B-C,complete,radial_w1,65457,7.450580596923828e-09,0.0,5.268356063861754e-09,2
aniso_k3,B-C,complete,sample_time_s,8925,0.03476549685001373,0.03530328472455343,0.013428854034764619,
aniso_k3,B-C,complete,sample_time_s,77395,0.052012503147125244,0.03530328472455343,0.013428854034764619,
aniso_k3,B-C,complete,sample_time_s,65457,0.0191318541765213,0.03530328472455343,0.013428854034764619,
aniso_k3,B-C,complete,sliced_w1,8925,-3.9905309677124023e-05,0.0013509131968021393,0.0032381313660099858,2
aniso_k3,B-C,complete,sliced_w1,77395,-0.0017322301864624023,0.0013509131968021393,0.0032381313660099858,2
aniso_k3,B-C,complete,sliced_w1,65457,0.005824875086545944,0.0013509131968021393,0.0032381313660099858,2
aniso_k3,B-C,complete,tail_exc_95,8925,0.0,0.0,0.0,0
aniso_k3,B-C,complete,tail_exc_95,77395,0.0,0.0,0.0,0
aniso_k3,B-C,complete,tail_exc_95,65457,0.0,0.0,0.0,0
aniso_k3,B-C,complete,tail_exc_99,8925,0.0,0.0,0.0,0
aniso_k3,B-C,complete,tail_exc_99,77395,0.0,0.0,0.0,0
aniso_k3,B-C,complete,tail_exc_99,65457,0.0,0.0,0.0,0
aniso_k3,B-C,complete,total_train_time_s,8925,-1.0132007449865341,0.33088813970486325,1.030306880439428,
aniso_k3,B-C,complete,total_train_time_s,77395,1.4901360347867012,0.33088813970486325,1.030306880439428,
aniso_k3,B-C,complete,total_train_time_s,65457,0.5157291293144226,0.33088813970486325,1.030306880439428,
aniso_k30,B-A,complete,angular_sw_bin0,8925,-0.0007325587794184685,-0.0004553813487291336,0.000253125117458694,3
aniso_k30,B-A,complete,angular_sw_bin0,77395,-0.000512976199388504,-0.0004553813487291336,0.000253125117458694,3
aniso_k30,B-A,complete,angular_sw_bin0,65457,-0.00012060906738042831,-0.0004553813487291336,0.000253125117458694,3
aniso_k30,B-A,complete,angular_sw_bin1,8925,-4.347134381532669e-05,-4.6347578366597496e-05,0.0003872953348532327,2
aniso_k30,B-A,complete,angular_sw_bin1,77395,-0.000522117130458355,-4.6347578366597496e-05,0.0003872953348532327,2
aniso_k30,B-A,complete,angular_sw_bin1,65457,0.00042654573917388916,-4.6347578366597496e-05,0.0003872953348532327,2
aniso_k30,B-A,complete,angular_sw_bin2,8925,-0.00020550377666950226,-0.000442864994208018,0.00019919913562590995,3
aniso_k30,B-A,complete,angular_sw_bin2,77395,-0.00043014856055378914,-0.000442864994208018,0.00019919913562590995,3
aniso_k30,B-A,complete,angular_sw_bin2,65457,-0.0006929426454007626,-0.000442864994208018,0.00019919913562590995,3
aniso_k30,B-A,complete,angular_sw_bin3,8925,-0.00022133346647024155,-0.0005230214446783066,0.000967959408403269,2
aniso_k30,B-A,complete,angular_sw_bin3,77395,-0.0018302202224731445,-0.0005230214446783066,0.000967959408403269,2
aniso_k30,B-A,complete,angular_sw_bin3,65457,0.00048248935490846634,-0.0005230214446783066,0.000967959408403269,2
aniso_k30,B-A,complete,angular_sw_mean,8925,-0.00030071684159338474,-0.0003669038414955139,0.0003492370531833699,2
aniso_k30,B-A,complete,angular_sw_mean,77395,-0.0008238655282184482,-0.0003669038414955139,0.0003492370531833699,2
aniso_k30,B-A,complete,angular_sw_mean,65457,2.3870845325291157e-05,-0.0003669038414955139,0.0003492370531833699,2
aniso_k30,B-A,complete,exploding_norm_rate,8925,0.0,0.0,0.0,
aniso_k30,B-A,complete,exploding_norm_rate,77395,0.0,0.0,0.0,
aniso_k30,B-A,complete,exploding_norm_rate,65457,0.0,0.0,0.0,
aniso_k30,B-A,complete,inf_rate,8925,0.0,0.0,0.0,
aniso_k30,B-A,complete,inf_rate,77395,0.0,0.0,0.0,
aniso_k30,B-A,complete,inf_rate,65457,0.0,0.0,0.0,
aniso_k30,B-A,complete,invalid_rate,8925,0.0,0.0,0.0,
aniso_k30,B-A,complete,invalid_rate,77395,0.0,0.0,0.0,
aniso_k30,B-A,complete,invalid_rate,65457,0.0,0.0,0.0,
aniso_k30,B-A,complete,ks_stat,8925,0.0,0.0,0.0,0
aniso_k30,B-A,complete,ks_stat,77395,0.0,0.0,0.0,0
aniso_k30,B-A,complete,ks_stat,65457,0.0,0.0,0.0,0
aniso_k30,B-A,complete,mmd,8925,-6.341934204101562e-05,-9.413560231526692e-05,6.712166414686039e-05,3
aniso_k30,B-A,complete,mmd,77395,-0.00018727779388427734,-9.413560231526692e-05,6.712166414686039e-05,3
aniso_k30,B-A,complete,mmd,65457,-3.170967102050781e-05,-9.413560231526692e-05,6.712166414686039e-05,3
aniso_k30,B-A,complete,nan_rate,8925,0.0,0.0,0.0,
aniso_k30,B-A,complete,nan_rate,77395,0.0,0.0,0.0,
aniso_k30,B-A,complete,nan_rate,65457,0.0,0.0,0.0,
aniso_k30,B-A,complete,nfe,8925,0,0,0.0,
aniso_k30,B-A,complete,nfe,77395,0,0,0.0,
aniso_k30,B-A,complete,nfe,65457,0,0,0.0,
aniso_k30,B-A,complete,q950_err,8925,-2.482095404800211e-07,-5.5157675662130534e-08,1.406250322631529e-07,1
aniso_k30,B-A,complete,q950_err,77395,8.273651349362948e-08,-5.5157675662130534e-08,1.406250322631529e-07,1
aniso_k30,B-A,complete,q950_err,65457,0.0,-5.5157675662130534e-08,1.406250322631529e-07,1
aniso_k30,B-A,complete,q990_err,8925,-7.146801666874786e-08,0.0,1.5438856142055105e-07,2
aniso_k30,B-A,complete,q990_err,77395,-1.4293603333836308e-07,0.0,1.5438856142055105e-07,2
aniso_k30,B-A,complete,q990_err,65457,2.1440405000711094e-07,0.0,1.5438856142055105e-07,2
aniso_k30,B-A,complete,q995_err,8925,-2.0388405929175346e-07,-6.796135309725115e-08,1.9222373453471867e-07,2
aniso_k30,B-A,complete,q995_err,77395,2.0388405929175346e-07,-6.796135309725115e-08,1.9222373453471867e-07,2
aniso_k30,B-A,complete,q995_err,65457,-2.0388405929175346e-07,-6.796135309725115e-08,1.9222373453471867e-07,2
aniso_k30,B-A,complete,radial_w1,8925,-5.960464477539063e-08,9.934107462565104e-09,5.065420780174717e-08,1
aniso_k30,B-A,complete,radial_w1,77395,2.9802322387695312e-08,9.934107462565104e-09,5.065420780174717e-08,1
aniso_k30,B-A,complete,radial_w1,65457,5.960464477539063e-08,9.934107462565104e-09,5.065420780174717e-08,1
aniso_k30,B-A,complete,sample_time_s,8925,0.10767439752817154,0.10567850122849147,0.0014250980864822034,
aniso_k30,B-A,complete,sample_time_s,77395,0.10492274165153503,0.10567850122849147,0.0014250980864822034,
aniso_k30,B-A,complete,sample_time_s,65457,0.10443836450576782,0.10567850122849147,0.0014250980864822034,
aniso_k30,B-A,complete,sliced_w1,8925,-0.03195348381996155,-0.03990820050239563,0.03945767671812826,2
aniso_k30,B-A,complete,sliced_w1,77395,-0.09171760082244873,-0.03990820050239563,0.03945767671812826,2
aniso_k30,B-A,complete,sliced_w1,65457,0.003946483135223389,-0.03990820050239563,0.03945767671812826,2
aniso_k30,B-A,complete,tail_exc_95,8925,0.0,0.0,0.0,0
aniso_k30,B-A,complete,tail_exc_95,77395,0.0,0.0,0.0,0
aniso_k30,B-A,complete,tail_exc_95,65457,0.0,0.0,0.0,0
aniso_k30,B-A,complete,tail_exc_99,8925,0.0,0.0,0.0,0
aniso_k30,B-A,complete,tail_exc_99,77395,0.0,0.0,0.0,0
aniso_k30,B-A,complete,tail_exc_99,65457,0.0,0.0,0.0,0
aniso_k30,B-A,complete,total_train_time_s,8925,-0.818712867796421,1.3086147705713909,1.5290035528983914,
aniso_k30,B-A,complete,total_train_time_s,77395,2.707890920341015,1.3086147705713909,1.5290035528983914,
aniso_k30,B-A,complete,total_train_time_s,65457,2.0366662591695786,1.3086147705713909,1.5290035528983914,
aniso_k30,B-C,complete,angular_sw_bin0,8925,-0.002866857685148716,-0.0025012176483869553,0.0003882435559276117,3
aniso_k30,B-C,complete,angular_sw_bin0,77395,-0.0019636722281575203,-0.0025012176483869553,0.0003882435559276117,3
aniso_k30,B-C,complete,angular_sw_bin0,65457,-0.0026731230318546295,-0.0025012176483869553,0.0003882435559276117,3
aniso_k30,B-C,complete,angular_sw_bin1,8925,-0.000492515042424202,-0.0005267776238421599,3.2719392340541704e-05,3
aniso_k30,B-C,complete,angular_sw_bin1,77395,-0.0005708420649170876,-0.0005267776238421599,3.2719392340541704e-05,3
aniso_k30,B-C,complete,angular_sw_bin1,65457,-0.0005169757641851902,-0.0005267776238421599,3.2719392340541704e-05,3
aniso_k30,B-C,complete,angular_sw_bin2,8925,-0.00021267496049404144,-1.949040840069453e-05,0.00018658340376652508,2
aniso_k30,B-C,complete,angular_sw_bin2,77395,-7.855752483010292e-05,-1.949040840069453e-05,0.00018658340376652508,2
aniso_k30,B-C,complete,angular_sw_bin2,65457,0.00023276126012206078,-1.949040840069453e-05,0.00018658340376652508,2
aniso_k30,B-C,complete,angular_sw_bin3,8925,-0.0036721760407090187,-0.003467727762957414,0.0004954951805723289,3
aniso_k30,B-C,complete,angular_sw_bin3,77395,-0.003945955075323582,-0.003467727762957414,0.0004954951805723289,3
aniso_k30,B-C,complete,angular_sw_bin3,65457,-0.0027850521728396416,-0.003467727762957414,0.0004954951805723289,3
aniso_k30,B-C,complete,angular_sw_mean,8925,-0.0018110559321939945,-0.001628803360896806,0.00015347584903636278,3
aniso_k30,B-C,complete,angular_sw_mean,77395,-0.0016397567233070731,-0.001628803360896806,0.00015347584903636278,3
aniso_k30,B-C,complete,angular_sw_mean,65457,-0.0014355974271893501,-0.001628803360896806,0.00015347584903636278,3
aniso_k30,B-C,complete,exploding_norm_rate,8925,0.0,0.0,0.0,
aniso_k30,B-C,complete,exploding_norm_rate,77395,0.0,0.0,0.0,
aniso_k30,B-C,complete,exploding_norm_rate,65457,0.0,0.0,0.0,
aniso_k30,B-C,complete,inf_rate,8925,0.0,0.0,0.0,
aniso_k30,B-C,complete,inf_rate,77395,0.0,0.0,0.0,
aniso_k30,B-C,complete,inf_rate,65457,0.0,0.0,0.0,
aniso_k30,B-C,complete,invalid_rate,8925,0.0,0.0,0.0,
aniso_k30,B-C,complete,invalid_rate,77395,0.0,0.0,0.0,
aniso_k30,B-C,complete,invalid_rate,65457,0.0,0.0,0.0,
aniso_k30,B-C,complete,ks_stat,8925,0.0,0.0,0.0,0
aniso_k30,B-C,complete,ks_stat,77395,0.0,0.0,0.0,0
aniso_k30,B-C,complete,ks_stat,65457,0.0,0.0,0.0,0
aniso_k30,B-C,complete,mmd,8925,-0.00010144710540771484,-4.7206878662109375e-05,3.87740011314293e-05,3
aniso_k30,B-C,complete,mmd,77395,-2.7060508728027344e-05,-4.7206878662109375e-05,3.87740011314293e-05,3
aniso_k30,B-C,complete,mmd,65457,-1.3113021850585938e-05,-4.7206878662109375e-05,3.87740011314293e-05,3
aniso_k30,B-C,complete,nan_rate,8925,0.0,0.0,0.0,
aniso_k30,B-C,complete,nan_rate,77395,0.0,0.0,0.0,
aniso_k30,B-C,complete,nan_rate,65457,0.0,0.0,0.0,
aniso_k30,B-C,complete,nfe,8925,0,0,0.0,
aniso_k30,B-C,complete,nfe,77395,0,0,0.0,
aniso_k30,B-C,complete,nfe,65457,0,0,0.0,
aniso_k30,B-C,complete,q950_err,8925,-1.654730269863916e-07,2.8912057932946783e-19,1.1700709948574651e-07,1
aniso_k30,B-C,complete,q950_err,77395,8.273651349362948e-08,2.8912057932946783e-19,1.1700709948574651e-07,1
aniso_k30,B-C,complete,q950_err,65457,8.273651349362948e-08,2.8912057932946783e-19,1.1700709948574651e-07,1
aniso_k30,B-C,complete,q990_err,8925,0.0,2.3822672222915953e-08,8.913627749556786e-08,1
aniso_k30,B-C,complete,q990_err,77395,1.4293603333749572e-07,2.3822672222915953e-08,8.913627749556786e-08,1
aniso_k30,B-C,complete,q990_err,65457,-7.146801666874786e-08,2.3822672222915953e-08,8.913627749556786e-08,1
aniso_k30,B-C,complete,q995_err,8925,0.0,-4.530756873150077e-08,3.203728908911978e-08,2
aniso_k30,B-C,complete,q995_err,77395,-6.796135309725115e-08,-4.530756873150077e-08,3.203728908911978e-08,2
aniso_k30,B-C,complete,q995_err,65457,-6.796135309725115e-08,-4.530756873150077e-08,3.203728908911978e-08,2
aniso_k30,B-C,complete,radial_w1,8925,-2.9802322387695312e-08,-9.934107462565104e-09,1.4048949503631344e-08,1
aniso_k30,B-C,complete,radial_w1,77395,0.0,-9.934107462565104e-09,1.4048949503631344e-08,1
aniso_k30,B-C,complete,radial_w1,65457,0.0,-9.934107462565104e-09,1.4048949503631344e-08,1
aniso_k30,B-C,complete,sample_time_s,8925,0.03206755965948105,0.0375732829173406,0.0055599897349078746,
aniso_k30,B-C,complete,sample_time_s,77395,0.035464510321617126,0.0375732829173406,0.0055599897349078746,
aniso_k30,B-C,complete,sample_time_s,65457,0.045187778770923615,0.0375732829173406,0.0055599897349078746,
aniso_k30,B-C,complete,sliced_w1,8925,-0.0793604850769043,-0.05246869723002116,0.021222013091794462,3
aniso_k30,B-C,complete,sliced_w1,77395,-0.05056336522102356,-0.05246869723002116,0.021222013091794462,3
aniso_k30,B-C,complete,sliced_w1,65457,-0.02748224139213562,-0.05246869723002116,0.021222013091794462,3
aniso_k30,B-C,complete,tail_exc_95,8925,0.0,0.0,0.0,0
aniso_k30,B-C,complete,tail_exc_95,77395,0.0,0.0,0.0,0
aniso_k30,B-C,complete,tail_exc_95,65457,0.0,0.0,0.0,0
aniso_k30,B-C,complete,tail_exc_99,8925,0.0,0.0,0.0,0
aniso_k30,B-C,complete,tail_exc_99,77395,0.0,0.0,0.0,0
aniso_k30,B-C,complete,tail_exc_99,65457,0.0,0.0,0.0,0
aniso_k30,B-C,complete,total_train_time_s,8925,-0.8348376303911209,-0.25704200317462284,1.684706576946274,
aniso_k30,B-C,complete,total_train_time_s,77395,-1.969885565340519,-0.25704200317462284,1.684706576946274,
aniso_k30,B-C,complete,total_train_time_s,65457,2.0335971862077713,-0.25704200317462284,1.684706576946274,
aniso_k300,B-A,complete,angular_sw_bin0,8925,-0.0056869471445679665,-0.004529630454878013,0.0010394117050767668,3
aniso_k300,B-A,complete,angular_sw_bin0,77395,-0.004735847003757954,-0.004529630454878013,0.0010394117050767668,3
aniso_k300,B-A,complete,angular_sw_bin0,65457,-0.003166097216308117,-0.004529630454878013,0.0010394117050767668,3
aniso_k300,B-A,complete,angular_sw_bin1,8925,-0.008758040145039558,-0.005835894340028365,0.002137725030828952,3
aniso_k300,B-A,complete,angular_sw_bin1,77395,-0.005046089179813862,-0.005835894340028365,0.002137725030828952,3
aniso_k300,B-A,complete,angular_sw_bin1,65457,-0.003703553695231676,-0.005835894340028365,0.002137725030828952,3
aniso_k300,B-A,complete,angular_sw_bin2,8925,-0.009139534551650286,-0.005923167957613866,0.002494711146714136,3
aniso_k300,B-A,complete,angular_sw_bin2,77395,-0.005570617970079184,-0.005923167957613866,0.002494711146714136,3
aniso_k300,B-A,complete,angular_sw_bin2,65457,-0.0030593513511121273,-0.005923167957613866,0.002494711146714136,3
aniso_k300,B-A,complete,angular_sw_bin3,8925,-0.00703821238130331,-0.0066860131919384,0.00025094830013268186,3
aniso_k300,B-A,complete,angular_sw_bin3,77395,-0.0065477206371724606,-0.0066860131919384,0.00025094830013268186,3
aniso_k300,B-A,complete,angular_sw_bin3,65457,-0.00647210655733943,-0.0066860131919384,0.00025094830013268186,3
aniso_k300,B-A,complete,angular_sw_mean,8925,-0.00765568355564028,-0.005743676486114661,0.0014638627411845578,3
aniso_k300,B-A,complete,angular_sw_mean,77395,-0.005475068697705865,-0.005743676486114661,0.0014638627411845578,3
aniso_k300,B-A,complete,angular_sw_mean,65457,-0.0041002772049978375,-0.005743676486114661,0.0014638627411845578,3
aniso_k300,B-A,complete,exploding_norm_rate,8925,0.0,0.0,0.0,
aniso_k300,B-A,complete,exploding_norm_rate,77395,0.0,0.0,0.0,
aniso_k300,B-A,complete,exploding_norm_rate,65457,0.0,0.0,0.0,
aniso_k300,B-A,complete,inf_rate,8925,0.0,0.0,0.0,
aniso_k300,B-A,complete,inf_rate,77395,0.0,0.0,0.0,
aniso_k300,B-A,complete,inf_rate,65457,0.0,0.0,0.0,
aniso_k300,B-A,complete,invalid_rate,8925,0.0,0.0,0.0,
aniso_k300,B-A,complete,invalid_rate,77395,0.0,0.0,0.0,
aniso_k300,B-A,complete,invalid_rate,65457,0.0,0.0,0.0,
aniso_k300,B-A,complete,ks_stat,8925,0.0,0.0,0.0,0
aniso_k300,B-A,complete,ks_stat,77395,0.0,0.0,0.0,0
aniso_k300,B-A,complete,ks_stat,65457,0.0,0.0,0.0,0
aniso_k300,B-A,complete,mmd,8925,-0.0016522407531738281,-0.0014081796010335286,0.0002617571859789982,3
aniso_k300,B-A,complete,mmd,77395,-0.0015271902084350586,-0.0014081796010335286,0.0002617571859789982,3
aniso_k300,B-A,complete,mmd,65457,-0.0010451078414916992,-0.0014081796010335286,0.0002617571859789982,3
aniso_k300,B-A,complete,nan_rate,8925,0.0,0.0,0.0,
aniso_k300,B-A,complete,nan_rate,77395,0.0,0.0,0.0,
aniso_k300,B-A,complete,nan_rate,65457,0.0,0.0,0.0,
aniso_k300,B-A,complete,nfe,8925,0,0,0.0,
aniso_k300,B-A,complete,nfe,77395,0,0,0.0,
aniso_k300,B-A,complete,nfe,65457,0,0,0.0,
aniso_k300,B-A,complete,q950_err,8925,1.5417002950050135e-07,7.708501475010611e-08,6.2939650984343e-08,0
aniso_k300,B-A,complete,q950_err,77395,7.7085014749817e-08,7.708501475010611e-08,6.2939650984343e-08,0
aniso_k300,B-A,complete,q950_err,65457,0.0,7.708501475010611e-08,6.2939650984343e-08,0
aniso_k300,B-A,complete,q990_err,8925,6.651390639655919e-08,4.434260426668576e-08,1.3667308532470403e-07,1
aniso_k300,B-A,complete,q990_err,77395,-1.3302781278617948e-07,4.434260426668576e-08,1.3667308532470403e-07,1
aniso_k300,B-A,complete,q990_err,65457,1.9954171918967756e-07,4.434260426668576e-08,1.3667308532470403e-07,1
aniso_k300,B-A,complete,q995_err,8925,3.771262851379187e-07,0.0,2.71561962725853e-07,2
aniso_k300,B-A,complete,q995_err,77395,-2.514175234252791e-07,0.0,2.71561962725853e-07,2
aniso_k300,B-A,complete,q995_err,65457,-1.2570876171263956e-07,0.0,2.71561962725853e-07,2
aniso_k300,B-A,complete,radial_w1,8925,-4.76837158203125e-07,-4.76837158203125e-07,1.9466795466607238e-07,3
aniso_k300,B-A,complete,radial_w1,77395,-7.152557373046875e-07,-4.76837158203125e-07,1.9466795466607238e-07,3
aniso_k300,B-A,complete,radial_w1,65457,-2.384185791015625e-07,-4.76837158203125e-07,1.9466795466607238e-07,3
aniso_k300,B-A,complete,sample_time_s,8925,0.07738131284713745,0.08351289480924606,0.007352165320483901,
aniso_k300,B-A,complete,sample_time_s,77395,0.09385084360837936,0.08351289480924606,0.007352165320483901,
aniso_k300,B-A,complete,sample_time_s,65457,0.07930652797222137,0.08351289480924606,0.007352165320483901,
aniso_k300,B-A,complete,sliced_w1,8925,-3.864776372909546,-3.5288782119750977,0.3675875654952688,3
aniso_k300,B-A,complete,sliced_w1,77395,-3.7045280933380127,-3.5288782119750977,0.3675875654952688,3
aniso_k300,B-A,complete,sliced_w1,65457,-3.0173301696777344,-3.5288782119750977,0.3675875654952688,3
aniso_k300,B-A,complete,tail_exc_95,8925,0.0,0.0,0.0,0
aniso_k300,B-A,complete,tail_exc_95,77395,0.0,0.0,0.0,0
aniso_k300,B-A,complete,tail_exc_95,65457,0.0,0.0,0.0,0
aniso_k300,B-A,complete,tail_exc_99,8925,0.0,0.0,0.0,0
aniso_k300,B-A,complete,tail_exc_99,77395,0.0,0.0,0.0,0
aniso_k300,B-A,complete,tail_exc_99,65457,0.0,0.0,0.0,0
aniso_k300,B-A,complete,total_train_time_s,8925,-4.439769051969051,0.2379243200023969,3.349698723808297,
aniso_k300,B-A,complete,total_train_time_s,77395,3.224930591881275,0.2379243200023969,3.349698723808297,
aniso_k300,B-A,complete,total_train_time_s,65457,1.9286114200949669,0.2379243200023969,3.349698723808297,
aniso_k300,B-C,complete,angular_sw_bin0,8925,-0.005122523754835129,-0.004630181317528089,0.00040217118159150886,3
aniso_k300,B-C,complete,angular_sw_bin0,77395,-0.0041374098509550095,-0.004630181317528089,0.00040217118159150886,3
aniso_k300,B-C,complete,angular_sw_bin0,65457,-0.004630610346794128,-0.004630181317528089,0.00040217118159150886,3
aniso_k300,B-C,complete,angular_sw_bin1,8925,-0.0013884985819458961,-0.0014155139215290546,0.0003146636308250175,3
aniso_k300,B-C,complete,angular_sw_bin1,77395,-0.0010443497449159622,-0.0014155139215290546,0.0003146636308250175,3
aniso_k300,B-C,complete,angular_sw_bin1,65457,-0.0018136934377253056,-0.0014155139215290546,0.0003146636308250175,3
aniso_k300,B-C,complete,angular_sw_bin2,8925,-0.00030959537252783775,-0.0009524283620218436,0.000836507441372568,3
aniso_k300,B-C,complete,angular_sw_bin2,77395,-0.0004137917421758175,-0.0009524283620218436,0.000836507441372568,3
aniso_k300,B-C,complete,angular_sw_bin2,65457,-0.0021338979713618755,-0.0009524283620218436,0.000836507441372568,3
aniso_k300,B-C,complete,angular_sw_bin3,8925,-0.004606042988598347,-0.006310848519206047,0.0012094842520169805,3
aniso_k300,B-C,complete,angular_sw_bin3,77395,-0.007042807061225176,-0.006310848519206047,0.0012094842520169805,3
aniso_k300,B-C,complete,angular_sw_bin3,65457,-0.007283695507794619,-0.006310848519206047,0.0012094842520169805,3
aniso_k300,B-C,complete,angular_sw_mean,8925,-0.0028566651744768023,-0.0033272430300712585,0.00046793531073087533,3
aniso_k300,B-C,complete,angular_sw_mean,77395,-0.0031595895998179913,-0.0033272430300712585,0.00046793531073087533,3
aniso_k300,B-C,complete,angular_sw_mean,65457,-0.003965474315918982,-0.0033272430300712585,0.00046793531073087533,3
aniso_k300,B-C,complete,exploding_norm_rate,8925,0.0,0.0,0.0,
aniso_k300,B-C,complete,exploding_norm_rate,77395,0.0,0.0,0.0,
aniso_k300,B-C,complete,exploding_norm_rate,65457,0.0,0.0,0.0,
aniso_k300,B-C,complete,inf_rate,8925,0.0,0.0,0.0,
aniso_k300,B-C,complete,inf_rate,77395,0.0,0.0,0.0,
aniso_k300,B-C,complete,inf_rate,65457,0.0,0.0,0.0,
aniso_k300,B-C,complete,invalid_rate,8925,0.0,0.0,0.0,
aniso_k300,B-C,complete,invalid_rate,77395,0.0,0.0,0.0,
aniso_k300,B-C,complete,invalid_rate,65457,0.0,0.0,0.0,
aniso_k300,B-C,complete,ks_stat,8925,0.0,0.0,0.0,0
aniso_k300,B-C,complete,ks_stat,77395,0.0,0.0,0.0,0
aniso_k300,B-C,complete,ks_stat,65457,0.0,0.0,0.0,0
aniso_k300,B-C,complete,mmd,8925,-8.058547973632812e-05,-0.0002123117446899414,0.00012890447621574986,3
aniso_k300,B-C,complete,mmd,77395,-0.0001690387725830078,-0.0002123117446899414,0.00012890447621574986,3
aniso_k300,B-C,complete,mmd,65457,-0.0003873109817504883,-0.0002123117446899414,0.00012890447621574986,3
aniso_k300,B-C,complete,nan_rate,8925,0.0,0.0,0.0,
aniso_k300,B-C,complete,nan_rate,77395,0.0,0.0,0.0,
aniso_k300,B-C,complete,nan_rate,65457,0.0,0.0,0.0,
aniso_k300,B-C,complete,nfe,8925,0,0,0.0,
aniso_k300,B-C,complete,nfe,77395,0,0,0.0,
aniso_k300,B-C,complete,nfe,65457,0,0,0.0,
aniso_k300,B-C,complete,q950_err,8925,-7.708501475068436e-08,-7.708501475039524e-08,6.2939650984343e-08,2
aniso_k300,B-C,complete,q950_err,77395,0.0,-7.708501475039524e-08,6.2939650984343e-08,2
aniso_k300,B-C,complete,q950_err,65457,-1.5417002950050135e-07,-7.708501475039524e-08,6.2939650984343e-08,2
aniso_k300,B-C,complete,q990_err,8925,-1.3302781278617948e-07,-4.4342604262059826e-08,6.270991233834802e-08,1
aniso_k300,B-C,complete,q990_err,77395,0.0,-4.4342604262059826e-08,6.270991233834802e-08,1
aniso_k300,B-C,complete,q990_err,65457,0.0,-4.4342604262059826e-08,6.270991233834802e-08,1
aniso_k300,B-C,complete,q995_err,8925,2.514175234252791e-07,8.380584113944674e-08,2.3703871429588786e-07,1
aniso_k300,B-C,complete,q995_err,77395,2.5141752341834023e-07,8.380584113944674e-08,2.3703871429588786e-07,1
aniso_k300,B-C,complete,q995_err,65457,-2.514175234252791e-07,8.380584113944674e-08,2.3703871429588786e-07,1
aniso_k300,B-C,complete,radial_w1,8925,7.152557373046875e-07,6.357828776041666e-07,4.899036091938795e-07,0
aniso_k300,B-C,complete,radial_w1,77395,0.0,6.357828776041666e-07,4.899036091938795e-07,0
aniso_k300,B-C,complete,radial_w1,65457,1.1920928955078125e-06,6.357828776041666e-07,4.899036091938795e-07,0
aniso_k300,B-C,complete,sample_time_s,8925,0.035014793276786804,0.031199959417184193,0.00537384068665907,
aniso_k300,B-C,complete,sample_time_s,77395,0.03498486429452896,0.031199959417184193,0.00537384068665907,
aniso_k300,B-C,complete,sample_time_s,65457,0.023600220680236816,0.031199959417184193,0.00537384068665907,
aniso_k300,B-C,complete,sliced_w1,8925,-0.7271661758422852,-1.2283423741658528,0.40570863259347073,3
aniso_k300,B-C,complete,sliced_w1,77395,-1.2370295524597168,-1.2283423741658528,0.40570863259347073,3
aniso_k300,B-C,complete,sliced_w1,65457,-1.7208313941955566,-1.2283423741658528,0.40570863259347073,3
aniso_k300,B-C,complete,tail_exc_95,8925,0.0,0.0,0.0,0
aniso_k300,B-C,complete,tail_exc_95,77395,0.0,0.0,0.0,0
aniso_k300,B-C,complete,tail_exc_95,65457,0.0,0.0,0.0,0
aniso_k300,B-C,complete,tail_exc_99,8925,0.0,0.0,0.0,0
aniso_k300,B-C,complete,tail_exc_99,77395,0.0,0.0,0.0,0
aniso_k300,B-C,complete,tail_exc_99,65457,0.0,0.0,0.0,0
aniso_k300,B-C,complete,total_train_time_s,8925,-0.735921174287796,-1.2643306081493695,0.4764348973797885,
aniso_k300,B-C,complete,total_train_time_s,77395,-1.1664953827857971,-1.2643306081493695,0.4764348973797885,
aniso_k300,B-C,complete,total_train_time_s,65457,-1.8905752673745155,-1.2643306081493695,0.4764348973797885,
audiomnist_stft,B-A,complete,PIT,8925,-6.333333333330415e-06,-1.0111111111099635e-05,2.674756248262821e-06,
audiomnist_stft,B-A,complete,PIT,1234,-1.1833333333322038e-05,-1.0111111111099635e-05,2.674756248262821e-06,
audiomnist_stft,B-A,complete,PIT,7,-1.2166666666646453e-05,-1.0111111111099635e-05,2.674756248262821e-06,
audiomnist_stft,B-A,complete,angular_sw_bin0,8925,-4.471512511372566e-06,-6.528881688912709e-06,1.4599757037622718e-05,2
audiomnist_stft,B-A,complete,angular_sw_bin0,1234,-2.5349552743136883e-05,-6.528881688912709e-06,1.4599757037622718e-05,2
audiomnist_stft,B-A,complete,angular_sw_bin0,7,1.023442018777132e-05,-6.528881688912709e-06,1.4599757037622718e-05,2
audiomnist_stft,B-A,complete,angular_sw_bin1,8925,1.4250748790800571e-05,6.022261610875527e-06,1.6412709260268516e-05,1
audiomnist_stft,B-A,complete,angular_sw_bin1,1234,2.0703882910311222e-05,6.022261610875527e-06,1.6412709260268516e-05,1
audiomnist_stft,B-A,complete,angular_sw_bin1,7,-1.6887846868485212e-05,6.022261610875527e-06,1.6412709260268516e-05,1
audiomnist_stft,B-A,complete,angular_sw_bin2,8925,-5.493173375725746e-06,-3.211743508776029e-06,1.7341094459393366e-06,3
audiomnist_stft,B-A,complete,angular_sw_bin2,1234,-1.291919033974409e-06,-3.211743508776029e-06,1.7341094459393366e-06,3
audiomnist_stft,B-A,complete,angular_sw_bin2,7,-2.8501381166279316e-06,-3.211743508776029e-06,1.7341094459393366e-06,3
audiomnist_stft,B-A,complete,angular_sw_bin3,8925,1.2499862350523472e-05,-9.819845824191967e-06,1.5939052147384227e-05,2
audiomnist_stft,B-A,complete,angular_sw_bin3,1234,-2.370972651988268e-05,-9.819845824191967e-06,1.5939052147384227e-05,2
audiomnist_stft,B-A,complete,angular_sw_bin3,7,-1.8249673303216696e-05,-9.819845824191967e-06,1.5939052147384227e-05,2
audiomnist_stft,B-A,complete,angular_sw_mean,8925,4.196481313556433e-06,-3.3845523527512946e-06,5.3640848069504025e-06,2
audiomnist_stft,B-A,complete,angular_sw_mean,1234,-7.411828846670687e-06,-3.3845523527512946e-06,5.3640848069504025e-06,2
audiomnist_stft,B-A,complete,angular_sw_mean,7,-6.93830952513963e-06,-3.3845523527512946e-06,5.3640848069504025e-06,2
audiomnist_stft,B-A,complete,cov<q10,8925,0.0,0.0,0.0,
audiomnist_stft,B-A,complete,cov<q10,1234,0.0,0.0,0.0,
audiomnist_stft,B-A,complete,cov<q10,7,0.0,0.0,0.0,
audiomnist_stft,B-A,complete,cov>q90,8925,0.0,0.0,0.0,
audiomnist_stft,B-A,complete,cov>q90,1234,0.0,0.0,0.0,
audiomnist_stft,B-A,complete,cov>q90,7,0.0,0.0,0.0,
audiomnist_stft,B-A,complete,cov>q95,8925,0.0,0.0,0.0,
audiomnist_stft,B-A,complete,cov>q95,1234,0.0,0.0,0.0,
audiomnist_stft,B-A,complete,cov>q95,7,0.0,0.0,0.0,
audiomnist_stft,B-A,complete,cov>q99,8925,0.0,0.0,0.0,
audiomnist_stft,B-A,complete,cov>q99,1234,0.0,0.0,0.0,
audiomnist_stft,B-A,complete,cov>q99,7,0.0,0.0,0.0,
audiomnist_stft,B-A,complete,digit_acc,8925,-0.02100000000000002,-0.011833333333333326,0.021222367655115457,1
audiomnist_stft,B-A,complete,digit_acc,1234,0.01750000000000007,-0.011833333333333326,0.021222367655115457,1
audiomnist_stft,B-A,complete,digit_acc,7,-0.03200000000000003,-0.011833333333333326,0.021222367655115457,1
audiomnist_stft,B-A,complete,energy_KS,8925,0.0,0.0,0.0,0
audiomnist_stft,B-A,complete,energy_KS,1234,0.0,0.0,0.0,0
audiomnist_stft,B-A,complete,energy_KS,7,0.0,0.0,0.0,0
audiomnist_stft,B-A,complete,nfe,8925,0,0,0.0,
audiomnist_stft,B-A,complete,nfe,1234,0,0,0.0,
audiomnist_stft,B-A,complete,nfe,7,0,0,0.0,
audiomnist_stft,B-A,complete,radial_w1,8925,7.710794607790339e-06,1.6459839211564742e-05,6.718775404787474e-06,0
audiomnist_stft,B-A,complete,radial_w1,1234,2.4044280250871963e-05,1.6459839211564742e-05,6.718775404787474e-06,0
audiomnist_stft,B-A,complete,radial_w1,7,1.7624442776031923e-05,1.6459839211564742e-05,6.718775404787474e-06,0
audiomnist_stft,B-A,complete,sample_time_s,8925,9.918425232172012,3.1995266899466515,7.206506443568495,
audiomnist_stft,B-A,complete,sample_time_s,1234,-6.796405419707298,3.1995266899466515,7.206506443568495,
audiomnist_stft,B-A,complete,sample_time_s,7,6.47656025737524,3.1995266899466515,7.206506443568495,
audiomnist_stft,B-A,complete,total_train_time_s,8925,24.211845874786377,17.476323907574017,16.844132899166436,
audiomnist_stft,B-A,complete,total_train_time_s,1234,33.8964829146862,17.476323907574017,16.844132899166436,
audiomnist_stft,B-A,complete,total_train_time_s,7,-5.679357066750526,17.476323907574017,16.844132899166436,
audiomnist_stft,B-C,complete,PIT,8925,2.166666666691963e-06,8.333333333387927e-07,9.428090415960904e-07,
audiomnist_stft,B-C,complete,PIT,1234,1.66666666689963e-07,8.333333333387927e-07,9.428090415960904e-07,
audiomnist_stft,B-C,complete,PIT,7,1.6666666663445184e-07,8.333333333387927e-07,9.428090415960904e-07,
audiomnist_stft,B-C,complete,angular_sw_bin0,8925,-2.2525200620293617e-06,-3.6243388118843236e-06,6.783970828333731e-06,2
audiomnist_stft,B-C,complete,angular_sw_bin0,1234,-1.2533506378531456e-05,-3.6243388118843236e-06,6.783970828333731e-06,2
audiomnist_stft,B-C,complete,angular_sw_bin0,7,3.9130100049078465e-06,-3.6243388118843236e-06,6.783970828333731e-06,2
audiomnist_stft,B-C,complete,angular_sw_bin1,8925,6.319896783679724e-06,-2.651281344393889e-06,6.347413572900547e-06,2
audiomnist_stft,B-C,complete,angular_sw_bin1,1234,-7.406983058899641e-06,-2.651281344393889e-06,6.347413572900547e-06,2
audiomnist_stft,B-C,complete,angular_sw_bin1,7,-6.86675775796175e-06,-2.651281344393889e-06,6.347413572900547e-06,2
audiomnist_stft,B-C,complete,angular_sw_bin2,8925,2.9644579626619816e-06,5.641059639553229e-06,4.5934240057025135e-06,0
audiomnist_stft,B-C,complete,angular_sw_bin2,1234,1.8533319234848022e-06,5.641059639553229e-06,4.5934240057025135e-06,0
audiomnist_stft,B-C,complete,angular_sw_bin2,7,1.2105389032512903e-05,5.641059639553229e-06,4.5934240057025135e-06,0
audiomnist_stft,B-C,complete,angular_sw_bin3,8925,7.835798896849155e-06,-4.418388319512208e-06,8.707417097575226e-06,2
audiomnist_stft,B-C,complete,angular_sw_bin3,1234,-1.1596595868468285e-05,-4.418388319512208e-06,8.707417097575226e-06,2
audiomnist_stft,B-C,complete,angular_sw_bin3,7,-9.494367986917496e-06,-4.418388319512208e-06,8.707417097575226e-06,2
audiomnist_stft,B-C,complete,angular_sw_mean,8925,3.7169083952903748e-06,-1.263237209059298e-06,4.622617244192774e-06,2
audiomnist_stft,B-C,complete,angular_sw_mean,1234,-7.420938345603645e-06,-1.263237209059298e-06,4.622617244192774e-06,2
audiomnist_stft,B-C,complete,angular_sw_mean,7,-8.568167686462402e-08,-1.263237209059298e-06,4.622617244192774e-06,2
audiomnist_stft,B-C,complete,cov<q10,8925,0.0,0.0,0.0,
audiomnist_stft,B-C,complete,cov<q10,1234,0.0,0.0,0.0,
audiomnist_stft,B-C,complete,cov<q10,7,0.0,0.0,0.0,
audiomnist_stft,B-C,complete,cov>q90,8925,0.0,0.0,0.0,
audiomnist_stft,B-C,complete,cov>q90,1234,0.0,0.0,0.0,
audiomnist_stft,B-C,complete,cov>q90,7,0.0,0.0,0.0,
audiomnist_stft,B-C,complete,cov>q95,8925,0.0,0.0,0.0,
audiomnist_stft,B-C,complete,cov>q95,1234,0.0,0.0,0.0,
audiomnist_stft,B-C,complete,cov>q95,7,0.0,0.0,0.0,
audiomnist_stft,B-C,complete,cov>q99,8925,0.0,0.0,0.0,
audiomnist_stft,B-C,complete,cov>q99,1234,0.0,0.0,0.0,
audiomnist_stft,B-C,complete,cov>q99,7,0.0,0.0,0.0,
audiomnist_stft,B-C,complete,digit_acc,8925,-0.0040000000000000036,-0.010333333333333342,0.006944222218666559,0
audiomnist_stft,B-C,complete,digit_acc,1234,-0.007000000000000006,-0.010333333333333342,0.006944222218666559,0
audiomnist_stft,B-C,complete,digit_acc,7,-0.020000000000000018,-0.010333333333333342,0.006944222218666559,0
audiomnist_stft,B-C,complete,energy_KS,8925,0.0,0.0,0.0,0
audiomnist_stft,B-C,complete,energy_KS,1234,0.0,0.0,0.0,0
audiomnist_stft,B-C,complete,energy_KS,7,0.0,0.0,0.0,0
audiomnist_stft,B-C,complete,nfe,8925,0,0,0.0,
audiomnist_stft,B-C,complete,nfe,1234,0,0,0.0,
audiomnist_stft,B-C,complete,nfe,7,0,0,0.0,
audiomnist_stft,B-C,complete,radial_w1,8925,-5.0188700358166916e-06,-1.451111502119573e-06,2.6919198775371777e-06,2
audiomnist_stft,B-C,complete,radial_w1,1234,1.482973496128026e-06,-1.451111502119573e-06,2.6919198775371777e-06,2
audiomnist_stft,B-C,complete,radial_w1,7,-8.174379666700538e-07,-1.451111502119573e-06,2.6919198775371777e-06,2
audiomnist_stft,B-C,complete,sample_time_s,8925,14.228372871875763,6.851115822792053,9.049419851320446,
audiomnist_stft,B-C,complete,sample_time_s,1234,-5.8940053060650826,6.851115822792053,9.049419851320446,
audiomnist_stft,B-C,complete,sample_time_s,7,12.21897990256548,6.851115822792053,9.049419851320446,
audiomnist_stft,B-C,complete,total_train_time_s,8925,-3.765704460442066,14.12035571038723,21.97392231920003,
audiomnist_stft,B-C,complete,total_train_time_s,1234,45.0712601095438,14.12035571038723,21.97392231920003,
audiomnist_stft,B-C,complete,total_train_time_s,7,1.0555114820599556,14.12035571038723,21.97392231920003,
finance_ff49,B-A,complete,angular_sw_bin0,8925,0.0012594349682331085,0.0006652247781554858,0.0005707775031437739,1
finance_ff49,B-A,complete,angular_sw_bin0,77395,0.0008412646129727364,0.0006652247781554858,0.0005707775031437739,1
finance_ff49,B-A,complete,angular_sw_bin0,65457,-0.00010502524673938751,0.0006652247781554858,0.0005707775031437739,1
finance_ff49,B-A,complete,angular_sw_bin1,8925,0.00041224248707294464,0.0005394363154967626,9.935565535077353e-05,0
finance_ff49,B-A,complete,angular_sw_bin1,77395,0.0006547402590513229,0.0005394363154967626,9.935565535077353e-05,0
finance_ff49,B-A,complete,angular_sw_bin1,65457,0.0005513262003660202,0.0005394363154967626,9.935565535077353e-05,0
finance_ff49,B-A,complete,angular_sw_bin2,8925,0.0002911984920501709,-3.894666830698649e-05,0.00035388148904449247,1
finance_ff49,B-A,complete,angular_sw_bin2,77395,-0.000529751181602478,-3.894666830698649e-05,0.00035388148904449247,1
finance_ff49,B-A,complete,angular_sw_bin2,65457,0.00012171268463134766,-3.894666830698649e-05,0.00035388148904449247,1
finance_ff49,B-A,complete,angular_sw_bin3,8925,-0.0007188990712165833,-0.0006522871553897858,0.0018590385286867148,2
finance_ff49,B-A,complete,angular_sw_bin3,77395,0.001657135784626007,-0.0006522871553897858,0.0018590385286867148,2
finance_ff49,B-A,complete,angular_sw_bin3,65457,-0.002895098179578781,-0.0006522871553897858,0.0018590385286867148,2
finance_ff49,B-A,complete,angular_sw_mean,8925,0.0003109942190349102,0.00012835681748886904,0.0005214992526363501,1
finance_ff49,B-A,complete,angular_sw_mean,77395,0.0006558473687618971,0.00012835681748886904,0.0005214992526363501,1
finance_ff49,B-A,complete,angular_sw_mean,65457,-0.0005817711353302002,0.00012835681748886904,0.0005214992526363501,1
finance_ff49,B-A,complete,exploding_norm_rate,8925,0.0,0.0,0.0,
finance_ff49,B-A,complete,exploding_norm_rate,77395,0.0,0.0,0.0,
finance_ff49,B-A,complete,exploding_norm_rate,65457,0.0,0.0,0.0,
finance_ff49,B-A,complete,inf_rate,8925,0.0,0.0,0.0,
finance_ff49,B-A,complete,inf_rate,77395,0.0,0.0,0.0,
finance_ff49,B-A,complete,inf_rate,65457,0.0,0.0,0.0,
finance_ff49,B-A,complete,invalid_rate,8925,0.0,0.0,0.0,
finance_ff49,B-A,complete,invalid_rate,77395,0.0,0.0,0.0,
finance_ff49,B-A,complete,invalid_rate,65457,0.0,0.0,0.0,
finance_ff49,B-A,complete,ks_stat,8925,0.0,0.0,0.0,0
finance_ff49,B-A,complete,ks_stat,77395,0.0,0.0,0.0,0
finance_ff49,B-A,complete,ks_stat,65457,0.0,0.0,0.0,0
finance_ff49,B-A,complete,mmd,8925,0.0003082752227783203,4.589557647705078e-05,0.00019042021408197178,2
finance_ff49,B-A,complete,mmd,77395,-0.00013780593872070312,4.589557647705078e-05,0.00019042021408197178,2
finance_ff49,B-A,complete,mmd,65457,-3.2782554626464844e-05,4.589557647705078e-05,0.00019042021408197178,2
finance_ff49,B-A,complete,nan_rate,8925,0.0,0.0,0.0,
finance_ff49,B-A,complete,nan_rate,77395,0.0,0.0,0.0,
finance_ff49,B-A,complete,nan_rate,65457,0.0,0.0,0.0,
finance_ff49,B-A,complete,nfe,8925,0,0,0.0,
finance_ff49,B-A,complete,nfe,77395,0,0,0.0,
finance_ff49,B-A,complete,nfe,65457,0,0,0.0,
finance_ff49,B-A,complete,q950_err,8925,0.0,-2.1420010006452845e-08,3.029246865729302e-08,1
finance_ff49,B-A,complete,q950_err,77395,0.0,-2.1420010006452845e-08,3.029246865729302e-08,1
finance_ff49,B-A,complete,q950_err,65457,-6.426003001935854e-08,-2.1420010006452845e-08,3.029246865729302e-08,1
finance_ff49,B-A,complete,q990_err,8925,0.0,2.6543126474543044e-08,9.931528519704101e-08,1
finance_ff49,B-A,complete,q990_err,77395,-7.962937936811798e-08,2.6543126474543044e-08,9.931528519704101e-08,1
finance_ff49,B-A,complete,q990_err,65457,1.592587587917471e-07,2.6543126474543044e-08,9.931528519704101e-08,1
finance_ff49,B-A,complete,q995_err,8925,5.834606636723194e-08,3.8897377578154625e-08,2.7504599455886703e-08,0
finance_ff49,B-A,complete,q995_err,77395,5.834606636723194e-08,3.8897377578154625e-08,2.7504599455886703e-08,0
finance_ff49,B-A,complete,q995_err,65457,0.0,3.8897377578154625e-08,2.7504599455886703e-08,0
finance_ff49,B-A,complete,radial_w1,8925,0.0,-3.9736429850260414e-08,5.6195798014525375e-08,1
finance_ff49,B-A,complete,radial_w1,77395,0.0,-3.9736429850260414e-08,5.6195798014525375e-08,1
finance_ff49,B-A,complete,radial_w1,65457,-1.1920928955078125e-07,-3.9736429850260414e-08,5.6195798014525375e-08,1
finance_ff49,B-A,complete,sample_time_s,8925,0.08878368884325027,0.07933918138345082,0.013314983786566998,
finance_ff49,B-A,complete,sample_time_s,77395,0.060508981347084045,0.07933918138345082,0.013314983786566998,
finance_ff49,B-A,complete,sample_time_s,65457,0.08872487396001816,0.07933918138345082,0.013314983786566998,
finance_ff49,B-A,complete,sliced_w1,8925,0.00397859513759613,0.0008254647254943848,0.002328469008714572,1
finance_ff49,B-A,complete,sliced_w1,77395,-0.0015732795000076294,0.0008254647254943848,0.002328469008714572,1
finance_ff49,B-A,complete,sliced_w1,65457,7.107853889465332e-05,0.0008254647254943848,0.002328469008714572,1
finance_ff49,B-A,complete,tail_exc_95,8925,0.0,0.0,0.0,0
finance_ff49,B-A,complete,tail_exc_95,77395,0.0,0.0,0.0,0
finance_ff49,B-A,complete,tail_exc_95,65457,0.0,0.0,0.0,0
finance_ff49,B-A,complete,tail_exc_99,8925,0.0,0.0,0.0,0
finance_ff49,B-A,complete,tail_exc_99,77395,0.0,0.0,0.0,0
finance_ff49,B-A,complete,tail_exc_99,65457,0.0,0.0,0.0,0
finance_ff49,B-A,complete,total_train_time_s,8925,2.28456998616457,0.4749000146985054,2.36766076488954,
finance_ff49,B-A,complete,total_train_time_s,77395,2.0098492801189423,0.4749000146985054,2.36766076488954,
finance_ff49,B-A,complete,total_train_time_s,65457,-2.869719222187996,0.4749000146985054,2.36766076488954,
finance_ff49,B-C,complete,angular_sw_bin0,8925,-0.003424622118473053,-0.004141611667970817,0.0005471712181862163,3
finance_ff49,B-C,complete,angular_sw_bin0,77395,-0.004752175882458687,-0.004141611667970817,0.0005471712181862163,3
finance_ff49,B-C,complete,angular_sw_bin0,65457,-0.004248037002980709,-0.004141611667970817,0.0005471712181862163,3
finance_ff49,B-C,complete,angular_sw_bin1,8925,-0.0007520671933889389,2.845500906308492e-06,0.0005348340073642169,1
finance_ff49,B-C,complete,angular_sw_bin1,77395,0.00033966638147830963,2.845500906308492e-06,0.0005348340073642169,1
finance_ff49,B-C,complete,angular_sw_bin1,65457,0.00042093731462955475,2.845500906308492e-06,0.0005348340073642169,1
finance_ff49,B-C,complete,angular_sw_bin2,8925,0.0008027944713830948,0.0008988957852125168,0.0001397673325058872,0
finance_ff49,B-C,complete,angular_sw_bin2,77395,0.0007973611354827881,0.0008988957852125168,0.0001397673325058872,0
finance_ff49,B-C,complete,angular_sw_bin2,65457,0.0010965317487716675,0.0008988957852125168,0.0001397673325058872,0
finance_ff49,B-C,complete,angular_sw_bin3,8925,-0.008021457120776176,-0.008085666224360466,0.002718188716531934,3
finance_ff49,B-C,complete,angular_sw_bin3,77395,-0.004789147526025772,-0.008085666224360466,0.002718188716531934,3
finance_ff49,B-C,complete,angular_sw_bin3,65457,-0.01144639402627945,-0.008085666224360466,0.002718188716531934,3
finance_ff49,B-C,complete,angular_sw_mean,8925,-0.0028488379903137684,-0.0028313841515531144,0.0005892995149361662,3
finance_ff49,B-C,complete,angular_sw_mean,77395,-0.0021010739728808403,-0.0028313841515531144,0.0005892995149361662,3
finance_ff49,B-C,complete,angular_sw_mean,65457,-0.003544240491464734,-0.0028313841515531144,0.0005892995149361662,3
finance_ff49,B-C,complete,exploding_norm_rate,8925,0.0,0.0,0.0,
finance_ff49,B-C,complete,exploding_norm_rate,77395,0.0,0.0,0.0,
finance_ff49,B-C,complete,exploding_norm_rate,65457,0.0,0.0,0.0,
finance_ff49,B-C,complete,inf_rate,8925,0.0,0.0,0.0,
finance_ff49,B-C,complete,inf_rate,77395,0.0,0.0,0.0,
finance_ff49,B-C,complete,inf_rate,65457,0.0,0.0,0.0,
finance_ff49,B-C,complete,invalid_rate,8925,0.0,0.0,0.0,
finance_ff49,B-C,complete,invalid_rate,77395,0.0,0.0,0.0,
finance_ff49,B-C,complete,invalid_rate,65457,0.0,0.0,0.0,
finance_ff49,B-C,complete,ks_stat,8925,0.0,0.0,0.0,0
finance_ff49,B-C,complete,ks_stat,77395,0.0,0.0,0.0,0
finance_ff49,B-C,complete,ks_stat,65457,0.0,0.0,0.0,0
finance_ff49,B-C,complete,mmd,8925,-0.0012592077255249023,-0.0011041959126790364,0.0001383617580236402,3
finance_ff49,B-C,complete,mmd,77395,-0.0009232759475708008,-0.0011041959126790364,0.0001383617580236402,3
finance_ff49,B-C,complete,mmd,65457,-0.0011301040649414062,-0.0011041959126790364,0.0001383617580236402,3
finance_ff49,B-C,complete,nan_rate,8925,0.0,0.0,0.0,
finance_ff49,B-C,complete,nan_rate,77395,0.0,0.0,0.0,
finance_ff49,B-C,complete,nan_rate,65457,0.0,0.0,0.0,
finance_ff49,B-C,complete,nfe,8925,0,0,0.0,
finance_ff49,B-C,complete,nfe,77395,0,0,0.0,
finance_ff49,B-C,complete,nfe,65457,0,0,0.0,
finance_ff49,B-C,complete,q950_err,8925,0.0,-4.2840020003653834e-08,6.058493730150194e-08,1
finance_ff49,B-C,complete,q950_err,77395,0.0,-4.2840020003653834e-08,6.058493730150194e-08,1
finance_ff49,B-C,complete,q950_err,65457,-1.285200600109615e-07,-4.2840020003653834e-08,6.058493730150194e-08,1
finance_ff49,B-C,complete,q990_err,8925,7.962937936811798e-08,2.6543126474543044e-08,7.507529885691394e-08,1
finance_ff49,B-C,complete,q990_err,77395,-7.962937936811798e-08,2.6543126474543044e-08,7.507529885691394e-08,1
finance_ff49,B-C,complete,q990_err,65457,7.962937942362913e-08,2.6543126474543044e-08,7.507529885691394e-08,1
finance_ff49,B-C,complete,q995_err,8925,0.0,1.9448688789077313e-08,2.7504599455886703e-08,0
finance_ff49,B-C,complete,q995_err,77395,5.834606636723194e-08,1.9448688789077313e-08,2.7504599455886703e-08,0
finance_ff49,B-C,complete,q995_err,65457,0.0,1.9448688789077313e-08,2.7504599455886703e-08,0
finance_ff49,B-C,complete,radial_w1,8925,0.0,0.0,0.0,0
finance_ff49,B-C,complete,radial_w1,77395,0.0,0.0,0.0,0
finance_ff49,B-C,complete,radial_w1,65457,0.0,0.0,0.0,0
finance_ff49,B-C,complete,sample_time_s,8925,0.03557123988866806,0.03573024272918701,0.004791571416178737,
finance_ff49,B-C,complete,sample_time_s,77395,0.029942907392978668,0.03573024272918701,0.004791571416178737,
finance_ff49,B-C,complete,sample_time_s,65457,0.04167658090591431,0.03573024272918701,0.004791571416178737,
finance_ff49,B-C,complete,sliced_w1,8925,-0.013515904545783997,-0.011001542210578918,0.001777981807126455,3
finance_ff49,B-C,complete,sliced_w1,77395,-0.009726598858833313,-0.011001542210578918,0.001777981807126455,3
finance_ff49,B-C,complete,sliced_w1,65457,-0.009762123227119446,-0.011001542210578918,0.001777981807126455,3
finance_ff49,B-C,complete,tail_exc_95,8925,0.0,0.0,0.0,0
finance_ff49,B-C,complete,tail_exc_95,77395,0.0,0.0,0.0,0
finance_ff49,B-C,complete,tail_exc_95,65457,0.0,0.0,0.0,0
finance_ff49,B-C,complete,tail_exc_99,8925,0.0,0.0,0.0,0
finance_ff49,B-C,complete,tail_exc_99,77395,0.0,0.0,0.0,0
finance_ff49,B-C,complete,tail_exc_99,65457,0.0,0.0,0.0,0
finance_ff49,B-C,complete,total_train_time_s,8925,0.5137265995144844,-0.8457906643549601,3.672374404219764,
finance_ff49,B-C,complete,total_train_time_s,77395,2.815336011350155,-0.8457906643549601,3.672374404219764,
finance_ff49,B-C,complete,total_train_time_s,65457,-5.86643460392952,-0.8457906643549601,3.672374404219764,
gaussian_aniso_d16_cor,B-A,complete,angular_sw_bin0,8925,0.001470816321671009,0.0013731447979807854,0.0005328698065811462,0
gaussian_aniso_d16_cor,B-A,complete,angular_sw_bin0,77395,0.0006771842017769814,0.0013731447979807854,0.0005328698065811462,0
gaussian_aniso_d16_cor,B-A,complete,angular_sw_bin0,65457,0.0019714338704943657,0.0013731447979807854,0.0005328698065811462,0
gaussian_aniso_d16_cor,B-A,complete,angular_sw_bin1,8925,0.0008377870544791222,0.0006146853168805441,0.00036424340832579076,0
gaussian_aniso_d16_cor,B-A,complete,angular_sw_bin1,77395,0.0001010410487651825,0.0006146853168805441,0.00036424340832579076,0
gaussian_aniso_d16_cor,B-A,complete,angular_sw_bin1,65457,0.0009052278473973274,0.0006146853168805441,0.00036424340832579076,0
gaussian_aniso_d16_cor,B-A,complete,angular_sw_bin2,8925,0.002179737202823162,0.0011737809206048648,0.0013821080685826285,1
gaussian_aniso_d16_cor,B-A,complete,angular_sw_bin2,77395,-0.0007805321365594864,0.0011737809206048648,0.0013821080685826285,1
gaussian_aniso_d16_cor,B-A,complete,angular_sw_bin2,65457,0.0021221376955509186,0.0011737809206048648,0.0013821080685826285,1
gaussian_aniso_d16_cor,B-A,complete,angular_sw_bin3,8925,0.0034986361861228943,0.001354309730231762,0.0019816649530411175,1
gaussian_aniso_d16_cor,B-A,complete,angular_sw_bin3,77395,-0.0012805089354515076,0.001354309730231762,0.0019816649530411175,1
gaussian_aniso_d16_cor,B-A,complete,angular_sw_bin3,65457,0.001844801940023899,0.001354309730231762,0.0019816649530411175,1
gaussian_aniso_d16_cor,B-A,complete,angular_sw_mean,8925,0.001996744191274047,0.001128980191424489,0.0010317024025546697,1
gaussian_aniso_d16_cor,B-A,complete,angular_sw_mean,77395,-0.00032070395536720753,0.001128980191424489,0.0010317024025546697,1
gaussian_aniso_d16_cor,B-A,complete,angular_sw_mean,65457,0.0017109003383666277,0.001128980191424489,0.0010317024025546697,1
gaussian_aniso_d16_cor,B-A,complete,exploding_norm_rate,8925,0.0,0.0,0.0,
gaussian_aniso_d16_cor,B-A,complete,exploding_norm_rate,77395,0.0,0.0,0.0,
gaussian_aniso_d16_cor,B-A,complete,exploding_norm_rate,65457,0.0,0.0,0.0,
gaussian_aniso_d16_cor,B-A,complete,inf_rate,8925,0.0,0.0,0.0,
gaussian_aniso_d16_cor,B-A,complete,inf_rate,77395,0.0,0.0,0.0,
gaussian_aniso_d16_cor,B-A,complete,inf_rate,65457,0.0,0.0,0.0,
gaussian_aniso_d16_cor,B-A,complete,invalid_rate,8925,0.0,0.0,0.0,
gaussian_aniso_d16_cor,B-A,complete,invalid_rate,77395,0.0,0.0,0.0,
gaussian_aniso_d16_cor,B-A,complete,invalid_rate,65457,0.0,0.0,0.0,
gaussian_aniso_d16_cor,B-A,complete,ks_stat,8925,0.0,0.0,0.0,0
gaussian_aniso_d16_cor,B-A,complete,ks_stat,77395,0.0,0.0,0.0,0
gaussian_aniso_d16_cor,B-A,complete,ks_stat,65457,0.0,0.0,0.0,0
gaussian_aniso_d16_cor,B-A,complete,mmd,8925,0.00020396709442138672,0.00011599063873291016,0.0001214791598908075,1
gaussian_aniso_d16_cor,B-A,complete,mmd,77395,-5.5789947509765625e-05,0.00011599063873291016,0.0001214791598908075,1
gaussian_aniso_d16_cor,B-A,complete,mmd,65457,0.00019979476928710938,0.00011599063873291016,0.0001214791598908075,1
gaussian_aniso_d16_cor,B-A,complete,nan_rate,8925,0.0,0.0,0.0,
gaussian_aniso_d16_cor,B-A,complete,nan_rate,77395,0.0,0.0,0.0,
gaussian_aniso_d16_cor,B-A,complete,nan_rate,65457,0.0,0.0,0.0,
gaussian_aniso_d16_cor,B-A,complete,nfe,8925,0,0,0.0,
gaussian_aniso_d16_cor,B-A,complete,nfe,77395,0,0,0.0,
gaussian_aniso_d16_cor,B-A,complete,nfe,65457,0,0,0.0,
gaussian_aniso_d16_cor,B-A,complete,q950_err,8925,0.0,8.60548761618636e-08,7.026351215833525e-08,0
gaussian_aniso_d16_cor,B-A,complete,q950_err,77395,1.7210975232376333e-07,8.60548761618636e-08,7.026351215833525e-08,0
gaussian_aniso_d16_cor,B-A,complete,q950_err,65457,8.605487616182746e-08,8.60548761618636e-08,7.026351215833525e-08,0
gaussian_aniso_d16_cor,B-A,complete,q990_err,8925,0.0,-2.4812137998722616e-08,9.283851942422715e-08,1
gaussian_aniso_d16_cor,B-A,complete,q990_err,77395,7.443641399573417e-08,-2.4812137998722616e-08,9.283851942422715e-08,1
gaussian_aniso_d16_cor,B-A,complete,q990_err,65457,-1.4887282799190202e-07,-2.4812137998722616e-08,9.283851942422715e-08,1
gaussian_aniso_d16_cor,B-A,complete,q995_err,8925,2.8283532514227633e-07,2.3569610428508572e-07,1.2018190350284725e-07,0
gaussian_aniso_d16_cor,B-A,complete,q995_err,77395,3.5354415642762857e-07,2.3569610428508572e-07,1.2018190350284725e-07,0
gaussian_aniso_d16_cor,B-A,complete,q995_err,65457,7.070883128535224e-08,2.3569610428508572e-07,1.2018190350284725e-07,0
gaussian_aniso_d16_cor,B-A,complete,radial_w1,8925,-1.862645149230957e-08,1.862645149230957e-08,2.634178031930877e-08,1
gaussian_aniso_d16_cor,B-A,complete,radial_w1,77395,3.725290298461914e-08,1.862645149230957e-08,2.634178031930877e-08,1
gaussian_aniso_d16_cor,B-A,complete,radial_w1,65457,3.725290298461914e-08,1.862645149230957e-08,2.634178031930877e-08,1
gaussian_aniso_d16_cor,B-A,complete,sample_time_s,8925,0.07664672285318375,0.07647430896759033,0.0036518316345334643,
gaussian_aniso_d16_cor,B-A,complete,sample_time_s,77395,0.07191803306341171,0.07647430896759033,0.0036518316345334643,
gaussian_aniso_d16_cor,B-A,complete,sample_time_s,65457,0.08085817098617554,0.07647430896759033,0.0036518316345334643,
gaussian_aniso_d16_cor,B-A,complete,sliced_w1,8925,0.036209821701049805,0.017424749831358593,0.02138720561677039,1
gaussian_aniso_d16_cor,B-A,complete,sliced_w1,77395,-0.012497268617153168,0.017424749831358593,0.02138720561677039,1
gaussian_aniso_d16_cor,B-A,complete,sliced_w1,65457,0.028561696410179138,0.017424749831358593,0.02138720561677039,1
gaussian_aniso_d16_cor,B-A,complete,tail_exc_95,8925,0.0,0.0,0.0,0
gaussian_aniso_d16_cor,B-A,complete,tail_exc_95,77395,0.0,0.0,0.0,0
gaussian_aniso_d16_cor,B-A,complete,tail_exc_95,65457,0.0,0.0,0.0,0
gaussian_aniso_d16_cor,B-A,complete,tail_exc_99,8925,0.0,0.0,0.0,0
gaussian_aniso_d16_cor,B-A,complete,tail_exc_99,77395,0.0,0.0,0.0,0
gaussian_aniso_d16_cor,B-A,complete,tail_exc_99,65457,0.0,0.0,0.0,0
gaussian_aniso_d16_cor,B-A,complete,total_train_time_s,8925,-0.04452504962682724,0.8393243898948034,0.8495687526671983,
gaussian_aniso_d16_cor,B-A,complete,total_train_time_s,77395,1.986059881746769,0.8393243898948034,0.8495687526671983,
gaussian_aniso_d16_cor,B-A,complete,total_train_time_s,65457,0.5764383375644684,0.8393243898948034,0.8495687526671983,
gaussian_aniso_d16_cor,B-C,complete,angular_sw_bin0,8925,-0.0018616048619151115,-0.0019065554564197857,0.0006683623602242073,3
gaussian_aniso_d16_cor,B-C,complete,angular_sw_bin0,77395,-0.0027466779574751854,-0.0019065554564197857,0.0006683623602242073,3
gaussian_aniso_d16_cor,B-C,complete,angular_sw_bin0,65457,-0.0011113835498690605,-0.0019065554564197857,0.0006683623602242073,3
gaussian_aniso_d16_cor,B-C,complete,angular_sw_bin1,8925,0.0004795799031853676,0.0003176663691798846,0.00011556136041172306,0
gaussian_aniso_d16_cor,B-C,complete,angular_sw_bin1,77395,0.00025593582540750504,0.0003176663691798846,0.00011556136041172306,0
gaussian_aniso_d16_cor,B-C,complete,angular_sw_bin1,65457,0.00021748337894678116,0.0003176663691798846,0.00011556136041172306,0
gaussian_aniso_d16_cor,B-C,complete,angular_sw_bin2,8925,0.001687055453658104,0.00045913799355427426,0.0008735177830593988,2
gaussian_aniso_d16_cor,B-C,complete,angular_sw_bin2,77395,-0.0002719275653362274,0.00045913799355427426,0.0008735177830593988,2
gaussian_aniso_d16_cor,B-C,complete,angular_sw_bin2,65457,-3.77139076590538e-05,0.00045913799355427426,0.0008735177830593988,2
gaussian_aniso_d16_cor,B-C,complete,angular_sw_bin3,8925,-0.0013199113309383392,-0.002615520730614662,0.0012182248410202692,3
gaussian_aniso_d16_cor,B-C,complete,angular_sw_bin3,77395,-0.004246765747666359,-0.002615520730614662,0.0012182248410202692,3
gaussian_aniso_d16_cor,B-C,complete,angular_sw_bin3,65457,-0.0022798851132392883,-0.002615520730614662,0.0012182248410202692,3
gaussian_aniso_d16_cor,B-C,complete,angular_sw_mean,8925,-0.0002537202090024948,-0.0009363179560750723,0.0006190502186696869,3
gaussian_aniso_d16_cor,B-C,complete,angular_sw_mean,77395,-0.0017523588612675667,-0.0009363179560750723,0.0006190502186696869,3
gaussian_aniso_d16_cor,B-C,complete,angular_sw_mean,65457,-0.0008028747979551554,-0.0009363179560750723,0.0006190502186696869,3
gaussian_aniso_d16_cor,B-C,complete,exploding_norm_rate,8925,0.0,0.0,0.0,
gaussian_aniso_d16_cor,B-C,complete,exploding_norm_rate,77395,0.0,0.0,0.0,
gaussian_aniso_d16_cor,B-C,complete,exploding_norm_rate,65457,0.0,0.0,0.0,
gaussian_aniso_d16_cor,B-C,complete,inf_rate,8925,0.0,0.0,0.0,
gaussian_aniso_d16_cor,B-C,complete,inf_rate,77395,0.0,0.0,0.0,
gaussian_aniso_d16_cor,B-C,complete,inf_rate,65457,0.0,0.0,0.0,
gaussian_aniso_d16_cor,B-C,complete,invalid_rate,8925,0.0,0.0,0.0,
gaussian_aniso_d16_cor,B-C,complete,invalid_rate,77395,0.0,0.0,0.0,
gaussian_aniso_d16_cor,B-C,complete,invalid_rate,65457,0.0,0.0,0.0,
gaussian_aniso_d16_cor,B-C,complete,ks_stat,8925,0.0,0.0,0.0,0
gaussian_aniso_d16_cor,B-C,complete,ks_stat,77395,0.0,0.0,0.0,0
gaussian_aniso_d16_cor,B-C,complete,ks_stat,65457,0.0,0.0,0.0,0
gaussian_aniso_d16_cor,B-C,complete,mmd,8925,0.0001385211944580078,5.249182383219401e-05,6.315860214041477e-05,1
gaussian_aniso_d16_cor,B-C,complete,mmd,77395,-1.1324882507324219e-05,5.249182383219401e-05,6.315860214041477e-05,1
gaussian_aniso_d16_cor,B-C,complete,mmd,65457,3.0279159545898438e-05,5.249182383219401e-05,6.315860214041477e-05,1
gaussian_aniso_d16_cor,B-C,complete,nan_rate,8925,0.0,0.0,0.0,
gaussian_aniso_d16_cor,B-C,complete,nan_rate,77395,0.0,0.0,0.0,
gaussian_aniso_d16_cor,B-C,complete,nan_rate,65457,0.0,0.0,0.0,
gaussian_aniso_d16_cor,B-C,complete,nfe,8925,0,0,0.0,
gaussian_aniso_d16_cor,B-C,complete,nfe,77395,0,0,0.0,
gaussian_aniso_d16_cor,B-C,complete,nfe,65457,0,0,0.0,
gaussian_aniso_d16_cor,B-C,complete,q950_err,8925,8.605487616193588e-08,-2.8684958720609152e-08,1.0732928768635975e-07,1
gaussian_aniso_d16_cor,B-C,complete,q950_err,77395,0.0,-2.8684958720609152e-08,1.0732928768635975e-07,1
gaussian_aniso_d16_cor,B-C,complete,q950_err,65457,-1.7210975232376333e-07,-2.8684958720609152e-08,1.0732928768635975e-07,1
gaussian_aniso_d16_cor,B-C,complete,q990_err,8925,7.443641399573417e-08,-4.962427599744523e-08,9.283851942422715e-08,2
gaussian_aniso_d16_cor,B-C,complete,q990_err,77395,-1.4887282799190202e-07,-4.962427599744523e-08,9.283851942422715e-08,2
gaussian_aniso_d16_cor,B-C,complete,q990_err,65457,-7.443641399616785e-08,-4.962427599744523e-08,9.283851942422715e-08,2
gaussian_aniso_d16_cor,B-C,complete,q995_err,8925,1.4141766257113816e-07,2.3569610428523027e-07,1.3332985091147042e-07,0
gaussian_aniso_d16_cor,B-C,complete,q995_err,77395,4.242529877134145e-07,2.3569610428523027e-07,1.3332985091147042e-07,0
gaussian_aniso_d16_cor,B-C,complete,q995_err,65457,1.4141766257113816e-07,2.3569610428523027e-07,1.3332985091147042e-07,0
gaussian_aniso_d16_cor,B-C,complete,radial_w1,8925,-4.0978193283081055e-08,-9.934107462565104e-09,2.2420622514272465e-08,1
gaussian_aniso_d16_cor,B-C,complete,radial_w1,77395,0.0,-9.934107462565104e-09,2.2420622514272465e-08,1
gaussian_aniso_d16_cor,B-C,complete,radial_w1,65457,1.1175870895385742e-08,-9.934107462565104e-09,2.2420622514272465e-08,1
gaussian_aniso_d16_cor,B-C,complete,sample_time_s,8925,0.023581191897392273,0.02286861588557561,0.005522982870258774,
gaussian_aniso_d16_cor,B-C,complete,sample_time_s,77395,0.015776291489601135,0.02286861588557561,0.005522982870258774,
gaussian_aniso_d16_cor,B-C,complete,sample_time_s,65457,0.02924836426973343,0.02286861588557561,0.005522982870258774,
gaussian_aniso_d16_cor,B-C,complete,sliced_w1,8925,0.014655321836471558,-0.0007430687546730042,0.011323974022097442,2
gaussian_aniso_d16_cor,B-C,complete,sliced_w1,77395,-0.012252219021320343,-0.0007430687546730042,0.011323974022097442,2
gaussian_aniso_d16_cor,B-C,complete,sliced_w1,65457,-0.004632309079170227,-0.0007430687546730042,0.011323974022097442,2
gaussian_aniso_d16_cor,B-C,complete,tail_exc_95,8925,0.0,0.0,0.0,0
gaussian_aniso_d16_cor,B-C,complete,tail_exc_95,77395,0.0,0.0,0.0,0
gaussian_aniso_d16_cor,B-C,complete,tail_exc_95,65457,0.0,0.0,0.0,0
gaussian_aniso_d16_cor,B-C,complete,tail_exc_99,8925,0.0,0.0,0.0,0
gaussian_aniso_d16_cor,B-C,complete,tail_exc_99,77395,0.0,0.0,0.0,0
gaussian_aniso_d16_cor,B-C,complete,tail_exc_99,65457,0.0,0.0,0.0,0
gaussian_aniso_d16_cor,B-C,complete,total_train_time_s,8925,-0.5389750301837921,-0.6662078748146693,0.3004247341311347,
gaussian_aniso_d16_cor,B-C,complete,total_train_time_s,77395,-1.0808818191289902,-0.6662078748146693,0.3004247341311347,
gaussian_aniso_d16_cor,B-C,complete,total_train_time_s,65457,-0.3787667751312256,-0.6662078748146693,0.3004247341311347,
imagenette_dcae,B-A,complete,angular_sw_bin0,8925,0.002196785993874073,0.003493874139773349,0.002102452829338141,0
imagenette_dcae,B-A,complete,angular_sw_bin0,1234,0.0018253870075568557,0.003493874139773349,0.002102452829338141,0
imagenette_dcae,B-A,complete,angular_sw_bin0,7,0.006459449417889118,0.003493874139773349,0.002102452829338141,0
imagenette_dcae,B-A,complete,angular_sw_bin1,8925,0.0022987767588347197,0.0035516203303510943,0.0020213416346142143,0
imagenette_dcae,B-A,complete,angular_sw_bin1,1234,0.0019528409466147423,0.0035516203303510943,0.0020213416346142143,0
imagenette_dcae,B-A,complete,angular_sw_bin1,7,0.006403243285603821,0.0035516203303510943,0.0020213416346142143,0
imagenette_dcae,B-A,complete,angular_sw_bin2,8925,0.0026596994139254093,0.004162735732582708,0.0028674769381556615,0
imagenette_dcae,B-A,complete,angular_sw_bin2,1234,0.0016524603124707937,0.004162735732582708,0.0028674769381556615,0
imagenette_dcae,B-A,complete,angular_sw_bin2,7,0.008176047471351922,0.004162735732582708,0.0028674769381556615,0
imagenette_dcae,B-A,complete,angular_sw_bin3,8925,0.0019185394048690796,0.00389128519843022,0.0023360824941212567,0
imagenette_dcae,B-A,complete,angular_sw_bin3,1234,0.0025826357305049896,0.00389128519843022,0.0023360824941212567,0
imagenette_dcae,B-A,complete,angular_sw_bin3,7,0.007172680459916592,0.00389128519843022,0.0023360824941212567,0
imagenette_dcae,B-A,complete,angular_sw_mean,8925,0.0022684503928758204,0.003774878850284343,0.002320404933349295,0
imagenette_dcae,B-A,complete,angular_sw_mean,1234,0.0020033309992868453,0.003774878850284343,0.002320404933349295,0
imagenette_dcae,B-A,complete,angular_sw_mean,7,0.007052855158690363,0.003774878850284343,0.002320404933349295,0
imagenette_dcae,B-A,complete,coverage,8925,-0.06445859872611465,-0.060042462845010615,0.0044145023926512195,
imagenette_dcae,B-A,complete,coverage,1234,-0.061656050955414016,-0.060042462845010615,0.0044145023926512195,
imagenette_dcae,B-A,complete,coverage,7,-0.05401273885350318,-0.060042462845010615,0.0044145023926512195,
imagenette_dcae,B-A,complete,density,8925,-0.05693333333333333,-0.053422222222222225,0.002942074517944061,
imagenette_dcae,B-A,complete,density,1234,-0.0536,-0.053422222222222225,0.002942074517944061,
imagenette_dcae,B-A,complete,density,7,-0.04973333333333334,-0.053422222222222225,0.002942074517944061,
imagenette_dcae,B-A,complete,fid,8925,177.14611577326212,163.4457389197687,11.256067939618116,0
imagenette_dcae,B-A,complete,fid,1234,149.5760523808957,163.4457389197687,11.256067939618116,0
imagenette_dcae,B-A,complete,fid,7,163.61504860514827,163.4457389197687,11.256067939618116,0
imagenette_dcae,B-A,complete,kid,8925,0.24999237537384034,0.22270941495895388,0.021316527178174276,0
imagenette_dcae,B-A,complete,kid,1234,0.19796291112899783,0.22270941495895388,0.021316527178174276,0
imagenette_dcae,B-A,complete,kid,7,0.22017295837402345,0.22270941495895388,0.021316527178174276,0
imagenette_dcae,B-A,complete,kid_std,8925,0.00101356412529446,0.0007315142371256953,0.0002098749219468258,
imagenette_dcae,B-A,complete,kid_std,1234,0.0006705337789930004,0.0007315142371256953,0.0002098749219468258,
imagenette_dcae,B-A,complete,kid_std,7,0.0005104448070896257,0.0007315142371256953,0.0002098749219468258,
imagenette_dcae,B-A,complete,ks,8925,0.0,0.0,0.0,0
imagenette_dcae,B-A,complete,ks,1234,0.0,0.0,0.0,0
imagenette_dcae,B-A,complete,ks,7,0.0,0.0,0.0,0
imagenette_dcae,B-A,complete,nfe,8925,0,0,0.0,
imagenette_dcae,B-A,complete,nfe,1234,0,0,0.0,
imagenette_dcae,B-A,complete,nfe,7,0,0,0.0,
imagenette_dcae,B-A,complete,precision,8925,-0.15033333333333335,-0.15422222222222223,0.003965904066127722,
imagenette_dcae,B-A,complete,precision,1234,-0.15966666666666668,-0.15422222222222223,0.003965904066127722,
imagenette_dcae,B-A,complete,precision,7,-0.15266666666666667,-0.15422222222222223,0.003965904066127722,
imagenette_dcae,B-A,complete,radial_w1,8925,-2.5212764739990234e-05,-2.4944543838500977e-05,1.991782352900845e-07,3
imagenette_dcae,B-A,complete,radial_w1,1234,-2.4884939193725586e-05,-2.4944543838500977e-05,1.991782352900845e-07,3
imagenette_dcae,B-A,complete,radial_w1,7,-2.473592758178711e-05,-2.4944543838500977e-05,1.991782352900845e-07,3
imagenette_dcae,B-A,complete,recall,8925,-0.6973248407643312,-0.6811889596602972,0.011440092538656148,
imagenette_dcae,B-A,complete,recall,1234,-0.674140127388535,-0.6811889596602972,0.011440092538656148,
imagenette_dcae,B-A,complete,recall,7,-0.6721019108280255,-0.6811889596602972,0.011440092538656148,
imagenette_dcae,B-A,complete,sample_time_s,8925,0.4247458055615425,-0.07843833416700363,0.9642558587609245,
imagenette_dcae,B-A,complete,sample_time_s,1234,-1.4276589080691338,-0.07843833416700363,0.9642558587609245,
imagenette_dcae,B-A,complete,sample_time_s,7,0.7675981000065804,-0.07843833416700363,0.9642558587609245,
imagenette_dcae,B-A,complete,sliced_w1,8925,0.10450997948646545,0.17334610223770142,0.09385848032319048,0
imagenette_dcae,B-A,complete,sliced_w1,1234,0.10947727411985397,0.17334610223770142,0.09385848032319048,0
imagenette_dcae,B-A,complete,sliced_w1,7,0.3060510531067848,0.17334610223770142,0.09385848032319048,0
imagenette_dcae,B-A,complete,total_train_time_s,8925,35.30129826068878,30.30485154936711,11.174233223468589,
imagenette_dcae,B-A,complete,total_train_time_s,1234,14.823105081915855,30.30485154936711,11.174233223468589,
imagenette_dcae,B-A,complete,total_train_time_s,7,40.79015130549669,30.30485154936711,11.174233223468589,
imagenette_dcae,B-C,complete,angular_sw_bin0,8925,0.0018455153331160545,0.0028522221837192774,0.0025020940107667016,0
imagenette_dcae,B-C,complete,angular_sw_bin0,1234,0.00041778432205319405,0.0028522221837192774,0.0025020940107667016,0
imagenette_dcae,B-C,complete,angular_sw_bin0,7,0.0062933668959885836,0.0028522221837192774,0.0025020940107667016,0
imagenette_dcae,B-C,complete,angular_sw_bin1,8925,0.002161468379199505,0.0031755865396310887,0.0021813688072315047,0
imagenette_dcae,B-C,complete,angular_sw_bin1,1234,0.0011595070827752352,0.0031755865396310887,0.0021813688072315047,0
imagenette_dcae,B-C,complete,angular_sw_bin1,7,0.006205784156918526,0.0031755865396310887,0.0021813688072315047,0
imagenette_dcae,B-C,complete,angular_sw_bin2,8925,0.0023062063846737146,0.003713461337611079,0.0029429379601429253,0
imagenette_dcae,B-C,complete,angular_sw_bin2,1234,0.0010250317864120007,0.003713461337611079,0.0029429379601429253,0
imagenette_dcae,B-C,complete,angular_sw_bin2,7,0.007809145841747522,0.003713461337611079,0.0029429379601429253,0
imagenette_dcae,B-C,complete,angular_sw_bin3,8925,0.0011372959706932306,0.0031879777864863477,0.0021479747463347488,0
imagenette_dcae,B-C,complete,angular_sw_bin3,1234,0.0022725143935531378,0.0031879777864863477,0.0021479747463347488,0
imagenette_dcae,B-C,complete,angular_sw_bin3,7,0.006154122995212674,0.0031879777864863477,0.0021479747463347488,0
imagenette_dcae,B-C,complete,angular_sw_mean,8925,0.0018626215169206262,0.003232311961861948,0.002406748761505047,0
imagenette_dcae,B-C,complete,angular_sw_mean,1234,0.001218709396198392,0.003232311961861948,0.002406748761505047,0
imagenette_dcae,B-C,complete,angular_sw_mean,7,0.0066156049724668264,0.003232311961861948,0.002406748761505047,0
imagenette_dcae,B-C,complete,coverage,8925,-0.032356687898089175,-0.020721868365180467,0.01486223839656339,
imagenette_dcae,B-C,complete,coverage,1234,0.0002547770700636943,-0.020721868365180467,0.01486223839656339,
imagenette_dcae,B-C,complete,coverage,7,-0.03006369426751592,-0.020721868365180467,0.01486223839656339,
imagenette_dcae,B-C,complete,density,8925,-0.03166666666666666,-0.020844444444444443,0.014696367233998447,
imagenette_dcae,B-C,complete,density,1234,-6.66666666666667e-05,-0.020844444444444443,0.014696367233998447,
imagenette_dcae,B-C,complete,density,7,-0.0308,-0.020844444444444443,0.014696367233998447,
imagenette_dcae,B-C,complete,fid,8925,142.38067618166775,83.96605460353794,77.53328195637577,1
imagenette_dcae,B-C,complete,fid,1234,-25.602401683853543,83.96605460353794,77.53328195637577,1
imagenette_dcae,B-C,complete,fid,7,135.11988931279961,83.96605460353794,77.53328195637577,1
imagenette_dcae,B-C,complete,kid,8925,0.21887436389923096,0.12024380922317505,0.12411677001771997,1
imagenette_dcae,B-C,complete,kid,1234,-0.0548151326179504,0.12024380922317505,0.12411677001771997,1
imagenette_dcae,B-C,complete,kid,7,0.19667219638824462,0.12024380922317505,0.12411677001771997,1
imagenette_dcae,B-C,complete,kid_std,8925,0.0008319401555076603,0.0002515174004867505,0.000519359532087549,
imagenette_dcae,B-C,complete,kid_std,1234,-0.00042848052687599137,0.0002515174004867505,0.000519359532087549,
imagenette_dcae,B-C,complete,kid_std,7,0.00035109257282858264,0.0002515174004867505,0.000519359532087549,
imagenette_dcae,B-C,complete,ks,8925,0.0,0.0,0.0,0
imagenette_dcae,B-C,complete,ks,1234,0.0,0.0,0.0,0
imagenette_dcae,B-C,complete,ks,7,0.0,0.0,0.0,0
imagenette_dcae,B-C,complete,nfe,8925,0,0,0.0,
imagenette_dcae,B-C,complete,nfe,1234,0,0,0.0,
imagenette_dcae,B-C,complete,nfe,7,0,0,0.0,
imagenette_dcae,B-C,complete,precision,8925,-0.09666666666666666,-0.06433333333333334,0.04525565239916528,
imagenette_dcae,B-C,complete,precision,1234,-0.0003333333333333339,-0.06433333333333334,0.04525565239916528,
imagenette_dcae,B-C,complete,precision,7,-0.096,-0.06433333333333334,0.04525565239916528,
imagenette_dcae,B-C,complete,radial_w1,8925,-1.8090009689331055e-05,-1.1940797170003256e-05,8.340616519033516e-06,3
imagenette_dcae,B-C,complete,radial_w1,1234,-1.4901161193847656e-07,-1.1940797170003256e-05,8.340616519033516e-06,3
imagenette_dcae,B-C,complete,radial_w1,7,-1.7583370208740234e-05,-1.1940797170003256e-05,8.340616519033516e-06,3
imagenette_dcae,B-C,complete,recall,8925,-0.6478980891719746,-0.4473885350318471,0.3169173466302895,
imagenette_dcae,B-C,complete,recall,1234,0.0,-0.4473885350318471,0.3169173466302895,
imagenette_dcae,B-C,complete,recall,7,-0.6942675159235668,-0.4473885350318471,0.3169173466302895,
imagenette_dcae,B-C,complete,sample_time_s,8925,-0.09119707345962524,-0.03382929662863413,0.1612139040130527,
imagenette_dcae,B-C,complete,sample_time_s,1234,-0.19623854756355286,-0.03382929662863413,0.1612139040130527,
imagenette_dcae,B-C,complete,sample_time_s,7,0.1859477311372757,-0.03382929662863413,0.1612139040130527,
imagenette_dcae,B-C,complete,sliced_w1,8925,0.09658893197774887,0.15386972576379776,0.09490552773028374,0
imagenette_dcae,B-C,complete,sliced_w1,1234,0.07739222794771194,0.15386972576379776,0.09490552773028374,0
imagenette_dcae,B-C,complete,sliced_w1,7,0.28762801736593246,0.15386972576379776,0.09490552773028374,0
imagenette_dcae,B-C,complete,total_train_time_s,8925,16.46875924617052,20.422763402263325,27.761685936922394,
imagenette_dcae,B-C,complete,total_train_time_s,1234,-11.428347051143646,20.422763402263325,27.761685936922394,
imagenette_dcae,B-C,complete,total_train_time_s,7,56.227878011763096,20.422763402263325,27.761685936922394,
piv_d16,B-A,complete,angular_sw_bin0,8925,-0.0006630308926105499,-0.001675664136807124,0.0011039954528862651,3
piv_d16,B-A,complete,angular_sw_bin0,77395,-0.0032111257314682007,-0.001675664136807124,0.0011039954528862651,3
piv_d16,B-A,complete,angular_sw_bin0,65457,-0.0011528357863426208,-0.001675664136807124,0.0011039954528862651,3
piv_d16,B-A,complete,angular_sw_bin1,8925,-0.0032854080200195312,-0.003100616236527761,0.0018553426469168864,3
piv_d16,B-A,complete,angular_sw_bin1,77395,-0.0007415413856506348,-0.003100616236527761,0.0018553426469168864,3
piv_d16,B-A,complete,angular_sw_bin1,65457,-0.0052748993039131165,-0.003100616236527761,0.0018553426469168864,3
piv_d16,B-A,complete,angular_sw_bin2,8925,0.0009958967566490173,0.0001442432403564453,0.0022338312782572414,1
piv_d16,B-A,complete,angular_sw_bin2,77395,-0.0029161646962165833,0.0001442432403564453,0.0022338312782572414,1
piv_d16,B-A,complete,angular_sw_bin2,65457,0.002352997660636902,0.0001442432403564453,0.0022338312782572414,1
piv_d16,B-A,complete,angular_sw_bin3,8925,0.008932992815971375,0.009293578565120697,0.0008760647395174119,0
piv_d16,B-A,complete,angular_sw_bin3,77395,0.010500378906726837,0.009293578565120697,0.0008760647395174119,0
piv_d16,B-A,complete,angular_sw_bin3,65457,0.00844736397266388,0.009293578565120697,0.0008760647395174119,0
piv_d16,B-A,complete,angular_sw_mean,8925,0.0014951126649975777,0.0011653853580355644,0.0002451139914366197,0
piv_d16,B-A,complete,angular_sw_mean,77395,0.0009078867733478546,0.0011653853580355644,0.0002451139914366197,0
piv_d16,B-A,complete,angular_sw_mean,65457,0.001093156635761261,0.0011653853580355644,0.0002451139914366197,0
piv_d16,B-A,complete,exploding_norm_rate,8925,0.0,0.0,0.0,
piv_d16,B-A,complete,exploding_norm_rate,77395,0.0,0.0,0.0,
piv_d16,B-A,complete,exploding_norm_rate,65457,0.0,0.0,0.0,
piv_d16,B-A,complete,inf_rate,8925,0.0,0.0,0.0,
piv_d16,B-A,complete,inf_rate,77395,0.0,0.0,0.0,
piv_d16,B-A,complete,inf_rate,65457,0.0,0.0,0.0,
piv_d16,B-A,complete,invalid_rate,8925,0.0,0.0,0.0,
piv_d16,B-A,complete,invalid_rate,77395,0.0,0.0,0.0,
piv_d16,B-A,complete,invalid_rate,65457,0.0,0.0,0.0,
piv_d16,B-A,complete,ks_stat,8925,0.0,0.0,0.0,0
piv_d16,B-A,complete,ks_stat,77395,0.0,0.0,0.0,0
piv_d16,B-A,complete,ks_stat,65457,0.0,0.0,0.0,0
piv_d16,B-A,complete,mmd,8925,0.0001615285873413086,0.00012636184692382812,5.7136039581680384e-05,0
piv_d16,B-A,complete,mmd,77395,0.00017178058624267578,0.00012636184692382812,5.7136039581680384e-05,0
piv_d16,B-A,complete,mmd,65457,4.57763671875e-05,0.00012636184692382812,5.7136039581680384e-05,0
piv_d16,B-A,complete,nan_rate,8925,0.0,0.0,0.0,
piv_d16,B-A,complete,nan_rate,77395,0.0,0.0,0.0,
piv_d16,B-A,complete,nan_rate,65457,0.0,0.0,0.0,
piv_d16,B-A,complete,nfe,8925,0,0,0.0,
piv_d16,B-A,complete,nfe,77395,0,0,0.0,
piv_d16,B-A,complete,nfe,65457,0,0,0.0,
piv_d16,B-A,complete,q950_err,8925,1.9351371068759837e-07,9.675685534264271e-08,7.900164156953061e-08,0
piv_d16,B-A,complete,q950_err,77395,9.675685534032974e-08,9.675685534264271e-08,7.900164156953061e-08,0
piv_d16,B-A,complete,q950_err,65457,0.0,9.675685534264271e-08,7.900164156953061e-08,0
piv_d16,B-A,complete,q990_err,8925,-3.1521153333324836e-07,-7.880288333446857e-08,1.9302685442952022e-07,2
piv_d16,B-A,complete,q990_err,77395,-7.880288334372043e-08,-7.880288333446857e-08,1.9302685442952022e-07,2
piv_d16,B-A,complete,q990_err,65457,1.5760576667356307e-07,-7.880288333446857e-08,1.9302685442952022e-07,2
piv_d16,B-A,complete,q995_err,8925,4.6192694208579965e-07,2.3096347103364798e-07,2.740016726326231e-07,1
piv_d16,B-A,complete,q995_err,77395,3.849391183863293e-07,2.3096347103364798e-07,2.740016726326231e-07,1
piv_d16,B-A,complete,q995_err,65457,-1.5397564737118508e-07,2.3096347103364798e-07,2.740016726326231e-07,1
piv_d16,B-A,complete,radial_w1,8925,0.0,0.0,7.604216979143452e-10,1
piv_d16,B-A,complete,radial_w1,77395,-9.313225746154785e-10,0.0,7.604216979143452e-10,1
piv_d16,B-A,complete,radial_w1,65457,9.313225746154785e-10,0.0,7.604216979143452e-10,1
piv_d16,B-A,complete,sample_time_s,8925,0.07756928354501724,0.07705004513263702,0.00587381740633882,
piv_d16,B-A,complete,sample_time_s,77395,0.06961056590080261,0.07705004513263702,0.00587381740633882,
piv_d16,B-A,complete,sample_time_s,65457,0.08397028595209122,0.07705004513263702,0.00587381740633882,
piv_d16,B-A,complete,sliced_w1,8925,0.0005266815423965454,0.000598695750037829,0.0001786197224137654,0
piv_d16,B-A,complete,sliced_w1,77395,0.0008443882688879967,0.000598695750037829,0.0001786197224137654,0
piv_d16,B-A,complete,sliced_w1,65457,0.00042501743882894516,0.000598695750037829,0.0001786197224137654,0
piv_d16,B-A,complete,tail_exc_95,8925,0.0,0.0,0.0,0
piv_d16,B-A,complete,tail_exc_95,77395,0.0,0.0,0.0,0
piv_d16,B-A,complete,tail_exc_95,65457,0.0,0.0,0.0,0
piv_d16,B-A,complete,tail_exc_99,8925,0.0,0.0,0.0,0
piv_d16,B-A,complete,tail_exc_99,77395,0.0,0.0,0.0,0
piv_d16,B-A,complete,tail_exc_99,65457,0.0,0.0,0.0,0
piv_d16,B-A,complete,total_train_time_s,8925,-3.9678156450390816,0.2531091794371605,3.200206348293957,
piv_d16,B-A,complete,total_train_time_s,77395,0.9494194686412811,0.2531091794371605,3.200206348293957,
piv_d16,B-A,complete,total_train_time_s,65457,3.777723714709282,0.2531091794371605,3.200206348293957,
piv_d16,B-C,complete,angular_sw_bin0,8925,-0.019788581877946854,-0.018750833968321483,0.0008564148956568336,3
piv_d16,B-C,complete,angular_sw_bin0,77395,-0.017691146582365036,-0.018750833968321483,0.0008564148956568336,3
piv_d16,B-C,complete,angular_sw_bin0,65457,-0.018772773444652557,-0.018750833968321483,0.0008564148956568336,3
piv_d16,B-C,complete,angular_sw_bin1,8925,-0.016686469316482544,-0.016600315769513447,0.0025567921464278243,3
piv_d16,B-C,complete,angular_sw_bin1,77395,-0.013426709920167923,-0.016600315769513447,0.0025567921464278243,3
piv_d16,B-C,complete,angular_sw_bin1,65457,-0.019687768071889877,-0.016600315769513447,0.0025567921464278243,3
piv_d16,B-C,complete,angular_sw_bin2,8925,0.003003723919391632,0.0035339631140232086,0.00039406756533044517,0
piv_d16,B-C,complete,angular_sw_bin2,77395,0.003650527447462082,0.0035339631140232086,0.00039406756533044517,0
piv_d16,B-C,complete,angular_sw_bin2,65457,0.003947637975215912,0.0035339631140232086,0.00039406756533044517,0
piv_d16,B-C,complete,angular_sw_bin3,8925,0.023795515298843384,0.018321730196475983,0.006262802581405642,0
piv_d16,B-C,complete,angular_sw_bin3,77395,0.009554721415042877,0.018321730196475983,0.006262802581405642,0
piv_d16,B-C,complete,angular_sw_bin3,65457,0.021614953875541687,0.018321730196475983,0.006262802581405642,0
piv_d16,B-C,complete,angular_sw_mean,8925,-0.0024189529940485954,-0.003373864106833935,0.0008472740959864405,3
piv_d16,B-C,complete,angular_sw_mean,77395,-0.004478151910007,-0.003373864106833935,0.0008472740959864405,3
piv_d16,B-C,complete,angular_sw_mean,65457,-0.003224487416446209,-0.003373864106833935,0.0008472740959864405,3
piv_d16,B-C,complete,exploding_norm_rate,8925,0.0,0.0,0.0,
piv_d16,B-C,complete,exploding_norm_rate,77395,0.0,0.0,0.0,
piv_d16,B-C,complete,exploding_norm_rate,65457,0.0,0.0,0.0,
piv_d16,B-C,complete,inf_rate,8925,0.0,0.0,0.0,
piv_d16,B-C,complete,inf_rate,77395,0.0,0.0,0.0,
piv_d16,B-C,complete,inf_rate,65457,0.0,0.0,0.0,
piv_d16,B-C,complete,invalid_rate,8925,0.0,0.0,0.0,
piv_d16,B-C,complete,invalid_rate,77395,0.0,0.0,0.0,
piv_d16,B-C,complete,invalid_rate,65457,0.0,0.0,0.0,
piv_d16,B-C,complete,ks_stat,8925,0.0,0.0,0.0,0
piv_d16,B-C,complete,ks_stat,77395,0.0,0.0,0.0,0
piv_d16,B-C,complete,ks_stat,65457,0.0,0.0,0.0,0
piv_d16,B-C,complete,mmd,8925,0.0007879734039306641,0.0003371238708496094,0.0003242095141023735,0
piv_d16,B-C,complete,mmd,77395,0.00018393993377685547,0.0003371238708496094,0.0003242095141023735,0
piv_d16,B-C,complete,mmd,65457,3.9458274841308594e-05,0.0003371238708496094,0.0003242095141023735,0
piv_d16,B-C,complete,nan_rate,8925,0.0,0.0,0.0,
piv_d16,B-C,complete,nan_rate,77395,0.0,0.0,0.0,
piv_d16,B-C,complete,nan_rate,65457,0.0,0.0,0.0,
piv_d16,B-C,complete,nfe,8925,0,0,0.0,
piv_d16,B-C,complete,nfe,77395,0,0,0.0,
piv_d16,B-C,complete,nfe,65457,0,0,0.0,
piv_d16,B-C,complete,q950_err,8925,9.675685534032974e-08,9.675685534032974e-08,0.0,0
piv_d16,B-C,complete,q950_err,77395,9.675685534032974e-08,9.675685534032974e-08,0.0,0
piv_d16,B-C,complete,q950_err,65457,9.675685534032974e-08,9.675685534032974e-08,0.0,0
piv_d16,B-C,complete,q990_err,8925,-5.516201833366541e-07,-1.3133813889232293e-07,3.2384906499838437e-07,2
piv_d16,B-C,complete,q990_err,77395,-7.880288334372043e-08,-1.3133813889232293e-07,3.2384906499838437e-07,2
piv_d16,B-C,complete,q990_err,65457,2.3640865000340572e-07,-1.3133813889232293e-07,3.2384906499838437e-07,2
piv_d16,B-C,complete,q995_err,8925,9.238538841715993e-07,4.6192694208579965e-07,3.266316731616345e-07,0
piv_d16,B-C,complete,q995_err,77395,2.3096347104289983e-07,4.6192694208579965e-07,3.266316731616345e-07,0
piv_d16,B-C,complete,q995_err,65457,2.3096347104289983e-07,4.6192694208579965e-07,3.266316731616345e-07,0
piv_d16,B-C,complete,radial_w1,8925,-9.313225746154785e-10,0.0,7.604216979143452e-10,1
piv_d16,B-C,complete,radial_w1,77395,0.0,0.0,7.604216979143452e-10,1
piv_d16,B-C,complete,radial_w1,65457,9.313225746154785e-10,0.0,7.604216979143452e-10,1
piv_d16,B-C,complete,sample_time_s,8925,0.020645558834075928,0.025928984085718792,0.0037807672020089885,
piv_d16,B-C,complete,sample_time_s,77395,0.027859807014465332,0.025928984085718792,0.0037807672020089885,
piv_d16,B-C,complete,sample_time_s,65457,0.029281586408615112,0.025928984085718792,0.0037807672020089885,
piv_d16,B-C,complete,sliced_w1,8925,0.0006008725613355637,0.00032336854686339694,0.00021549821777268872,0
piv_d16,B-C,complete,sliced_w1,77395,7.551629096269608e-05,0.00032336854686339694,0.00021549821777268872,0
piv_d16,B-C,complete,sliced_w1,65457,0.00029371678829193115,0.00032336854686339694,0.00021549821777268872,0
piv_d16,B-C,complete,tail_exc_95,8925,0.0,0.0,0.0,0
piv_d16,B-C,complete,tail_exc_95,77395,0.0,0.0,0.0,0
piv_d16,B-C,complete,tail_exc_95,65457,0.0,0.0,0.0,0
piv_d16,B-C,complete,tail_exc_99,8925,0.0,0.0,0.0,0
piv_d16,B-C,complete,tail_exc_99,77395,0.0,0.0,0.0,0
piv_d16,B-C,complete,tail_exc_99,65457,0.0,0.0,0.0,0
piv_d16,B-C,complete,total_train_time_s,8925,2.157525345683098,-0.15602299819389978,2.382240753309512,
piv_d16,B-C,complete,total_train_time_s,77395,-3.4336995854973793,-0.15602299819389978,2.382240753309512,
piv_d16,B-C,complete,total_train_time_s,65457,0.8081052452325821,-0.15602299819389978,2.382240753309512,
piv_d256,B-A,complete,angular_sw_bin0,8925,0.0003520902246236801,4.4088500241438546e-05,0.0006594728886872159,1
piv_d256,B-A,complete,angular_sw_bin0,77395,0.0006524575874209404,4.4088500241438546e-05,0.0006594728886872159,1
piv_d256,B-A,complete,angular_sw_bin0,65457,-0.0008722823113203049,4.4088500241438546e-05,0.0006594728886872159,1
piv_d256,B-A,complete,angular_sw_bin1,8925,0.00016132928431034088,0.00025677743057409924,0.0006357404083814007,1
piv_d256,B-A,complete,angular_sw_bin1,77395,0.001078721135854721,0.00025677743057409924,0.0006357404083814007,1
piv_d256,B-A,complete,angular_sw_bin1,65457,-0.0004697181284427643,0.00025677743057409924,0.0006357404083814007,1
piv_d256,B-A,complete,angular_sw_bin2,8925,-0.00033256784081459045,-1.7955588797728222e-05,0.0002874607923261727,2
piv_d256,B-A,complete,angular_sw_bin2,77395,-8.361786603927612e-05,-1.7955588797728222e-05,0.0002874607923261727,2
piv_d256,B-A,complete,angular_sw_bin2,65457,0.0003623189404606819,-1.7955588797728222e-05,0.0002874607923261727,2
piv_d256,B-A,complete,angular_sw_bin3,8925,0.0011614123359322548,0.0004896422227223715,0.00048550539451248367,0
piv_d256,B-A,complete,angular_sw_bin3,77395,3.08062881231308e-05,0.0004896422227223715,0.00048550539451248367,0
piv_d256,B-A,complete,angular_sw_bin3,65457,0.00027670804411172867,0.0004896422227223715,0.00048550539451248367,0
piv_d256,B-A,complete,angular_sw_mean,8925,0.00033556600101292133,0.00019313814118504524,0.00026308459563251354,1
piv_d256,B-A,complete,angular_sw_mean,77395,0.00041959178633987904,0.00019313814118504524,0.00026308459563251354,1
piv_d256,B-A,complete,angular_sw_mean,65457,-0.00017574336379766464,0.00019313814118504524,0.00026308459563251354,1
piv_d256,B-A,complete,exploding_norm_rate,8925,0.0,0.0,0.0,
piv_d256,B-A,complete,exploding_norm_rate,77395,0.0,0.0,0.0,
piv_d256,B-A,complete,exploding_norm_rate,65457,0.0,0.0,0.0,
piv_d256,B-A,complete,inf_rate,8925,0.0,0.0,0.0,
piv_d256,B-A,complete,inf_rate,77395,0.0,0.0,0.0,
piv_d256,B-A,complete,inf_rate,65457,0.0,0.0,0.0,
piv_d256,B-A,complete,invalid_rate,8925,0.0,0.0,0.0,
piv_d256,B-A,complete,invalid_rate,77395,0.0,0.0,0.0,
piv_d256,B-A,complete,invalid_rate,65457,0.0,0.0,0.0,
piv_d256,B-A,complete,ks_stat,8925,0.0,0.0,0.0,0
piv_d256,B-A,complete,ks_stat,77395,0.0,0.0,0.0,0
piv_d256,B-A,complete,ks_stat,65457,0.0,0.0,0.0,0
piv_d256,B-A,complete,mmd,8925,0.0009707212448120117,0.0004672606786092122,0.0003858183359270792,0
piv_d256,B-A,complete,mmd,77395,0.00039768218994140625,0.0004672606786092122,0.0003858183359270792,0
piv_d256,B-A,complete,mmd,65457,3.337860107421875e-05,0.0004672606786092122,0.0003858183359270792,0
piv_d256,B-A,complete,nan_rate,8925,0.0,0.0,0.0,
piv_d256,B-A,complete,nan_rate,77395,0.0,0.0,0.0,
piv_d256,B-A,complete,nan_rate,65457,0.0,0.0,0.0,
piv_d256,B-A,complete,nfe,8925,0,0,0.0,
piv_d256,B-A,complete,nfe,77395,0,0,0.0,
piv_d256,B-A,complete,nfe,65457,0,0,0.0,
piv_d256,B-A,complete,q950_err,8925,-1.1915475903526151e-07,-3.9718253011753836e-08,5.617009208298831e-08,1
piv_d256,B-A,complete,q950_err,77395,0.0,-3.9718253011753836e-08,5.617009208298831e-08,1
piv_d256,B-A,complete,q950_err,65457,0.0,-3.9718253011753836e-08,5.617009208298831e-08,1
piv_d256,B-A,complete,q990_err,8925,1.0041015540210307e-07,6.694010360140205e-08,4.733380118988142e-08,0
piv_d256,B-A,complete,q990_err,77395,0.0,6.694010360140205e-08,4.733380118988142e-08,0
piv_d256,B-A,complete,q990_err,65457,1.0041015540210307e-07,6.694010360140205e-08,4.733380118988142e-08,0
piv_d256,B-A,complete,q995_err,8925,0.0,9.583440428034828e-08,7.82484634329826e-08,0
piv_d256,B-A,complete,q995_err,77395,1.9166880856763546e-07,9.583440428034828e-08,7.82484634329826e-08,0
piv_d256,B-A,complete,q995_err,65457,9.583440427340939e-08,9.583440428034828e-08,7.82484634329826e-08,0
piv_d256,B-A,complete,radial_w1,8925,3.725290298461914e-09,1.241763432820638e-09,1.756118687953918e-09,0
piv_d256,B-A,complete,radial_w1,77395,0.0,1.241763432820638e-09,1.756118687953918e-09,0
piv_d256,B-A,complete,radial_w1,65457,0.0,1.241763432820638e-09,1.756118687953918e-09,0
piv_d256,B-A,complete,sample_time_s,8925,0.11746419221162796,0.11924561113119125,0.008165058503653407,
piv_d256,B-A,complete,sample_time_s,77395,0.11025592684745789,0.11924561113119125,0.008165058503653407,
piv_d256,B-A,complete,sample_time_s,65457,0.13001671433448792,0.11924561113119125,0.008165058503653407,
piv_d256,B-A,complete,sliced_w1,8925,0.0017443858087062836,0.0010636945565541585,0.0005783128837477411,0
piv_d256,B-A,complete,sliced_w1,77395,0.0011159852147102356,0.0010636945565541585,0.0005783128837477411,0
piv_d256,B-A,complete,sliced_w1,65457,0.0003307126462459564,0.0010636945565541585,0.0005783128837477411,0
piv_d256,B-A,complete,tail_exc_95,8925,0.0,0.0,0.0,0
piv_d256,B-A,complete,tail_exc_95,77395,0.0,0.0,0.0,0
piv_d256,B-A,complete,tail_exc_95,65457,0.0,0.0,0.0,0
piv_d256,B-A,complete,tail_exc_99,8925,0.0,0.0,0.0,0
piv_d256,B-A,complete,tail_exc_99,77395,0.0,0.0,0.0,0
piv_d256,B-A,complete,tail_exc_99,65457,0.0,0.0,0.0,0
piv_d256,B-A,complete,total_train_time_s,8925,7.289219036698341,2.4241354390978813,3.9575613775002707,
piv_d256,B-A,complete,total_train_time_s,77395,-2.40458232909441,2.4241354390978813,3.9575613775002707,
piv_d256,B-A,complete,total_train_time_s,65457,2.3877696096897125,2.4241354390978813,3.9575613775002707,
piv_d256,B-C,complete,angular_sw_bin0,8925,-0.0006522303447127342,-7.242709398269653e-05,0.0004687690505117752,2
piv_d256,B-C,complete,angular_sw_bin0,77395,0.0004958407953381538,-7.242709398269653e-05,0.0004687690505117752,2
piv_d256,B-C,complete,angular_sw_bin0,65457,-6.0891732573509216e-05,-7.242709398269653e-05,0.0004687690505117752,2
piv_d256,B-C,complete,angular_sw_bin1,8925,-0.0003111809492111206,-0.0002024670441945394,0.0003115859025873774,2
piv_d256,B-C,complete,angular_sw_bin1,77395,0.00022170692682266235,-0.0002024670441945394,0.0003115859025873774,2
piv_d256,B-C,complete,angular_sw_bin1,65457,-0.0005179271101951599,-0.0002024670441945394,0.0003115859025873774,2
piv_d256,B-C,complete,angular_sw_bin2,8925,-0.0006915247067809105,-0.0006769852091868719,0.00029852435834145155,3
piv_d256,B-C,complete,angular_sw_bin2,77395,-0.0003043161705136299,-0.0006769852091868719,0.00029852435834145155,3
piv_d256,B-C,complete,angular_sw_bin2,65457,-0.0010351147502660751,-0.0006769852091868719,0.00029852435834145155,3
piv_d256,B-C,complete,angular_sw_bin3,8925,0.00013652443885803223,-0.00041757399837176007,0.00041772370041422775,2
piv_d256,B-C,complete,angular_sw_bin3,77395,-0.0008720234036445618,-0.00041757399837176007,0.00041772370041422775,2
piv_d256,B-C,complete,angular_sw_bin3,65457,-0.0005172230303287506,-0.00041757399837176007,0.00041772370041422775,2
piv_d256,B-C,complete,angular_sw_mean,8925,-0.0003796028904616833,-0.00034236333643396694,0.0001727042745486259,3
piv_d256,B-C,complete,angular_sw_mean,77395,-0.00011469796299934387,-0.00034236333643396694,0.0001727042745486259,3
piv_d256,B-C,complete,angular_sw_mean,65457,-0.0005327891558408737,-0.00034236333643396694,0.0001727042745486259,3
piv_d256,B-C,complete,exploding_norm_rate,8925,0.0,0.0,0.0,
piv_d256,B-C,complete,exploding_norm_rate,77395,0.0,0.0,0.0,
piv_d256,B-C,complete,exploding_norm_rate,65457,0.0,0.0,0.0,
piv_d256,B-C,complete,inf_rate,8925,0.0,0.0,0.0,
piv_d256,B-C,complete,inf_rate,77395,0.0,0.0,0.0,
piv_d256,B-C,complete,inf_rate,65457,0.0,0.0,0.0,
piv_d256,B-C,complete,invalid_rate,8925,0.0,0.0,0.0,
piv_d256,B-C,complete,invalid_rate,77395,0.0,0.0,0.0,
piv_d256,B-C,complete,invalid_rate,65457,0.0,0.0,0.0,
piv_d256,B-C,complete,ks_stat,8925,0.0,0.0,0.0,0
piv_d256,B-C,complete,ks_stat,77395,0.0,0.0,0.0,0
piv_d256,B-C,complete,ks_stat,65457,0.0,0.0,0.0,0
piv_d256,B-C,complete,mmd,8925,-0.00021600723266601562,-0.00013657410939534506,0.00015511598792666357,2
piv_d256,B-C,complete,mmd,77395,8.022785186767578e-05,-0.00013657410939534506,0.00015511598792666357,2
piv_d256,B-C,complete,mmd,65457,-0.0002739429473876953,-0.00013657410939534506,0.00015511598792666357,2
piv_d256,B-C,complete,nan_rate,8925,0.0,0.0,0.0,
piv_d256,B-C,complete,nan_rate,77395,0.0,0.0,0.0,
piv_d256,B-C,complete,nan_rate,65457,0.0,0.0,0.0,
piv_d256,B-C,complete,nfe,8925,0,0,0.0,
piv_d256,B-C,complete,nfe,77395,0,0,0.0,
piv_d256,B-C,complete,nfe,65457,0,0,0.0,
piv_d256,B-C,complete,q950_err,8925,0.0,0.0,0.0,0
piv_d256,B-C,complete,q950_err,77395,0.0,0.0,0.0,0
piv_d256,B-C,complete,q950_err,65457,0.0,0.0,0.0,0
piv_d256,B-C,complete,q990_err,8925,1.0041015540210307e-07,3.347005180070103e-08,4.733380118988142e-08,0
piv_d256,B-C,complete,q990_err,77395,0.0,3.347005180070103e-08,4.733380118988142e-08,0
piv_d256,B-C,complete,q990_err,65457,0.0,3.347005180070103e-08,4.733380118988142e-08,0
piv_d256,B-C,complete,q995_err,8925,9.583440428728718e-08,6.388960285587848e-08,1.1952650223373011e-07,1
piv_d256,B-C,complete,q995_err,77395,1.9166880856763546e-07,6.388960285587848e-08,1.1952650223373011e-07,1
piv_d256,B-C,complete,q995_err,65457,-9.583440428728718e-08,6.388960285587848e-08,1.1952650223373011e-07,1
piv_d256,B-C,complete,radial_w1,8925,3.725290298461914e-09,2.483526865641276e-09,1.756118687953918e-09,0
piv_d256,B-C,complete,radial_w1,77395,0.0,2.483526865641276e-09,1.756118687953918e-09,0
piv_d256,B-C,complete,radial_w1,65457,3.725290298461914e-09,2.483526865641276e-09,1.756118687953918e-09,0
piv_d256,B-C,complete,sample_time_s,8925,0.01249268651008606,0.024461301664511364,0.008937038227064289,
piv_d256,B-C,complete,sample_time_s,77395,0.026928484439849854,0.024461301664511364,0.008937038227064289,
piv_d256,B-C,complete,sample_time_s,65457,0.033962734043598175,0.024461301664511364,0.008937038227064289,
piv_d256,B-C,complete,sliced_w1,8925,-0.0007719658315181732,-0.00048569714029630023,0.00028850024794470504,3
piv_d256,B-C,complete,sliced_w1,77395,-9.079650044441223e-05,-0.00048569714029630023,0.00028850024794470504,3
piv_d256,B-C,complete,sliced_w1,65457,-0.0005943290889263153,-0.00048569714029630023,0.00028850024794470504,3
piv_d256,B-C,complete,tail_exc_95,8925,0.0,0.0,0.0,0
piv_d256,B-C,complete,tail_exc_95,77395,0.0,0.0,0.0,0
piv_d256,B-C,complete,tail_exc_95,65457,0.0,0.0,0.0,0
piv_d256,B-C,complete,tail_exc_99,8925,0.0,0.0,0.0,0
piv_d256,B-C,complete,tail_exc_99,77395,0.0,0.0,0.0,0
piv_d256,B-C,complete,tail_exc_99,65457,0.0,0.0,0.0,0
piv_d256,B-C,complete,total_train_time_s,8925,6.7744506150484085,1.7172432790199916,3.9676297870276542,
piv_d256,B-C,complete,total_train_time_s,77395,-2.916501633822918,1.7172432790199916,3.9676297870276542,
piv_d256,B-C,complete,total_train_time_s,65457,1.293780855834484,1.7172432790199916,3.9676297870276542,
piv_d32,B-A,complete,angular_sw_bin0,8925,0.0012671593576669693,0.0008182798822720846,0.0007137210068186217,1
piv_d32,B-A,complete,angular_sw_bin0,77395,-0.00018908828496932983,0.0008182798822720846,0.0007137210068186217,1
piv_d32,B-A,complete,angular_sw_bin0,65457,0.0013767685741186142,0.0008182798822720846,0.0007137210068186217,1
piv_d32,B-A,complete,angular_sw_bin1,8925,0.0003453977406024933,-0.0011484362185001373,0.0012746410797645918,2
piv_d32,B-A,complete,angular_sw_bin1,77395,-0.0027690865099430084,-0.0011484362185001373,0.0012746410797645918,2
piv_d32,B-A,complete,angular_sw_bin1,65457,-0.0010216198861598969,-0.0011484362185001373,0.0012746410797645918,2
piv_d32,B-A,complete,angular_sw_bin2,8925,0.00213073194026947,-0.0005425972243150076,0.002051505260754628,2
piv_d32,B-A,complete,angular_sw_bin2,77395,-0.00285547599196434,-0.0005425972243150076,0.002051505260754628,2
piv_d32,B-A,complete,angular_sw_bin2,65457,-0.0009030476212501526,-0.0005425972243150076,0.002051505260754628,2
piv_d32,B-A,complete,angular_sw_bin3,8925,0.011244677007198334,0.003558861712614695,0.005437672680960976,2
piv_d32,B-A,complete,angular_sw_bin3,77395,-6.357207894325256e-05,0.003558861712614695,0.005437672680960976,2
piv_d32,B-A,complete,angular_sw_bin3,65457,-0.0005045197904109955,0.003558861712614695,0.005437672680960976,2
piv_d32,B-A,complete,angular_sw_mean,8925,0.0037469915114343166,0.0006715270380179087,0.0022297371339783352,2
piv_d32,B-A,complete,angular_sw_mean,77395,-0.0014693057164549828,0.0006715270380179087,0.0022297371339783352,2
piv_d32,B-A,complete,angular_sw_mean,65457,-0.0002631046809256077,0.0006715270380179087,0.0022297371339783352,2
piv_d32,B-A,complete,exploding_norm_rate,8925,0.0,0.0,0.0,
piv_d32,B-A,complete,exploding_norm_rate,77395,0.0,0.0,0.0,
piv_d32,B-A,complete,exploding_norm_rate,65457,0.0,0.0,0.0,
piv_d32,B-A,complete,inf_rate,8925,0.0,0.0,0.0,
piv_d32,B-A,complete,inf_rate,77395,0.0,0.0,0.0,
piv_d32,B-A,complete,inf_rate,65457,0.0,0.0,0.0,
piv_d32,B-A,complete,invalid_rate,8925,0.0,0.0,0.0,
piv_d32,B-A,complete,invalid_rate,77395,0.0,0.0,0.0,
piv_d32,B-A,complete,invalid_rate,65457,0.0,0.0,0.0,
piv_d32,B-A,complete,ks_stat,8925,0.0,0.0,0.0,0
piv_d32,B-A,complete,ks_stat,77395,0.0,0.0,0.0,0
piv_d32,B-A,complete,ks_stat,65457,0.0,0.0,0.0,0
piv_d32,B-A,complete,mmd,8925,0.0039675235748291016,0.0008385181427001953,0.002256047542974858,2
piv_d32,B-A,complete,mmd,77395,-0.0012660026550292969,0.0008385181427001953,0.002256047542974858,2
piv_d32,B-A,complete,mmd,65457,-0.00018596649169921875,0.0008385181427001953,0.002256047542974858,2
piv_d32,B-A,complete,nan_rate,8925,0.0,0.0,0.0,
piv_d32,B-A,complete,nan_rate,77395,0.0,0.0,0.0,
piv_d32,B-A,complete,nan_rate,65457,0.0,0.0,0.0,
piv_d32,B-A,complete,nfe,8925,0,0,0.0,
piv_d32,B-A,complete,nfe,77395,0,0,0.0,
piv_d32,B-A,complete,nfe,65457,0,0,0.0,
piv_d32,B-A,complete,q950_err,8925,-1.0412465887427169e-07,-3.470821962417899e-08,9.816966983912914e-08,2
piv_d32,B-A,complete,q950_err,77395,1.0412465887600642e-07,-3.470821962417899e-08,9.816966983912914e-08,2
piv_d32,B-A,complete,q950_err,65457,-1.0412465887427169e-07,-3.470821962417899e-08,9.816966983912914e-08,2
piv_d32,B-A,complete,q990_err,8925,9.305505034584716e-08,0.0,7.597913044544162e-08,1
piv_d32,B-A,complete,q990_err,77395,0.0,0.0,7.597913044544162e-08,1
piv_d32,B-A,complete,q990_err,65457,-9.305505034584716e-08,0.0,7.597913044544162e-08,1
piv_d32,B-A,complete,q995_err,8925,0.0,-1.4787728953163937e-07,1.106612305426189e-07,2
piv_d32,B-A,complete,q995_err,77395,-2.6617912115764475e-07,-1.4787728953163937e-07,1.106612305426189e-07,2
piv_d32,B-A,complete,q995_err,65457,-1.7745274743727335e-07,-1.4787728953163937e-07,1.106612305426189e-07,2
piv_d32,B-A,complete,radial_w1,8925,0.0,6.20881716410319e-10,8.78059343976959e-10,0
piv_d32,B-A,complete,radial_w1,77395,0.0,6.20881716410319e-10,8.78059343976959e-10,0
piv_d32,B-A,complete,radial_w1,65457,1.862645149230957e-09,6.20881716410319e-10,8.78059343976959e-10,0
piv_d32,B-A,complete,sample_time_s,8925,0.09987776726484299,0.1007482260465622,0.002053147744403843,
piv_d32,B-A,complete,sample_time_s,77395,0.10358238220214844,0.1007482260465622,0.002053147744403843,
piv_d32,B-A,complete,sample_time_s,65457,0.09878452867269516,0.1007482260465622,0.002053147744403843,
piv_d32,B-A,complete,sliced_w1,8925,0.004065420478582382,0.0008582832912604014,0.002300478067721513,2
piv_d32,B-A,complete,sliced_w1,77395,-0.001218574121594429,0.0008582832912604014,0.002300478067721513,2
piv_d32,B-A,complete,sliced_w1,65457,-0.00027199648320674896,0.0008582832912604014,0.002300478067721513,2
piv_d32,B-A,complete,tail_exc_95,8925,0.0,0.0,0.0,0
piv_d32,B-A,complete,tail_exc_95,77395,0.0,0.0,0.0,0
piv_d32,B-A,complete,tail_exc_95,65457,0.0,0.0,0.0,0
piv_d32,B-A,complete,tail_exc_99,8925,0.0,0.0,0.0,0
piv_d32,B-A,complete,tail_exc_99,77395,0.0,0.0,0.0,0
piv_d32,B-A,complete,tail_exc_99,65457,0.0,0.0,0.0,0
piv_d32,B-A,complete,total_train_time_s,8925,2.5162172242999077,0.03026162584622701,1.761267429472883,
piv_d32,B-A,complete,total_train_time_s,77395,-1.0781315937638283,0.03026162584622701,1.761267429472883,
piv_d32,B-A,complete,total_train_time_s,65457,-1.3473007529973984,0.03026162584622701,1.761267429472883,
piv_d32,B-C,complete,angular_sw_bin0,8925,-0.0046627819538116455,-0.005224418515960376,0.000757084821739817,3
piv_d32,B-C,complete,angular_sw_bin0,77395,-0.0047158133238554,-0.005224418515960376,0.000757084821739817,3
piv_d32,B-C,complete,angular_sw_bin0,65457,-0.006294660270214081,-0.005224418515960376,0.000757084821739817,3
piv_d32,B-C,complete,angular_sw_bin1,8925,-0.004428371787071228,-0.005623757839202881,0.0009337042579902146,3
piv_d32,B-C,complete,angular_sw_bin1,77395,-0.00573565810918808,-0.005623757839202881,0.0009337042579902146,3
piv_d32,B-C,complete,angular_sw_bin1,65457,-0.006707243621349335,-0.005623757839202881,0.0009337042579902146,3
piv_d32,B-C,complete,angular_sw_bin2,8925,2.78279185295105e-06,-0.0017583233614762623,0.0012466216750742188,2
piv_d32,B-C,complete,angular_sw_bin2,77395,-0.0025683268904685974,-0.0017583233614762623,0.0012466216750742188,2
piv_d32,B-C,complete,angular_sw_bin2,65457,-0.002709425985813141,-0.0017583233614762623,0.0012466216750742188,2
piv_d32,B-C,complete,angular_sw_bin3,8925,0.012584540992975235,0.005220760901769002,0.005338970324716019,0
piv_d32,B-C,complete,angular_sw_bin3,77395,0.0029838494956493378,0.005220760901769002,0.005338970324716019,0
piv_d32,B-C,complete,angular_sw_bin3,65457,9.389221668243408e-05,0.005220760901769002,0.005338970324716019,0
piv_d32,B-C,complete,angular_sw_mean,8925,0.0008740425109863281,-0.0018464347037176292,0.002006242442420201,2
piv_d32,B-C,complete,angular_sw_mean,77395,-0.002508987206965685,-0.0018464347037176292,0.002006242442420201,2
piv_d32,B-C,complete,angular_sw_mean,65457,-0.0039043594151735306,-0.0018464347037176292,0.002006242442420201,2
piv_d32,B-C,complete,exploding_norm_rate,8925,0.0,0.0,0.0,
piv_d32,B-C,complete,exploding_norm_rate,77395,0.0,0.0,0.0,
piv_d32,B-C,complete,exploding_norm_rate,65457,0.0,0.0,0.0,
piv_d32,B-C,complete,inf_rate,8925,0.0,0.0,0.0,
piv_d32,B-C,complete,inf_rate,77395,0.0,0.0,0.0,
piv_d32,B-C,complete,inf_rate,65457,0.0,0.0,0.0,
piv_d32,B-C,complete,invalid_rate,8925,0.0,0.0,0.0,
piv_d32,B-C,complete,invalid_rate,77395,0.0,0.0,0.0,
piv_d32,B-C,complete,invalid_rate,65457,0.0,0.0,0.0,
piv_d32,B-C,complete,ks_stat,8925,0.0,0.0,0.0,0
piv_d32,B-C,complete,ks_stat,77395,0.0,0.0,0.0,0
piv_d32,B-C,complete,ks_stat,65457,0.0,0.0,0.0,0
piv_d32,B-C,complete,mmd,8925,0.003061056137084961,0.0007976293563842773,0.0016484209437286892,1
piv_d32,B-C,complete,mmd,77395,0.00014925003051757812,0.0007976293563842773,0.0016484209437286892,1
piv_d32,B-C,complete,mmd,65457,-0.000817418098449707,0.0007976293563842773,0.0016484209437286892,1
piv_d32,B-C,complete,nan_rate,8925,0.0,0.0,0.0,
piv_d32,B-C,complete,nan_rate,77395,0.0,0.0,0.0,
piv_d32,B-C,complete,nan_rate,65457,0.0,0.0,0.0,
piv_d32,B-C,complete,nfe,8925,0,0,0.0,
piv_d32,B-C,complete,nfe,77395,0,0,0.0,
piv_d32,B-C,complete,nfe,65457,0,0,0.0,
piv_d32,B-C,complete,q950_err,8925,1.0412465887427169e-07,3.470821962533547e-08,9.816966983872026e-08,1
piv_d32,B-C,complete,q950_err,77395,1.0412465887600642e-07,3.470821962533547e-08,9.816966983872026e-08,1
piv_d32,B-C,complete,q950_err,65457,-1.0412465887427169e-07,3.470821962533547e-08,9.816966983872026e-08,1
piv_d32,B-C,complete,q990_err,8925,1.8611010068822487e-07,3.101835011528239e-08,2.193328570724405e-07,1
piv_d32,B-C,complete,q990_err,77395,1.8611010068822487e-07,3.101835011528239e-08,2.193328570724405e-07,1
piv_d32,B-C,complete,q990_err,65457,-2.791651510306026e-07,3.101835011528239e-08,2.193328570724405e-07,1
piv_d32,B-C,complete,q995_err,8925,-2.6617912115764475e-07,-1.4787728953163937e-07,1.106612305426189e-07,2
piv_d32,B-C,complete,q995_err,77395,0.0,-1.4787728953163937e-07,1.106612305426189e-07,2
piv_d32,B-C,complete,q995_err,65457,-1.7745274743727335e-07,-1.4787728953163937e-07,1.106612305426189e-07,2
piv_d32,B-C,complete,radial_w1,8925,0.0,0.0,0.0,0
piv_d32,B-C,complete,radial_w1,77395,0.0,0.0,0.0,0
piv_d32,B-C,complete,radial_w1,65457,0.0,0.0,0.0,0
piv_d32,B-C,complete,sample_time_s,8925,0.025845378637313843,0.025969862937927246,0.0011245309452225802,
piv_d32,B-C,complete,sample_time_s,77395,0.024659067392349243,0.025969862937927246,0.0011245309452225802,
piv_d32,B-C,complete,sample_time_s,65457,0.027405142784118652,0.025969862937927246,0.0011245309452225802,
piv_d32,B-C,complete,sliced_w1,8925,0.0028563980013132095,0.0004557197292645772,0.0017689155640539782,2
piv_d32,B-C,complete,sliced_w1,77395,-0.0001353975385427475,0.0004557197292645772,0.0017689155640539782,2
piv_d32,B-C,complete,sliced_w1,65457,-0.0013538412749767303,0.0004557197292645772,0.0017689155640539782,2
piv_d32,B-C,complete,tail_exc_95,8925,0.0,0.0,0.0,0
piv_d32,B-C,complete,tail_exc_95,77395,0.0,0.0,0.0,0
piv_d32,B-C,complete,tail_exc_95,65457,0.0,0.0,0.0,0
piv_d32,B-C,complete,tail_exc_99,8925,0.0,0.0,0.0,0
piv_d32,B-C,complete,tail_exc_99,77395,0.0,0.0,0.0,0
piv_d32,B-C,complete,tail_exc_99,65457,0.0,0.0,0.0,0
piv_d32,B-C,complete,total_train_time_s,8925,1.1741047725081444,0.7183471495906512,0.3508296273321328,
piv_d32,B-C,complete,total_train_time_s,77395,0.32065702229738235,0.7183471495906512,0.3508296273321328,
piv_d32,B-C,complete,total_train_time_s,65457,0.6602796539664268,0.7183471495906512,0.3508296273321328,
piv_d64,B-A,complete,angular_sw_bin0,8925,0.00024742260575294495,-0.0005226855476697286,0.0008365092299884076,2
piv_d64,B-A,complete,angular_sw_bin0,77395,-0.0001300368458032608,-0.0005226855476697286,0.0008365092299884076,2
piv_d64,B-A,complete,angular_sw_bin0,65457,-0.00168544240295887,-0.0005226855476697286,0.0008365092299884076,2
piv_d64,B-A,complete,angular_sw_bin1,8925,-0.0007266663014888763,-0.0002974923700094223,0.0004315092299593927,2
piv_d64,B-A,complete,angular_sw_bin1,77395,-0.00045861490070819855,-0.0002974923700094223,0.0004315092299593927,2
piv_d64,B-A,complete,angular_sw_bin1,65457,0.000292804092168808,-0.0002974923700094223,0.0004315092299593927,2
piv_d64,B-A,complete,angular_sw_bin2,8925,-0.00041113048791885376,-0.0001158546656370163,0.0002113513624059578,2
piv_d64,B-A,complete,angular_sw_bin2,77395,-8.381903171539307e-06,-0.0001158546656370163,0.0002113513624059578,2
piv_d64,B-A,complete,angular_sw_bin2,65457,7.194839417934418e-05,-0.0001158546656370163,0.0002113513624059578,2
piv_d64,B-A,complete,angular_sw_bin3,8925,0.0003863424062728882,0.00244729220867157,0.002000980131500619,0
piv_d64,B-A,complete,angular_sw_bin3,77395,0.001798408105969429,0.00244729220867157,0.002000980131500619,0
piv_d64,B-A,complete,angular_sw_bin3,65457,0.005157126113772392,0.00244729220867157,0.002000980131500619,0
piv_d64,B-A,complete,angular_sw_mean,8925,-0.00012600794434547424,0.0003778149063388507,0.0004463713501211871,1
piv_d64,B-A,complete,angular_sw_mean,77395,0.0003003436140716076,0.0003778149063388507,0.0004463713501211871,1
piv_d64,B-A,complete,angular_sw_mean,65457,0.0009591090492904186,0.0003778149063388507,0.0004463713501211871,1
piv_d64,B-A,complete,exploding_norm_rate,8925,0.0,0.0,0.0,
piv_d64,B-A,complete,exploding_norm_rate,77395,0.0,0.0,0.0,
piv_d64,B-A,complete,exploding_norm_rate,65457,0.0,0.0,0.0,
piv_d64,B-A,complete,inf_rate,8925,0.0,0.0,0.0,
piv_d64,B-A,complete,inf_rate,77395,0.0,0.0,0.0,
piv_d64,B-A,complete,inf_rate,65457,0.0,0.0,0.0,
piv_d64,B-A,complete,invalid_rate,8925,0.0,0.0,0.0,
piv_d64,B-A,complete,invalid_rate,77395,0.0,0.0,0.0,
piv_d64,B-A,complete,invalid_rate,65457,0.0,0.0,0.0,
piv_d64,B-A,complete,ks_stat,8925,0.0,0.0,0.0,0
piv_d64,B-A,complete,ks_stat,77395,0.0,0.0,0.0,0
piv_d64,B-A,complete,ks_stat,65457,0.0,0.0,0.0,0
piv_d64,B-A,complete,mmd,8925,-0.001025557518005371,-0.0003191232681274414,0.0005085685692247877,2
piv_d64,B-A,complete,mmd,77395,-8.285045623779297e-05,-0.0003191232681274414,0.0005085685692247877,2
piv_d64,B-A,complete,mmd,65457,0.00015103816986083984,-0.0003191232681274414,0.0005085685692247877,2
piv_d64,B-A,complete,nan_rate,8925,0.0,0.0,0.0,
piv_d64,B-A,complete,nan_rate,77395,0.0,0.0,0.0,
piv_d64,B-A,complete,nan_rate,65457,0.0,0.0,0.0,
piv_d64,B-A,complete,nfe,8925,0,0,0.0,
piv_d64,B-A,complete,nfe,77395,0,0,0.0,
piv_d64,B-A,complete,nfe,65457,0,0,0.0,
piv_d64,B-A,complete,q950_err,8925,-6.574684204702086e-08,0.0,1.4202941168197374e-07,2
piv_d64,B-A,complete,q950_err,77395,1.9724052614106258e-07,0.0,1.4202941168197374e-07,2
piv_d64,B-A,complete,q950_err,65457,-1.3149368409404172e-07,0.0,1.4202941168197374e-07,2
piv_d64,B-A,complete,q990_err,8925,4.109324468135056e-07,6.848874113442778e-08,2.421442664603262e-07,2
piv_d64,B-A,complete,q990_err,77395,-1.0273311170511112e-07,6.848874113442778e-08,2.421442664603262e-07,2
piv_d64,B-A,complete,q990_err,65457,-1.0273311170511112e-07,6.848874113442778e-08,2.421442664603262e-07,2
piv_d64,B-A,complete,q995_err,8925,-2.9041086554992823e-07,-6.4535747903068e-08,1.6453451893013756e-07,1
piv_d64,B-A,complete,q995_err,77395,0.0,-6.4535747903068e-08,1.6453451893013756e-07,1
piv_d64,B-A,complete,q995_err,65457,9.680362184072422e-08,-6.4535747903068e-08,1.6453451893013756e-07,1
piv_d64,B-A,complete,radial_w1,8925,-3.725290298461914e-09,0.0,3.041686791657381e-09,1
piv_d64,B-A,complete,radial_w1,77395,0.0,0.0,3.041686791657381e-09,1
piv_d64,B-A,complete,radial_w1,65457,3.725290298461914e-09,0.0,3.041686791657381e-09,1
piv_d64,B-A,complete,sample_time_s,8925,0.10856928676366806,0.10704623659451802,0.006748568422974397,
piv_d64,B-A,complete,sample_time_s,77395,0.09812536090612411,0.10704623659451802,0.006748568422974397,
piv_d64,B-A,complete,sample_time_s,65457,0.1144440621137619,0.10704623659451802,0.006748568422974397,
piv_d64,B-A,complete,sliced_w1,8925,-0.002449687570333481,0.00029449785749117535,0.0021533205744100276,1
piv_d64,B-A,complete,sliced_w1,77395,0.0005232319235801697,0.00029449785749117535,0.0021533205744100276,1
piv_d64,B-A,complete,sliced_w1,65457,0.002809949219226837,0.00029449785749117535,0.0021533205744100276,1
piv_d64,B-A,complete,tail_exc_95,8925,0.0,0.0,0.0,0
piv_d64,B-A,complete,tail_exc_95,77395,0.0,0.0,0.0,0
piv_d64,B-A,complete,tail_exc_95,65457,0.0,0.0,0.0,0
piv_d64,B-A,complete,tail_exc_99,8925,0.0,0.0,0.0,0
piv_d64,B-A,complete,tail_exc_99,77395,0.0,0.0,0.0,0
piv_d64,B-A,complete,tail_exc_99,65457,0.0,0.0,0.0,0
piv_d64,B-A,complete,total_train_time_s,8925,-8.526011541485786,-2.2695852468411126,4.4240070494614345,
piv_d64,B-A,complete,total_train_time_s,77395,0.883226178586483,-2.2695852468411126,4.4240070494614345,
piv_d64,B-A,complete,total_train_time_s,65457,0.8340296223759651,-2.2695852468411126,4.4240070494614345,
piv_d64,B-C,complete,angular_sw_bin0,8925,-0.0038867872208356857,-0.0035715953757365546,0.0003481351506411621,3
piv_d64,B-C,complete,angular_sw_bin0,77395,-0.003086451441049576,-0.0035715953757365546,0.0003481351506411621,3
piv_d64,B-C,complete,angular_sw_bin0,65457,-0.003741547465324402,-0.0035715953757365546,0.0003481351506411621,3
piv_d64,B-C,complete,angular_sw_bin1,8925,-0.001956585794687271,-0.0016429026921590169,0.0002300230068824665,3
piv_d64,B-C,complete,angular_sw_bin1,77395,-0.0015606805682182312,-0.0016429026921590169,0.0002300230068824665,3
piv_d64,B-C,complete,angular_sw_bin1,65457,-0.0014114417135715485,-0.0016429026921590169,0.0002300230068824665,3
piv_d64,B-C,complete,angular_sw_bin2,8925,-0.0009155143052339554,-0.0012925813595453899,0.0006307563469810802,3
piv_d64,B-C,complete,angular_sw_bin2,77395,-0.0007810108363628387,-0.0012925813595453899,0.0006307563469810802,3
piv_d64,B-C,complete,angular_sw_bin2,65457,-0.0021812189370393753,-0.0012925813595453899,0.0006307563469810802,3
piv_d64,B-C,complete,angular_sw_bin3,8925,-0.015934213995933533,-0.013570838297406832,0.0024544484564302,3
piv_d64,B-C,complete,angular_sw_bin3,77395,-0.014590812847018242,-0.013570838297406832,0.0024544484564302,3
piv_d64,B-C,complete,angular_sw_bin3,65457,-0.010187488049268723,-0.013570838297406832,0.0024544484564302,3
piv_d64,B-C,complete,angular_sw_mean,8925,-0.005673275329172611,-0.005019479431211948,0.0005279072362142086,3
piv_d64,B-C,complete,angular_sw_mean,77395,-0.005004738923162222,-0.005019479431211948,0.0005279072362142086,3
piv_d64,B-C,complete,angular_sw_mean,65457,-0.004380424041301012,-0.005019479431211948,0.0005279072362142086,3
piv_d64,B-C,complete,exploding_norm_rate,8925,0.0,0.0,0.0,
piv_d64,B-C,complete,exploding_norm_rate,77395,0.0,0.0,0.0,
piv_d64,B-C,complete,exploding_norm_rate,65457,0.0,0.0,0.0,
piv_d64,B-C,complete,inf_rate,8925,0.0,0.0,0.0,
piv_d64,B-C,complete,inf_rate,77395,0.0,0.0,0.0,
piv_d64,B-C,complete,inf_rate,65457,0.0,0.0,0.0,
piv_d64,B-C,complete,invalid_rate,8925,0.0,0.0,0.0,
piv_d64,B-C,complete,invalid_rate,77395,0.0,0.0,0.0,
piv_d64,B-C,complete,invalid_rate,65457,0.0,0.0,0.0,
piv_d64,B-C,complete,ks_stat,8925,0.0,0.0,0.0,0
piv_d64,B-C,complete,ks_stat,77395,0.0,0.0,0.0,0
piv_d64,B-C,complete,ks_stat,65457,0.0,0.0,0.0,0
piv_d64,B-C,complete,mmd,8925,-0.0031031370162963867,-0.002591411272684733,0.0003837827791985321,3
piv_d64,B-C,complete,mmd,77395,-0.0021789073944091797,-0.002591411272684733,0.0003837827791985321,3
piv_d64,B-C,complete,mmd,65457,-0.002492189407348633,-0.002591411272684733,0.0003837827791985321,3
piv_d64,B-C,complete,nan_rate,8925,0.0,0.0,0.0,
piv_d64,B-C,complete,nan_rate,77395,0.0,0.0,0.0,
piv_d64,B-C,complete,nan_rate,65457,0.0,0.0,0.0,
piv_d64,B-C,complete,nfe,8925,0,0,0.0,
piv_d64,B-C,complete,nfe,77395,0,0,0.0,
piv_d64,B-C,complete,nfe,65457,0,0,0.0,
piv_d64,B-C,complete,q950_err,8925,1.972405261427973e-07,6.57468420475991e-08,1.0736414347708377e-07,1
piv_d64,B-C,complete,q950_err,77395,6.574684204702086e-08,6.57468420475991e-08,1.0736414347708377e-07,1
piv_d64,B-C,complete,q950_err,65457,-6.574684204702086e-08,6.57468420475991e-08,1.0736414347708377e-07,1
piv_d64,B-C,complete,q990_err,8925,2.054662234067528e-07,-3.4244370568370375e-08,2.1109647745170693e-07,1
piv_d64,B-C,complete,q990_err,77395,-3.081993351118639e-07,-3.4244370568370375e-08,2.1109647745170693e-07,1
piv_d64,B-C,complete,q990_err,65457,0.0,-3.4244370568370375e-08,2.1109647745170693e-07,1
piv_d64,B-C,complete,q995_err,8925,9.680362184766311e-08,-9.680362184997608e-08,1.580796525229077e-07,2
piv_d64,B-C,complete,q995_err,77395,-9.680362184766311e-08,-9.680362184997608e-08,1.580796525229077e-07,2
piv_d64,B-C,complete,q995_err,65457,-2.9041086554992823e-07,-9.680362184997608e-08,1.580796525229077e-07,2
piv_d64,B-C,complete,radial_w1,8925,3.725290298461914e-09,4.967053731282552e-09,1.756118687953918e-09,0
piv_d64,B-C,complete,radial_w1,77395,3.725290298461914e-09,4.967053731282552e-09,1.756118687953918e-09,0
piv_d64,B-C,complete,radial_w1,65457,7.450580596923828e-09,4.967053731282552e-09,1.756118687953918e-09,0
piv_d64,B-C,complete,sample_time_s,8925,0.014730699360370636,0.02692728986342748,0.008984611070592481,
piv_d64,B-C,complete,sample_time_s,77395,0.029940582811832428,0.02692728986342748,0.008984611070592481,
piv_d64,B-C,complete,sample_time_s,65457,0.036110587418079376,0.02692728986342748,0.008984611070592481,
piv_d64,B-C,complete,sliced_w1,8925,-0.013522613793611526,-0.010073500995834669,0.0025911095542492826,3
piv_d64,B-C,complete,sliced_w1,77395,-0.009420620277523994,-0.010073500995834669,0.0025911095542492826,3
piv_d64,B-C,complete,sliced_w1,65457,-0.0072772689163684845,-0.010073500995834669,0.0025911095542492826,3
piv_d64,B-C,complete,tail_exc_95,8925,0.0,0.0,0.0,0
piv_d64,B-C,complete,tail_exc_95,77395,0.0,0.0,0.0,0
piv_d64,B-C,complete,tail_exc_95,65457,0.0,0.0,0.0,0
piv_d64,B-C,complete,tail_exc_99,8925,0.0,0.0,0.0,0
piv_d64,B-C,complete,tail_exc_99,77395,0.0,0.0,0.0,0
piv_d64,B-C,complete,tail_exc_99,65457,0.0,0.0,0.0,0
piv_d64,B-C,complete,total_train_time_s,8925,-1.9131557568907738,-1.2115395988027255,2.0490512574816035,
piv_d64,B-C,complete,total_train_time_s,77395,1.5741643011569977,-1.2115395988027255,2.0490512574816035,
piv_d64,B-C,complete,total_train_time_s,65457,-3.2956273406744003,-1.2115395988027255,2.0490512574816035,
student_t_d128_df3.0_cor,B-A,complete,angular_sw_bin0,8925,-0.0022855475544929504,-0.001564340355495612,0.0005755230780693567,3
student_t_d128_df3.0_cor,B-A,complete,angular_sw_bin0,77395,-0.0008770329877734184,-0.001564340355495612,0.0005755230780693567,3
student_t_d128_df3.0_cor,B-A,complete,angular_sw_bin0,65457,-0.0015304405242204666,-0.001564340355495612,0.0005755230780693567,3
student_t_d128_df3.0_cor,B-A,complete,angular_sw_bin1,8925,-0.002461371012032032,-0.0019059648426870506,0.0004084976358809979,3
student_t_d128_df3.0_cor,B-A,complete,angular_sw_bin1,77395,-0.0017659151926636696,-0.0019059648426870506,0.0004084976358809979,3
student_t_d128_df3.0_cor,B-A,complete,angular_sw_bin1,65457,-0.00149060832336545,-0.0019059648426870506,0.0004084976358809979,3
student_t_d128_df3.0_cor,B-A,complete,angular_sw_bin2,8925,-0.0029121236875653267,-0.002029219176620245,0.0006267439166859796,3
student_t_d128_df3.0_cor,B-A,complete,angular_sw_bin2,77395,-0.0016553807072341442,-0.002029219176620245,0.0006267439166859796,3
student_t_d128_df3.0_cor,B-A,complete,angular_sw_bin2,65457,-0.001520153135061264,-0.002029219176620245,0.0006267439166859796,3
student_t_d128_df3.0_cor,B-A,complete,angular_sw_bin3,8925,-0.002120915800333023,-0.0017059937429924805,0.0007215595550184707,3
student_t_d128_df3.0_cor,B-A,complete,angular_sw_bin3,77395,-0.002305906265974045,-0.0017059937429924805,0.0007215595550184707,3
student_t_d128_df3.0_cor,B-A,complete,angular_sw_bin3,65457,-0.0006911591626703739,-0.0017059937429924805,0.0007215595550184707,3
student_t_d128_df3.0_cor,B-A,complete,angular_sw_mean,8925,-0.002444989513605833,-0.001801379529448847,0.00047615278159781005,3
student_t_d128_df3.0_cor,B-A,complete,angular_sw_mean,77395,-0.0016510587884113193,-0.001801379529448847,0.00047615278159781005,3
student_t_d128_df3.0_cor,B-A,complete,angular_sw_mean,65457,-0.0013080902863293886,-0.001801379529448847,0.00047615278159781005,3
student_t_d128_df3.0_cor,B-A,complete,exploding_norm_rate,8925,0.0,0.0,0.0,
student_t_d128_df3.0_cor,B-A,complete,exploding_norm_rate,77395,0.0,0.0,0.0,
student_t_d128_df3.0_cor,B-A,complete,exploding_norm_rate,65457,0.0,0.0,0.0,
student_t_d128_df3.0_cor,B-A,complete,inf_rate,8925,0.0,0.0,0.0,
student_t_d128_df3.0_cor,B-A,complete,inf_rate,77395,0.0,0.0,0.0,
student_t_d128_df3.0_cor,B-A,complete,inf_rate,65457,0.0,0.0,0.0,
student_t_d128_df3.0_cor,B-A,complete,invalid_rate,8925,0.0,0.0,0.0,
student_t_d128_df3.0_cor,B-A,complete,invalid_rate,77395,0.0,0.0,0.0,
student_t_d128_df3.0_cor,B-A,complete,invalid_rate,65457,0.0,0.0,0.0,
student_t_d128_df3.0_cor,B-A,complete,ks_stat,8925,0.0,0.0,0.0,0
student_t_d128_df3.0_cor,B-A,complete,ks_stat,77395,0.0,0.0,0.0,0
student_t_d128_df3.0_cor,B-A,complete,ks_stat,65457,0.0,0.0,0.0,0
student_t_d128_df3.0_cor,B-A,complete,mmd,8925,-0.0018699169158935547,-0.0012347698211669922,0.00045007139552353,3
student_t_d128_df3.0_cor,B-A,complete,mmd,77395,-0.0008813142776489258,-0.0012347698211669922,0.00045007139552353,3
student_t_d128_df3.0_cor,B-A,complete,mmd,65457,-0.0009530782699584961,-0.0012347698211669922,0.00045007139552353,3
student_t_d128_df3.0_cor,B-A,complete,nan_rate,8925,0.0,0.0,0.0,
student_t_d128_df3.0_cor,B-A,complete,nan_rate,77395,0.0,0.0,0.0,
student_t_d128_df3.0_cor,B-A,complete,nan_rate,65457,0.0,0.0,0.0,
student_t_d128_df3.0_cor,B-A,complete,nfe,8925,0,0,0.0,
student_t_d128_df3.0_cor,B-A,complete,nfe,77395,0,0,0.0,
student_t_d128_df3.0_cor,B-A,complete,nfe,65457,0,0,0.0,
student_t_d128_df3.0_cor,B-A,complete,q950_err,8925,0.0,-3.412757762178183e-08,1.2769370290132798e-07,1
student_t_d128_df3.0_cor,B-A,complete,q950_err,77395,1.0238273286545391e-07,-3.412757762178183e-08,1.2769370290132798e-07,1
student_t_d128_df3.0_cor,B-A,complete,q950_err,65457,-2.047654657307994e-07,-3.412757762178183e-08,1.2769370290132798e-07,1
student_t_d128_df3.0_cor,B-A,complete,q990_err,8925,7.203101309687099e-08,2.4010337698956996e-08,6.7911490422046e-08,1
student_t_d128_df3.0_cor,B-A,complete,q990_err,77395,-7.203101309687099e-08,2.4010337698956996e-08,6.7911490422046e-08,1
student_t_d128_df3.0_cor,B-A,complete,q990_err,65457,7.203101309687099e-08,2.4010337698956996e-08,6.7911490422046e-08,1
student_t_d128_df3.0_cor,B-A,complete,q995_err,8925,0.0,0.0,0.0,0
student_t_d128_df3.0_cor,B-A,complete,q995_err,77395,0.0,0.0,0.0,0
student_t_d128_df3.0_cor,B-A,complete,q995_err,65457,0.0,0.0,0.0,0
student_t_d128_df3.0_cor,B-A,complete,radial_w1,8925,1.1920928955078125e-07,1.1920928955078125e-07,0.0,0
student_t_d128_df3.0_cor,B-A,complete,radial_w1,77395,1.1920928955078125e-07,1.1920928955078125e-07,0.0,0
student_t_d128_df3.0_cor,B-A,complete,radial_w1,65457,1.1920928955078125e-07,1.1920928955078125e-07,0.0,0
student_t_d128_df3.0_cor,B-A,complete,sample_time_s,8925,0.14680495113134384,0.15339355915784836,0.006131732231447481,
student_t_d128_df3.0_cor,B-A,complete,sample_time_s,77395,0.15180525183677673,0.15339355915784836,0.006131732231447481,
student_t_d128_df3.0_cor,B-A,complete,sample_time_s,65457,0.1615704745054245,0.15339355915784836,0.006131732231447481,
student_t_d128_df3.0_cor,B-A,complete,sliced_w1,8925,-0.6300576329231262,-0.39788156747817993,0.16813958035530344,3
student_t_d128_df3.0_cor,B-A,complete,sliced_w1,77395,-0.32625794410705566,-0.39788156747817993,0.16813958035530344,3
student_t_d128_df3.0_cor,B-A,complete,sliced_w1,65457,-0.2373291254043579,-0.39788156747817993,0.16813958035530344,3
student_t_d128_df3.0_cor,B-A,complete,tail_exc_95,8925,0.0,0.0,0.0,0
student_t_d128_df3.0_cor,B-A,complete,tail_exc_95,77395,0.0,0.0,0.0,0
student_t_d128_df3.0_cor,B-A,complete,tail_exc_95,65457,0.0,0.0,0.0,0
student_t_d128_df3.0_cor,B-A,complete,tail_exc_99,8925,0.0,0.0,0.0,0
student_t_d128_df3.0_cor,B-A,complete,tail_exc_99,77395,0.0,0.0,0.0,0
student_t_d128_df3.0_cor,B-A,complete,tail_exc_99,65457,0.0,0.0,0.0,0
student_t_d128_df3.0_cor,B-A,complete,total_train_time_s,8925,0.7015770748257637,1.504388506213824,3.3614478934701695,
student_t_d128_df3.0_cor,B-A,complete,total_train_time_s,77395,-2.1519906744360924,1.504388506213824,3.3614478934701695,
student_t_d128_df3.0_cor,B-A,complete,total_train_time_s,65457,5.9635791182518005,1.504388506213824,3.3614478934701695,
student_t_d128_df3.0_cor,B-C,complete,angular_sw_bin0,8925,-1.9116327166557312e-05,0.00017443795998891196,0.00022781259964780044,1
student_t_d128_df3.0_cor,B-C,complete,angular_sw_bin0,77395,0.0004942631348967552,0.00017443795998891196,0.00022781259964780044,1
student_t_d128_df3.0_cor,B-C,complete,angular_sw_bin0,65457,4.816707223653793e-05,0.00017443795998891196,0.00022781259964780044,1
student_t_d128_df3.0_cor,B-C,complete,angular_sw_bin1,8925,6.841635331511497e-05,8.111198743184407e-05,9.851965256792528e-05,1
student_t_d128_df3.0_cor,B-C,complete,angular_sw_bin1,77395,0.00020761927589774132,8.111198743184407e-05,9.851965256792528e-05,1
student_t_d128_df3.0_cor,B-C,complete,angular_sw_bin1,65457,-3.2699666917324066e-05,8.111198743184407e-05,9.851965256792528e-05,1
student_t_d128_df3.0_cor,B-C,complete,angular_sw_bin2,8925,2.5440938770771027e-05,-8.931383490562439e-07,1.8724469188816135e-05,2
student_t_d128_df3.0_cor,B-C,complete,angular_sw_bin2,77395,-1.646764576435089e-05,-8.931383490562439e-07,1.8724469188816135e-05,2
student_t_d128_df3.0_cor,B-C,complete,angular_sw_bin2,65457,-1.1652708053588867e-05,-8.931383490562439e-07,1.8724469188816135e-05,2
student_t_d128_df3.0_cor,B-C,complete,angular_sw_bin3,8925,0.00012355437502264977,-1.6718171536922455e-05,0.0003021037821485422,1
student_t_d128_df3.0_cor,B-C,complete,angular_sw_bin3,77395,-0.0004363437183201313,-1.6718171536922455e-05,0.0003021037821485422,1
student_t_d128_df3.0_cor,B-C,complete,angular_sw_bin3,65457,0.00026263482868671417,-1.6718171536922455e-05,0.0003021037821485422,1
student_t_d128_df3.0_cor,B-C,complete,angular_sw_mean,8925,4.9573834985494614e-05,5.948465938369433e-05,7.228981510263013e-06,0
student_t_d128_df3.0_cor,B-C,complete,angular_sw_mean,77395,6.226776167750359e-05,5.948465938369433e-05,7.228981510263013e-06,0
student_t_d128_df3.0_cor,B-C,complete,angular_sw_mean,65457,6.661238148808479e-05,5.948465938369433e-05,7.228981510263013e-06,0
student_t_d128_df3.0_cor,B-C,complete,exploding_norm_rate,8925,0.0,0.0,0.0,
student_t_d128_df3.0_cor,B-C,complete,exploding_norm_rate,77395,0.0,0.0,0.0,
student_t_d128_df3.0_cor,B-C,complete,exploding_norm_rate,65457,0.0,0.0,0.0,
student_t_d128_df3.0_cor,B-C,complete,inf_rate,8925,0.0,0.0,0.0,
student_t_d128_df3.0_cor,B-C,complete,inf_rate,77395,0.0,0.0,0.0,
student_t_d128_df3.0_cor,B-C,complete,inf_rate,65457,0.0,0.0,0.0,
student_t_d128_df3.0_cor,B-C,complete,invalid_rate,8925,0.0,0.0,0.0,
student_t_d128_df3.0_cor,B-C,complete,invalid_rate,77395,0.0,0.0,0.0,
student_t_d128_df3.0_cor,B-C,complete,invalid_rate,65457,0.0,0.0,0.0,
student_t_d128_df3.0_cor,B-C,complete,ks_stat,8925,0.0,0.0,0.0,0
student_t_d128_df3.0_cor,B-C,complete,ks_stat,77395,0.0,0.0,0.0,0
student_t_d128_df3.0_cor,B-C,complete,ks_stat,65457,0.0,0.0,0.0,0
student_t_d128_df3.0_cor,B-C,complete,mmd,8925,6.67572021484375e-06,3.6557515462239585e-06,5.314589658514814e-06,1
student_t_d128_df3.0_cor,B-C,complete,mmd,77395,8.106231689453125e-06,3.6557515462239585e-06,5.314589658514814e-06,1
student_t_d128_df3.0_cor,B-C,complete,mmd,65457,-3.814697265625e-06,3.6557515462239585e-06,5.314589658514814e-06,1
student_t_d128_df3.0_cor,B-C,complete,nan_rate,8925,0.0,0.0,0.0,
student_t_d128_df3.0_cor,B-C,complete,nan_rate,77395,0.0,0.0,0.0,
student_t_d128_df3.0_cor,B-C,complete,nan_rate,65457,0.0,0.0,0.0,
student_t_d128_df3.0_cor,B-C,complete,nfe,8925,0,0,0.0,
student_t_d128_df3.0_cor,B-C,complete,nfe,77395,0,0,0.0,
student_t_d128_df3.0_cor,B-C,complete,nfe,65457,0,0,0.0,
student_t_d128_df3.0_cor,B-C,complete,q950_err,8925,1.0238273286545391e-07,0.0,8.359515133067984e-08,1
student_t_d128_df3.0_cor,B-C,complete,q950_err,77395,0.0,0.0,8.359515133067984e-08,1
student_t_d128_df3.0_cor,B-C,complete,q950_err,65457,-1.0238273286545391e-07,0.0,8.359515133067984e-08,1
student_t_d128_df3.0_cor,B-C,complete,q990_err,8925,1.4406202619374198e-07,2.4010337698956996e-08,8.983845741023928e-08,1
student_t_d128_df3.0_cor,B-C,complete,q990_err,77395,0.0,2.4010337698956996e-08,8.983845741023928e-08,1
student_t_d128_df3.0_cor,B-C,complete,q990_err,65457,-7.203101309687099e-08,2.4010337698956996e-08,8.983845741023928e-08,1
student_t_d128_df3.0_cor,B-C,complete,q995_err,8925,1.204648231584171e-07,1.1564823173178713e-18,9.835911622949432e-08,1
student_t_d128_df3.0_cor,B-C,complete,q995_err,77395,0.0,1.1564823173178713e-18,9.835911622949432e-08,1
student_t_d128_df3.0_cor,B-C,complete,q995_err,65457,-1.2046482315494766e-07,1.1564823173178713e-18,9.835911622949432e-08,1
student_t_d128_df3.0_cor,B-C,complete,radial_w1,8925,1.1920928955078125e-07,3.9736429850260414e-08,1.1239159602905075e-07,1
student_t_d128_df3.0_cor,B-C,complete,radial_w1,77395,-1.1920928955078125e-07,3.9736429850260414e-08,1.1239159602905075e-07,1
student_t_d128_df3.0_cor,B-C,complete,radial_w1,65457,1.1920928955078125e-07,3.9736429850260414e-08,1.1239159602905075e-07,1
student_t_d128_df3.0_cor,B-C,complete,sample_time_s,8925,0.050581298768520355,0.04597920676072439,0.004802963376302821,
student_t_d128_df3.0_cor,B-C,complete,sample_time_s,77395,0.039351701736450195,0.04597920676072439,0.004802963376302821,
student_t_d128_df3.0_cor,B-C,complete,sample_time_s,65457,0.048004619777202606,0.04597920676072439,0.004802963376302821,
student_t_d128_df3.0_cor,B-C,complete,sliced_w1,8925,0.008031129837036133,0.0035446882247924805,0.003626743179647353,1
student_t_d128_df3.0_cor,B-C,complete,sliced_w1,77395,-0.0008511543273925781,0.0035446882247924805,0.003626743179647353,1
student_t_d128_df3.0_cor,B-C,complete,sliced_w1,65457,0.0034540891647338867,0.0035446882247924805,0.003626743179647353,1
student_t_d128_df3.0_cor,B-C,complete,tail_exc_95,8925,0.0,0.0,0.0,0
student_t_d128_df3.0_cor,B-C,complete,tail_exc_95,77395,0.0,0.0,0.0,0
student_t_d128_df3.0_cor,B-C,complete,tail_exc_95,65457,0.0,0.0,0.0,0
student_t_d128_df3.0_cor,B-C,complete,tail_exc_99,8925,0.0,0.0,0.0,0
student_t_d128_df3.0_cor,B-C,complete,tail_exc_99,77395,0.0,0.0,0.0,0
student_t_d128_df3.0_cor,B-C,complete,tail_exc_99,65457,0.0,0.0,0.0,0
student_t_d128_df3.0_cor,B-C,complete,total_train_time_s,8925,-0.6036263108253479,0.09127095838387807,1.3320821195217931,
student_t_d128_df3.0_cor,B-C,complete,total_train_time_s,77395,-1.0776914656162262,0.09127095838387807,1.3320821195217931,
student_t_d128_df3.0_cor,B-C,complete,total_train_time_s,65457,1.9551306515932083,0.09127095838387807,1.3320821195217931,
student_t_d16_df1.5_cor,B-A,complete,angular_sw_bin0,8925,0.0017256513237953186,-0.001695553461710612,0.002513555855096373,2
student_t_d16_df1.5_cor,B-A,complete,angular_sw_bin0,77395,-0.004241896793246269,-0.001695553461710612,0.002513555855096373,2
student_t_d16_df1.5_cor,B-A,complete,angular_sw_bin0,65457,-0.0025704149156808853,-0.001695553461710612,0.002513555855096373,2
student_t_d16_df1.5_cor,B-A,complete,angular_sw_bin1,8925,-0.0007130643352866173,-0.0026139989495277405,0.0017814040815821222,3
student_t_d16_df1.5_cor,B-A,complete,angular_sw_bin1,77395,-0.004996226169168949,-0.0026139989495277405,0.0017814040815821222,3
student_t_d16_df1.5_cor,B-A,complete,angular_sw_bin1,65457,-0.002132706344127655,-0.0026139989495277405,0.0017814040815821222,3
student_t_d16_df1.5_cor,B-A,complete,angular_sw_bin2,8925,-0.0006554871797561646,-0.0040986572081844015,0.0025334157018141227,3
student_t_d16_df1.5_cor,B-A,complete,angular_sw_bin2,77395,-0.006677987985312939,-0.0040986572081844015,0.0025334157018141227,3
student_t_d16_df1.5_cor,B-A,complete,angular_sw_bin2,65457,-0.0049624964594841,-0.0040986572081844015,0.0025334157018141227,3
student_t_d16_df1.5_cor,B-A,complete,angular_sw_bin3,8925,-0.0031901784241199493,-0.003816155716776848,0.0034861010015021223,2
student_t_d16_df1.5_cor,B-A,complete,angular_sw_bin3,77395,-0.008364172652363777,-0.003816155716776848,0.0034861010015021223,2
student_t_d16_df1.5_cor,B-A,complete,angular_sw_bin3,65457,0.00010588392615318298,-0.003816155716776848,0.0034861010015021223,2
student_t_d16_df1.5_cor,B-A,complete,angular_sw_mean,8925,-0.0007082696538418531,-0.0030560913340499005,0.0022390552914808497,3
student_t_d16_df1.5_cor,B-A,complete,angular_sw_mean,77395,-0.0060700709000229836,-0.0030560913340499005,0.0022390552914808497,3
student_t_d16_df1.5_cor,B-A,complete,angular_sw_mean,65457,-0.0023899334482848644,-0.0030560913340499005,0.0022390552914808497,3
student_t_d16_df1.5_cor,B-A,complete,exploding_norm_rate,8925,0.0,0.0,0.0,
student_t_d16_df1.5_cor,B-A,complete,exploding_norm_rate,77395,0.0,0.0,0.0,
student_t_d16_df1.5_cor,B-A,complete,exploding_norm_rate,65457,0.0,0.0,0.0,
student_t_d16_df1.5_cor,B-A,complete,inf_rate,8925,0.0,0.0,0.0,
student_t_d16_df1.5_cor,B-A,complete,inf_rate,77395,0.0,0.0,0.0,
student_t_d16_df1.5_cor,B-A,complete,inf_rate,65457,0.0,0.0,0.0,
student_t_d16_df1.5_cor,B-A,complete,invalid_rate,8925,0.0,0.0,0.0,
student_t_d16_df1.5_cor,B-A,complete,invalid_rate,77395,0.0,0.0,0.0,
student_t_d16_df1.5_cor,B-A,complete,invalid_rate,65457,0.0,0.0,0.0,
student_t_d16_df1.5_cor,B-A,complete,ks_stat,8925,0.0,0.0,0.0,0
student_t_d16_df1.5_cor,B-A,complete,ks_stat,77395,0.0,0.0,0.0,0
student_t_d16_df1.5_cor,B-A,complete,ks_stat,65457,0.0,0.0,0.0,0
student_t_d16_df1.5_cor,B-A,complete,mmd,8925,-2.3603439331054688e-05,-0.0003718932469685872,0.00029209088711224543,3
student_t_d16_df1.5_cor,B-A,complete,mmd,77395,-0.0007383823394775391,-0.0003718932469685872,0.00029209088711224543,3
student_t_d16_df1.5_cor,B-A,complete,mmd,65457,-0.00035369396209716797,-0.0003718932469685872,0.00029209088711224543,3
student_t_d16_df1.5_cor,B-A,complete,nan_rate,8925,0.0,0.0,0.0,
student_t_d16_df1.5_cor,B-A,complete,nan_rate,77395,0.0,0.0,0.0,
student_t_d16_df1.5_cor,B-A,complete,nan_rate,65457,0.0,0.0,0.0,
student_t_d16_df1.5_cor,B-A,complete,nfe,8925,0,0,0.0,
student_t_d16_df1.5_cor,B-A,complete,nfe,77395,0,0,0.0,
student_t_d16_df1.5_cor,B-A,complete,nfe,65457,0,0,0.0,
student_t_d16_df1.5_cor,B-A,complete,q950_err,8925,-9.326184999096376e-08,3.1087283330032134e-08,1.1631796330724459e-07,1
student_t_d16_df1.5_cor,B-A,complete,q950_err,77395,0.0,3.1087283330032134e-08,1.1631796330724459e-07,1
student_t_d16_df1.5_cor,B-A,complete,q950_err,65457,1.8652369998106016e-07,3.1087283330032134e-08,1.1631796330724459e-07,1
student_t_d16_df1.5_cor,B-A,complete,q990_err,8925,-6.990510452442589e-08,2.3301701503516032e-08,8.718698356615921e-08,1
student_t_d16_df1.5_cor,B-A,complete,q990_err,77395,0.0,2.3301701503516032e-08,8.718698356615921e-08,1
student_t_d16_df1.5_cor,B-A,complete,q990_err,65457,1.39810209034974e-07,2.3301701503516032e-08,8.718698356615921e-08,1
student_t_d16_df1.5_cor,B-A,complete,q995_err,8925,2.4905235576633267e-07,1.1068993591156762e-07,1.411025357738029e-07,1
student_t_d16_df1.5_cor,B-A,complete,q995_err,77395,1.660349038812292e-07,1.1068993591156762e-07,1.411025357738029e-07,1
student_t_d16_df1.5_cor,B-A,complete,q995_err,65457,-8.301745191285903e-08,1.1068993591156762e-07,1.411025357738029e-07,1
student_t_d16_df1.5_cor,B-A,complete,radial_w1,8925,0.0,0.0,7.786718186642895e-07,1
student_t_d16_df1.5_cor,B-A,complete,radial_w1,77395,-9.5367431640625e-07,0.0,7.786718186642895e-07,1
student_t_d16_df1.5_cor,B-A,complete,radial_w1,65457,9.5367431640625e-07,0.0,7.786718186642895e-07,1
student_t_d16_df1.5_cor,B-A,complete,sample_time_s,8925,0.08247900754213333,0.08247746527194977,0.00010925370746129571,
student_t_d16_df1.5_cor,B-A,complete,sample_time_s,77395,0.08261049538850784,0.08247746527194977,0.00010925370746129571,
student_t_d16_df1.5_cor,B-A,complete,sample_time_s,65457,0.08234289288520813,0.08247746527194977,0.00010925370746129571,
student_t_d16_df1.5_cor,B-A,complete,sliced_w1,8925,-0.1692873239517212,-0.2520739237467448,0.0963454898084048,3
student_t_d16_df1.5_cor,B-A,complete,sliced_w1,77395,-0.3871873617172241,-0.2520739237467448,0.0963454898084048,3
student_t_d16_df1.5_cor,B-A,complete,sliced_w1,65457,-0.19974708557128906,-0.2520739237467448,0.0963454898084048,3
student_t_d16_df1.5_cor,B-A,complete,tail_exc_95,8925,0.0,0.0,0.0,0
student_t_d16_df1.5_cor,B-A,complete,tail_exc_95,77395,0.0,0.0,0.0,0
student_t_d16_df1.5_cor,B-A,complete,tail_exc_95,65457,0.0,0.0,0.0,0
student_t_d16_df1.5_cor,B-A,complete,tail_exc_99,8925,0.0,0.0,0.0,0
student_t_d16_df1.5_cor,B-A,complete,tail_exc_99,77395,0.0,0.0,0.0,0
student_t_d16_df1.5_cor,B-A,complete,tail_exc_99,65457,0.0,0.0,0.0,0
student_t_d16_df1.5_cor,B-A,complete,total_train_time_s,8925,0.7615479156374931,1.292722575366497,1.1843102460122135,
student_t_d16_df1.5_cor,B-A,complete,total_train_time_s,77395,2.9339102283120155,1.292722575366497,1.1843102460122135,
student_t_d16_df1.5_cor,B-A,complete,total_train_time_s,65457,0.18270958214998245,1.292722575366497,1.1843102460122135,
student_t_d16_df1.5_cor,B-C,complete,angular_sw_bin0,8925,0.0017789509147405624,0.0004882213349143664,0.0010045072365768859,1
student_t_d16_df1.5_cor,B-C,complete,angular_sw_bin0,77395,-0.000671016052365303,0.0004882213349143664,0.0010045072365768859,1
student_t_d16_df1.5_cor,B-C,complete,angular_sw_bin0,65457,0.0003567291423678398,0.0004882213349143664,0.0010045072365768859,1
student_t_d16_df1.5_cor,B-C,complete,angular_sw_bin1,8925,0.00041879527270793915,0.0006372062489390373,0.0003956600776962419,0
student_t_d16_df1.5_cor,B-C,complete,angular_sw_bin1,77395,0.00030026957392692566,0.0006372062489390373,0.0003956600776962419,0
student_t_d16_df1.5_cor,B-C,complete,angular_sw_bin1,65457,0.0011925539001822472,0.0006372062489390373,0.0003956600776962419,0
student_t_d16_df1.5_cor,B-C,complete,angular_sw_bin2,8925,9.400956332683563e-05,0.00024411175400018692,0.0003446576958231979,1
student_t_d16_df1.5_cor,B-C,complete,angular_sw_bin2,77395,-8.244067430496216e-05,0.00024411175400018692,0.0003446576958231979,1
student_t_d16_df1.5_cor,B-C,complete,angular_sw_bin2,65457,0.0007207663729786873,0.00024411175400018692,0.0003446576958231979,1
student_t_d16_df1.5_cor,B-C,complete,angular_sw_bin3,8925,-0.0015387814491987228,-0.000505516305565834,0.0009847151460831672,2
student_t_d16_df1.5_cor,B-C,complete,angular_sw_bin3,77395,-0.0007974430918693542,-0.000505516305565834,0.0009847151460831672,2
student_t_d16_df1.5_cor,B-C,complete,angular_sw_bin3,65457,0.000819675624370575,-0.000505516305565834,0.0009847151460831672,2
student_t_d16_df1.5_cor,B-C,complete,angular_sw_mean,8925,0.0001882435753941536,0.00021600575807193914,0.0004434204111408796,1
student_t_d16_df1.5_cor,B-C,complete,angular_sw_mean,77395,-0.00031265756115317345,0.00021600575807193914,0.0004434204111408796,1
student_t_d16_df1.5_cor,B-C,complete,angular_sw_mean,65457,0.0007724312599748373,0.00021600575807193914,0.0004434204111408796,1
student_t_d16_df1.5_cor,B-C,complete,exploding_norm_rate,8925,0.0,0.0,0.0,
student_t_d16_df1.5_cor,B-C,complete,exploding_norm_rate,77395,0.0,0.0,0.0,
student_t_d16_df1.5_cor,B-C,complete,exploding_norm_rate,65457,0.0,0.0,0.0,
student_t_d16_df1.5_cor,B-C,complete,inf_rate,8925,0.0,0.0,0.0,
student_t_d16_df1.5_cor,B-C,complete,inf_rate,77395,0.0,0.0,0.0,
student_t_d16_df1.5_cor,B-C,complete,inf_rate,65457,0.0,0.0,0.0,
student_t_d16_df1.5_cor,B-C,complete,invalid_rate,8925,0.0,0.0,0.0,
student_t_d16_df1.5_cor,B-C,complete,invalid_rate,77395,0.0,0.0,0.0,
student_t_d16_df1.5_cor,B-C,complete,invalid_rate,65457,0.0,0.0,0.0,
student_t_d16_df1.5_cor,B-C,complete,ks_stat,8925,0.0,0.0,0.0,0
student_t_d16_df1.5_cor,B-C,complete,ks_stat,77395,0.0,0.0,0.0,0
student_t_d16_df1.5_cor,B-C,complete,ks_stat,65457,0.0,0.0,0.0,0
student_t_d16_df1.5_cor,B-C,complete,mmd,8925,2.5272369384765625e-05,3.667672475179037e-05,4.4584309707691e-05,1
student_t_d16_df1.5_cor,B-C,complete,mmd,77395,-1.1324882507324219e-05,3.667672475179037e-05,4.4584309707691e-05,1
student_t_d16_df1.5_cor,B-C,complete,mmd,65457,9.608268737792969e-05,3.667672475179037e-05,4.4584309707691e-05,1
student_t_d16_df1.5_cor,B-C,complete,nan_rate,8925,0.0,0.0,0.0,
student_t_d16_df1.5_cor,B-C,complete,nan_rate,77395,0.0,0.0,0.0,
student_t_d16_df1.5_cor,B-C,complete,nan_rate,65457,0.0,0.0,0.0,
student_t_d16_df1.5_cor,B-C,complete,nfe,8925,0,0,0.0,
student_t_d16_df1.5_cor,B-C,complete,nfe,77395,0,0,0.0,
student_t_d16_df1.5_cor,B-C,complete,nfe,65457,0,0,0.0,
student_t_d16_df1.5_cor,B-C,complete,q950_err,8925,0.0,-6.217456666064251e-08,8.792811540615071e-08,1
student_t_d16_df1.5_cor,B-C,complete,q950_err,77395,-1.8652369998192753e-07,-6.217456666064251e-08,8.792811540615071e-08,1
student_t_d16_df1.5_cor,B-C,complete,q950_err,65457,0.0,-6.217456666064251e-08,8.792811540615071e-08,1
student_t_d16_df1.5_cor,B-C,complete,q990_err,8925,-2.7962041808382576e-07,-1.3981020903959992e-07,1.1415455766151252e-07,2
student_t_d16_df1.5_cor,B-C,complete,q990_err,77395,-1.39810209034974e-07,-1.3981020903959992e-07,1.1415455766151252e-07,2
student_t_d16_df1.5_cor,B-C,complete,q990_err,65457,0.0,-1.3981020903959992e-07,1.1415455766151252e-07,2
student_t_d16_df1.5_cor,B-C,complete,q995_err,8925,8.301745191285903e-08,2.767248398020487e-08,1.4110253578831842e-07,1
student_t_d16_df1.5_cor,B-C,complete,q995_err,77395,1.660349038812292e-07,2.767248398020487e-08,1.4110253578831842e-07,1
student_t_d16_df1.5_cor,B-C,complete,q995_err,65457,-1.6603490385347364e-07,2.767248398020487e-08,1.4110253578831842e-07,1
student_t_d16_df1.5_cor,B-C,complete,radial_w1,8925,0.0,0.0,7.786718186642895e-07,1
student_t_d16_df1.5_cor,B-C,complete,radial_w1,77395,-9.5367431640625e-07,0.0,7.786718186642895e-07,1
student_t_d16_df1.5_cor,B-C,complete,radial_w1,65457,9.5367431640625e-07,0.0,7.786718186642895e-07,1
student_t_d16_df1.5_cor,B-C,complete,sample_time_s,8925,0.018799759447574615,0.023149020969867706,0.00552153674490009,
student_t_d16_df1.5_cor,B-C,complete,sample_time_s,77395,0.03094005584716797,0.023149020969867706,0.00552153674490009,
student_t_d16_df1.5_cor,B-C,complete,sample_time_s,65457,0.019707247614860535,0.023149020969867706,0.00552153674490009,
student_t_d16_df1.5_cor,B-C,complete,sliced_w1,8925,-0.00020360946655273438,0.060639540354410805,0.04347573791526218,1
student_t_d16_df1.5_cor,B-C,complete,sliced_w1,77395,0.09872877597808838,0.060639540354410805,0.04347573791526218,1
student_t_d16_df1.5_cor,B-C,complete,sliced_w1,65457,0.08339345455169678,0.060639540354410805,0.04347573791526218,1
student_t_d16_df1.5_cor,B-C,complete,tail_exc_95,8925,0.0,0.0,0.0,0
student_t_d16_df1.5_cor,B-C,complete,tail_exc_95,77395,0.0,0.0,0.0,0
student_t_d16_df1.5_cor,B-C,complete,tail_exc_95,65457,0.0,0.0,0.0,0
student_t_d16_df1.5_cor,B-C,complete,tail_exc_99,8925,0.0,0.0,0.0,0
student_t_d16_df1.5_cor,B-C,complete,tail_exc_99,77395,0.0,0.0,0.0,0
student_t_d16_df1.5_cor,B-C,complete,tail_exc_99,65457,0.0,0.0,0.0,0
student_t_d16_df1.5_cor,B-C,complete,total_train_time_s,8925,1.0166076645255089,-1.1770306105415027,2.197410033146997,
student_t_d16_df1.5_cor,B-C,complete,total_train_time_s,77395,-0.3675759956240654,-1.1770306105415027,2.197410033146997,
student_t_d16_df1.5_cor,B-C,complete,total_train_time_s,65457,-4.180123500525951,-1.1770306105415027,2.197410033146997,
student_t_d16_df10.0_cor,B-A,complete,angular_sw_bin0,8925,0.0019082119688391685,0.0015449197962880135,0.00053039669668615,0
student_t_d16_df10.0_cor,B-A,complete,angular_sw_bin0,77395,0.001931600272655487,0.0015449197962880135,0.00053039669668615,0
student_t_d16_df10.0_cor,B-A,complete,angular_sw_bin0,65457,0.0007949471473693848,0.0015449197962880135,0.00053039669668615,0
student_t_d16_df10.0_cor,B-A,complete,angular_sw_bin1,8925,0.002551204524934292,0.0013444134965538979,0.0009134120970702547,0
student_t_d16_df10.0_cor,B-A,complete,angular_sw_bin1,77395,0.001140046864748001,0.0013444134965538979,0.0009134120970702547,0
student_t_d16_df10.0_cor,B-A,complete,angular_sw_bin1,65457,0.00034198909997940063,0.0013444134965538979,0.0009134120970702547,0
student_t_d16_df10.0_cor,B-A,complete,angular_sw_bin2,8925,0.0022760573774576187,0.002131046106417974,0.000251305181379037,0
student_t_d16_df10.0_cor,B-A,complete,angular_sw_bin2,77395,0.0017775418236851692,0.002131046106417974,0.000251305181379037,0
student_t_d16_df10.0_cor,B-A,complete,angular_sw_bin2,65457,0.0023395391181111336,0.002131046106417974,0.000251305181379037,0
student_t_d16_df10.0_cor,B-A,complete,angular_sw_bin3,8925,0.003011852502822876,0.001949160359799862,0.0007610532670390696,0
student_t_d16_df10.0_cor,B-A,complete,angular_sw_bin3,77395,0.0015655206516385078,0.001949160359799862,0.0007610532670390696,0
student_t_d16_df10.0_cor,B-A,complete,angular_sw_bin3,65457,0.001270107924938202,0.001949160359799862,0.0007610532670390696,0
student_t_d16_df10.0_cor,B-A,complete,angular_sw_mean,8925,0.0024368315935134888,0.0017423849397649367,0.00051972489580396,0
student_t_d16_df10.0_cor,B-A,complete,angular_sw_mean,77395,0.0016036774031817913,0.0017423849397649367,0.00051972489580396,0
student_t_d16_df10.0_cor,B-A,complete,angular_sw_mean,65457,0.0011866458225995302,0.0017423849397649367,0.00051972489580396,0
student_t_d16_df10.0_cor,B-A,complete,exploding_norm_rate,8925,0.0,0.0,0.0,
student_t_d16_df10.0_cor,B-A,complete,exploding_norm_rate,77395,0.0,0.0,0.0,
student_t_d16_df10.0_cor,B-A,complete,exploding_norm_rate,65457,0.0,0.0,0.0,
student_t_d16_df10.0_cor,B-A,complete,inf_rate,8925,0.0,0.0,0.0,
student_t_d16_df10.0_cor,B-A,complete,inf_rate,77395,0.0,0.0,0.0,
student_t_d16_df10.0_cor,B-A,complete,inf_rate,65457,0.0,0.0,0.0,
student_t_d16_df10.0_cor,B-A,complete,invalid_rate,8925,0.0,0.0,0.0,
student_t_d16_df10.0_cor,B-A,complete,invalid_rate,77395,0.0,0.0,0.0,
student_t_d16_df10.0_cor,B-A,complete,invalid_rate,65457,0.0,0.0,0.0,
student_t_d16_df10.0_cor,B-A,complete,ks_stat,8925,0.0,0.0,0.0,0
student_t_d16_df10.0_cor,B-A,complete,ks_stat,77395,0.0,0.0,0.0,0
student_t_d16_df10.0_cor,B-A,complete,ks_stat,65457,0.0,0.0,0.0,0
student_t_d16_df10.0_cor,B-A,complete,mmd,8925,0.0002969503402709961,0.0002052783966064453,7.519281267980138e-05,0
student_t_d16_df10.0_cor,B-A,complete,mmd,77395,0.00020611286163330078,0.0002052783966064453,7.519281267980138e-05,0
student_t_d16_df10.0_cor,B-A,complete,mmd,65457,0.00011277198791503906,0.0002052783966064453,7.519281267980138e-05,0
student_t_d16_df10.0_cor,B-A,complete,nan_rate,8925,0.0,0.0,0.0,
student_t_d16_df10.0_cor,B-A,complete,nan_rate,77395,0.0,0.0,0.0,
student_t_d16_df10.0_cor,B-A,complete,nan_rate,65457,0.0,0.0,0.0,
student_t_d16_df10.0_cor,B-A,complete,nfe,8925,0,0,0.0,
student_t_d16_df10.0_cor,B-A,complete,nfe,77395,0,0,0.0,
student_t_d16_df10.0_cor,B-A,complete,nfe,65457,0,0,0.0,
student_t_d16_df10.0_cor,B-A,complete,q950_err,8925,0.0,1.7599543015277505e-07,1.5498695629902276e-07,0
student_t_d16_df10.0_cor,B-A,complete,q950_err,77395,1.5085322584498795e-07,1.7599543015277505e-07,1.5498695629902276e-07,0
student_t_d16_df10.0_cor,B-A,complete,q950_err,65457,3.7713306461333723e-07,1.7599543015277505e-07,1.5498695629902276e-07,0
student_t_d16_df10.0_cor,B-A,complete,q990_err,8925,0.0,2.1219014111756307e-08,3.0008217537031865e-08,0
student_t_d16_df10.0_cor,B-A,complete,q990_err,77395,6.365704233526892e-08,2.1219014111756307e-08,3.0008217537031865e-08,0
student_t_d16_df10.0_cor,B-A,complete,q990_err,65457,0.0,2.1219014111756307e-08,3.0008217537031865e-08,0
student_t_d16_df10.0_cor,B-A,complete,q995_err,8925,-2.3589097732264197e-07,7.863032577479223e-08,2.224001462478252e-07,1
student_t_d16_df10.0_cor,B-A,complete,q995_err,77395,2.358909773243767e-07,7.863032577479223e-08,2.224001462478252e-07,1
student_t_d16_df10.0_cor,B-A,complete,q995_err,65457,2.3589097732264197e-07,7.863032577479223e-08,2.224001462478252e-07,1
student_t_d16_df10.0_cor,B-A,complete,radial_w1,8925,0.0,-1.4901161193847656e-08,2.1073424255447017e-08,1
student_t_d16_df10.0_cor,B-A,complete,radial_w1,77395,0.0,-1.4901161193847656e-08,2.1073424255447017e-08,1
student_t_d16_df10.0_cor,B-A,complete,radial_w1,65457,-4.470348358154297e-08,-1.4901161193847656e-08,2.1073424255447017e-08,1
student_t_d16_df10.0_cor,B-A,complete,sample_time_s,8925,0.08317473530769348,0.07129917790492375,0.010308966062326747,
student_t_d16_df10.0_cor,B-A,complete,sample_time_s,77395,0.0726853683590889,0.07129917790492375,0.010308966062326747,
student_t_d16_df10.0_cor,B-A,complete,sample_time_s,65457,0.05803743004798889,0.07129917790492375,0.010308966062326747,
student_t_d16_df10.0_cor,B-A,complete,sliced_w1,8925,0.04198154807090759,0.026847288012504578,0.010861648238590376,0
student_t_d16_df10.0_cor,B-A,complete,sliced_w1,77395,0.021555840969085693,0.026847288012504578,0.010861648238590376,0
student_t_d16_df10.0_cor,B-A,complete,sliced_w1,65457,0.017004474997520447,0.026847288012504578,0.010861648238590376,0
student_t_d16_df10.0_cor,B-A,complete,tail_exc_95,8925,0.0,0.0,0.0,0
student_t_d16_df10.0_cor,B-A,complete,tail_exc_95,77395,0.0,0.0,0.0,0
student_t_d16_df10.0_cor,B-A,complete,tail_exc_95,65457,0.0,0.0,0.0,0
student_t_d16_df10.0_cor,B-A,complete,tail_exc_99,8925,0.0,0.0,0.0,0
student_t_d16_df10.0_cor,B-A,complete,tail_exc_99,77395,0.0,0.0,0.0,0
student_t_d16_df10.0_cor,B-A,complete,tail_exc_99,65457,0.0,0.0,0.0,0
student_t_d16_df10.0_cor,B-A,complete,total_train_time_s,8925,2.863457567989826,0.4842078611254692,1.7065051564121918,
student_t_d16_df10.0_cor,B-A,complete,total_train_time_s,77395,-1.0555853769183159,0.4842078611254692,1.7065051564121918,
student_t_d16_df10.0_cor,B-A,complete,total_train_time_s,65457,-0.3552486076951027,0.4842078611254692,1.7065051564121918,
student_t_d16_df10.0_cor,B-C,complete,angular_sw_bin0,8925,-0.000660870224237442,-0.0016447796175877254,0.0008086921643297672,3
student_t_d16_df10.0_cor,B-C,complete,angular_sw_bin0,77395,-0.0016318419948220253,-0.0016447796175877254,0.0008086921643297672,3
student_t_d16_df10.0_cor,B-C,complete,angular_sw_bin0,65457,-0.0026416266337037086,-0.0016447796175877254,0.0008086921643297672,3
student_t_d16_df10.0_cor,B-C,complete,angular_sw_bin1,8925,0.0008562197908759117,7.330160588026047e-05,0.000567144431086254,2
student_t_d16_df10.0_cor,B-C,complete,angular_sw_bin1,77395,-0.00016729813069105148,7.330160588026047e-05,0.000567144431086254,2
student_t_d16_df10.0_cor,B-C,complete,angular_sw_bin1,65457,-0.0004690168425440788,7.330160588026047e-05,0.000567144431086254,2
student_t_d16_df10.0_cor,B-C,complete,angular_sw_bin2,8925,0.0005271704867482185,0.0005272480969627699,0.00011733460166527381,0
student_t_d16_df10.0_cor,B-C,complete,angular_sw_bin2,77395,0.000670991837978363,0.0005272480969627699,0.00011733460166527381,0
student_t_d16_df10.0_cor,B-C,complete,angular_sw_bin2,65457,0.0003835819661617279,0.0005272480969627699,0.00011733460166527381,0
student_t_d16_df10.0_cor,B-C,complete,angular_sw_bin3,8925,-0.0018825605511665344,-0.0012863439818223317,0.0010446012052896128,2
student_t_d16_df10.0_cor,B-C,complete,angular_sw_bin3,77395,-0.0021587833762168884,-0.0012863439818223317,0.0010446012052896128,2
student_t_d16_df10.0_cor,B-C,complete,angular_sw_bin3,65457,0.0001823119819164276,-0.0012863439818223317,0.0010446012052896128,2
student_t_d16_df10.0_cor,B-C,complete,angular_sw_mean,8925,-0.00029001012444496155,-0.0005826434741417567,0.00022035198252374306,3
student_t_d16_df10.0_cor,B-C,complete,angular_sw_mean,77395,-0.0008217329159379005,-0.0005826434741417567,0.00022035198252374306,3
student_t_d16_df10.0_cor,B-C,complete,angular_sw_mean,65457,-0.000636187382042408,-0.0005826434741417567,0.00022035198252374306,3
student_t_d16_df10.0_cor,B-C,complete,exploding_norm_rate,8925,0.0,0.0,0.0,
student_t_d16_df10.0_cor,B-C,complete,exploding_norm_rate,77395,0.0,0.0,0.0,
student_t_d16_df10.0_cor,B-C,complete,exploding_norm_rate,65457,0.0,0.0,0.0,
student_t_d16_df10.0_cor,B-C,complete,inf_rate,8925,0.0,0.0,0.0,
student_t_d16_df10.0_cor,B-C,complete,inf_rate,77395,0.0,0.0,0.0,
student_t_d16_df10.0_cor,B-C,complete,inf_rate,65457,0.0,0.0,0.0,
student_t_d16_df10.0_cor,B-C,complete,invalid_rate,8925,0.0,0.0,0.0,
student_t_d16_df10.0_cor,B-C,complete,invalid_rate,77395,0.0,0.0,0.0,
student_t_d16_df10.0_cor,B-C,complete,invalid_rate,65457,0.0,0.0,0.0,
student_t_d16_df10.0_cor,B-C,complete,ks_stat,8925,0.0,0.0,0.0,0
student_t_d16_df10.0_cor,B-C,complete,ks_stat,77395,0.0,0.0,0.0,0
student_t_d16_df10.0_cor,B-C,complete,ks_stat,65457,0.0,0.0,0.0,0
student_t_d16_df10.0_cor,B-C,complete,mmd,8925,5.936622619628906e-05,4.9591064453125e-05,3.086024367360014e-05,0
student_t_d16_df10.0_cor,B-C,complete,mmd,77395,8.153915405273438e-05,4.9591064453125e-05,3.086024367360014e-05,0
student_t_d16_df10.0_cor,B-C,complete,mmd,65457,7.867813110351562e-06,4.9591064453125e-05,3.086024367360014e-05,0
student_t_d16_df10.0_cor,B-C,complete,nan_rate,8925,0.0,0.0,0.0,
student_t_d16_df10.0_cor,B-C,complete,nan_rate,77395,0.0,0.0,0.0,
student_t_d16_df10.0_cor,B-C,complete,nan_rate,65457,0.0,0.0,0.0,
student_t_d16_df10.0_cor,B-C,complete,nfe,8925,0,0,0.0,
student_t_d16_df10.0_cor,B-C,complete,nfe,77395,0,0,0.0,
student_t_d16_df10.0_cor,B-C,complete,nfe,65457,0,0,0.0,
student_t_d16_df10.0_cor,B-C,complete,q950_err,8925,-3.0170645169084326e-07,2.514220430749799e-08,3.1603260767830826e-07,2
student_t_d16_df10.0_cor,B-C,complete,q950_err,77395,-7.542661292249397e-08,2.514220430749799e-08,3.1603260767830826e-07,2
student_t_d16_df10.0_cor,B-C,complete,q950_err,65457,4.525596775358312e-07,2.514220430749799e-08,3.1603260767830826e-07,2
student_t_d16_df10.0_cor,B-C,complete,q990_err,8925,0.0,2.1219014111756307e-08,3.0008217537031865e-08,0
student_t_d16_df10.0_cor,B-C,complete,q990_err,77395,6.365704233526892e-08,2.1219014111756307e-08,3.0008217537031865e-08,0
student_t_d16_df10.0_cor,B-C,complete,q990_err,65457,0.0,2.1219014111756307e-08,3.0008217537031865e-08,0
student_t_d16_df10.0_cor,B-C,complete,q995_err,8925,-1.1794548866045362e-07,1.5726065154900623e-07,2.00468782741324e-07,1
student_t_d16_df10.0_cor,B-C,complete,q995_err,77395,3.538364659848303e-07,1.5726065154900623e-07,2.00468782741324e-07,1
student_t_d16_df10.0_cor,B-C,complete,q995_err,65457,2.3589097732264197e-07,1.5726065154900623e-07,2.00468782741324e-07,1
student_t_d16_df10.0_cor,B-C,complete,radial_w1,8925,-1.4901161193847656e-08,2.7318795522054035e-08,3.3504609175602694e-08,1
student_t_d16_df10.0_cor,B-C,complete,radial_w1,77395,6.705522537231445e-08,2.7318795522054035e-08,3.3504609175602694e-08,1
student_t_d16_df10.0_cor,B-C,complete,radial_w1,65457,2.9802322387695312e-08,2.7318795522054035e-08,3.3504609175602694e-08,1
student_t_d16_df10.0_cor,B-C,complete,sample_time_s,8925,0.03145600110292435,0.02750142167011897,0.004296742069324451,
student_t_d16_df10.0_cor,B-C,complete,sample_time_s,77395,0.02951962500810623,0.02750142167011897,0.004296742069324451,
student_t_d16_df10.0_cor,B-C,complete,sample_time_s,65457,0.021528638899326324,0.02750142167011897,0.004296742069324451,
student_t_d16_df10.0_cor,B-C,complete,sliced_w1,8925,-0.0005529820919036865,0.000531509518623352,0.0008136512593405925,1
student_t_d16_df10.0_cor,B-C,complete,sliced_w1,77395,0.001406848430633545,0.000531509518623352,0.0008136512593405925,1
student_t_d16_df10.0_cor,B-C,complete,sliced_w1,65457,0.0007406622171401978,0.000531509518623352,0.0008136512593405925,1
student_t_d16_df10.0_cor,B-C,complete,tail_exc_95,8925,0.0,0.0,0.0,0
student_t_d16_df10.0_cor,B-C,complete,tail_exc_95,77395,0.0,0.0,0.0,0
student_t_d16_df10.0_cor,B-C,complete,tail_exc_95,65457,0.0,0.0,0.0,0
student_t_d16_df10.0_cor,B-C,complete,tail_exc_99,8925,0.0,0.0,0.0,0
student_t_d16_df10.0_cor,B-C,complete,tail_exc_99,77395,0.0,0.0,0.0,0
student_t_d16_df10.0_cor,B-C,complete,tail_exc_99,65457,0.0,0.0,0.0,0
student_t_d16_df10.0_cor,B-C,complete,total_train_time_s,8925,-0.7063953429460526,-1.4067533935109775,0.9030439312078933,
student_t_d16_df10.0_cor,B-C,complete,total_train_time_s,77395,-2.6817872524261475,-1.4067533935109775,0.9030439312078933,
student_t_d16_df10.0_cor,B-C,complete,total_train_time_s,65457,-0.8320775851607323,-1.4067533935109775,0.9030439312078933,
student_t_d16_df2.0_cor,B-A,complete,angular_sw_bin0,8925,-0.00023607909679412842,-0.0013295082996288936,0.001283341694321163,3
student_t_d16_df2.0_cor,B-A,complete,angular_sw_bin0,77395,-0.0006217276677489281,-0.0013295082996288936,0.001283341694321163,3
student_t_d16_df2.0_cor,B-A,complete,angular_sw_bin0,65457,-0.003130718134343624,-0.0013295082996288936,0.001283341694321163,3
student_t_d16_df2.0_cor,B-A,complete,angular_sw_bin1,8925,-0.0002581365406513214,-0.0012061437591910362,0.0014561580164484005,3
student_t_d16_df2.0_cor,B-A,complete,angular_sw_bin1,77395,-0.003263358026742935,-0.0012061437591910362,0.0014561580164484005,3
student_t_d16_df2.0_cor,B-A,complete,angular_sw_bin1,65457,-9.693671017885208e-05,-0.0012061437591910362,0.0014561580164484005,3
student_t_d16_df2.0_cor,B-A,complete,angular_sw_bin2,8925,-0.0005963891744613647,-0.0017000796894232433,0.0009466509317376559,3
student_t_d16_df2.0_cor,B-A,complete,angular_sw_bin2,77395,-0.0015957066789269447,-0.0017000796894232433,0.0009466509317376559,3
student_t_d16_df2.0_cor,B-A,complete,angular_sw_bin2,65457,-0.00290814321488142,-0.0017000796894232433,0.0009466509317376559,3
student_t_d16_df2.0_cor,B-A,complete,angular_sw_bin3,8925,-0.001421406865119934,-0.0004902246097723643,0.002075192890231279,2
student_t_d16_df2.0_cor,B-A,complete,angular_sw_bin3,77395,-0.0024348851293325424,-0.0004902246097723643,0.002075192890231279,2
student_t_d16_df2.0_cor,B-A,complete,angular_sw_bin3,65457,0.0023856181651353836,-0.0004902246097723643,0.002075192890231279,2
student_t_d16_df2.0_cor,B-A,complete,angular_sw_mean,8925,-0.0006280029192566872,-0.0011814890895038843,0.0005778554414610677,3
student_t_d16_df2.0_cor,B-A,complete,angular_sw_mean,77395,-0.0019789193756878376,-0.0011814890895038843,0.0005778554414610677,3
student_t_d16_df2.0_cor,B-A,complete,angular_sw_mean,65457,-0.0009375449735671282,-0.0011814890895038843,0.0005778554414610677,3
student_t_d16_df2.0_cor,B-A,complete,exploding_norm_rate,8925,0.0,0.0,0.0,
student_t_d16_df2.0_cor,B-A,complete,exploding_norm_rate,77395,0.0,0.0,0.0,
student_t_d16_df2.0_cor,B-A,complete,exploding_norm_rate,65457,0.0,0.0,0.0,
student_t_d16_df2.0_cor,B-A,complete,inf_rate,8925,0.0,0.0,0.0,
student_t_d16_df2.0_cor,B-A,complete,inf_rate,77395,0.0,0.0,0.0,
student_t_d16_df2.0_cor,B-A,complete,inf_rate,65457,0.0,0.0,0.0,
student_t_d16_df2.0_cor,B-A,complete,invalid_rate,8925,0.0,0.0,0.0,
student_t_d16_df2.0_cor,B-A,complete,invalid_rate,77395,0.0,0.0,0.0,
student_t_d16_df2.0_cor,B-A,complete,invalid_rate,65457,0.0,0.0,0.0,
student_t_d16_df2.0_cor,B-A,complete,ks_stat,8925,0.0,0.0,0.0,0
student_t_d16_df2.0_cor,B-A,complete,ks_stat,77395,0.0,0.0,0.0,0
student_t_d16_df2.0_cor,B-A,complete,ks_stat,65457,0.0,0.0,0.0,0
student_t_d16_df2.0_cor,B-A,complete,mmd,8925,-0.00010347366333007812,-0.0001709461212158203,8.341675182600797e-05,3
student_t_d16_df2.0_cor,B-A,complete,mmd,77395,-0.0002884864807128906,-0.0001709461212158203,8.341675182600797e-05,3
student_t_d16_df2.0_cor,B-A,complete,mmd,65457,-0.00012087821960449219,-0.0001709461212158203,8.341675182600797e-05,3
student_t_d16_df2.0_cor,B-A,complete,nan_rate,8925,0.0,0.0,0.0,
student_t_d16_df2.0_cor,B-A,complete,nan_rate,77395,0.0,0.0,0.0,
student_t_d16_df2.0_cor,B-A,complete,nan_rate,65457,0.0,0.0,0.0,
student_t_d16_df2.0_cor,B-A,complete,nfe,8925,0,0,0.0,
student_t_d16_df2.0_cor,B-A,complete,nfe,77395,0,0,0.0,
student_t_d16_df2.0_cor,B-A,complete,nfe,65457,0,0,0.0,
student_t_d16_df2.0_cor,B-A,complete,q950_err,8925,1.0017488531483681e-07,3.339162843827894e-08,4.722289380713721e-08,0
student_t_d16_df2.0_cor,B-A,complete,q950_err,77395,0.0,3.339162843827894e-08,4.722289380713721e-08,0
student_t_d16_df2.0_cor,B-A,complete,q950_err,65457,0.0,3.339162843827894e-08,4.722289380713721e-08,0
student_t_d16_df2.0_cor,B-A,complete,q990_err,8925,-2.794944950756939e-07,-3.105494389652833e-08,1.756732913537303e-07,1
student_t_d16_df2.0_cor,B-A,complete,q990_err,77395,9.316483169305445e-08,-3.105494389652833e-08,1.756732913537303e-07,1
student_t_d16_df2.0_cor,B-A,complete,q990_err,65457,9.316483169305445e-08,-3.105494389652833e-08,1.756732913537303e-07,1
student_t_d16_df2.0_cor,B-A,complete,q995_err,8925,-2.114472166525605e-07,1.1747067590883731e-07,2.59501204878771e-07,1
student_t_d16_df2.0_cor,B-A,complete,q995_err,77395,1.40964811101707e-07,1.1747067590883731e-07,2.59501204878771e-07,1
student_t_d16_df2.0_cor,B-A,complete,q995_err,65457,4.228944332773654e-07,1.1747067590883731e-07,2.59501204878771e-07,1
student_t_d16_df2.0_cor,B-A,complete,radial_w1,8925,-5.960464477539063e-08,-8.940696716308594e-07,1.2653417053294704e-06,2
student_t_d16_df2.0_cor,B-A,complete,radial_w1,77395,-2.682209014892578e-06,-8.940696716308594e-07,1.2653417053294704e-06,2
student_t_d16_df2.0_cor,B-A,complete,radial_w1,65457,5.960464477539063e-08,-8.940696716308594e-07,1.2653417053294704e-06,2
student_t_d16_df2.0_cor,B-A,complete,sample_time_s,8925,0.08379369974136353,0.07678927481174469,0.010133210474913354,
student_t_d16_df2.0_cor,B-A,complete,sample_time_s,77395,0.06245994567871094,0.07678927481174469,0.010133210474913354,
student_t_d16_df2.0_cor,B-A,complete,sample_time_s,65457,0.0841141790151596,0.07678927481174469,0.010133210474913354,
student_t_d16_df2.0_cor,B-A,complete,sliced_w1,8925,-0.03136801719665527,-0.05177011092503866,0.0345200076293032,3
student_t_d16_df2.0_cor,B-A,complete,sliced_w1,77395,-0.1003803014755249,-0.05177011092503866,0.0345200076293032,3
student_t_d16_df2.0_cor,B-A,complete,sliced_w1,65457,-0.02356201410293579,-0.05177011092503866,0.0345200076293032,3
student_t_d16_df2.0_cor,B-A,complete,tail_exc_95,8925,0.0,0.0,0.0,0
student_t_d16_df2.0_cor,B-A,complete,tail_exc_95,77395,0.0,0.0,0.0,0
student_t_d16_df2.0_cor,B-A,complete,tail_exc_95,65457,0.0,0.0,0.0,0
student_t_d16_df2.0_cor,B-A,complete,tail_exc_99,8925,0.0,0.0,0.0,0
student_t_d16_df2.0_cor,B-A,complete,tail_exc_99,77395,0.0,0.0,0.0,0
student_t_d16_df2.0_cor,B-A,complete,tail_exc_99,65457,0.0,0.0,0.0,0
student_t_d16_df2.0_cor,B-A,complete,total_train_time_s,8925,-0.21252132952213287,2.6810511723160744,4.019289782064685,
student_t_d16_df2.0_cor,B-A,complete,total_train_time_s,77395,-0.10919740796089172,2.6810511723160744,4.019289782064685,
student_t_d16_df2.0_cor,B-A,complete,total_train_time_s,65457,8.364872254431248,2.6810511723160744,4.019289782064685,
student_t_d16_df2.0_cor,B-C,complete,angular_sw_bin0,8925,-0.0005914364010095596,-0.0003868018587430318,0.0006907594646835197,2
student_t_d16_df2.0_cor,B-C,complete,angular_sw_bin0,77395,0.0005427496507763863,-0.0003868018587430318,0.0006907594646835197,2
student_t_d16_df2.0_cor,B-C,complete,angular_sw_bin0,65457,-0.001111718825995922,-0.0003868018587430318,0.0006907594646835197,2
student_t_d16_df2.0_cor,B-C,complete,angular_sw_bin1,8925,0.00037454813718795776,9.781991442044575e-07,0.00038542985279231665,1
student_t_d16_df2.0_cor,B-C,complete,angular_sw_bin1,77395,-0.0005295630544424057,9.781991442044575e-07,0.00038542985279231665,1
student_t_d16_df2.0_cor,B-C,complete,angular_sw_bin1,65457,0.0001579495146870613,9.781991442044575e-07,0.00038542985279231665,1
student_t_d16_df2.0_cor,B-C,complete,angular_sw_bin2,8925,-0.00041728653013706207,-0.00036904867738485336,5.828941067803333e-05,3
student_t_d16_df2.0_cor,B-C,complete,angular_sw_bin2,77395,-0.00028703920543193817,-0.00036904867738485336,5.828941067803333e-05,3
student_t_d16_df2.0_cor,B-C,complete,angular_sw_bin2,65457,-0.00040282029658555984,-0.00036904867738485336,5.828941067803333e-05,3
student_t_d16_df2.0_cor,B-C,complete,angular_sw_bin3,8925,-0.0011416207998991013,-0.0003329142928123474,0.0012001567311374101,2
student_t_d16_df2.0_cor,B-C,complete,angular_sw_bin3,77395,-0.0012208689004182816,-0.0003329142928123474,0.0012001567311374101,2
student_t_d16_df2.0_cor,B-C,complete,angular_sw_bin3,65457,0.0013637468218803406,-0.0003329142928123474,0.0012001567311374101,2
student_t_d16_df2.0_cor,B-C,complete,angular_sw_mean,8925,-0.0004439488984644413,-0.00027194665744900703,0.00019567481272073756,2
student_t_d16_df2.0_cor,B-C,complete,angular_sw_mean,77395,-0.0003736803773790598,-0.00027194665744900703,0.00019567481272073756,2
student_t_d16_df2.0_cor,B-C,complete,angular_sw_mean,65457,1.789303496479988e-06,-0.00027194665744900703,0.00019567481272073756,2
student_t_d16_df2.0_cor,B-C,complete,exploding_norm_rate,8925,0.0,0.0,0.0,
student_t_d16_df2.0_cor,B-C,complete,exploding_norm_rate,77395,0.0,0.0,0.0,
student_t_d16_df2.0_cor,B-C,complete,exploding_norm_rate,65457,0.0,0.0,0.0,
student_t_d16_df2.0_cor,B-C,complete,inf_rate,8925,0.0,0.0,0.0,
student_t_d16_df2.0_cor,B-C,complete,inf_rate,77395,0.0,0.0,0.0,
student_t_d16_df2.0_cor,B-C,complete,inf_rate,65457,0.0,0.0,0.0,
student_t_d16_df2.0_cor,B-C,complete,invalid_rate,8925,0.0,0.0,0.0,
student_t_d16_df2.0_cor,B-C,complete,invalid_rate,77395,0.0,0.0,0.0,
student_t_d16_df2.0_cor,B-C,complete,invalid_rate,65457,0.0,0.0,0.0,
student_t_d16_df2.0_cor,B-C,complete,ks_stat,8925,0.0,0.0,0.0,0
student_t_d16_df2.0_cor,B-C,complete,ks_stat,77395,0.0,0.0,0.0,0
student_t_d16_df2.0_cor,B-C,complete,ks_stat,65457,0.0,0.0,0.0,0
student_t_d16_df2.0_cor,B-C,complete,mmd,8925,1.430511474609375e-06,-2.2649765014648438e-06,1.7184616227458824e-05,1
student_t_d16_df2.0_cor,B-C,complete,mmd,77395,-2.491474151611328e-05,-2.2649765014648438e-06,1.7184616227458824e-05,1
student_t_d16_df2.0_cor,B-C,complete,mmd,65457,1.6689300537109375e-05,-2.2649765014648438e-06,1.7184616227458824e-05,1
student_t_d16_df2.0_cor,B-C,complete,nan_rate,8925,0.0,0.0,0.0,
student_t_d16_df2.0_cor,B-C,complete,nan_rate,77395,0.0,0.0,0.0,
student_t_d16_df2.0_cor,B-C,complete,nan_rate,65457,0.0,0.0,0.0,
student_t_d16_df2.0_cor,B-C,complete,nfe,8925,0,0,0.0,
student_t_d16_df2.0_cor,B-C,complete,nfe,77395,0,0,0.0,
student_t_d16_df2.0_cor,B-C,complete,nfe,65457,0,0,0.0,
student_t_d16_df2.0_cor,B-C,complete,q950_err,8925,-1.0017488531483681e-07,6.678325687655788e-08,1.249400332024972e-07,1
student_t_d16_df2.0_cor,B-C,complete,q950_err,77395,1.0017488531483681e-07,6.678325687655788e-08,1.249400332024972e-07,1
student_t_d16_df2.0_cor,B-C,complete,q950_err,65457,2.0034977062967363e-07,6.678325687655788e-08,1.249400332024972e-07,1
student_t_d16_df2.0_cor,B-C,complete,q990_err,8925,-9.316483169305445e-08,-3.105494389768482e-08,4.391832283884145e-08,1
student_t_d16_df2.0_cor,B-C,complete,q990_err,77395,0.0,-3.105494389768482e-08,4.391832283884145e-08,1
student_t_d16_df2.0_cor,B-C,complete,q990_err,65457,0.0,-3.105494389768482e-08,4.391832283884145e-08,1
student_t_d16_df2.0_cor,B-C,complete,q995_err,8925,-4.933768388282189e-07,-1.4096481109245515e-07,3.204172844233065e-07,2
student_t_d16_df2.0_cor,B-C,complete,q995_err,77395,-2.1144721662480492e-07,-1.4096481109245515e-07,3.204172844233065e-07,2
student_t_d16_df2.0_cor,B-C,complete,q995_err,65457,2.819296221756584e-07,-1.4096481109245515e-07,3.204172844233065e-07,2
student_t_d16_df2.0_cor,B-C,complete,radial_w1,8925,-2.384185791015625e-07,-5.960464477539063e-08,1.2876074907000583e-07,1
student_t_d16_df2.0_cor,B-C,complete,radial_w1,77395,0.0,-5.960464477539063e-08,1.2876074907000583e-07,1
student_t_d16_df2.0_cor,B-C,complete,radial_w1,65457,5.960464477539063e-08,-5.960464477539063e-08,1.2876074907000583e-07,1
student_t_d16_df2.0_cor,B-C,complete,sample_time_s,8925,0.030805692076683044,0.027128825585047405,0.0033280995053505415,
student_t_d16_df2.0_cor,B-C,complete,sample_time_s,77395,0.027834966778755188,0.027128825585047405,0.0033280995053505415,
student_t_d16_df2.0_cor,B-C,complete,sample_time_s,65457,0.02274581789970398,0.027128825585047405,0.0033280995053505415,
student_t_d16_df2.0_cor,B-C,complete,sliced_w1,8925,-0.008599936962127686,0.005515307188034058,0.012207620958256608,1
student_t_d16_df2.0_cor,B-C,complete,sliced_w1,77395,0.003964275121688843,0.005515307188034058,0.012207620958256608,1
student_t_d16_df2.0_cor,B-C,complete,sliced_w1,65457,0.021181583404541016,0.005515307188034058,0.012207620958256608,1
student_t_d16_df2.0_cor,B-C,complete,tail_exc_95,8925,0.0,0.0,0.0,0
student_t_d16_df2.0_cor,B-C,complete,tail_exc_95,77395,0.0,0.0,0.0,0
student_t_d16_df2.0_cor,B-C,complete,tail_exc_95,65457,0.0,0.0,0.0,0
student_t_d16_df2.0_cor,B-C,complete,tail_exc_99,8925,0.0,0.0,0.0,0
student_t_d16_df2.0_cor,B-C,complete,tail_exc_99,77395,0.0,0.0,0.0,0
student_t_d16_df2.0_cor,B-C,complete,tail_exc_99,65457,0.0,0.0,0.0,0
student_t_d16_df2.0_cor,B-C,complete,total_train_time_s,8925,-0.8451162725687027,1.3517247935136159,5.353267897127971,
student_t_d16_df2.0_cor,B-C,complete,total_train_time_s,77395,-3.82413811981678,1.3517247935136159,5.353267897127971,
student_t_d16_df2.0_cor,B-C,complete,total_train_time_s,65457,8.72442877292633,1.3517247935136159,5.353267897127971,
student_t_d16_df3.0_cor,B-A,complete,angular_sw_bin0,8925,0.0019624093547463417,0.0009407817075649897,0.0010055496243100534,1
student_t_d16_df3.0_cor,B-A,complete,angular_sw_bin0,77395,-0.00042671337723731995,0.0009407817075649897,0.0010055496243100534,1
student_t_d16_df3.0_cor,B-A,complete,angular_sw_bin0,65457,0.0012866491451859474,0.0009407817075649897,0.0010055496243100534,1
student_t_d16_df3.0_cor,B-A,complete,angular_sw_bin1,8925,-8.64081084728241e-05,0.0006026454890767733,0.0006901363166463674,1
student_t_d16_df3.0_cor,B-A,complete,angular_sw_bin1,77395,0.00034856051206588745,0.0006026454890767733,0.0006901363166463674,1
student_t_d16_df3.0_cor,B-A,complete,angular_sw_bin1,65457,0.0015457840636372566,0.0006026454890767733,0.0006901363166463674,1
student_t_d16_df3.0_cor,B-A,complete,angular_sw_bin2,8925,-0.0008722785860300064,-1.3746321201324463e-05,0.0006335268968302591,1
student_t_d16_df3.0_cor,B-A,complete,angular_sw_bin2,77395,0.00019364990293979645,-1.3746321201324463e-05,0.0006335268968302591,1
student_t_d16_df3.0_cor,B-A,complete,angular_sw_bin2,65457,0.0006373897194862366,-1.3746321201324463e-05,0.0006335268968302591,1
student_t_d16_df3.0_cor,B-A,complete,angular_sw_bin3,8925,0.0007710680365562439,0.0015397885193427403,0.0005444465782010947,0
student_t_d16_df3.0_cor,B-A,complete,angular_sw_bin3,77395,0.0019620265811681747,0.0015397885193427403,0.0005444465782010947,0
student_t_d16_df3.0_cor,B-A,complete,angular_sw_bin3,65457,0.0018862709403038025,0.0015397885193427403,0.0005444465782010947,0
student_t_d16_df3.0_cor,B-A,complete,angular_sw_mean,8925,0.0004436976741999388,0.0007673673486957947,0.0004054010575331201,0
student_t_d16_df3.0_cor,B-A,complete,angular_sw_mean,77395,0.0005193809047341347,0.0007673673486957947,0.0004054010575331201,0
student_t_d16_df3.0_cor,B-A,complete,angular_sw_mean,65457,0.0013390234671533108,0.0007673673486957947,0.0004054010575331201,0
student_t_d16_df3.0_cor,B-A,complete,exploding_norm_rate,8925,0.0,0.0,0.0,
student_t_d16_df3.0_cor,B-A,complete,exploding_norm_rate,77395,0.0,0.0,0.0,
student_t_d16_df3.0_cor,B-A,complete,exploding_norm_rate,65457,0.0,0.0,0.0,
student_t_d16_df3.0_cor,B-A,complete,inf_rate,8925,0.0,0.0,0.0,
student_t_d16_df3.0_cor,B-A,complete,inf_rate,77395,0.0,0.0,0.0,
student_t_d16_df3.0_cor,B-A,complete,inf_rate,65457,0.0,0.0,0.0,
student_t_d16_df3.0_cor,B-A,complete,invalid_rate,8925,0.0,0.0,0.0,
student_t_d16_df3.0_cor,B-A,complete,invalid_rate,77395,0.0,0.0,0.0,
student_t_d16_df3.0_cor,B-A,complete,invalid_rate,65457,0.0,0.0,0.0,
student_t_d16_df3.0_cor,B-A,complete,ks_stat,8925,0.0,0.0,0.0,0
student_t_d16_df3.0_cor,B-A,complete,ks_stat,77395,0.0,0.0,0.0,0
student_t_d16_df3.0_cor,B-A,complete,ks_stat,65457,0.0,0.0,0.0,0
student_t_d16_df3.0_cor,B-A,complete,mmd,8925,-4.029273986816406e-05,4.017353057861328e-05,7.829034733762018e-05,1
student_t_d16_df3.0_cor,B-A,complete,mmd,77395,1.4543533325195312e-05,4.017353057861328e-05,7.829034733762018e-05,1
student_t_d16_df3.0_cor,B-A,complete,mmd,65457,0.0001462697982788086,4.017353057861328e-05,7.829034733762018e-05,1
student_t_d16_df3.0_cor,B-A,complete,nan_rate,8925,0.0,0.0,0.0,
student_t_d16_df3.0_cor,B-A,complete,nan_rate,77395,0.0,0.0,0.0,
student_t_d16_df3.0_cor,B-A,complete,nan_rate,65457,0.0,0.0,0.0,
student_t_d16_df3.0_cor,B-A,complete,nfe,8925,0,0,0.0,
student_t_d16_df3.0_cor,B-A,complete,nfe,77395,0,0,0.0,
student_t_d16_df3.0_cor,B-A,complete,nfe,65457,0,0,0.0,
student_t_d16_df3.0_cor,B-A,complete,q950_err,8925,-1.7583328050952557e-07,-2.6374992076501114e-07,7.17836361750208e-08,3
student_t_d16_df3.0_cor,B-A,complete,q950_err,77395,-2.637499207655894e-07,-2.6374992076501114e-07,7.17836361750208e-08,3
student_t_d16_df3.0_cor,B-A,complete,q950_err,65457,-3.516665610199185e-07,-2.6374992076501114e-07,7.17836361750208e-08,3
student_t_d16_df3.0_cor,B-A,complete,q990_err,8925,-1.1333974836436056e-07,-1.1564823173178713e-18,9.254151702129282e-08,1
student_t_d16_df3.0_cor,B-A,complete,q990_err,77395,0.0,-1.1564823173178713e-18,9.254151702129282e-08,1
student_t_d16_df3.0_cor,B-A,complete,q990_err,65457,1.1333974836089111e-07,-1.1564823173178713e-18,9.254151702129282e-08,1
student_t_d16_df3.0_cor,B-A,complete,q995_err,8925,0.0,1.296791562604982e-07,1.2130374323132182e-07,0
student_t_d16_df3.0_cor,B-A,complete,q995_err,77395,2.917781015826515e-07,1.296791562604982e-07,1.2130374323132182e-07,0
student_t_d16_df3.0_cor,B-A,complete,q995_err,65457,9.72593671988431e-08,1.296791562604982e-07,1.2130374323132182e-07,0
student_t_d16_df3.0_cor,B-A,complete,radial_w1,8925,5.960464477539063e-08,-9.934107462565104e-09,5.065420780174717e-08,2
student_t_d16_df3.0_cor,B-A,complete,radial_w1,77395,-2.9802322387695312e-08,-9.934107462565104e-09,5.065420780174717e-08,2
student_t_d16_df3.0_cor,B-A,complete,radial_w1,65457,-5.960464477539063e-08,-9.934107462565104e-09,5.065420780174717e-08,2
student_t_d16_df3.0_cor,B-A,complete,sample_time_s,8925,0.09529388695955276,0.09121957669655482,0.008269341314400847,
student_t_d16_df3.0_cor,B-A,complete,sample_time_s,77395,0.07968910783529282,0.09121957669655482,0.008269341314400847,
student_t_d16_df3.0_cor,B-A,complete,sample_time_s,65457,0.09867573529481888,0.09121957669655482,0.008269341314400847,
student_t_d16_df3.0_cor,B-A,complete,sliced_w1,8925,0.0032375752925872803,0.013062278429667154,0.007344117203515754,0
student_t_d16_df3.0_cor,B-A,complete,sliced_w1,77395,0.015057355165481567,0.013062278429667154,0.007344117203515754,0
student_t_d16_df3.0_cor,B-A,complete,sliced_w1,65457,0.020891904830932617,0.013062278429667154,0.007344117203515754,0
student_t_d16_df3.0_cor,B-A,complete,tail_exc_95,8925,0.0,0.0,0.0,0
student_t_d16_df3.0_cor,B-A,complete,tail_exc_95,77395,0.0,0.0,0.0,0
student_t_d16_df3.0_cor,B-A,complete,tail_exc_95,65457,0.0,0.0,0.0,0
student_t_d16_df3.0_cor,B-A,complete,tail_exc_99,8925,0.0,0.0,0.0,0
student_t_d16_df3.0_cor,B-A,complete,tail_exc_99,77395,0.0,0.0,0.0,0
student_t_d16_df3.0_cor,B-A,complete,tail_exc_99,65457,0.0,0.0,0.0,0
student_t_d16_df3.0_cor,B-A,complete,total_train_time_s,8925,3.7089417055249214,1.4714153483510017,2.3776980000944747,
student_t_d16_df3.0_cor,B-A,complete,total_train_time_s,77395,-1.8211184069514275,1.4714153483510017,2.3776980000944747,
student_t_d16_df3.0_cor,B-A,complete,total_train_time_s,65457,2.5264227464795113,1.4714153483510017,2.3776980000944747,
student_t_d16_df3.0_cor,B-C,complete,angular_sw_bin0,8925,0.0003469642251729965,-0.0006089424714446068,0.0007227218836534676,2
student_t_d16_df3.0_cor,B-C,complete,angular_sw_bin0,77395,-0.0014002202078700066,-0.0006089424714446068,0.0007227218836534676,2
student_t_d16_df3.0_cor,B-C,complete,angular_sw_bin0,65457,-0.0007735714316368103,-0.0006089424714446068,0.0007227218836534676,2
student_t_d16_df3.0_cor,B-C,complete,angular_sw_bin1,8925,0.00025020167231559753,8.460134267807007e-05,0.00019145522000548206,1
student_t_d16_df3.0_cor,B-C,complete,angular_sw_bin1,77395,0.00018731411546468735,8.460134267807007e-05,0.00019145522000548206,1
student_t_d16_df3.0_cor,B-C,complete,angular_sw_bin1,65457,-0.00018371175974607468,8.460134267807007e-05,0.00019145522000548206,1
student_t_d16_df3.0_cor,B-C,complete,angular_sw_bin2,8925,-0.0007587345317006111,-0.0004859333857893944,0.0003110485641114531,3
student_t_d16_df3.0_cor,B-C,complete,angular_sw_bin2,77395,-0.0006483830511569977,-0.0004859333857893944,0.0003110485641114531,3
student_t_d16_df3.0_cor,B-C,complete,angular_sw_bin2,65457,-5.068257451057434e-05,-0.0004859333857893944,0.0003110485641114531,3
student_t_d16_df3.0_cor,B-C,complete,angular_sw_bin3,8925,-5.887635052204132e-05,0.0010494831949472427,0.0013220169565643584,1
student_t_d16_df3.0_cor,B-C,complete,angular_sw_bin3,77395,0.00290759839117527,0.0010494831949472427,0.0013220169565643584,1
student_t_d16_df3.0_cor,B-C,complete,angular_sw_bin3,65457,0.00029972754418849945,0.0010494831949472427,0.0013220169565643584,1
student_t_d16_df3.0_cor,B-C,complete,angular_sw_mean,8925,-5.5111246183514595e-05,9.802170097827911e-06,0.00018486191072462842,2
student_t_d16_df3.0_cor,B-C,complete,angular_sw_mean,77395,0.0002615773119032383,9.802170097827911e-06,0.00018486191072462842,2
student_t_d16_df3.0_cor,B-C,complete,angular_sw_mean,65457,-0.00017705955542623997,9.802170097827911e-06,0.00018486191072462842,2
student_t_d16_df3.0_cor,B-C,complete,exploding_norm_rate,8925,0.0,0.0,0.0,
student_t_d16_df3.0_cor,B-C,complete,exploding_norm_rate,77395,0.0,0.0,0.0,
student_t_d16_df3.0_cor,B-C,complete,exploding_norm_rate,65457,0.0,0.0,0.0,
student_t_d16_df3.0_cor,B-C,complete,inf_rate,8925,0.0,0.0,0.0,
student_t_d16_df3.0_cor,B-C,complete,inf_rate,77395,0.0,0.0,0.0,
student_t_d16_df3.0_cor,B-C,complete,inf_rate,65457,0.0,0.0,0.0,
student_t_d16_df3.0_cor,B-C,complete,invalid_rate,8925,0.0,0.0,0.0,
student_t_d16_df3.0_cor,B-C,complete,invalid_rate,77395,0.0,0.0,0.0,
student_t_d16_df3.0_cor,B-C,complete,invalid_rate,65457,0.0,0.0,0.0,
student_t_d16_df3.0_cor,B-C,complete,ks_stat,8925,0.0,0.0,0.0,0
student_t_d16_df3.0_cor,B-C,complete,ks_stat,77395,0.0,0.0,0.0,0
student_t_d16_df3.0_cor,B-C,complete,ks_stat,65457,0.0,0.0,0.0,0
student_t_d16_df3.0_cor,B-C,complete,mmd,8925,-7.665157318115234e-05,-3.9736429850260414e-08,5.44178183974154e-05,1
student_t_d16_df3.0_cor,B-C,complete,mmd,77395,3.1948089599609375e-05,-3.9736429850260414e-08,5.44178183974154e-05,1
student_t_d16_df3.0_cor,B-C,complete,mmd,65457,4.458427429199219e-05,-3.9736429850260414e-08,5.44178183974154e-05,1
student_t_d16_df3.0_cor,B-C,complete,nan_rate,8925,0.0,0.0,0.0,
student_t_d16_df3.0_cor,B-C,complete,nan_rate,77395,0.0,0.0,0.0,
student_t_d16_df3.0_cor,B-C,complete,nan_rate,65457,0.0,0.0,0.0,
student_t_d16_df3.0_cor,B-C,complete,nfe,8925,0,0,0.0,
student_t_d16_df3.0_cor,B-C,complete,nfe,77395,0,0,0.0,
student_t_d16_df3.0_cor,B-C,complete,nfe,65457,0,0,0.0,
student_t_d16_df3.0_cor,B-C,complete,q950_err,8925,8.791664025519647e-08,-1.1722218700692862e-07,1.4942955474358792e-07,2
student_t_d16_df3.0_cor,B-C,complete,q950_err,77395,-2.637499207655894e-07,-1.1722218700692862e-07,1.4942955474358792e-07,2
student_t_d16_df3.0_cor,B-C,complete,q950_err,65457,-1.7583328051039293e-07,-1.1722218700692862e-07,1.4942955474358792e-07,2
student_t_d16_df3.0_cor,B-C,complete,q990_err,8925,-2.2667949672872112e-07,-7.555983224406353e-08,2.137154790554745e-07,2
student_t_d16_df3.0_cor,B-C,complete,q990_err,77395,2.2667949672525167e-07,-7.555983224406353e-08,2.137154790554745e-07,2
student_t_d16_df3.0_cor,B-C,complete,q990_err,65457,-2.2667949672872112e-07,-7.555983224406353e-08,2.137154790554745e-07,2
student_t_d16_df3.0_cor,B-C,complete,q995_err,8925,0.0,-3.24197890616551e-08,1.2130374323132182e-07,1
student_t_d16_df3.0_cor,B-C,complete,q995_err,77395,9.72593671988431e-08,-3.24197890616551e-08,1.2130374323132182e-07,1
student_t_d16_df3.0_cor,B-C,complete,q995_err,65457,-1.945187343838084e-07,-3.24197890616551e-08,1.2130374323132182e-07,1
student_t_d16_df3.0_cor,B-C,complete,radial_w1,8925,8.940696716308594e-08,-9.934107462565104e-09,7.434005313662571e-08,2
student_t_d16_df3.0_cor,B-C,complete,radial_w1,77395,-8.940696716308594e-08,-9.934107462565104e-09,7.434005313662571e-08,2
student_t_d16_df3.0_cor,B-C,complete,radial_w1,65457,-2.9802322387695312e-08,-9.934107462565104e-09,7.434005313662571e-08,2
student_t_d16_df3.0_cor,B-C,complete,sample_time_s,8925,0.043165795505046844,0.037408068776130676,0.011623316429066978,
student_t_d16_df3.0_cor,B-C,complete,sample_time_s,77395,0.021195463836193085,0.037408068776130676,0.011623316429066978,
student_t_d16_df3.0_cor,B-C,complete,sample_time_s,65457,0.0478629469871521,0.037408068776130676,0.011623316429066978,
student_t_d16_df3.0_cor,B-C,complete,sliced_w1,8925,-0.01597115397453308,0.003846059242884318,0.014998949472219057,1
student_t_d16_df3.0_cor,B-C,complete,sliced_w1,77395,0.020305335521697998,0.003846059242884318,0.014998949472219057,1
student_t_d16_df3.0_cor,B-C,complete,sliced_w1,65457,0.007203996181488037,0.003846059242884318,0.014998949472219057,1
student_t_d16_df3.0_cor,B-C,complete,tail_exc_95,8925,0.0,0.0,0.0,0
student_t_d16_df3.0_cor,B-C,complete,tail_exc_95,77395,0.0,0.0,0.0,0
student_t_d16_df3.0_cor,B-C,complete,tail_exc_95,65457,0.0,0.0,0.0,0
student_t_d16_df3.0_cor,B-C,complete,tail_exc_99,8925,0.0,0.0,0.0,0
student_t_d16_df3.0_cor,B-C,complete,tail_exc_99,77395,0.0,0.0,0.0,0
student_t_d16_df3.0_cor,B-C,complete,tail_exc_99,65457,0.0,0.0,0.0,0
student_t_d16_df3.0_cor,B-C,complete,total_train_time_s,8925,3.6690550968050957,0.3482658838232358,2.6975288820814574,
student_t_d16_df3.0_cor,B-C,complete,total_train_time_s,77395,-2.93824752420187,0.3482658838232358,2.6975288820814574,
student_t_d16_df3.0_cor,B-C,complete,total_train_time_s,65457,0.3139900788664818,0.3482658838232358,2.6975288820814574,
student_t_d16_df5.0_cor,B-A,complete,angular_sw_bin0,8925,0.0014037862420082092,0.0018123903622229893,0.0012311415838593804,0
student_t_d16_df5.0_cor,B-A,complete,angular_sw_bin0,77395,0.0005509685724973679,0.0018123903622229893,0.0012311415838593804,0
student_t_d16_df5.0_cor,B-A,complete,angular_sw_bin0,65457,0.003482416272163391,0.0018123903622229893,0.0012311415838593804,0
student_t_d16_df5.0_cor,B-A,complete,angular_sw_bin1,8925,0.000512133352458477,0.0013592103496193886,0.0016922609734116908,1
student_t_d16_df5.0_cor,B-A,complete,angular_sw_bin1,77395,-0.00015566963702440262,0.0013592103496193886,0.0016922609734116908,1
student_t_d16_df5.0_cor,B-A,complete,angular_sw_bin1,65457,0.0037211673334240913,0.0013592103496193886,0.0016922609734116908,1
student_t_d16_df5.0_cor,B-A,complete,angular_sw_bin2,8925,-5.041435360908508e-05,0.0009552376965681711,0.0014960592210065586,2
student_t_d16_df5.0_cor,B-A,complete,angular_sw_bin2,77395,-0.00015401188284158707,0.0009552376965681711,0.0014960592210065586,2
student_t_d16_df5.0_cor,B-A,complete,angular_sw_bin2,65457,0.0030701393261551857,0.0009552376965681711,0.0014960592210065586,2
student_t_d16_df5.0_cor,B-A,complete,angular_sw_bin3,8925,-4.4629909098148346e-05,-0.0002872816597421964,0.000701953266010376,2
student_t_d16_df5.0_cor,B-A,complete,angular_sw_bin3,77395,-0.0012422427535057068,-0.0002872816597421964,0.000701953266010376,2
student_t_d16_df5.0_cor,B-A,complete,angular_sw_bin3,65457,0.00042502768337726593,-0.0002872816597421964,0.000701953266010376,2
student_t_d16_df5.0_cor,B-A,complete,angular_sw_mean,8925,0.0004552188329398632,0.0009598891871670882,0.0012462792618991774,1
student_t_d16_df5.0_cor,B-A,complete,angular_sw_mean,77395,-0.00025023892521858215,0.0009598891871670882,0.0012462792618991774,1
student_t_d16_df5.0_cor,B-A,complete,angular_sw_mean,65457,0.0026746876537799835,0.0009598891871670882,0.0012462792618991774,1
student_t_d16_df5.0_cor,B-A,complete,exploding_norm_rate,8925,0.0,0.0,0.0,
student_t_d16_df5.0_cor,B-A,complete,exploding_norm_rate,77395,0.0,0.0,0.0,
student_t_d16_df5.0_cor,B-A,complete,exploding_norm_rate,65457,0.0,0.0,0.0,
student_t_d16_df5.0_cor,B-A,complete,inf_rate,8925,0.0,0.0,0.0,
student_t_d16_df5.0_cor,B-A,complete,inf_rate,77395,0.0,0.0,0.0,
student_t_d16_df5.0_cor,B-A,complete,inf_rate,65457,0.0,0.0,0.0,
student_t_d16_df5.0_cor,B-A,complete,invalid_rate,8925,0.0,0.0,0.0,
student_t_d16_df5.0_cor,B-A,complete,invalid_rate,77395,0.0,0.0,0.0,
student_t_d16_df5.0_cor,B-A,complete,invalid_rate,65457,0.0,0.0,0.0,
student_t_d16_df5.0_cor,B-A,complete,ks_stat,8925,0.0,0.0,0.0,0
student_t_d16_df5.0_cor,B-A,complete,ks_stat,77395,0.0,0.0,0.0,0
student_t_d16_df5.0_cor,B-A,complete,ks_stat,65457,0.0,0.0,0.0,0
student_t_d16_df5.0_cor,B-A,complete,mmd,8925,-1.0371208190917969e-05,0.0001002947489420573,0.00022155236663249376,2
student_t_d16_df5.0_cor,B-A,complete,mmd,77395,-9.822845458984375e-05,0.0001002947489420573,0.00022155236663249376,2
student_t_d16_df5.0_cor,B-A,complete,mmd,65457,0.0004094839096069336,0.0001002947489420573,0.00022155236663249376,2
student_t_d16_df5.0_cor,B-A,complete,nan_rate,8925,0.0,0.0,0.0,
student_t_d16_df5.0_cor,B-A,complete,nan_rate,77395,0.0,0.0,0.0,
student_t_d16_df5.0_cor,B-A,complete,nan_rate,65457,0.0,0.0,0.0,
student_t_d16_df5.0_cor,B-A,complete,nfe,8925,0,0,0.0,
student_t_d16_df5.0_cor,B-A,complete,nfe,77395,0,0,0.0,
student_t_d16_df5.0_cor,B-A,complete,nfe,65457,0,0,0.0,
student_t_d16_df5.0_cor,B-A,complete,q950_err,8925,3.7521063386922876e-07,3.54365598654368e-07,1.2849742697157273e-07,0
student_t_d16_df5.0_cor,B-A,complete,q950_err,77395,1.8760531693461438e-07,3.54365598654368e-07,1.2849742697157273e-07,0
student_t_d16_df5.0_cor,B-A,complete,q950_err,65457,5.002808451592608e-07,3.54365598654368e-07,1.2849742697157273e-07,0
student_t_d16_df5.0_cor,B-A,complete,q990_err,8925,-4.966977546483342e-07,-9.93395509295512e-08,2.9244771945985576e-07,1
student_t_d16_df5.0_cor,B-A,complete,q990_err,77395,0.0,-9.93395509295512e-08,2.9244771945985576e-07,1
student_t_d16_df5.0_cor,B-A,complete,q990_err,65457,1.9867910185968063e-07,-9.93395509295512e-08,2.9244771945985576e-07,1
student_t_d16_df5.0_cor,B-A,complete,q995_err,8925,0.0,-5.891402829009499e-08,8.331701782188454e-08,1
student_t_d16_df5.0_cor,B-A,complete,q995_err,77395,-1.7674208487028498e-07,-5.891402829009499e-08,8.331701782188454e-08,1
student_t_d16_df5.0_cor,B-A,complete,q995_err,65457,0.0,-5.891402829009499e-08,8.331701782188454e-08,1
student_t_d16_df5.0_cor,B-A,complete,radial_w1,8925,4.470348358154297e-08,1.4901161193847656e-08,2.1933915382444477e-08,1
student_t_d16_df5.0_cor,B-A,complete,radial_w1,77395,-7.450580596923828e-09,1.4901161193847656e-08,2.1933915382444477e-08,1
student_t_d16_df5.0_cor,B-A,complete,radial_w1,65457,7.450580596923828e-09,1.4901161193847656e-08,2.1933915382444477e-08,1
student_t_d16_df5.0_cor,B-A,complete,sample_time_s,8925,0.08443710207939148,0.086057444413503,0.0032563945026406376,
student_t_d16_df5.0_cor,B-A,complete,sample_time_s,77395,0.08313438296318054,0.086057444413503,0.0032563945026406376,
student_t_d16_df5.0_cor,B-A,complete,sample_time_s,65457,0.09060084819793701,0.086057444413503,0.0032563945026406376,
student_t_d16_df5.0_cor,B-A,complete,sliced_w1,8925,-0.0033414363861083984,0.008697887261708578,0.023497436144768395,2
student_t_d16_df5.0_cor,B-A,complete,sliced_w1,77395,-0.012105673551559448,0.008697887261708578,0.023497436144768395,2
student_t_d16_df5.0_cor,B-A,complete,sliced_w1,65457,0.04154077172279358,0.008697887261708578,0.023497436144768395,2
student_t_d16_df5.0_cor,B-A,complete,tail_exc_95,8925,0.0,0.0,0.0,0
student_t_d16_df5.0_cor,B-A,complete,tail_exc_95,77395,0.0,0.0,0.0,0
student_t_d16_df5.0_cor,B-A,complete,tail_exc_95,65457,0.0,0.0,0.0,0
student_t_d16_df5.0_cor,B-A,complete,tail_exc_99,8925,0.0,0.0,0.0,0
student_t_d16_df5.0_cor,B-A,complete,tail_exc_99,77395,0.0,0.0,0.0,0
student_t_d16_df5.0_cor,B-A,complete,tail_exc_99,65457,0.0,0.0,0.0,0
student_t_d16_df5.0_cor,B-A,complete,total_train_time_s,8925,2.6188096925616264,0.13046674927075705,1.9859782226447533,
student_t_d16_df5.0_cor,B-A,complete,total_train_time_s,77395,0.014247536659240723,0.13046674927075705,1.9859782226447533,
student_t_d16_df5.0_cor,B-A,complete,total_train_time_s,65457,-2.241656981408596,0.13046674927075705,1.9859782226447533,
student_t_d16_df5.0_cor,B-C,complete,angular_sw_bin0,8925,-0.00085415318608284,-0.000642804428935051,0.0015775275758462802,2
student_t_d16_df5.0_cor,B-C,complete,angular_sw_bin0,77395,-0.0024605095386505127,-0.000642804428935051,0.0015775275758462802,2
student_t_d16_df5.0_cor,B-C,complete,angular_sw_bin0,65457,0.0013862494379281998,-0.000642804428935051,0.0015775275758462802,2
student_t_d16_df5.0_cor,B-C,complete,angular_sw_bin1,8925,0.0004284800961613655,0.0009137516220410665,0.0011365625836052982,1
student_t_d16_df5.0_cor,B-C,complete,angular_sw_bin1,77395,-0.0001706564798951149,0.0009137516220410665,0.0011365625836052982,1
student_t_d16_df5.0_cor,B-C,complete,angular_sw_bin1,65457,0.002483431249856949,0.0009137516220410665,0.0011365625836052982,1
student_t_d16_df5.0_cor,B-C,complete,angular_sw_bin2,8925,-0.00040062330663204193,0.0002607895682255427,0.0006073470944565269,1
student_t_d16_df5.0_cor,B-C,complete,angular_sw_bin2,77395,0.0001169377937912941,0.0002607895682255427,0.0006073470944565269,1
student_t_d16_df5.0_cor,B-C,complete,angular_sw_bin2,65457,0.001066054217517376,0.0002607895682255427,0.0006073470944565269,1
student_t_d16_df5.0_cor,B-C,complete,angular_sw_bin3,8925,-0.004523907788097858,-0.0033448667575915656,0.0010047938563394,3
student_t_d16_df5.0_cor,B-C,complete,angular_sw_bin3,77395,-0.002068459987640381,-0.0033448667575915656,0.0010047938563394,3
student_t_d16_df5.0_cor,B-C,complete,angular_sw_bin3,65457,-0.003442232497036457,-0.0033448667575915656,0.0010047938563394,3
student_t_d16_df5.0_cor,B-C,complete,angular_sw_mean,8925,-0.0013375510461628437,-0.0007032824990650018,0.0007653316871544107,2
student_t_d16_df5.0_cor,B-C,complete,angular_sw_mean,77395,-0.0011456720530986786,-0.0007032824990650018,0.0007653316871544107,2
student_t_d16_df5.0_cor,B-C,complete,angular_sw_mean,65457,0.0003733756020665169,-0.0007032824990650018,0.0007653316871544107,2
student_t_d16_df5.0_cor,B-C,complete,exploding_norm_rate,8925,0.0,0.0,0.0,
student_t_d16_df5.0_cor,B-C,complete,exploding_norm_rate,77395,0.0,0.0,0.0,
student_t_d16_df5.0_cor,B-C,complete,exploding_norm_rate,65457,0.0,0.0,0.0,
student_t_d16_df5.0_cor,B-C,complete,inf_rate,8925,0.0,0.0,0.0,
student_t_d16_df5.0_cor,B-C,complete,inf_rate,77395,0.0,0.0,0.0,
student_t_d16_df5.0_cor,B-C,complete,inf_rate,65457,0.0,0.0,0.0,
student_t_d16_df5.0_cor,B-C,complete,invalid_rate,8925,0.0,0.0,0.0,
student_t_d16_df5.0_cor,B-C,complete,invalid_rate,77395,0.0,0.0,0.0,
student_t_d16_df5.0_cor,B-C,complete,invalid_rate,65457,0.0,0.0,0.0,
student_t_d16_df5.0_cor,B-C,complete,ks_stat,8925,0.0,0.0,0.0,0
student_t_d16_df5.0_cor,B-C,complete,ks_stat,77395,0.0,0.0,0.0,0
student_t_d16_df5.0_cor,B-C,complete,ks_stat,65457,0.0,0.0,0.0,0
student_t_d16_df5.0_cor,B-C,complete,mmd,8925,-0.0001399517059326172,-1.3430913289388021e-05,0.00014306539667652095,2
student_t_d16_df5.0_cor,B-C,complete,mmd,77395,-8.690357208251953e-05,-1.3430913289388021e-05,0.00014306539667652095,2
student_t_d16_df5.0_cor,B-C,complete,mmd,65457,0.00018656253814697266,-1.3430913289388021e-05,0.00014306539667652095,2
student_t_d16_df5.0_cor,B-C,complete,nan_rate,8925,0.0,0.0,0.0,
student_t_d16_df5.0_cor,B-C,complete,nan_rate,77395,0.0,0.0,0.0,
student_t_d16_df5.0_cor,B-C,complete,nan_rate,65457,0.0,0.0,0.0,
student_t_d16_df5.0_cor,B-C,complete,nfe,8925,0,0,0.0,
student_t_d16_df5.0_cor,B-C,complete,nfe,77395,0,0,0.0,
student_t_d16_df5.0_cor,B-C,complete,nfe,65457,0,0,0.0,
student_t_d16_df5.0_cor,B-C,complete,q950_err,8925,4.377457395142448e-07,3.335205634395072e-07,3.399722358785714e-07,1
student_t_d16_df5.0_cor,B-C,complete,q950_err,77395,-1.2507021129003204e-07,3.335205634395072e-07,3.399722358785714e-07,1
student_t_d16_df5.0_cor,B-C,complete,q950_err,65457,6.878861620943089e-07,3.335205634395072e-07,3.399722358785714e-07,1
student_t_d16_df5.0_cor,B-C,complete,q990_err,8925,0.0,9.933955093012943e-08,8.111040368511033e-08,0
student_t_d16_df5.0_cor,B-C,complete,q990_err,77395,1.9867910185968063e-07,9.933955093012943e-08,8.111040368511033e-08,0
student_t_d16_df5.0_cor,B-C,complete,q990_err,65457,9.933955093070768e-08,9.933955093012943e-08,8.111040368511033e-08,0
student_t_d16_df5.0_cor,B-C,complete,q995_err,8925,0.0,2.9457014145047495e-08,4.165850891094227e-08,0
student_t_d16_df5.0_cor,B-C,complete,q995_err,77395,0.0,2.9457014145047495e-08,4.165850891094227e-08,0
student_t_d16_df5.0_cor,B-C,complete,q995_err,65457,8.837104243514249e-08,2.9457014145047495e-08,4.165850891094227e-08,0
student_t_d16_df5.0_cor,B-C,complete,radial_w1,8925,8.195638656616211e-08,0.0,5.866593028613784e-08,2
student_t_d16_df5.0_cor,B-C,complete,radial_w1,77395,-5.21540641784668e-08,0.0,5.866593028613784e-08,2
student_t_d16_df5.0_cor,B-C,complete,radial_w1,65457,-2.9802322387695312e-08,0.0,5.866593028613784e-08,2
student_t_d16_df5.0_cor,B-C,complete,sample_time_s,8925,0.024687036871910095,0.029907941818237305,0.004158246623020832,
student_t_d16_df5.0_cor,B-C,complete,sample_time_s,77395,0.030174650251865387,0.029907941818237305,0.004158246623020832,
student_t_d16_df5.0_cor,B-C,complete,sample_time_s,65457,0.03486213833093643,0.029907941818237305,0.004158246623020832,
student_t_d16_df5.0_cor,B-C,complete,sliced_w1,8925,-0.03653953969478607,-0.016799901922543842,0.017294089316021236,2
student_t_d16_df5.0_cor,B-C,complete,sliced_w1,77395,-0.019435614347457886,-0.016799901922543842,0.017294089316021236,2
student_t_d16_df5.0_cor,B-C,complete,sliced_w1,65457,0.005575448274612427,-0.016799901922543842,0.017294089316021236,2
student_t_d16_df5.0_cor,B-C,complete,tail_exc_95,8925,0.0,0.0,0.0,0
student_t_d16_df5.0_cor,B-C,complete,tail_exc_95,77395,0.0,0.0,0.0,0
student_t_d16_df5.0_cor,B-C,complete,tail_exc_95,65457,0.0,0.0,0.0,0
student_t_d16_df5.0_cor,B-C,complete,tail_exc_99,8925,0.0,0.0,0.0,0
student_t_d16_df5.0_cor,B-C,complete,tail_exc_99,77395,0.0,0.0,0.0,0
student_t_d16_df5.0_cor,B-C,complete,tail_exc_99,65457,0.0,0.0,0.0,0
student_t_d16_df5.0_cor,B-C,complete,total_train_time_s,8925,-0.9276296123862267,-0.5537912920117378,1.4555113319917354,
student_t_d16_df5.0_cor,B-C,complete,total_train_time_s,77395,1.3861120492219925,-0.5537912920117378,1.4555113319917354,
student_t_d16_df5.0_cor,B-C,complete,total_train_time_s,65457,-2.1198563128709793,-0.5537912920117378,1.4555113319917354,
student_t_d16_df50.0_cor,B-A,complete,angular_sw_bin0,8925,0.0016103200614452362,0.0020978699127833047,0.0003853429876432883,0
student_t_d16_df50.0_cor,B-A,complete,angular_sw_bin0,77395,0.0025524888187646866,0.0020978699127833047,0.0003853429876432883,0
student_t_d16_df50.0_cor,B-A,complete,angular_sw_bin0,65457,0.0021308008581399918,0.0020978699127833047,0.0003853429876432883,0
student_t_d16_df50.0_cor,B-A,complete,angular_sw_bin1,8925,0.0004805484786629677,0.0014472805584470432,0.000691929528581295,0
student_t_d16_df50.0_cor,B-A,complete,angular_sw_bin1,77395,0.0020618773996829987,0.0014472805584470432,0.000691929528581295,0
student_t_d16_df50.0_cor,B-A,complete,angular_sw_bin1,65457,0.001799415796995163,0.0014472805584470432,0.000691929528581295,0
student_t_d16_df50.0_cor,B-A,complete,angular_sw_bin2,8925,-0.00031781475991010666,0.001170700726409753,0.0011530392817316012,1
student_t_d16_df50.0_cor,B-A,complete,angular_sw_bin2,77395,0.001338338479399681,0.001170700726409753,0.0011530392817316012,1
student_t_d16_df50.0_cor,B-A,complete,angular_sw_bin2,65457,0.002491578459739685,0.001170700726409753,0.0011530392817316012,1
student_t_d16_df50.0_cor,B-A,complete,angular_sw_bin3,8925,0.0016776788979768753,0.001529807224869728,0.00073207796437761,0
student_t_d16_df50.0_cor,B-A,complete,angular_sw_bin3,77395,0.0005684550851583481,0.001529807224869728,0.00073207796437761,0
student_t_d16_df50.0_cor,B-A,complete,angular_sw_bin3,65457,0.002343287691473961,0.001529807224869728,0.00073207796437761,0
student_t_d16_df50.0_cor,B-A,complete,angular_sw_mean,8925,0.0008626831695437431,0.0015614146056274574,0.0005445757167638097,0
student_t_d16_df50.0_cor,B-A,complete,angular_sw_mean,77395,0.0016302899457514286,0.0015614146056274574,0.0005445757167638097,0
student_t_d16_df50.0_cor,B-A,complete,angular_sw_mean,65457,0.0021912707015872,0.0015614146056274574,0.0005445757167638097,0
student_t_d16_df50.0_cor,B-A,complete,exploding_norm_rate,8925,0.0,0.0,0.0,
student_t_d16_df50.0_cor,B-A,complete,exploding_norm_rate,77395,0.0,0.0,0.0,
student_t_d16_df50.0_cor,B-A,complete,exploding_norm_rate,65457,0.0,0.0,0.0,
student_t_d16_df50.0_cor,B-A,complete,inf_rate,8925,0.0,0.0,0.0,
student_t_d16_df50.0_cor,B-A,complete,inf_rate,77395,0.0,0.0,0.0,
student_t_d16_df50.0_cor,B-A,complete,inf_rate,65457,0.0,0.0,0.0,
student_t_d16_df50.0_cor,B-A,complete,invalid_rate,8925,0.0,0.0,0.0,
student_t_d16_df50.0_cor,B-A,complete,invalid_rate,77395,0.0,0.0,0.0,
student_t_d16_df50.0_cor,B-A,complete,invalid_rate,65457,0.0,0.0,0.0,
student_t_d16_df50.0_cor,B-A,complete,ks_stat,8925,0.0,0.0,0.0,0
student_t_d16_df50.0_cor,B-A,complete,ks_stat,77395,0.0,0.0,0.0,0
student_t_d16_df50.0_cor,B-A,complete,ks_stat,65457,0.0,0.0,0.0,0
student_t_d16_df50.0_cor,B-A,complete,mmd,8925,2.014636993408203e-05,0.00022109349568684897,0.00014458123890908275,0
student_t_d16_df50.0_cor,B-A,complete,mmd,77395,0.00028884410858154297,0.00022109349568684897,0.00014458123890908275,0
student_t_d16_df50.0_cor,B-A,complete,mmd,65457,0.0003542900085449219,0.00022109349568684897,0.00014458123890908275,0
student_t_d16_df50.0_cor,B-A,complete,nan_rate,8925,0.0,0.0,0.0,
student_t_d16_df50.0_cor,B-A,complete,nan_rate,77395,0.0,0.0,0.0,
student_t_d16_df50.0_cor,B-A,complete,nan_rate,65457,0.0,0.0,0.0,
student_t_d16_df50.0_cor,B-A,complete,nfe,8925,0,0,0.0,
student_t_d16_df50.0_cor,B-A,complete,nfe,77395,0,0,0.0,
student_t_d16_df50.0_cor,B-A,complete,nfe,65457,0,0,0.0,
student_t_d16_df50.0_cor,B-A,complete,q950_err,8925,0.0,0.0,6.815860887121631e-08,1
student_t_d16_df50.0_cor,B-A,complete,q950_err,77395,8.347690665620744e-08,0.0,6.815860887121631e-08,1
student_t_d16_df50.0_cor,B-A,complete,q950_err,65457,-8.347690665620744e-08,0.0,6.815860887121631e-08,1
student_t_d16_df50.0_cor,B-A,complete,q990_err,8925,1.4319795398759494e-07,1.9093060531679326e-07,6.75041628777784e-08,0
student_t_d16_df50.0_cor,B-A,complete,q990_err,77395,2.863959079751899e-07,1.9093060531679326e-07,6.75041628777784e-08,0
student_t_d16_df50.0_cor,B-A,complete,q990_err,65457,1.4319795398759494e-07,1.9093060531679326e-07,6.75041628777784e-08,0
student_t_d16_df50.0_cor,B-A,complete,q995_err,8925,-1.3331177237813074e-07,-1.5553040110550623e-07,8.313449631011744e-08,3
student_t_d16_df50.0_cor,B-A,complete,q995_err,77395,-2.6662354475279204e-07,-1.5553040110550623e-07,8.313449631011744e-08,3
student_t_d16_df50.0_cor,B-A,complete,q995_err,65457,-6.665588618559593e-08,-1.5553040110550623e-07,8.313449631011744e-08,3
student_t_d16_df50.0_cor,B-A,complete,radial_w1,8925,-1.4901161193847656e-08,7.450580596923828e-09,3.700371689039305e-08,2
student_t_d16_df50.0_cor,B-A,complete,radial_w1,77395,-2.2351741790771484e-08,7.450580596923828e-09,3.700371689039305e-08,2
student_t_d16_df50.0_cor,B-A,complete,radial_w1,65457,5.960464477539063e-08,7.450580596923828e-09,3.700371689039305e-08,2
student_t_d16_df50.0_cor,B-A,complete,sample_time_s,8925,0.08085734397172928,0.08226811637481053,0.0011643758979071682,
student_t_d16_df50.0_cor,B-A,complete,sample_time_s,77395,0.0837089940905571,0.08226811637481053,0.0011643758979071682,
student_t_d16_df50.0_cor,B-A,complete,sample_time_s,65457,0.08223801106214523,0.08226811637481053,0.0011643758979071682,
student_t_d16_df50.0_cor,B-A,complete,sliced_w1,8925,0.0026211142539978027,0.019605616728464764,0.014666847753428048,0
student_t_d16_df50.0_cor,B-A,complete,sliced_w1,77395,0.017786726355552673,0.019605616728464764,0.014666847753428048,0
student_t_d16_df50.0_cor,B-A,complete,sliced_w1,65457,0.03840900957584381,0.019605616728464764,0.014666847753428048,0
student_t_d16_df50.0_cor,B-A,complete,tail_exc_95,8925,0.0,0.0,0.0,0
student_t_d16_df50.0_cor,B-A,complete,tail_exc_95,77395,0.0,0.0,0.0,0
student_t_d16_df50.0_cor,B-A,complete,tail_exc_95,65457,0.0,0.0,0.0,0
student_t_d16_df50.0_cor,B-A,complete,tail_exc_99,8925,0.0,0.0,0.0,0
student_t_d16_df50.0_cor,B-A,complete,tail_exc_99,77395,0.0,0.0,0.0,0
student_t_d16_df50.0_cor,B-A,complete,tail_exc_99,65457,0.0,0.0,0.0,0
student_t_d16_df50.0_cor,B-A,complete,total_train_time_s,8925,2.397052086889744,1.6940238972504933,0.8020011683511898,
student_t_d16_df50.0_cor,B-A,complete,total_train_time_s,77395,0.5717164874076843,1.6940238972504933,0.8020011683511898,
student_t_d16_df50.0_cor,B-A,complete,total_train_time_s,65457,2.113303117454052,1.6940238972504933,0.8020011683511898,
student_t_d16_df50.0_cor,B-C,complete,angular_sw_bin0,8925,-0.000758112408220768,-0.0012099208931128185,0.00036819971675360226,3
student_t_d16_df50.0_cor,B-C,complete,angular_sw_bin0,77395,-0.0012116413563489914,-0.0012099208931128185,0.00036819971675360226,3
student_t_d16_df50.0_cor,B-C,complete,angular_sw_bin0,65457,-0.0016600089147686958,-0.0012099208931128185,0.00036819971675360226,3
student_t_d16_df50.0_cor,B-C,complete,angular_sw_bin1,8925,0.0006058039143681526,0.0007351534441113472,0.0001223458094712281,0
student_t_d16_df50.0_cor,B-C,complete,angular_sw_bin1,77395,0.0008993484079837799,0.0007351534441113472,0.0001223458094712281,0
student_t_d16_df50.0_cor,B-C,complete,angular_sw_bin1,65457,0.0007003080099821091,0.0007351534441113472,0.0001223458094712281,0
student_t_d16_df50.0_cor,B-C,complete,angular_sw_bin2,8925,-0.0006759148091077805,-0.00031143488983313244,0.000373394959884293,2
student_t_d16_df50.0_cor,B-C,complete,angular_sw_bin2,77395,0.0002017151564359665,-0.00031143488983313244,0.000373394959884293,2
student_t_d16_df50.0_cor,B-C,complete,angular_sw_bin2,65457,-0.0004601050168275833,-0.00031143488983313244,0.000373394959884293,2
student_t_d16_df50.0_cor,B-C,complete,angular_sw_bin3,8925,-0.0027725975960493088,-0.0027449515958627066,0.0002516820125599325,3
student_t_d16_df50.0_cor,B-C,complete,angular_sw_bin3,77395,-0.003038443624973297,-0.0027449515958627066,0.0002516820125599325,3
student_t_d16_df50.0_cor,B-C,complete,angular_sw_bin3,65457,-0.0024238135665655136,-0.0027449515958627066,0.0002516820125599325,3
student_t_d16_df50.0_cor,B-C,complete,angular_sw_mean,8925,-0.0009002052247524261,-0.0008827884836743275,7.195390150206693e-05,3
student_t_d16_df50.0_cor,B-C,complete,angular_sw_mean,77395,-0.0007872553542256355,-0.0008827884836743275,7.195390150206693e-05,3
student_t_d16_df50.0_cor,B-C,complete,angular_sw_mean,65457,-0.0009609048720449209,-0.0008827884836743275,7.195390150206693e-05,3
student_t_d16_df50.0_cor,B-C,complete,exploding_norm_rate,8925,0.0,0.0,0.0,
student_t_d16_df50.0_cor,B-C,complete,exploding_norm_rate,77395,0.0,0.0,0.0,
student_t_d16_df50.0_cor,B-C,complete,exploding_norm_rate,65457,0.0,0.0,0.0,
student_t_d16_df50.0_cor,B-C,complete,inf_rate,8925,0.0,0.0,0.0,
student_t_d16_df50.0_cor,B-C,complete,inf_rate,77395,0.0,0.0,0.0,
student_t_d16_df50.0_cor,B-C,complete,inf_rate,65457,0.0,0.0,0.0,
student_t_d16_df50.0_cor,B-C,complete,invalid_rate,8925,0.0,0.0,0.0,
student_t_d16_df50.0_cor,B-C,complete,invalid_rate,77395,0.0,0.0,0.0,
student_t_d16_df50.0_cor,B-C,complete,invalid_rate,65457,0.0,0.0,0.0,
student_t_d16_df50.0_cor,B-C,complete,ks_stat,8925,0.0,0.0,0.0,0
student_t_d16_df50.0_cor,B-C,complete,ks_stat,77395,0.0,0.0,0.0,0
student_t_d16_df50.0_cor,B-C,complete,ks_stat,65457,0.0,0.0,0.0,0
student_t_d16_df50.0_cor,B-C,complete,mmd,8925,-8.106231689453125e-06,4.204114278157552e-05,9.180510264936105e-05,2
student_t_d16_df50.0_cor,B-C,complete,mmd,77395,0.00017082691192626953,4.204114278157552e-05,9.180510264936105e-05,2
student_t_d16_df50.0_cor,B-C,complete,mmd,65457,-3.6597251892089844e-05,4.204114278157552e-05,9.180510264936105e-05,2
student_t_d16_df50.0_cor,B-C,complete,nan_rate,8925,0.0,0.0,0.0,
student_t_d16_df50.0_cor,B-C,complete,nan_rate,77395,0.0,0.0,0.0,
student_t_d16_df50.0_cor,B-C,complete,nan_rate,65457,0.0,0.0,0.0,
student_t_d16_df50.0_cor,B-C,complete,nfe,8925,0,0,0.0,
student_t_d16_df50.0_cor,B-C,complete,nfe,77395,0,0,0.0,
student_t_d16_df50.0_cor,B-C,complete,nfe,65457,0,0,0.0,
student_t_d16_df50.0_cor,B-C,complete,q950_err,8925,0.0,-5.565127110413829e-08,3.935139117938715e-08,2
student_t_d16_df50.0_cor,B-C,complete,q950_err,77395,-8.347690665620744e-08,-5.565127110413829e-08,3.935139117938715e-08,2
student_t_d16_df50.0_cor,B-C,complete,q950_err,65457,-8.347690665620744e-08,-5.565127110413829e-08,3.935139117938715e-08,2
student_t_d16_df50.0_cor,B-C,complete,q990_err,8925,1.4319795398759494e-07,2.3866325664599158e-08,1.216948602815514e-07,1
student_t_d16_df50.0_cor,B-C,complete,q990_err,77395,7.159897699379747e-08,2.3866325664599158e-08,1.216948602815514e-07,1
student_t_d16_df50.0_cor,B-C,complete,q990_err,65457,-1.4319795398759494e-07,2.3866325664599158e-08,1.216948602815514e-07,1
student_t_d16_df50.0_cor,B-C,complete,q995_err,8925,6.665588618559593e-08,-4.443725745937691e-08,1.1329322145523305e-07,1
student_t_d16_df50.0_cor,B-C,complete,q995_err,77395,-1.9996765856372667e-07,-4.443725745937691e-08,1.1329322145523305e-07,1
student_t_d16_df50.0_cor,B-C,complete,q995_err,65457,0.0,-4.443725745937691e-08,1.1329322145523305e-07,1
student_t_d16_df50.0_cor,B-C,complete,radial_w1,8925,-2.2351741790771484e-08,0.0,2.6516810685473957e-08,2
student_t_d16_df50.0_cor,B-C,complete,radial_w1,77395,-1.4901161193847656e-08,0.0,2.6516810685473957e-08,2
student_t_d16_df50.0_cor,B-C,complete,radial_w1,65457,3.725290298461914e-08,0.0,2.6516810685473957e-08,2
student_t_d16_df50.0_cor,B-C,complete,sample_time_s,8925,0.030008085072040558,0.03088896969954173,0.0013629219167404605,
student_t_d16_df50.0_cor,B-C,complete,sample_time_s,77395,0.03281412273645401,0.03088896969954173,0.0013629219167404605,
student_t_d16_df50.0_cor,B-C,complete,sample_time_s,65457,0.029844701290130615,0.03088896969954173,0.0013629219167404605,
student_t_d16_df50.0_cor,B-C,complete,sliced_w1,8925,-0.01008257269859314,-0.006875058015187581,0.0037947143455746408,3
student_t_d16_df50.0_cor,B-C,complete,sliced_w1,77395,-0.0015452206134796143,-0.006875058015187581,0.0037947143455746408,3
student_t_d16_df50.0_cor,B-C,complete,sliced_w1,65457,-0.00899738073348999,-0.006875058015187581,0.0037947143455746408,3
student_t_d16_df50.0_cor,B-C,complete,tail_exc_95,8925,0.0,0.0,0.0,0
student_t_d16_df50.0_cor,B-C,complete,tail_exc_95,77395,0.0,0.0,0.0,0
student_t_d16_df50.0_cor,B-C,complete,tail_exc_95,65457,0.0,0.0,0.0,0
student_t_d16_df50.0_cor,B-C,complete,tail_exc_99,8925,0.0,0.0,0.0,0
student_t_d16_df50.0_cor,B-C,complete,tail_exc_99,77395,0.0,0.0,0.0,0
student_t_d16_df50.0_cor,B-C,complete,tail_exc_99,65457,0.0,0.0,0.0,0
student_t_d16_df50.0_cor,B-C,complete,total_train_time_s,8925,3.21766959130764,-1.3865981201330821,4.596434684285721,
student_t_d16_df50.0_cor,B-C,complete,total_train_time_s,77395,-7.662565998733044,-1.3865981201330821,4.596434684285721,
student_t_d16_df50.0_cor,B-C,complete,total_train_time_s,65457,0.2851020470261574,-1.3865981201330821,4.596434684285721,
student_t_d256_df3.0_cor,B-A,complete,angular_sw_bin0,8925,-0.0010282909497618675,-0.0012651742435991764,0.00019546009414101893,3
student_t_d256_df3.0_cor,B-A,complete,angular_sw_bin0,77395,-0.0015069921500980854,-0.0012651742435991764,0.00019546009414101893,3
student_t_d256_df3.0_cor,B-A,complete,angular_sw_bin0,65457,-0.0012602396309375763,-0.0012651742435991764,0.00019546009414101893,3
student_t_d256_df3.0_cor,B-A,complete,angular_sw_bin1,8925,-0.0009697901550680399,-0.0009013305728634199,5.124291820577208e-05,3
student_t_d256_df3.0_cor,B-A,complete,angular_sw_bin1,77395,-0.000846516340970993,-0.0009013305728634199,5.124291820577208e-05,3
student_t_d256_df3.0_cor,B-A,complete,angular_sw_bin1,65457,-0.0008876852225512266,-0.0009013305728634199,5.124291820577208e-05,3
student_t_d256_df3.0_cor,B-A,complete,angular_sw_bin2,8925,-0.00109818484634161,-0.0009287517362584671,0.00019359885257122685,3
student_t_d256_df3.0_cor,B-A,complete,angular_sw_bin2,77395,-0.0006577824242413044,-0.0009287517362584671,0.00019359885257122685,3
student_t_d256_df3.0_cor,B-A,complete,angular_sw_bin2,65457,-0.0010302879381924868,-0.0009287517362584671,0.00019359885257122685,3
student_t_d256_df3.0_cor,B-A,complete,angular_sw_bin3,8925,-0.0008130194619297981,-0.0006590738582114378,0.0001336339753777269,3
student_t_d256_df3.0_cor,B-A,complete,angular_sw_bin3,77395,-0.0006770358886569738,-0.0006590738582114378,0.0001336339753777269,3
student_t_d256_df3.0_cor,B-A,complete,angular_sw_bin3,65457,-0.0004871662240475416,-0.0006590738582114378,0.0001336339753777269,3
student_t_d256_df3.0_cor,B-A,complete,angular_sw_mean,8925,-0.0009773213532753289,-0.0009385826027331253,2.7492377556570864e-05,3
student_t_d256_df3.0_cor,B-A,complete,angular_sw_mean,77395,-0.0009220817009918392,-0.0009385826027331253,2.7492377556570864e-05,3
student_t_d256_df3.0_cor,B-A,complete,angular_sw_mean,65457,-0.0009163447539322078,-0.0009385826027331253,2.7492377556570864e-05,3
student_t_d256_df3.0_cor,B-A,complete,exploding_norm_rate,8925,0.0,0.0,0.0,
student_t_d256_df3.0_cor,B-A,complete,exploding_norm_rate,77395,0.0,0.0,0.0,
student_t_d256_df3.0_cor,B-A,complete,exploding_norm_rate,65457,0.0,0.0,0.0,
student_t_d256_df3.0_cor,B-A,complete,inf_rate,8925,0.0,0.0,0.0,
student_t_d256_df3.0_cor,B-A,complete,inf_rate,77395,0.0,0.0,0.0,
student_t_d256_df3.0_cor,B-A,complete,inf_rate,65457,0.0,0.0,0.0,
student_t_d256_df3.0_cor,B-A,complete,invalid_rate,8925,0.0,0.0,0.0,
student_t_d256_df3.0_cor,B-A,complete,invalid_rate,77395,0.0,0.0,0.0,
student_t_d256_df3.0_cor,B-A,complete,invalid_rate,65457,0.0,0.0,0.0,
student_t_d256_df3.0_cor,B-A,complete,ks_stat,8925,0.0,0.0,0.0,0
student_t_d256_df3.0_cor,B-A,complete,ks_stat,77395,0.0,0.0,0.0,0
student_t_d256_df3.0_cor,B-A,complete,ks_stat,65457,0.0,0.0,0.0,0
student_t_d256_df3.0_cor,B-A,complete,mmd,8925,-0.0008835792541503906,-0.0009194215138753256,2.5687565824871718e-05,3
student_t_d256_df3.0_cor,B-A,complete,mmd,77395,-0.0009424686431884766,-0.0009194215138753256,2.5687565824871718e-05,3
student_t_d256_df3.0_cor,B-A,complete,mmd,65457,-0.0009322166442871094,-0.0009194215138753256,2.5687565824871718e-05,3
student_t_d256_df3.0_cor,B-A,complete,nan_rate,8925,0.0,0.0,0.0,
student_t_d256_df3.0_cor,B-A,complete,nan_rate,77395,0.0,0.0,0.0,
student_t_d256_df3.0_cor,B-A,complete,nan_rate,65457,0.0,0.0,0.0,
student_t_d256_df3.0_cor,B-A,complete,nfe,8925,0,0,0.0,
student_t_d256_df3.0_cor,B-A,complete,nfe,77395,0,0,0.0,
student_t_d256_df3.0_cor,B-A,complete,nfe,65457,0,0,0.0,
student_t_d256_df3.0_cor,B-A,complete,q950_err,8925,-1.0663833215074359e-07,0.0,8.706983359691734e-08,1
student_t_d256_df3.0_cor,B-A,complete,q950_err,77395,1.0663833215074359e-07,0.0,8.706983359691734e-08,1
student_t_d256_df3.0_cor,B-A,complete,q950_err,65457,0.0,0.0,8.706983359691734e-08,1
student_t_d256_df3.0_cor,B-A,complete,q990_err,8925,0.0,2.6655722893132356e-08,3.769688483032678e-08,0
student_t_d256_df3.0_cor,B-A,complete,q990_err,77395,0.0,2.6655722893132356e-08,3.769688483032678e-08,0
student_t_d256_df3.0_cor,B-A,complete,q990_err,65457,7.996716867939707e-08,2.6655722893132356e-08,3.769688483032678e-08,0
student_t_d256_df3.0_cor,B-A,complete,q995_err,8925,0.0,0.0,5.560732827205536e-08,1
student_t_d256_df3.0_cor,B-A,complete,q995_err,77395,6.810479011298831e-08,0.0,5.560732827205536e-08,1
student_t_d256_df3.0_cor,B-A,complete,q995_err,65457,-6.810479011298831e-08,0.0,5.560732827205536e-08,1
student_t_d256_df3.0_cor,B-A,complete,radial_w1,8925,-7.152557373046875e-07,-1.5894571940104166e-07,4.052336624139774e-07,1
student_t_d256_df3.0_cor,B-A,complete,radial_w1,77395,2.384185791015625e-07,-1.5894571940104166e-07,4.052336624139774e-07,1
student_t_d256_df3.0_cor,B-A,complete,radial_w1,65457,0.0,-1.5894571940104166e-07,4.052336624139774e-07,1
student_t_d256_df3.0_cor,B-A,complete,sample_time_s,8925,0.12606914341449738,0.12152538696924846,0.0075599758269086085,
student_t_d256_df3.0_cor,B-A,complete,sample_time_s,77395,0.12763477116823196,0.12152538696924846,0.0075599758269086085,
student_t_d256_df3.0_cor,B-A,complete,sample_time_s,65457,0.11087224632501602,0.12152538696924846,0.0075599758269086085,
student_t_d256_df3.0_cor,B-A,complete,sliced_w1,8925,-0.5209282636642456,-0.5529917081197103,0.03946494430035299,3
student_t_d256_df3.0_cor,B-A,complete,sliced_w1,77395,-0.6085857152938843,-0.5529917081197103,0.03946494430035299,3
student_t_d256_df3.0_cor,B-A,complete,sliced_w1,65457,-0.529461145401001,-0.5529917081197103,0.03946494430035299,3
student_t_d256_df3.0_cor,B-A,complete,tail_exc_95,8925,0.0,0.0,0.0,0
student_t_d256_df3.0_cor,B-A,complete,tail_exc_95,77395,0.0,0.0,0.0,0
student_t_d256_df3.0_cor,B-A,complete,tail_exc_95,65457,0.0,0.0,0.0,0
student_t_d256_df3.0_cor,B-A,complete,tail_exc_99,8925,0.0,0.0,0.0,0
student_t_d256_df3.0_cor,B-A,complete,tail_exc_99,77395,0.0,0.0,0.0,0
student_t_d256_df3.0_cor,B-A,complete,tail_exc_99,65457,0.0,0.0,0.0,0
student_t_d256_df3.0_cor,B-A,complete,total_train_time_s,8925,1.5882885232567787,2.3120868975917497,0.8846200868321834,
student_t_d256_df3.0_cor,B-A,complete,total_train_time_s,77395,1.790291577577591,2.3120868975917497,0.8846200868321834,
student_t_d256_df3.0_cor,B-A,complete,total_train_time_s,65457,3.55768059194088,2.3120868975917497,0.8846200868321834,
student_t_d256_df3.0_cor,B-C,complete,angular_sw_bin0,8925,0.00015150033868849277,0.00016487832181155682,2.849896539632081e-05,0
student_t_d256_df3.0_cor,B-C,complete,angular_sw_bin0,77395,0.00020449236035346985,0.00016487832181155682,2.849896539632081e-05,0
student_t_d256_df3.0_cor,B-C,complete,angular_sw_bin0,65457,0.00013864226639270782,0.00016487832181155682,2.849896539632081e-05,0
student_t_d256_df3.0_cor,B-C,complete,angular_sw_bin1,8925,7.444992661476135e-06,5.69043525805076e-05,3.8330959911383745e-05,0
student_t_d256_df3.0_cor,B-C,complete,angular_sw_bin1,77395,0.0001008491963148117,5.69043525805076e-05,3.8330959911383745e-05,0
student_t_d256_df3.0_cor,B-C,complete,angular_sw_bin1,65457,6.241886876523495e-05,5.69043525805076e-05,3.8330959911383745e-05,0
student_t_d256_df3.0_cor,B-C,complete,angular_sw_bin2,8925,1.721479929983616e-05,2.8887297958135605e-06,2.328907975753027e-05,1
student_t_d256_df3.0_cor,B-C,complete,angular_sw_bin2,77395,-2.9957853257656097e-05,2.8887297958135605e-06,2.328907975753027e-05,1
student_t_d256_df3.0_cor,B-C,complete,angular_sw_bin2,65457,2.140924334526062e-05,2.8887297958135605e-06,2.328907975753027e-05,1
student_t_d256_df3.0_cor,B-C,complete,angular_sw_bin3,8925,9.806128218770027e-06,8.098905285199483e-05,7.523930607852756e-05,0
student_t_d256_df3.0_cor,B-C,complete,angular_sw_bin3,77395,4.8088375478982925e-05,8.098905285199483e-05,7.523930607852756e-05,0
student_t_d256_df3.0_cor,B-C,complete,angular_sw_bin3,65457,0.00018507265485823154,8.098905285199483e-05,7.523930607852756e-05,0
student_t_d256_df3.0_cor,B-C,complete,angular_sw_mean,8925,4.6491564717143774e-05,7.64151142599682e-05,2.2832731579680188e-05,0
student_t_d256_df3.0_cor,B-C,complete,angular_sw_mean,77395,8.08680197224021e-05,7.64151142599682e-05,2.2832731579680188e-05,0
student_t_d256_df3.0_cor,B-C,complete,angular_sw_mean,65457,0.00010188575834035873,7.64151142599682e-05,2.2832731579680188e-05,0
student_t_d256_df3.0_cor,B-C,complete,exploding_norm_rate,8925,0.0,0.0,0.0,
student_t_d256_df3.0_cor,B-C,complete,exploding_norm_rate,77395,0.0,0.0,0.0,
student_t_d256_df3.0_cor,B-C,complete,exploding_norm_rate,65457,0.0,0.0,0.0,
student_t_d256_df3.0_cor,B-C,complete,inf_rate,8925,0.0,0.0,0.0,
student_t_d256_df3.0_cor,B-C,complete,inf_rate,77395,0.0,0.0,0.0,
student_t_d256_df3.0_cor,B-C,complete,inf_rate,65457,0.0,0.0,0.0,
student_t_d256_df3.0_cor,B-C,complete,invalid_rate,8925,0.0,0.0,0.0,
student_t_d256_df3.0_cor,B-C,complete,invalid_rate,77395,0.0,0.0,0.0,
student_t_d256_df3.0_cor,B-C,complete,invalid_rate,65457,0.0,0.0,0.0,
student_t_d256_df3.0_cor,B-C,complete,ks_stat,8925,0.0,0.0,0.0,0
student_t_d256_df3.0_cor,B-C,complete,ks_stat,77395,0.0,0.0,0.0,0
student_t_d256_df3.0_cor,B-C,complete,ks_stat,65457,0.0,0.0,0.0,0
student_t_d256_df3.0_cor,B-C,complete,mmd,8925,-6.079673767089844e-06,1.2993812561035156e-05,1.4150633089736293e-05,1
student_t_d256_df3.0_cor,B-C,complete,mmd,77395,1.728534698486328e-05,1.2993812561035156e-05,1.4150633089736293e-05,1
student_t_d256_df3.0_cor,B-C,complete,mmd,65457,2.777576446533203e-05,1.2993812561035156e-05,1.4150633089736293e-05,1
student_t_d256_df3.0_cor,B-C,complete,nan_rate,8925,0.0,0.0,0.0,
student_t_d256_df3.0_cor,B-C,complete,nan_rate,77395,0.0,0.0,0.0,
student_t_d256_df3.0_cor,B-C,complete,nan_rate,65457,0.0,0.0,0.0,
student_t_d256_df3.0_cor,B-C,complete,nfe,8925,0,0,0.0,
student_t_d256_df3.0_cor,B-C,complete,nfe,77395,0,0,0.0,
student_t_d256_df3.0_cor,B-C,complete,nfe,65457,0,0,0.0,
student_t_d256_df3.0_cor,B-C,complete,q950_err,8925,-1.0663833215074359e-07,3.5546110716914527e-08,1.0053958373095229e-07,1
student_t_d256_df3.0_cor,B-C,complete,q950_err,77395,1.0663833215074359e-07,3.5546110716914527e-08,1.0053958373095229e-07,1
student_t_d256_df3.0_cor,B-C,complete,q950_err,65457,1.0663833215074359e-07,3.5546110716914527e-08,1.0053958373095229e-07,1
student_t_d256_df3.0_cor,B-C,complete,q990_err,8925,-7.996716867939707e-08,2.6655722893132356e-08,7.539376966065355e-08,1
student_t_d256_df3.0_cor,B-C,complete,q990_err,77395,7.996716867939707e-08,2.6655722893132356e-08,7.539376966065355e-08,1
student_t_d256_df3.0_cor,B-C,complete,q990_err,65457,7.996716867939707e-08,2.6655722893132356e-08,7.539376966065355e-08,1
student_t_d256_df3.0_cor,B-C,complete,q995_err,8925,0.0,2.2701596704329436e-08,8.49415970003172e-08,1
student_t_d256_df3.0_cor,B-C,complete,q995_err,77395,1.3620958022597662e-07,2.2701596704329436e-08,8.49415970003172e-08,1
student_t_d256_df3.0_cor,B-C,complete,q995_err,65457,-6.810479011298831e-08,2.2701596704329436e-08,8.49415970003172e-08,1
student_t_d256_df3.0_cor,B-C,complete,radial_w1,8925,-2.384185791015625e-07,7.947285970052083e-08,2.247831920581015e-07,1
student_t_d256_df3.0_cor,B-C,complete,radial_w1,77395,2.384185791015625e-07,7.947285970052083e-08,2.247831920581015e-07,1
student_t_d256_df3.0_cor,B-C,complete,radial_w1,65457,2.384185791015625e-07,7.947285970052083e-08,2.247831920581015e-07,1
student_t_d256_df3.0_cor,B-C,complete,sample_time_s,8925,0.03611306846141815,0.036084609727064766,0.00041352361454410647,
student_t_d256_df3.0_cor,B-C,complete,sample_time_s,77395,0.03657624125480652,0.036084609727064766,0.00041352361454410647,
student_t_d256_df3.0_cor,B-C,complete,sample_time_s,65457,0.035564519464969635,0.036084609727064766,0.00041352361454410647,
student_t_d256_df3.0_cor,B-C,complete,sliced_w1,8925,-0.0023397207260131836,0.010088086128234863,0.011317866563089678,1
student_t_d256_df3.0_cor,B-C,complete,sliced_w1,77395,0.00756680965423584,0.010088086128234863,0.011317866563089678,1
student_t_d256_df3.0_cor,B-C,complete,sliced_w1,65457,0.025037169456481934,0.010088086128234863,0.011317866563089678,1
student_t_d256_df3.0_cor,B-C,complete,tail_exc_95,8925,0.0,0.0,0.0,0
student_t_d256_df3.0_cor,B-C,complete,tail_exc_95,77395,0.0,0.0,0.0,0
student_t_d256_df3.0_cor,B-C,complete,tail_exc_95,65457,0.0,0.0,0.0,0
student_t_d256_df3.0_cor,B-C,complete,tail_exc_99,8925,0.0,0.0,0.0,0
student_t_d256_df3.0_cor,B-C,complete,tail_exc_99,77395,0.0,0.0,0.0,0
student_t_d256_df3.0_cor,B-C,complete,tail_exc_99,65457,0.0,0.0,0.0,0
student_t_d256_df3.0_cor,B-C,complete,total_train_time_s,8925,3.9875681176781654,1.8443978652358055,2.0977169260187156,
student_t_d256_df3.0_cor,B-C,complete,total_train_time_s,77395,-1.003627635538578,1.8443978652358055,2.0977169260187156,
student_t_d256_df3.0_cor,B-C,complete,total_train_time_s,65457,2.549253113567829,1.8443978652358055,2.0977169260187156,
student_t_d2_df3.0_cor,B-A,incomplete,,,,,,
student_t_d2_df3.0_cor,B-C,complete,angular_sw_bin0,8925,-0.2539452314376831,-0.23904045422871908,0.17926249323858132,3
student_t_d2_df3.0_cor,B-C,complete,angular_sw_bin0,77395,-0.4507591128349304,-0.23904045422871908,0.17926249323858132,3
student_t_d2_df3.0_cor,B-C,complete,angular_sw_bin0,65457,-0.012417018413543701,-0.23904045422871908,0.17926249323858132,3
student_t_d2_df3.0_cor,B-C,complete,angular_sw_bin1,8925,0.04501372575759888,-0.09450662136077881,0.1619560765214805,2
student_t_d2_df3.0_cor,B-C,complete,angular_sw_bin1,77395,-0.3215728998184204,-0.09450662136077881,0.1619560765214805,2
student_t_d2_df3.0_cor,B-C,complete,angular_sw_bin1,65457,-0.006960690021514893,-0.09450662136077881,0.1619560765214805,2
student_t_d2_df3.0_cor,B-C,complete,angular_sw_bin2,8925,0.043802082538604736,-0.06559497117996216,0.10868595098362066,2
student_t_d2_df3.0_cor,B-C,complete,angular_sw_bin2,77395,-0.2137984037399292,-0.06559497117996216,0.10868595098362066,2
student_t_d2_df3.0_cor,B-C,complete,angular_sw_bin2,65457,-0.02678859233856201,-0.06559497117996216,0.10868595098362066,2
student_t_d2_df3.0_cor,B-C,complete,angular_sw_bin3,8925,0.04824405908584595,-0.04824727773666382,0.07534792220905667,2
student_t_d2_df3.0_cor,B-C,complete,angular_sw_bin3,77395,-0.13564687967300415,-0.04824727773666382,0.07534792220905667,2
student_t_d2_df3.0_cor,B-C,complete,angular_sw_bin3,65457,-0.05733901262283325,-0.04824727773666382,0.07534792220905667,2
student_t_d2_df3.0_cor,B-C,complete,angular_sw_mean,8925,-0.029221341013908386,-0.11184733112653096,0.11922389801295454,3
student_t_d2_df3.0_cor,B-C,complete,angular_sw_mean,77395,-0.28044432401657104,-0.11184733112653096,0.11922389801295454,3
student_t_d2_df3.0_cor,B-C,complete,angular_sw_mean,65457,-0.025876328349113464,-0.11184733112653096,0.11922389801295454,3
student_t_d2_df3.0_cor,B-C,complete,exploding_norm_rate,8925,0.0,0.0,0.0,
student_t_d2_df3.0_cor,B-C,complete,exploding_norm_rate,77395,0.0,0.0,0.0,
student_t_d2_df3.0_cor,B-C,complete,exploding_norm_rate,65457,0.0,0.0,0.0,
student_t_d2_df3.0_cor,B-C,complete,inf_rate,8925,0.0,0.0,0.0,
student_t_d2_df3.0_cor,B-C,complete,inf_rate,77395,0.0,0.0,0.0,
student_t_d2_df3.0_cor,B-C,complete,inf_rate,65457,0.0,0.0,0.0,
student_t_d2_df3.0_cor,B-C,complete,invalid_rate,8925,0.0,0.0,0.0,
student_t_d2_df3.0_cor,B-C,complete,invalid_rate,77395,0.0,0.0,0.0,
student_t_d2_df3.0_cor,B-C,complete,invalid_rate,65457,0.0,0.0,0.0,
student_t_d2_df3.0_cor,B-C,complete,ks_stat,8925,0.0,6.666779518127441e-05,9.428250011886994e-05,0
student_t_d2_df3.0_cor,B-C,complete,ks_stat,77395,0.00020000338554382324,6.666779518127441e-05,9.428250011886994e-05,0
student_t_d2_df3.0_cor,B-C,complete,ks_stat,65457,0.0,6.666779518127441e-05,9.428250011886994e-05,0
student_t_d2_df3.0_cor,B-C,complete,mmd,8925,0.0095786452293396,-0.04899291197458903,0.06768543316623733,2
student_t_d2_df3.0_cor,B-C,complete,mmd,77395,-0.14384549856185913,-0.04899291197458903,0.06768543316623733,2
student_t_d2_df3.0_cor,B-C,complete,mmd,65457,-0.012711882591247559,-0.04899291197458903,0.06768543316623733,2
student_t_d2_df3.0_cor,B-C,complete,nan_rate,8925,0.0,0.0,0.0,
student_t_d2_df3.0_cor,B-C,complete,nan_rate,77395,0.0,0.0,0.0,
student_t_d2_df3.0_cor,B-C,complete,nan_rate,65457,0.0,0.0,0.0,
student_t_d2_df3.0_cor,B-C,complete,nfe,8925,0,0,0.0,
student_t_d2_df3.0_cor,B-C,complete,nfe,77395,0,0,0.0,
student_t_d2_df3.0_cor,B-C,complete,nfe,65457,0,0,0.0,
student_t_d2_df3.0_cor,B-C,complete,q950_err,8925,-1.9722060464511665e-05,0.000827147230550465,0.0009451500089057964,1
student_t_d2_df3.0_cor,B-C,complete,q950_err,77395,0.002146166663754676,0.000827147230550465,0.0009451500089057964,1
student_t_d2_df3.0_cor,B-C,complete,q950_err,65457,0.0003549970883612308,0.000827147230550465,0.0009451500089057964,1
student_t_d2_df3.0_cor,B-C,complete,q990_err,8925,7.547167134008825e-05,-1.9481328403100445e-05,6.796915160353729e-05,2
student_t_d2_df3.0_cor,B-C,complete,q990_err,77395,-5.400969194607752e-05,-1.9481328403100445e-05,6.796915160353729e-05,2
student_t_d2_df3.0_cor,B-C,complete,q990_err,65457,-7.990596460331206e-05,-1.9481328403100445e-05,6.796915160353729e-05,2
student_t_d2_df3.0_cor,B-C,complete,q995_err,8925,0.00027989835419617304,0.00016981162188181576,0.00012204535331236244,1
student_t_d2_df3.0_cor,B-C,complete,q995_err,77395,-3.5466086441282574e-07,0.00016981162188181576,0.00012204535331236244,1
student_t_d2_df3.0_cor,B-C,complete,q995_err,65457,0.00022989117231368705,0.00016981162188181576,0.00012204535331236244,1
student_t_d2_df3.0_cor,B-C,complete,radial_w1,8925,-1.1049211025238037e-05,-4.7855700055758156e-05,4.459575010862068e-05,3
student_t_d2_df3.0_cor,B-C,complete,radial_w1,77395,-0.00011061131954193115,-4.7855700055758156e-05,4.459575010862068e-05,3
student_t_d2_df3.0_cor,B-C,complete,radial_w1,65457,-2.1906569600105286e-05,-4.7855700055758156e-05,4.459575010862068e-05,3
student_t_d2_df3.0_cor,B-C,complete,sample_time_s,8925,0.023014433681964874,0.02874159812927246,0.005402911559667292,
student_t_d2_df3.0_cor,B-C,complete,sample_time_s,77395,0.02722489833831787,0.02874159812927246,0.005402911559667292,
student_t_d2_df3.0_cor,B-C,complete,sample_time_s,65457,0.03598546236753464,0.02874159812927246,0.005402911559667292,
student_t_d2_df3.0_cor,B-C,complete,sliced_w1,8925,0.011801302433013916,-0.03690573573112488,0.052614792300854196,2
student_t_d2_df3.0_cor,B-C,complete,sliced_w1,77395,-0.1099746823310852,-0.03690573573112488,0.052614792300854196,2
student_t_d2_df3.0_cor,B-C,complete,sliced_w1,65457,-0.012543827295303345,-0.03690573573112488,0.052614792300854196,2
student_t_d2_df3.0_cor,B-C,complete,tail_exc_95,8925,0.0,3.3332655827204384e-05,4.713949394074702e-05,0
student_t_d2_df3.0_cor,B-C,complete,tail_exc_95,77395,9.999796748161316e-05,3.3332655827204384e-05,4.713949394074702e-05,0
student_t_d2_df3.0_cor,B-C,complete,tail_exc_95,65457,0.0,3.3332655827204384e-05,4.713949394074702e-05,0
student_t_d2_df3.0_cor,B-C,complete,tail_exc_99,8925,0.0,0.0,0.0,0
student_t_d2_df3.0_cor,B-C,complete,tail_exc_99,77395,0.0,0.0,0.0,0
student_t_d2_df3.0_cor,B-C,complete,tail_exc_99,65457,0.0,0.0,0.0,0
student_t_d2_df3.0_cor,B-C,complete,total_train_time_s,8925,2.3580202981829643,0.6859270930290222,1.5684559987170574,
student_t_d2_df3.0_cor,B-C,complete,total_train_time_s,77395,-1.4123237580060959,0.6859270930290222,1.5684559987170574,
student_t_d2_df3.0_cor,B-C,complete,total_train_time_s,65457,1.1120847389101982,0.6859270930290222,1.5684559987170574,
student_t_d32_df3.0_cor,B-A,complete,angular_sw_bin0,8925,-1.3236887753009796e-05,-5.962420254945755e-05,4.4350653934314055e-05,3
student_t_d32_df3.0_cor,B-A,complete,angular_sw_bin0,77395,-0.00011937785893678665,-5.962420254945755e-05,4.4350653934314055e-05,3
student_t_d32_df3.0_cor,B-A,complete,angular_sw_bin0,65457,-4.62578609585762e-05,-5.962420254945755e-05,4.4350653934314055e-05,3
student_t_d32_df3.0_cor,B-A,complete,angular_sw_bin1,8925,-0.0002456875517964363,-0.00048513027528921765,0.00017552048393159936,3
student_t_d32_df3.0_cor,B-A,complete,angular_sw_bin1,77395,-0.0005481811240315437,-0.00048513027528921765,0.00017552048393159936,3
student_t_d32_df3.0_cor,B-A,complete,angular_sw_bin1,65457,-0.0006615221500396729,-0.00048513027528921765,0.00017552048393159936,3
student_t_d32_df3.0_cor,B-A,complete,angular_sw_bin2,8925,-0.0019895657896995544,-0.001019584635893504,0.0007492839081195937,3
student_t_d32_df3.0_cor,B-A,complete,angular_sw_bin2,77395,-0.0001651458442211151,-0.001019584635893504,0.0007492839081195937,3
student_t_d32_df3.0_cor,B-A,complete,angular_sw_bin2,65457,-0.0009040422737598419,-0.001019584635893504,0.0007492839081195937,3
student_t_d32_df3.0_cor,B-A,complete,angular_sw_bin3,8925,-0.0026379767805337906,-0.0013506564622124035,0.0009210212635423947,3
student_t_d32_df3.0_cor,B-A,complete,angular_sw_bin3,77395,-0.0008788248524069786,-0.0013506564622124035,0.0009210212635423947,3
student_t_d32_df3.0_cor,B-A,complete,angular_sw_bin3,65457,-0.0005351677536964417,-0.0013506564622124035,0.0009210212635423947,3
student_t_d32_df3.0_cor,B-A,complete,angular_sw_mean,8925,-0.0012216167524456978,-0.0007287488939861456,0.0003513326499359421,3
student_t_d32_df3.0_cor,B-A,complete,angular_sw_mean,77395,-0.000427882419899106,-0.0007287488939861456,0.0003513326499359421,3
student_t_d32_df3.0_cor,B-A,complete,angular_sw_mean,65457,-0.0005367475096136332,-0.0007287488939861456,0.0003513326499359421,3
student_t_d32_df3.0_cor,B-A,complete,exploding_norm_rate,8925,0.0,0.0,0.0,
student_t_d32_df3.0_cor,B-A,complete,exploding_norm_rate,77395,0.0,0.0,0.0,
student_t_d32_df3.0_cor,B-A,complete,exploding_norm_rate,65457,0.0,0.0,0.0,
student_t_d32_df3.0_cor,B-A,complete,inf_rate,8925,0.0,0.0,0.0,
student_t_d32_df3.0_cor,B-A,complete,inf_rate,77395,0.0,0.0,0.0,
student_t_d32_df3.0_cor,B-A,complete,inf_rate,65457,0.0,0.0,0.0,
student_t_d32_df3.0_cor,B-A,complete,invalid_rate,8925,0.0,0.0,0.0,
student_t_d32_df3.0_cor,B-A,complete,invalid_rate,77395,0.0,0.0,0.0,
student_t_d32_df3.0_cor,B-A,complete,invalid_rate,65457,0.0,0.0,0.0,
student_t_d32_df3.0_cor,B-A,complete,ks_stat,8925,0.0,0.0,0.0,0
student_t_d32_df3.0_cor,B-A,complete,ks_stat,77395,0.0,0.0,0.0,0
student_t_d32_df3.0_cor,B-A,complete,ks_stat,65457,0.0,0.0,0.0,0
student_t_d32_df3.0_cor,B-A,complete,mmd,8925,-0.00039005279541015625,-0.00021942456563313803,0.00013761442225275326,3
student_t_d32_df3.0_cor,B-A,complete,mmd,77395,-5.3048133850097656e-05,-0.00021942456563313803,0.00013761442225275326,3
student_t_d32_df3.0_cor,B-A,complete,mmd,65457,-0.00021517276763916016,-0.00021942456563313803,0.00013761442225275326,3
student_t_d32_df3.0_cor,B-A,complete,nan_rate,8925,0.0,0.0,0.0,
student_t_d32_df3.0_cor,B-A,complete,nan_rate,77395,0.0,0.0,0.0,
student_t_d32_df3.0_cor,B-A,complete,nan_rate,65457,0.0,0.0,0.0,
student_t_d32_df3.0_cor,B-A,complete,nfe,8925,0,0,0.0,
student_t_d32_df3.0_cor,B-A,complete,nfe,77395,0,0,0.0,
student_t_d32_df3.0_cor,B-A,complete,nfe,65457,0,0,0.0,
student_t_d32_df3.0_cor,B-A,complete,q950_err,8925,-9.122552738390077e-08,6.081701825593384e-08,1.1377822279944027e-07,1
student_t_d32_df3.0_cor,B-A,complete,q950_err,77395,9.122552738390077e-08,6.081701825593384e-08,1.1377822279944027e-07,1
student_t_d32_df3.0_cor,B-A,complete,q950_err,65457,1.8245105476780155e-07,6.081701825593384e-08,1.1377822279944027e-07,1
student_t_d32_df3.0_cor,B-A,complete,q990_err,8925,-6.237292685638829e-08,-1.0395487809398048e-07,5.880575939013958e-08,3
student_t_d32_df3.0_cor,B-A,complete,q990_err,77395,-6.237292685638829e-08,-1.0395487809398048e-07,5.880575939013958e-08,3
student_t_d32_df3.0_cor,B-A,complete,q990_err,65457,-1.8711878056916487e-07,-1.0395487809398048e-07,5.880575939013958e-08,3
student_t_d32_df3.0_cor,B-A,complete,q995_err,8925,-2.1223084220589605e-07,-1.0611542110294803e-07,1.5006986771053432e-07,2
student_t_d32_df3.0_cor,B-A,complete,q995_err,77395,1.0611542111682581e-07,-1.0611542110294803e-07,1.5006986771053432e-07,2
student_t_d32_df3.0_cor,B-A,complete,q995_err,65457,-2.1223084221977384e-07,-1.0611542110294803e-07,1.5006986771053432e-07,2
student_t_d32_df3.0_cor,B-A,complete,radial_w1,8925,-5.960464477539063e-08,-6.953875223795573e-08,3.7170026568312855e-08,3
student_t_d32_df3.0_cor,B-A,complete,radial_w1,77395,-2.9802322387695312e-08,-6.953875223795573e-08,3.7170026568312855e-08,3
student_t_d32_df3.0_cor,B-A,complete,radial_w1,65457,-1.1920928955078125e-07,-6.953875223795573e-08,3.7170026568312855e-08,3
student_t_d32_df3.0_cor,B-A,complete,sample_time_s,8925,0.08765392750501633,0.08926813801129659,0.002556023544882419,
student_t_d32_df3.0_cor,B-A,complete,sample_time_s,77395,0.08727423846721649,0.08926813801129659,0.002556023544882419,
student_t_d32_df3.0_cor,B-A,complete,sample_time_s,65457,0.09287624806165695,0.08926813801129659,0.002556023544882419,
student_t_d32_df3.0_cor,B-A,complete,sliced_w1,8925,-0.09470352530479431,-0.05045740803082784,0.0339212536151261,3
student_t_d32_df3.0_cor,B-A,complete,sliced_w1,77395,-0.012281686067581177,-0.05045740803082784,0.0339212536151261,3
student_t_d32_df3.0_cor,B-A,complete,sliced_w1,65457,-0.04438701272010803,-0.05045740803082784,0.0339212536151261,3
student_t_d32_df3.0_cor,B-A,complete,tail_exc_95,8925,0.0,0.0,0.0,0
student_t_d32_df3.0_cor,B-A,complete,tail_exc_95,77395,0.0,0.0,0.0,0
student_t_d32_df3.0_cor,B-A,complete,tail_exc_95,65457,0.0,0.0,0.0,0
student_t_d32_df3.0_cor,B-A,complete,tail_exc_99,8925,0.0,0.0,0.0,0
student_t_d32_df3.0_cor,B-A,complete,tail_exc_99,77395,0.0,0.0,0.0,0
student_t_d32_df3.0_cor,B-A,complete,tail_exc_99,65457,0.0,0.0,0.0,0
student_t_d32_df3.0_cor,B-A,complete,total_train_time_s,8925,-5.62540827691555,-2.3216560383637748,3.58795952275862,
student_t_d32_df3.0_cor,B-A,complete,total_train_time_s,77395,2.6655006036162376,-2.3216560383637748,3.58795952275862,
student_t_d32_df3.0_cor,B-A,complete,total_train_time_s,65457,-4.005060441792011,-2.3216560383637748,3.58795952275862,
student_t_d32_df3.0_cor,B-C,complete,angular_sw_bin0,8925,0.00010050646960735321,0.00011058524250984192,2.7622949889971433e-05,0
student_t_d32_df3.0_cor,B-C,complete,angular_sw_bin0,77395,0.0001483103260397911,0.00011058524250984192,2.7622949889971433e-05,0
student_t_d32_df3.0_cor,B-C,complete,angular_sw_bin0,65457,8.293893188238144e-05,0.00011058524250984192,2.7622949889971433e-05,0
student_t_d32_df3.0_cor,B-C,complete,angular_sw_bin1,8925,0.00014731381088495255,3.008792797724406e-05,0.00014655304313353085,1
student_t_d32_df3.0_cor,B-C,complete,angular_sw_bin1,77395,0.00011949613690376282,3.008792797724406e-05,0.00014655304313353085,1
student_t_d32_df3.0_cor,B-C,complete,angular_sw_bin1,65457,-0.00017654616385698318,3.008792797724406e-05,0.00014655304313353085,1
student_t_d32_df3.0_cor,B-C,complete,angular_sw_bin2,8925,4.3093226850032806e-05,-0.000141624982158343,0.000133483029627014,2
student_t_d32_df3.0_cor,B-C,complete,angular_sw_bin2,77395,-0.00020027998834848404,-0.000141624982158343,0.000133483029627014,2
student_t_d32_df3.0_cor,B-C,complete,angular_sw_bin2,65457,-0.00026768818497657776,-0.000141624982158343,0.000133483029627014,2
student_t_d32_df3.0_cor,B-C,complete,angular_sw_bin3,8925,-3.197602927684784e-05,1.769140362739563e-05,3.534850587067539e-05,1
student_t_d32_df3.0_cor,B-C,complete,angular_sw_bin3,77395,4.7437846660614014e-05,1.769140362739563e-05,3.534850587067539e-05,1
student_t_d32_df3.0_cor,B-C,complete,angular_sw_bin3,65457,3.7612393498420715e-05,1.769140362739563e-05,3.534850587067539e-05,1
student_t_d32_df3.0_cor,B-C,complete,angular_sw_mean,8925,6.473436951637268e-05,4.184897989034653e-06,6.194679682390798e-05,1
student_t_d32_df3.0_cor,B-C,complete,angular_sw_mean,77395,2.8741080313920975e-05,4.184897989034653e-06,6.194679682390798e-05,1
student_t_d32_df3.0_cor,B-C,complete,angular_sw_mean,65457,-8.09207558631897e-05,4.184897989034653e-06,6.194679682390798e-05,1
student_t_d32_df3.0_cor,B-C,complete,exploding_norm_rate,8925,0.0,0.0,0.0,
student_t_d32_df3.0_cor,B-C,complete,exploding_norm_rate,77395,0.0,0.0,0.0,
student_t_d32_df3.0_cor,B-C,complete,exploding_norm_rate,65457,0.0,0.0,0.0,
student_t_d32_df3.0_cor,B-C,complete,inf_rate,8925,0.0,0.0,0.0,
student_t_d32_df3.0_cor,B-C,complete,inf_rate,77395,0.0,0.0,0.0,
student_t_d32_df3.0_cor,B-C,complete,inf_rate,65457,0.0,0.0,0.0,
student_t_d32_df3.0_cor,B-C,complete,invalid_rate,8925,0.0,0.0,0.0,
student_t_d32_df3.0_cor,B-C,complete,invalid_rate,77395,0.0,0.0,0.0,
student_t_d32_df3.0_cor,B-C,complete,invalid_rate,65457,0.0,0.0,0.0,
student_t_d32_df3.0_cor,B-C,complete,ks_stat,8925,0.0,0.0,0.0,0
student_t_d32_df3.0_cor,B-C,complete,ks_stat,77395,0.0,0.0,0.0,0
student_t_d32_df3.0_cor,B-C,complete,ks_stat,65457,0.0,0.0,0.0,0
student_t_d32_df3.0_cor,B-C,complete,mmd,8925,2.467632293701172e-05,8.54333241780599e-06,2.2815493993897303e-05,1
student_t_d32_df3.0_cor,B-C,complete,mmd,77395,2.467632293701172e-05,8.54333241780599e-06,2.2815493993897303e-05,1
student_t_d32_df3.0_cor,B-C,complete,mmd,65457,-2.372264862060547e-05,8.54333241780599e-06,2.2815493993897303e-05,1
student_t_d32_df3.0_cor,B-C,complete,nan_rate,8925,0.0,0.0,0.0,
student_t_d32_df3.0_cor,B-C,complete,nan_rate,77395,0.0,0.0,0.0,
student_t_d32_df3.0_cor,B-C,complete,nan_rate,65457,0.0,0.0,0.0,
student_t_d32_df3.0_cor,B-C,complete,nfe,8925,0,0,0.0,
student_t_d32_df3.0_cor,B-C,complete,nfe,77395,0,0,0.0,
student_t_d32_df3.0_cor,B-C,complete,nfe,65457,0,0,0.0,
student_t_d32_df3.0_cor,B-C,complete,q950_err,8925,-2.736765821517023e-07,-3.040850912796692e-08,1.7201650408126754e-07,1
student_t_d32_df3.0_cor,B-C,complete,q950_err,77395,9.122552738390077e-08,-3.040850912796692e-08,1.7201650408126754e-07,1
student_t_d32_df3.0_cor,B-C,complete,q950_err,65457,9.122552738390077e-08,-3.040850912796692e-08,1.7201650408126754e-07,1
student_t_d32_df3.0_cor,B-C,complete,q990_err,8925,-1.2474585371277658e-07,-1.0395487809398048e-07,2.940287969506979e-08,3
student_t_d32_df3.0_cor,B-C,complete,q990_err,77395,-1.2474585371277658e-07,-1.0395487809398048e-07,2.940287969506979e-08,3
student_t_d32_df3.0_cor,B-C,complete,q990_err,65457,-6.237292685638829e-08,-1.0395487809398048e-07,2.940287969506979e-08,3
student_t_d32_df3.0_cor,B-C,complete,q995_err,8925,0.0,-3.5371807034316007e-08,5.002328923357374e-08,1
student_t_d32_df3.0_cor,B-C,complete,q995_err,77395,-1.0611542110294803e-07,-3.5371807034316007e-08,5.002328923357374e-08,1
student_t_d32_df3.0_cor,B-C,complete,q995_err,65457,0.0,-3.5371807034316007e-08,5.002328923357374e-08,1
student_t_d32_df3.0_cor,B-C,complete,radial_w1,8925,0.0,-2.9802322387695312e-08,6.438037453500292e-08,1
student_t_d32_df3.0_cor,B-C,complete,radial_w1,77395,2.9802322387695312e-08,-2.9802322387695312e-08,6.438037453500292e-08,1
student_t_d32_df3.0_cor,B-C,complete,radial_w1,65457,-1.1920928955078125e-07,-2.9802322387695312e-08,6.438037453500292e-08,1
student_t_d32_df3.0_cor,B-C,complete,sample_time_s,8925,0.025686174631118774,0.02787788212299347,0.0032486810756152656,
student_t_d32_df3.0_cor,B-C,complete,sample_time_s,77395,0.0254768505692482,0.02787788212299347,0.0032486810756152656,
student_t_d32_df3.0_cor,B-C,complete,sample_time_s,65457,0.032470621168613434,0.02787788212299347,0.0032486810756152656,
student_t_d32_df3.0_cor,B-C,complete,sliced_w1,8925,0.006514370441436768,0.0032349228858947754,0.006003058932258986,1
student_t_d32_df3.0_cor,B-C,complete,sliced_w1,77395,0.008376717567443848,0.0032349228858947754,0.006003058932258986,1
student_t_d32_df3.0_cor,B-C,complete,sliced_w1,65457,-0.005186319351196289,0.0032349228858947754,0.006003058932258986,1
student_t_d32_df3.0_cor,B-C,complete,tail_exc_95,8925,0.0,0.0,0.0,0
student_t_d32_df3.0_cor,B-C,complete,tail_exc_95,77395,0.0,0.0,0.0,0
student_t_d32_df3.0_cor,B-C,complete,tail_exc_95,65457,0.0,0.0,0.0,0
student_t_d32_df3.0_cor,B-C,complete,tail_exc_99,8925,0.0,0.0,0.0,0
student_t_d32_df3.0_cor,B-C,complete,tail_exc_99,77395,0.0,0.0,0.0,0
student_t_d32_df3.0_cor,B-C,complete,tail_exc_99,65457,0.0,0.0,0.0,0
student_t_d32_df3.0_cor,B-C,complete,total_train_time_s,8925,-2.596002273261547,-2.3532613813877106,1.2491517370046779,
student_t_d32_df3.0_cor,B-C,complete,total_train_time_s,77395,-0.7165105417370796,-2.3532613813877106,1.2491517370046779,
student_t_d32_df3.0_cor,B-C,complete,total_train_time_s,65457,-3.747271329164505,-2.3532613813877106,1.2491517370046779,
student_t_d64_df3.0_cor,B-A,complete,angular_sw_bin0,8925,0.0009810235351324081,-0.0006935854131976763,0.0013602798648011726,2
student_t_d64_df3.0_cor,B-A,complete,angular_sw_bin0,77395,-0.0007109474390745163,-0.0006935854131976763,0.0013602798648011726,2
student_t_d64_df3.0_cor,B-A,complete,angular_sw_bin0,65457,-0.002350832335650921,-0.0006935854131976763,0.0013602798648011726,2
student_t_d64_df3.0_cor,B-A,complete,angular_sw_bin1,8925,0.0013529183343052864,-0.0005720777747531732,0.0015376730503624259,2
student_t_d64_df3.0_cor,B-A,complete,angular_sw_bin1,77395,-0.0006585335358977318,-0.0005720777747531732,0.0015376730503624259,2
student_t_d64_df3.0_cor,B-A,complete,angular_sw_bin1,65457,-0.002410618122667074,-0.0005720777747531732,0.0015376730503624259,2
student_t_d64_df3.0_cor,B-A,complete,angular_sw_bin2,8925,0.00046403706073760986,-0.0010025929659605026,0.0011242369313114963,2
student_t_d64_df3.0_cor,B-A,complete,angular_sw_bin2,77395,-0.0012042969465255737,-0.0010025929659605026,0.0011242369313114963,2
student_t_d64_df3.0_cor,B-A,complete,angular_sw_bin2,65457,-0.002267519012093544,-0.0010025929659605026,0.0011242369313114963,2
student_t_d64_df3.0_cor,B-A,complete,angular_sw_bin3,8925,-0.0005862191319465637,-0.0022831358946859837,0.0012409253437681998,3
student_t_d64_df3.0_cor,B-A,complete,angular_sw_bin3,77395,-0.0027440395206212997,-0.0022831358946859837,0.0012409253437681998,3
student_t_d64_df3.0_cor,B-A,complete,angular_sw_bin3,65457,-0.0035191490314900875,-0.0022831358946859837,0.0012409253437681998,3
student_t_d64_df3.0_cor,B-A,complete,angular_sw_mean,8925,0.0005529399495571852,-0.001137848012149334,0.0013093283817701272,2
student_t_d64_df3.0_cor,B-A,complete,angular_sw_mean,77395,-0.0013294543605297804,-0.001137848012149334,0.0013093283817701272,2
student_t_d64_df3.0_cor,B-A,complete,angular_sw_mean,65457,-0.0026370296254754066,-0.001137848012149334,0.0013093283817701272,2
student_t_d64_df3.0_cor,B-A,complete,exploding_norm_rate,8925,0.0,0.0,0.0,
student_t_d64_df3.0_cor,B-A,complete,exploding_norm_rate,77395,0.0,0.0,0.0,
student_t_d64_df3.0_cor,B-A,complete,exploding_norm_rate,65457,0.0,0.0,0.0,
student_t_d64_df3.0_cor,B-A,complete,inf_rate,8925,0.0,0.0,0.0,
student_t_d64_df3.0_cor,B-A,complete,inf_rate,77395,0.0,0.0,0.0,
student_t_d64_df3.0_cor,B-A,complete,inf_rate,65457,0.0,0.0,0.0,
student_t_d64_df3.0_cor,B-A,complete,invalid_rate,8925,0.0,0.0,0.0,
student_t_d64_df3.0_cor,B-A,complete,invalid_rate,77395,0.0,0.0,0.0,
student_t_d64_df3.0_cor,B-A,complete,invalid_rate,65457,0.0,0.0,0.0,
student_t_d64_df3.0_cor,B-A,complete,ks_stat,8925,0.0,0.0,0.0,0
student_t_d64_df3.0_cor,B-A,complete,ks_stat,77395,0.0,0.0,0.0,0
student_t_d64_df3.0_cor,B-A,complete,ks_stat,65457,0.0,0.0,0.0,0
student_t_d64_df3.0_cor,B-A,complete,mmd,8925,0.00018084049224853516,-0.0006211201349894205,0.0006125269908181582,2
student_t_d64_df3.0_cor,B-A,complete,mmd,77395,-0.0007385015487670898,-0.0006211201349894205,0.0006125269908181582,2
student_t_d64_df3.0_cor,B-A,complete,mmd,65457,-0.001305699348449707,-0.0006211201349894205,0.0006125269908181582,2
student_t_d64_df3.0_cor,B-A,complete,nan_rate,8925,0.0,0.0,0.0,
student_t_d64_df3.0_cor,B-A,complete,nan_rate,77395,0.0,0.0,0.0,
student_t_d64_df3.0_cor,B-A,complete,nan_rate,65457,0.0,0.0,0.0,
student_t_d64_df3.0_cor,B-A,complete,nfe,8925,0,0,0.0,
student_t_d64_df3.0_cor,B-A,complete,nfe,77395,0,0,0.0,
student_t_d64_df3.0_cor,B-A,complete,nfe,65457,0,0,0.0,
student_t_d64_df3.0_cor,B-A,complete,q950_err,8925,-9.686821196043527e-08,-6.457880797362352e-08,4.566411303909307e-08,2
student_t_d64_df3.0_cor,B-A,complete,q950_err,77395,-9.686821196043527e-08,-6.457880797362352e-08,4.566411303909307e-08,2
student_t_d64_df3.0_cor,B-A,complete,q950_err,65457,0.0,-6.457880797362352e-08,4.566411303909307e-08,2
student_t_d64_df3.0_cor,B-A,complete,q990_err,8925,6.64690055691454e-08,4.4312670379430263e-08,3.13337897177794e-08,0
student_t_d64_df3.0_cor,B-A,complete,q990_err,77395,0.0,4.4312670379430263e-08,3.13337897177794e-08,0
student_t_d64_df3.0_cor,B-A,complete,q990_err,65457,6.64690055691454e-08,4.4312670379430263e-08,3.13337897177794e-08,0
student_t_d64_df3.0_cor,B-A,complete,q995_err,8925,0.0,3.636769764387796e-08,5.1431691240256274e-08,0
student_t_d64_df3.0_cor,B-A,complete,q995_err,77395,0.0,3.636769764387796e-08,5.1431691240256274e-08,0
student_t_d64_df3.0_cor,B-A,complete,q995_err,65457,1.091030929316339e-07,3.636769764387796e-08,5.1431691240256274e-08,0
student_t_d64_df3.0_cor,B-A,complete,radial_w1,8925,-5.960464477539063e-08,-3.9736429850260414e-08,2.8097899007262688e-08,2
student_t_d64_df3.0_cor,B-A,complete,radial_w1,77395,-5.960464477539063e-08,-3.9736429850260414e-08,2.8097899007262688e-08,2
student_t_d64_df3.0_cor,B-A,complete,radial_w1,65457,0.0,-3.9736429850260414e-08,2.8097899007262688e-08,2
student_t_d64_df3.0_cor,B-A,complete,sample_time_s,8925,0.12674523144960403,0.12215945621331532,0.004788233915065895,
student_t_d64_df3.0_cor,B-A,complete,sample_time_s,77395,0.11555162072181702,0.12215945621331532,0.004788233915065895,
student_t_d64_df3.0_cor,B-A,complete,sample_time_s,65457,0.12418151646852493,0.12215945621331532,0.004788233915065895,
student_t_d64_df3.0_cor,B-A,complete,sliced_w1,8925,0.04013699293136597,-0.18370264768600464,0.17589557593260322,2
student_t_d64_df3.0_cor,B-A,complete,sliced_w1,77395,-0.2016504406929016,-0.18370264768600464,0.17589557593260322,2
student_t_d64_df3.0_cor,B-A,complete,sliced_w1,65457,-0.38959449529647827,-0.18370264768600464,0.17589557593260322,2
student_t_d64_df3.0_cor,B-A,complete,tail_exc_95,8925,0.0,0.0,0.0,0
student_t_d64_df3.0_cor,B-A,complete,tail_exc_95,77395,0.0,0.0,0.0,0
student_t_d64_df3.0_cor,B-A,complete,tail_exc_95,65457,0.0,0.0,0.0,0
student_t_d64_df3.0_cor,B-A,complete,tail_exc_99,8925,0.0,0.0,0.0,0
student_t_d64_df3.0_cor,B-A,complete,tail_exc_99,77395,0.0,0.0,0.0,0
student_t_d64_df3.0_cor,B-A,complete,tail_exc_99,65457,0.0,0.0,0.0,0
student_t_d64_df3.0_cor,B-A,complete,total_train_time_s,8925,-1.6688439846038818,0.3642434800664584,1.4395651608625208,
student_t_d64_df3.0_cor,B-A,complete,total_train_time_s,77395,1.4726474285125732,0.3642434800664584,1.4395651608625208,
student_t_d64_df3.0_cor,B-A,complete,total_train_time_s,65457,1.2889269962906837,0.3642434800664584,1.4395651608625208,
student_t_d64_df3.0_cor,B-C,complete,angular_sw_bin0,8925,4.885345697402954e-05,0.0002077075963219007,0.00028848772845908573,1
student_t_d64_df3.0_cor,B-C,complete,angular_sw_bin0,77395,0.0006125755608081818,0.0002077075963219007,0.00028848772845908573,1
student_t_d64_df3.0_cor,B-C,complete,angular_sw_bin0,65457,-3.830622881650925e-05,0.0002077075963219007,0.00028848772845908573,1
student_t_d64_df3.0_cor,B-C,complete,angular_sw_bin1,8925,3.27378511428833e-05,6.698630750179291e-05,3.577773984195669e-05,0
student_t_d64_df3.0_cor,B-C,complete,angular_sw_bin1,77395,0.00011636503040790558,6.698630750179291e-05,3.577773984195669e-05,0
student_t_d64_df3.0_cor,B-C,complete,angular_sw_bin1,65457,5.1856040954589844e-05,6.698630750179291e-05,3.577773984195669e-05,0
student_t_d64_df3.0_cor,B-C,complete,angular_sw_bin2,8925,7.035024464130402e-05,1.4391417304674784e-05,5.618650503908168e-05,1
student_t_d64_df3.0_cor,B-C,complete,angular_sw_bin2,77395,-6.24433159828186e-05,1.4391417304674784e-05,5.618650503908168e-05,1
student_t_d64_df3.0_cor,B-C,complete,angular_sw_bin2,65457,3.526732325553894e-05,1.4391417304674784e-05,5.618650503908168e-05,1
student_t_d64_df3.0_cor,B-C,complete,angular_sw_bin3,8925,0.0005107307806611061,0.0003080515501399835,0.0002918996895120334,1
student_t_d64_df3.0_cor,B-C,complete,angular_sw_bin3,77395,-0.00010473467409610748,0.0003080515501399835,0.0002918996895120334,1
student_t_d64_df3.0_cor,B-C,complete,angular_sw_bin3,65457,0.0005181585438549519,0.0003080515501399835,0.0002918996895120334,1
student_t_d64_df3.0_cor,B-C,complete,angular_sw_mean,8925,0.00016566808335483074,0.00014928421781708798,1.1597353587052628e-05,0
student_t_d64_df3.0_cor,B-C,complete,angular_sw_mean,77395,0.00014044065028429031,0.00014928421781708798,1.1597353587052628e-05,0
student_t_d64_df3.0_cor,B-C,complete,angular_sw_mean,65457,0.00014174391981214285,0.00014928421781708798,1.1597353587052628e-05,0
student_t_d64_df3.0_cor,B-C,complete,exploding_norm_rate,8925,0.0,0.0,0.0,
student_t_d64_df3.0_cor,B-C,complete,exploding_norm_rate,77395,0.0,0.0,0.0,
student_t_d64_df3.0_cor,B-C,complete,exploding_norm_rate,65457,0.0,0.0,0.0,
student_t_d64_df3.0_cor,B-C,complete,inf_rate,8925,0.0,0.0,0.0,
student_t_d64_df3.0_cor,B-C,complete,inf_rate,77395,0.0,0.0,0.0,
student_t_d64_df3.0_cor,B-C,complete,inf_rate,65457,0.0,0.0,0.0,
student_t_d64_df3.0_cor,B-C,complete,invalid_rate,8925,0.0,0.0,0.0,
student_t_d64_df3.0_cor,B-C,complete,invalid_rate,77395,0.0,0.0,0.0,
student_t_d64_df3.0_cor,B-C,complete,invalid_rate,65457,0.0,0.0,0.0,
student_t_d64_df3.0_cor,B-C,complete,ks_stat,8925,0.0,0.0,0.0,0
student_t_d64_df3.0_cor,B-C,complete,ks_stat,77395,0.0,0.0,0.0,0
student_t_d64_df3.0_cor,B-C,complete,ks_stat,65457,0.0,0.0,0.0,0
student_t_d64_df3.0_cor,B-C,complete,mmd,8925,3.147125244140625e-05,1.4901161193847656e-05,1.786098375090236e-05,1
student_t_d64_df3.0_cor,B-C,complete,mmd,77395,-9.894371032714844e-06,1.4901161193847656e-05,1.786098375090236e-05,1
student_t_d64_df3.0_cor,B-C,complete,mmd,65457,2.3126602172851562e-05,1.4901161193847656e-05,1.786098375090236e-05,1
student_t_d64_df3.0_cor,B-C,complete,nan_rate,8925,0.0,0.0,0.0,
student_t_d64_df3.0_cor,B-C,complete,nan_rate,77395,0.0,0.0,0.0,
student_t_d64_df3.0_cor,B-C,complete,nan_rate,65457,0.0,0.0,0.0,
student_t_d64_df3.0_cor,B-C,complete,nfe,8925,0,0,0.0,
student_t_d64_df3.0_cor,B-C,complete,nfe,77395,0,0,0.0,
student_t_d64_df3.0_cor,B-C,complete,nfe,65457,0,0,0.0,
student_t_d64_df3.0_cor,B-C,complete,q950_err,8925,-9.686821196043527e-08,-3.228940398681176e-08,9.132822607818614e-08,2
student_t_d64_df3.0_cor,B-C,complete,q950_err,77395,9.686821196043527e-08,-3.228940398681176e-08,9.132822607818614e-08,2
student_t_d64_df3.0_cor,B-C,complete,q950_err,65457,-9.686821196043527e-08,-3.228940398681176e-08,9.132822607818614e-08,2
student_t_d64_df3.0_cor,B-C,complete,q990_err,8925,6.64690055691454e-08,2.2156335189715132e-08,3.13337897177794e-08,0
student_t_d64_df3.0_cor,B-C,complete,q990_err,77395,0.0,2.2156335189715132e-08,3.13337897177794e-08,0
student_t_d64_df3.0_cor,B-C,complete,q990_err,65457,0.0,2.2156335189715132e-08,3.13337897177794e-08,0
student_t_d64_df3.0_cor,B-C,complete,q995_err,8925,1.091030929316339e-07,0.0,8.908230234731903e-08,1
student_t_d64_df3.0_cor,B-C,complete,q995_err,77395,-1.091030929316339e-07,0.0,8.908230234731903e-08,1
student_t_d64_df3.0_cor,B-C,complete,q995_err,65457,0.0,0.0,8.908230234731903e-08,1
student_t_d64_df3.0_cor,B-C,complete,radial_w1,8925,1.1920928955078125e-07,9.934107462565105e-08,1.2247590229846988e-07,1
student_t_d64_df3.0_cor,B-C,complete,radial_w1,77395,-5.960464477539063e-08,9.934107462565105e-08,1.2247590229846988e-07,1
student_t_d64_df3.0_cor,B-C,complete,radial_w1,65457,2.384185791015625e-07,9.934107462565105e-08,1.2247590229846988e-07,1
student_t_d64_df3.0_cor,B-C,complete,sample_time_s,8925,0.04904985427856445,0.04018729428450266,0.0066220267903291255,
student_t_d64_df3.0_cor,B-C,complete,sample_time_s,77395,0.0331353023648262,0.04018729428450266,0.0066220267903291255,
student_t_d64_df3.0_cor,B-C,complete,sample_time_s,65457,0.03837672621011734,0.04018729428450266,0.0066220267903291255,
student_t_d64_df3.0_cor,B-C,complete,sliced_w1,8925,0.0115852952003479,0.005691170692443848,0.008835489565197733,1
student_t_d64_df3.0_cor,B-C,complete,sliced_w1,77395,-0.0067975521087646484,0.005691170692443848,0.008835489565197733,1
student_t_d64_df3.0_cor,B-C,complete,sliced_w1,65457,0.012285768985748291,0.005691170692443848,0.008835489565197733,1
student_t_d64_df3.0_cor,B-C,complete,tail_exc_95,8925,0.0,0.0,0.0,0
student_t_d64_df3.0_cor,B-C,complete,tail_exc_95,77395,0.0,0.0,0.0,0
student_t_d64_df3.0_cor,B-C,complete,tail_exc_95,65457,0.0,0.0,0.0,0
student_t_d64_df3.0_cor,B-C,complete,tail_exc_99,8925,0.0,0.0,0.0,0
student_t_d64_df3.0_cor,B-C,complete,tail_exc_99,77395,0.0,0.0,0.0,0
student_t_d64_df3.0_cor,B-C,complete,tail_exc_99,65457,0.0,0.0,0.0,0
student_t_d64_df3.0_cor,B-C,complete,total_train_time_s,8925,5.379270493984222,-0.411802018682162,4.769573947325991,
student_t_d64_df3.0_cor,B-C,complete,total_train_time_s,77395,-0.3121984079480171,-0.411802018682162,4.769573947325991,
student_t_d64_df3.0_cor,B-C,complete,total_train_time_s,65457,-6.302478142082691,-0.411802018682162,4.769573947325991,
student_t_d8_df3.0_cor,B-A,complete,angular_sw_bin0,8925,0.0029141977429389954,0.0018316836406787236,0.0016363484174238547,1
student_t_d8_df3.0_cor,B-A,complete,angular_sw_bin0,77395,0.0030617471784353256,0.0018316836406787236,0.0016363484174238547,1
student_t_d8_df3.0_cor,B-A,complete,angular_sw_bin0,65457,-0.00048089399933815,0.0018316836406787236,0.0016363484174238547,1
student_t_d8_df3.0_cor,B-A,complete,angular_sw_bin1,8925,0.0008326470851898193,-0.00021951521436373392,0.0009419457323298047,2
student_t_d8_df3.0_cor,B-A,complete,angular_sw_bin1,77395,-3.8059428334236145e-05,-0.00021951521436373392,0.0009419457323298047,2
student_t_d8_df3.0_cor,B-A,complete,angular_sw_bin1,65457,-0.001453133299946785,-0.00021951521436373392,0.0009419457323298047,2
student_t_d8_df3.0_cor,B-A,complete,angular_sw_bin2,8925,-0.0005040252581238747,-0.000888562761247158,0.0012194812996877693,2
student_t_d8_df3.0_cor,B-A,complete,angular_sw_bin2,77395,0.0003751218318939209,-0.000888562761247158,0.0012194812996877693,2
student_t_d8_df3.0_cor,B-A,complete,angular_sw_bin2,65457,-0.0025367848575115204,-0.000888562761247158,0.0012194812996877693,2
student_t_d8_df3.0_cor,B-A,complete,angular_sw_bin3,8925,0.0007197270169854164,-0.0011607908333341281,0.0014000255451500079,2
student_t_d8_df3.0_cor,B-A,complete,angular_sw_bin3,77395,-0.0015645362436771393,-0.0011607908333341281,0.0014000255451500079,2
student_t_d8_df3.0_cor,B-A,complete,angular_sw_bin3,65457,-0.0026375632733106613,-0.0011607908333341281,0.0014000255451500079,2
student_t_d8_df3.0_cor,B-A,complete,angular_sw_mean,8925,0.0009906366467475891,-0.0001092962920665741,0.0011991485067106573,1
student_t_d8_df3.0_cor,B-A,complete,angular_sw_mean,77395,0.0004585683345794678,-0.0001092962920665741,0.0011991485067106573,1
student_t_d8_df3.0_cor,B-A,complete,angular_sw_mean,65457,-0.0017770938575267792,-0.0001092962920665741,0.0011991485067106573,1
student_t_d8_df3.0_cor,B-A,complete,exploding_norm_rate,8925,0.0,0.0,0.0,
student_t_d8_df3.0_cor,B-A,complete,exploding_norm_rate,77395,0.0,0.0,0.0,
student_t_d8_df3.0_cor,B-A,complete,exploding_norm_rate,65457,0.0,0.0,0.0,
student_t_d8_df3.0_cor,B-A,complete,inf_rate,8925,0.0,0.0,0.0,
student_t_d8_df3.0_cor,B-A,complete,inf_rate,77395,0.0,0.0,0.0,
student_t_d8_df3.0_cor,B-A,complete,inf_rate,65457,0.0,0.0,0.0,
student_t_d8_df3.0_cor,B-A,complete,invalid_rate,8925,0.0,0.0,0.0,
student_t_d8_df3.0_cor,B-A,complete,invalid_rate,77395,0.0,0.0,0.0,
student_t_d8_df3.0_cor,B-A,complete,invalid_rate,65457,0.0,0.0,0.0,
student_t_d8_df3.0_cor,B-A,complete,ks_stat,8925,0.0,0.0,0.0,0
student_t_d8_df3.0_cor,B-A,complete,ks_stat,77395,0.0,0.0,0.0,0
student_t_d8_df3.0_cor,B-A,complete,ks_stat,65457,0.0,0.0,0.0,0
student_t_d8_df3.0_cor,B-A,complete,mmd,8925,5.602836608886719e-06,-6.94592793782552e-05,9.87467631335363e-05,2
student_t_d8_df3.0_cor,B-A,complete,mmd,77395,-5.0067901611328125e-06,-6.94592793782552e-05,9.87467631335363e-05,2
student_t_d8_df3.0_cor,B-A,complete,mmd,65457,-0.00020897388458251953,-6.94592793782552e-05,9.87467631335363e-05,2
student_t_d8_df3.0_cor,B-A,complete,nan_rate,8925,0.0,0.0,0.0,
student_t_d8_df3.0_cor,B-A,complete,nan_rate,77395,0.0,0.0,0.0,
student_t_d8_df3.0_cor,B-A,complete,nan_rate,65457,0.0,0.0,0.0,
student_t_d8_df3.0_cor,B-A,complete,nfe,8925,0,0,0.0,
student_t_d8_df3.0_cor,B-A,complete,nfe,77395,0,0,0.0,
student_t_d8_df3.0_cor,B-A,complete,nfe,65457,0,0,0.0,
student_t_d8_df3.0_cor,B-A,complete,q950_err,8925,-2.3623898092817522e-07,-1.3124387829343068e-07,7.424274906440541e-08,3
student_t_d8_df3.0_cor,B-A,complete,q950_err,77395,-7.87463269760584e-08,-1.3124387829343068e-07,7.424274906440541e-08,3
student_t_d8_df3.0_cor,B-A,complete,q950_err,65457,-7.87463269760584e-08,-1.3124387829343068e-07,7.424274906440541e-08,3
student_t_d8_df3.0_cor,B-A,complete,q990_err,8925,-3.964374151663175e-07,-1.9821870758315874e-07,1.6184489701756183e-07,2
student_t_d8_df3.0_cor,B-A,complete,q990_err,77395,-1.9821870758315874e-07,-1.9821870758315874e-07,1.6184489701756183e-07,2
student_t_d8_df3.0_cor,B-A,complete,q990_err,65457,0.0,-1.9821870758315874e-07,1.6184489701756183e-07,2
student_t_d8_df3.0_cor,B-A,complete,q995_err,8925,0.0,5.465539486271265e-08,2.0450176192624227e-07,1
student_t_d8_df3.0_cor,B-A,complete,q995_err,77395,3.2793236919015367e-07,5.465539486271265e-08,2.0450176192624227e-07,1
student_t_d8_df3.0_cor,B-A,complete,q995_err,65457,-1.6396618460201573e-07,5.465539486271265e-08,2.0450176192624227e-07,1
student_t_d8_df3.0_cor,B-A,complete,radial_w1,8925,-2.9802322387695312e-08,4.967053731282552e-09,2.5327103900873586e-08,1
student_t_d8_df3.0_cor,B-A,complete,radial_w1,77395,1.4901161193847656e-08,4.967053731282552e-09,2.5327103900873586e-08,1
student_t_d8_df3.0_cor,B-A,complete,radial_w1,65457,2.9802322387695312e-08,4.967053731282552e-09,2.5327103900873586e-08,1
student_t_d8_df3.0_cor,B-A,complete,sample_time_s,8925,0.08677467703819275,0.07673416286706924,0.007690862277919799,
student_t_d8_df3.0_cor,B-A,complete,sample_time_s,77395,0.06809242814779282,0.07673416286706924,0.007690862277919799,
student_t_d8_df3.0_cor,B-A,complete,sample_time_s,65457,0.07533538341522217,0.07673416286706924,0.007690862277919799,
student_t_d8_df3.0_cor,B-A,complete,sliced_w1,8925,0.0026580244302749634,-0.014769206444422403,0.014339610483687936,2
student_t_d8_df3.0_cor,B-A,complete,sliced_w1,77395,-0.014501988887786865,-0.014769206444422403,0.014339610483687936,2
student_t_d8_df3.0_cor,B-A,complete,sliced_w1,65457,-0.03246365487575531,-0.014769206444422403,0.014339610483687936,2
student_t_d8_df3.0_cor,B-A,complete,tail_exc_95,8925,0.0,0.0,0.0,0
student_t_d8_df3.0_cor,B-A,complete,tail_exc_95,77395,0.0,0.0,0.0,0
student_t_d8_df3.0_cor,B-A,complete,tail_exc_95,65457,0.0,0.0,0.0,0
student_t_d8_df3.0_cor,B-A,complete,tail_exc_99,8925,0.0,0.0,0.0,0
student_t_d8_df3.0_cor,B-A,complete,tail_exc_99,77395,0.0,0.0,0.0,0
student_t_d8_df3.0_cor,B-A,complete,tail_exc_99,65457,0.0,0.0,0.0,0
student_t_d8_df3.0_cor,B-A,complete,total_train_time_s,8925,2.3180630430579185,0.5383867919445038,3.061570677582729,
student_t_d8_df3.0_cor,B-A,complete,total_train_time_s,77395,3.066791906952858,0.5383867919445038,3.061570677582729,
student_t_d8_df3.0_cor,B-A,complete,total_train_time_s,65457,-3.769694574177265,0.5383867919445038,3.061570677582729,
student_t_d8_df3.0_cor,B-C,complete,angular_sw_bin0,8925,-0.001965997740626335,-0.0027049736430247626,0.0005957151117927002,3
student_t_d8_df3.0_cor,B-C,complete,angular_sw_bin0,77395,-0.0034248195588588715,-0.0027049736430247626,0.0005957151117927002,3
student_t_d8_df3.0_cor,B-C,complete,angular_sw_bin0,65457,-0.002724103629589081,-0.0027049736430247626,0.0005957151117927002,3
student_t_d8_df3.0_cor,B-C,complete,angular_sw_bin1,8925,-0.0010020527988672256,-0.0006596331174174944,0.00043618784547579353,3
student_t_d8_df3.0_cor,B-C,complete,angular_sw_bin1,77395,-0.0009327782317996025,-0.0006596331174174944,0.00043618784547579353,3
student_t_d8_df3.0_cor,B-C,complete,angular_sw_bin1,65457,-4.406832158565521e-05,-0.0006596331174174944,0.00043618784547579353,3
student_t_d8_df3.0_cor,B-C,complete,angular_sw_bin2,8925,-0.0025500888004899025,-0.0018986243133743603,0.00046099562278114037,3
student_t_d8_df3.0_cor,B-C,complete,angular_sw_bin2,77395,-0.0015511903911828995,-0.0018986243133743603,0.00046099562278114037,3
student_t_d8_df3.0_cor,B-C,complete,angular_sw_bin2,65457,-0.0015945937484502792,-0.0018986243133743603,0.00046099562278114037,3
student_t_d8_df3.0_cor,B-C,complete,angular_sw_bin3,8925,-0.007109574042260647,-0.008306115555266539,0.0009845117836535108,3
student_t_d8_df3.0_cor,B-C,complete,angular_sw_bin3,77395,-0.008287854492664337,-0.008306115555266539,0.0009845117836535108,3
student_t_d8_df3.0_cor,B-C,complete,angular_sw_bin3,65457,-0.009520918130874634,-0.008306115555266539,0.0009845117836535108,3
student_t_d8_df3.0_cor,B-C,complete,angular_sw_mean,8925,-0.0031569283455610275,-0.003392336657270789,0.00016949565974960418,3
student_t_d8_df3.0_cor,B-C,complete,angular_sw_mean,77395,-0.0035491606686264277,-0.003392336657270789,0.00016949565974960418,3
student_t_d8_df3.0_cor,B-C,complete,angular_sw_mean,65457,-0.0034709209576249123,-0.003392336657270789,0.00016949565974960418,3
student_t_d8_df3.0_cor,B-C,complete,exploding_norm_rate,8925,0.0,0.0,0.0,
student_t_d8_df3.0_cor,B-C,complete,exploding_norm_rate,77395,0.0,0.0,0.0,
student_t_d8_df3.0_cor,B-C,complete,exploding_norm_rate,65457,0.0,0.0,0.0,
student_t_d8_df3.0_cor,B-C,complete,inf_rate,8925,0.0,0.0,0.0,
student_t_d8_df3.0_cor,B-C,complete,inf_rate,77395,0.0,0.0,0.0,
student_t_d8_df3.0_cor,B-C,complete,inf_rate,65457,0.0,0.0,0.0,
student_t_d8_df3.0_cor,B-C,complete,invalid_rate,8925,0.0,0.0,0.0,
student_t_d8_df3.0_cor,B-C,complete,invalid_rate,77395,0.0,0.0,0.0,
student_t_d8_df3.0_cor,B-C,complete,invalid_rate,65457,0.0,0.0,0.0,
student_t_d8_df3.0_cor,B-C,complete,ks_stat,8925,0.0,0.0,0.0,0
student_t_d8_df3.0_cor,B-C,complete,ks_stat,77395,0.0,0.0,0.0,0
student_t_d8_df3.0_cor,B-C,complete,ks_stat,65457,0.0,0.0,0.0,0
student_t_d8_df3.0_cor,B-C,complete,mmd,8925,-0.00017273426055908203,-0.00021731853485107422,3.167933133591536e-05,3
student_t_d8_df3.0_cor,B-C,complete,mmd,77395,-0.0002434253692626953,-0.00021731853485107422,3.167933133591536e-05,3
student_t_d8_df3.0_cor,B-C,complete,mmd,65457,-0.0002357959747314453,-0.00021731853485107422,3.167933133591536e-05,3
student_t_d8_df3.0_cor,B-C,complete,nan_rate,8925,0.0,0.0,0.0,
student_t_d8_df3.0_cor,B-C,complete,nan_rate,77395,0.0,0.0,0.0,
student_t_d8_df3.0_cor,B-C,complete,nan_rate,65457,0.0,0.0,0.0,
student_t_d8_df3.0_cor,B-C,complete,nfe,8925,0,0,0.0,
student_t_d8_df3.0_cor,B-C,complete,nfe,77395,0,0,0.0,
student_t_d8_df3.0_cor,B-C,complete,nfe,65457,0,0,0.0,
student_t_d8_df3.0_cor,B-C,complete,q950_err,8925,-7.87463269760584e-08,-5.249755131737227e-08,3.7121374532202704e-08,2
student_t_d8_df3.0_cor,B-C,complete,q950_err,77395,0.0,-5.249755131737227e-08,3.7121374532202704e-08,2
student_t_d8_df3.0_cor,B-C,complete,q950_err,65457,-7.87463269760584e-08,-5.249755131737227e-08,3.7121374532202704e-08,2
student_t_d8_df3.0_cor,B-C,complete,q990_err,8925,-2.9732806137647283e-07,-9.910935379215761e-08,1.6184489701897822e-07,2
student_t_d8_df3.0_cor,B-C,complete,q990_err,77395,-9.910935379331409e-08,-9.910935379215761e-08,1.6184489701897822e-07,2
student_t_d8_df3.0_cor,B-C,complete,q990_err,65457,9.910935379331409e-08,-9.910935379215761e-08,1.6184489701897822e-07,2
student_t_d8_df3.0_cor,B-C,complete,q995_err,8925,-2.459492768891458e-07,-1.366384871637205e-07,7.729440067170501e-08,3
student_t_d8_df3.0_cor,B-C,complete,q995_err,77395,-8.198309230100786e-08,-1.366384871637205e-07,7.729440067170501e-08,3
student_t_d8_df3.0_cor,B-C,complete,q995_err,65457,-8.198309230100786e-08,-1.366384871637205e-07,7.729440067170501e-08,3
student_t_d8_df3.0_cor,B-C,complete,radial_w1,8925,-4.470348358154297e-08,-1.9868214925130207e-08,2.5327103900873586e-08,2
student_t_d8_df3.0_cor,B-C,complete,radial_w1,77395,-2.9802322387695312e-08,-1.9868214925130207e-08,2.5327103900873586e-08,2
student_t_d8_df3.0_cor,B-C,complete,radial_w1,65457,1.4901161193847656e-08,-1.9868214925130207e-08,2.5327103900873586e-08,2
student_t_d8_df3.0_cor,B-C,complete,sample_time_s,8925,0.04051891714334488,0.03091137856245041,0.007601320549848361,
student_t_d8_df3.0_cor,B-C,complete,sample_time_s,77395,0.021931305527687073,0.03091137856245041,0.007601320549848361,
student_t_d8_df3.0_cor,B-C,complete,sample_time_s,65457,0.030283913016319275,0.03091137856245041,0.007601320549848361,
student_t_d8_df3.0_cor,B-C,complete,sliced_w1,8925,-0.05102470517158508,-0.059513673186302185,0.006073876602313244,3
student_t_d8_df3.0_cor,B-C,complete,sliced_w1,77395,-0.06262192130088806,-0.059513673186302185,0.006073876602313244,3
student_t_d8_df3.0_cor,B-C,complete,sliced_w1,65457,-0.06489439308643341,-0.059513673186302185,0.006073876602313244,3
student_t_d8_df3.0_cor,B-C,complete,tail_exc_95,8925,0.0,0.0,0.0,0
student_t_d8_df3.0_cor,B-C,complete,tail_exc_95,77395,0.0,0.0,0.0,0
student_t_d8_df3.0_cor,B-C,complete,tail_exc_95,65457,0.0,0.0,0.0,0
student_t_d8_df3.0_cor,B-C,complete,tail_exc_99,8925,0.0,0.0,0.0,0
student_t_d8_df3.0_cor,B-C,complete,tail_exc_99,77395,0.0,0.0,0.0,0
student_t_d8_df3.0_cor,B-C,complete,tail_exc_99,65457,0.0,0.0,0.0,0
student_t_d8_df3.0_cor,B-C,complete,total_train_time_s,8925,-1.4294068589806557,-1.6527071744203568,1.1753865943428432,
student_t_d8_df3.0_cor,B-C,complete,total_train_time_s,77395,-3.1908576637506485,-1.6527071744203568,1.1753865943428432,
student_t_d8_df3.0_cor,B-C,complete,total_train_time_s,65457,-0.3378570005297661,-1.6527071744203568,1.1753865943428432,
toy_radial_angular,B-A,incomplete,,,,,,
toy_radial_angular,B-C,incomplete,,,,,,
weather_au_wind,B-A,complete,angular_sw_bin0,8925,-0.0008808374404907227,-0.0009560690571864446,0.00012134007695556902,3
weather_au_wind,B-A,complete,angular_sw_bin0,77395,-0.0011272523552179337,-0.0009560690571864446,0.00012134007695556902,3
weather_au_wind,B-A,complete,angular_sw_bin0,65457,-0.0008601173758506775,-0.0009560690571864446,0.00012134007695556902,3
weather_au_wind,B-A,complete,angular_sw_bin1,8925,0.001537347212433815,0.0007903588314851125,0.0008313089091541933,1
weather_au_wind,B-A,complete,angular_sw_bin1,77395,-0.000369340181350708,0.0007903588314851125,0.0008313089091541933,1
weather_au_wind,B-A,complete,angular_sw_bin1,65457,0.0012030694633722305,0.0007903588314851125,0.0008313089091541933,1
weather_au_wind,B-A,complete,angular_sw_bin2,8925,0.0011809328570961952,0.000637328252196312,0.00041454508673971404,0
weather_au_wind,B-A,complete,angular_sw_bin2,77395,0.0005556363612413406,0.000637328252196312,0.00041454508673971404,0
weather_au_wind,B-A,complete,angular_sw_bin2,65457,0.0001754155382514,0.000637328252196312,0.00041454508673971404,0
weather_au_wind,B-A,complete,angular_sw_bin3,8925,0.0001606196165084839,0.000439918910463651,0.0005087851391255406,0
weather_au_wind,B-A,complete,angular_sw_bin3,77395,5.297362804412842e-06,0.000439918910463651,0.0005087851391255406,0
weather_au_wind,B-A,complete,angular_sw_bin3,65457,0.0011538397520780563,0.000439918910463651,0.0005087851391255406,0
weather_au_wind,B-A,complete,angular_sw_mean,8925,0.0004995155613869429,0.00022788423423965773,0.0003282303847514071,1
weather_au_wind,B-A,complete,angular_sw_mean,77395,-0.00023391470313072205,0.00022788423423965773,0.0003282303847514071,1
weather_au_wind,B-A,complete,angular_sw_mean,65457,0.00041805184446275234,0.00022788423423965773,0.0003282303847514071,1
weather_au_wind,B-A,complete,exploding_norm_rate,8925,0.0,0.0,0.0,
weather_au_wind,B-A,complete,exploding_norm_rate,77395,0.0,0.0,0.0,
weather_au_wind,B-A,complete,exploding_norm_rate,65457,0.0,0.0,0.0,
weather_au_wind,B-A,complete,inf_rate,8925,0.0,0.0,0.0,
weather_au_wind,B-A,complete,inf_rate,77395,0.0,0.0,0.0,
weather_au_wind,B-A,complete,inf_rate,65457,0.0,0.0,0.0,
weather_au_wind,B-A,complete,invalid_rate,8925,0.0,0.0,0.0,
weather_au_wind,B-A,complete,invalid_rate,77395,0.0,0.0,0.0,
weather_au_wind,B-A,complete,invalid_rate,65457,0.0,0.0,0.0,
weather_au_wind,B-A,complete,ks_stat,8925,0.0,0.0,0.0,0
weather_au_wind,B-A,complete,ks_stat,77395,0.0,0.0,0.0,0
weather_au_wind,B-A,complete,ks_stat,65457,0.0,0.0,0.0,0
weather_au_wind,B-A,complete,mmd,8925,0.00017499923706054688,0.000341335932413737,0.0001308885548653938,0
weather_au_wind,B-A,complete,mmd,77395,0.0003541707992553711,0.000341335932413737,0.0001308885548653938,0
weather_au_wind,B-A,complete,mmd,65457,0.000494837760925293,0.000341335932413737,0.0001308885548653938,0
weather_au_wind,B-A,complete,nan_rate,8925,0.0,0.0,0.0,
weather_au_wind,B-A,complete,nan_rate,77395,0.0,0.0,0.0,
weather_au_wind,B-A,complete,nan_rate,65457,0.0,0.0,0.0,
weather_au_wind,B-A,complete,nfe,8925,0,0,0.0,
weather_au_wind,B-A,complete,nfe,77395,0,0,0.0,
weather_au_wind,B-A,complete,nfe,65457,0,0,0.0,
weather_au_wind,B-A,complete,q950_err,8925,-7.387695394385388e-08,-4.925130262902811e-08,3.4825930071256615e-08,2
weather_au_wind,B-A,complete,q950_err,77395,-7.387695394323046e-08,-4.925130262902811e-08,3.4825930071256615e-08,2
weather_au_wind,B-A,complete,q950_err,65457,0.0,-4.925130262902811e-08,3.4825930071256615e-08,2
weather_au_wind,B-A,complete,q990_err,8925,0.0,2.292957673501646e-08,8.579462016617425e-08,1
weather_au_wind,B-A,complete,q990_err,77395,1.3757746041009877e-07,2.292957673501646e-08,8.579462016617425e-08,1
weather_au_wind,B-A,complete,q990_err,65457,-6.878873020504939e-08,2.292957673501646e-08,8.579462016617425e-08,1
weather_au_wind,B-A,complete,q995_err,8925,6.53372966060578e-08,0.0,5.3347679285906915e-08,1
weather_au_wind,B-A,complete,q995_err,77395,-6.53372966060578e-08,0.0,5.3347679285906915e-08,1
weather_au_wind,B-A,complete,q995_err,65457,0.0,0.0,5.3347679285906915e-08,1
weather_au_wind,B-A,complete,radial_w1,8925,-1.4901161193847656e-08,-1.9868214925130207e-08,1.8585013284156427e-08,2
weather_au_wind,B-A,complete,radial_w1,77395,0.0,-1.9868214925130207e-08,1.8585013284156427e-08,2
weather_au_wind,B-A,complete,radial_w1,65457,-4.470348358154297e-08,-1.9868214925130207e-08,1.8585013284156427e-08,2
weather_au_wind,B-A,complete,sample_time_s,8925,0.07489153742790222,0.07070433100064595,0.0037644770976084235,
weather_au_wind,B-A,complete,sample_time_s,77395,0.06576337665319443,0.07070433100064595,0.0037644770976084235,
weather_au_wind,B-A,complete,sample_time_s,65457,0.07145807892084122,0.07070433100064595,0.0037644770976084235,
weather_au_wind,B-A,complete,sliced_w1,8925,0.002613931894302368,0.0052571967244148254,0.002075220539081462,0
weather_au_wind,B-A,complete,sliced_w1,77395,0.00547444075345993,0.0052571967244148254,0.002075220539081462,0
weather_au_wind,B-A,complete,sliced_w1,65457,0.007683217525482178,0.0052571967244148254,0.002075220539081462,0
weather_au_wind,B-A,complete,tail_exc_95,8925,0.0,0.0,0.0,0
weather_au_wind,B-A,complete,tail_exc_95,77395,0.0,0.0,0.0,0
weather_au_wind,B-A,complete,tail_exc_95,65457,0.0,0.0,0.0,0
weather_au_wind,B-A,complete,tail_exc_99,8925,0.0,0.0,0.0,0
weather_au_wind,B-A,complete,tail_exc_99,77395,0.0,0.0,0.0,0
weather_au_wind,B-A,complete,tail_exc_99,65457,0.0,0.0,0.0,0
weather_au_wind,B-A,complete,total_train_time_s,8925,2.2666357457637787,0.5708083038528761,1.533426422708295,
weather_au_wind,B-A,complete,total_train_time_s,77395,0.8934593424201012,0.5708083038528761,1.533426422708295,
weather_au_wind,B-A,complete,total_train_time_s,65457,-1.4476701766252518,0.5708083038528761,1.533426422708295,
weather_au_wind,B-C,complete,angular_sw_bin0,8925,-0.006739852949976921,-0.00696028396487236,0.0002007530112341339,3
weather_au_wind,B-C,complete,angular_sw_bin0,77395,-0.006915546953678131,-0.00696028396487236,0.0002007530112341339,3
weather_au_wind,B-C,complete,angular_sw_bin0,65457,-0.0072254519909620285,-0.00696028396487236,0.0002007530112341339,3
weather_au_wind,B-C,complete,angular_sw_bin1,8925,-0.00037315022200345993,-0.00026225360731283825,0.00030266024270728006,2
weather_au_wind,B-C,complete,angular_sw_bin1,77395,-0.00056482944637537,-0.00026225360731283825,0.00030266024270728006,2
weather_au_wind,B-C,complete,angular_sw_bin1,65457,0.00015121884644031525,-0.00026225360731283825,0.00030266024270728006,2
weather_au_wind,B-C,complete,angular_sw_bin2,8925,-0.0001311078667640686,-1.7618760466575623e-05,8.649020497685238e-05,2
weather_au_wind,B-C,complete,angular_sw_bin2,77395,7.863529026508331e-05,-1.7618760466575623e-05,8.649020497685238e-05,2
weather_au_wind,B-C,complete,angular_sw_bin2,65457,-3.8370490074157715e-07,-1.7618760466575623e-05,8.649020497685238e-05,2
weather_au_wind,B-C,complete,angular_sw_bin3,8925,-0.005645353347063065,-0.0052567338570952415,0.0015283753757683108,3
weather_au_wind,B-C,complete,angular_sw_bin3,77395,-0.006903789937496185,-0.0052567338570952415,0.0015283753757683108,3
weather_au_wind,B-C,complete,angular_sw_bin3,65457,-0.0032210582867264748,-0.0052567338570952415,0.0015283753757683108,3
weather_au_wind,B-C,complete,angular_sw_mean,8925,-0.0032223660964518785,-0.0031242225474367538,0.00041509647380542935,3
weather_au_wind,B-C,complete,angular_sw_mean,77395,-0.0035763827618211508,-0.0031242225474367538,0.00041509647380542935,3
weather_au_wind,B-C,complete,angular_sw_mean,65457,-0.0025739187840372324,-0.0031242225474367538,0.00041509647380542935,3
weather_au_wind,B-C,complete,exploding_norm_rate,8925,0.0,0.0,0.0,
weather_au_wind,B-C,complete,exploding_norm_rate,77395,0.0,0.0,0.0,
weather_au_wind,B-C,complete,exploding_norm_rate,65457,0.0,0.0,0.0,
weather_au_wind,B-C,complete,inf_rate,8925,0.0,0.0,0.0,
weather_au_wind,B-C,complete,inf_rate,77395,0.0,0.0,0.0,
weather_au_wind,B-C,complete,inf_rate,65457,0.0,0.0,0.0,
weather_au_wind,B-C,complete,invalid_rate,8925,0.0,0.0,0.0,
weather_au_wind,B-C,complete,invalid_rate,77395,0.0,0.0,0.0,
weather_au_wind,B-C,complete,invalid_rate,65457,0.0,0.0,0.0,
weather_au_wind,B-C,complete,ks_stat,8925,0.0,0.0,0.0,0
weather_au_wind,B-C,complete,ks_stat,77395,0.0,0.0,0.0,0
weather_au_wind,B-C,complete,ks_stat,65457,0.0,0.0,0.0,0
weather_au_wind,B-C,complete,mmd,8925,0.00016117095947265625,0.0002694527308146159,0.00016948873475567107,0
weather_au_wind,B-C,complete,mmd,77395,0.00013840198516845703,0.0002694527308146159,0.00016948873475567107,0
weather_au_wind,B-C,complete,mmd,65457,0.0005087852478027344,0.0002694527308146159,0.00016948873475567107,0
weather_au_wind,B-C,complete,nan_rate,8925,0.0,0.0,0.0,
weather_au_wind,B-C,complete,nan_rate,77395,0.0,0.0,0.0,
weather_au_wind,B-C,complete,nan_rate,65457,0.0,0.0,0.0,
weather_au_wind,B-C,complete,nfe,8925,0,0,0.0,
weather_au_wind,B-C,complete,nfe,77395,0,0,0.0,
weather_au_wind,B-C,complete,nfe,65457,0,0,0.0,
weather_au_wind,B-C,complete,q950_err,8925,0.0,0.0,6.032028030400276e-08,1
weather_au_wind,B-C,complete,q950_err,77395,-7.387695394323046e-08,0.0,6.032028030400276e-08,1
weather_au_wind,B-C,complete,q950_err,65457,7.387695394323046e-08,0.0,6.032028030400276e-08,1
weather_au_wind,B-C,complete,q990_err,8925,0.0,0.0,1.1233152603756524e-07,1
weather_au_wind,B-C,complete,q990_err,77395,1.3757746041009877e-07,0.0,1.1233152603756524e-07,1
weather_au_wind,B-C,complete,q990_err,65457,-1.3757746041009877e-07,0.0,1.1233152603756524e-07,1
weather_au_wind,B-C,complete,q995_err,8925,6.53372966060578e-08,0.0,5.3347679285906915e-08,1
weather_au_wind,B-C,complete,q995_err,77395,-6.53372966060578e-08,0.0,5.3347679285906915e-08,1
weather_au_wind,B-C,complete,q995_err,65457,0.0,0.0,5.3347679285906915e-08,1
weather_au_wind,B-C,complete,radial_w1,8925,2.9802322387695312e-08,4.967053731282552e-09,1.8585013284156427e-08,1
weather_au_wind,B-C,complete,radial_w1,77395,-1.4901161193847656e-08,4.967053731282552e-09,1.8585013284156427e-08,1
weather_au_wind,B-C,complete,radial_w1,65457,0.0,4.967053731282552e-09,1.8585013284156427e-08,1
weather_au_wind,B-C,complete,sample_time_s,8925,0.0326843187212944,0.03132676084836324,0.005471393422897955,
weather_au_wind,B-C,complete,sample_time_s,77395,0.024050861597061157,0.03132676084836324,0.005471393422897955,
weather_au_wind,B-C,complete,sample_time_s,65457,0.03724510222673416,0.03132676084836324,0.005471393422897955,
weather_au_wind,B-C,complete,sliced_w1,8925,-0.001958690583705902,0.0005829160412152609,0.0033028983972765383,2
weather_au_wind,B-C,complete,sliced_w1,77395,-0.0015402287244796753,0.0005829160412152609,0.0033028983972765383,2
weather_au_wind,B-C,complete,sliced_w1,65457,0.00524766743183136,0.0005829160412152609,0.0033028983972765383,2
weather_au_wind,B-C,complete,tail_exc_95,8925,0.0,0.0,0.0,0
weather_au_wind,B-C,complete,tail_exc_95,77395,0.0,0.0,0.0,0
weather_au_wind,B-C,complete,tail_exc_95,65457,0.0,0.0,0.0,0
weather_au_wind,B-C,complete,tail_exc_99,8925,0.0,0.0,0.0,0
weather_au_wind,B-C,complete,tail_exc_99,77395,0.0,0.0,0.0,0
weather_au_wind,B-C,complete,tail_exc_99,65457,0.0,0.0,0.0,0
weather_au_wind,B-C,complete,total_train_time_s,8925,-0.7020425349473953,-0.8754610046744347,0.9047311021445852,
weather_au_wind,B-C,complete,total_train_time_s,77395,-2.0600099712610245,-0.8754610046744347,0.9047311021445852,
weather_au_wind,B-C,complete,total_train_time_s,65457,0.13566949218511581,-0.8754610046744347,0.9047311021445852,
