........................................................................ [ 75%]
..................... [ 97%]
..                                                                       [100%]
95 passed, 51 subtests passed in 19.26s
SANITY aniso_k1
{
  "purpose": "sanity_only_not_paper_result",
  "condition_id": "aniso_k1",
  "config_sha256": "c43e5abc47af9c73a7bcbb92701483000e635593544432f5e8fe6975a16d7bf9",
  "implementation_sha256": "3297bfee029c574a545cc713f3266c074896b9051fabfbc3c4cea11e5efbcc41",
  "test_data_used": false,
  "checkpoint_written": false,
  "source": {
    "nu": 5.0,
    "scale": 0.9339251220702312
  },
  "status": "passed",
  "steps": 16,
  "batch_size": 4096,
  "precision": "float32",
  "batch_rule": "global_torch",
  "ema": null,
  "evaluation_weights": "raw",
  "loss_reduction": "batch_mean",
  "losses": [
    47.45905303955078,
    45.80342102050781,
    48.023719787597656,
    46.231895446777344,
    47.22016906738281,
    45.39381408691406,
    46.35181427001953,
    45.88097381591797,
    45.44623947143555,
    47.59233856201172,
    44.65366744995117,
    45.07966232299805,
    44.86701202392578,
    44.862491607666016,
    44.16159439086914,
    44.50629806518555
  ],
  "finite_samples": true,
  "n_generated": 128,
  "nfe": 512,
  "model_calls_total": 512,
  "n_batches": 1,
  "time_grid": [
    0.001,
    0.014142839201640722,
    0.027137192874202465,
    0.03998446162821301,
    0.05268603548503403,
    0.06524329393701911,
    0.07765760600744209,
    0.08993033031020159,
    0.1020628151092906,
    0.11405639837804626,
    0.12591240785816993,
    0.13763216111852128,
    0.14921696561368747,
    0.16066811874232645,
    0.17198690790528537,
    0.1831746105634955,
    0.1942324942956416,
    0.20516181685561163,
    0.21596382622971655,
    0.22663976069369418,
    0.23719084886948782,
    0.247618309781803,
    0.25792335291444424,
    0.26810717826642905,
    0.27817097640788346,
    0.28811592853571577,
    0.2979432065290717,
    0.3076539730045721,
    0.3172493813713263,
    0.32673057588573373,
    0.3360986917060641,
    0.3453548549468207,
    0.3545001827328871,
    0.36353578325345715,
    0.3724627558157487,
    0.3812821908985019,
    0.38999517020526187,
    0.3986027667174463,
    0.4071060447472016,
    0.415506059990039,
    0.4238038595772631,
    0.43200048212818465,
    0.44009695780212066,
    0.44809430835018293,
    0.4559935471668546,
    0.463795679341355,
    0.4715017017087937,
    0.47911260290111635,
    0.4866293633978336,
    0.49405295557655104,
    0.5013843437632801,
    0.5086244842825451,
    0.5157743255072822,
    0.5228348079085277,
    0.5298068641049021,
    0.5366914189118848,
    0.5434893893908832,
    0.550201684898095,
    0.5568292071331671,
    0.563372850187645,
    0.5698335005932214,
    0.576212037369778,
    0.5825093320732246,
    0.5887262488431342,
    0.5948636444501743,
    0.6009223683433368,
    0.6069032626969646,
    0.6128071624575787,
    0.6186348953904979,
    0.6243872821262667,
    0.6300651362068743,
    0.6356692641317785,
    0.641200465403728,
    0.6466595325743857,
    0.6520472512897544,
    0.6573644003354024,
    0.6626117516814922,
    0.667790070527612,
    0.67290011534741,
    0.6779426379330298,
    0.6829183834393552,
    0.6878280904280527,
    0.6926724909114234,
    0.6974523103960578,
    0.7021682679262973,
    0.7068210761275007,
    0.7114114412491179,
    0.7159400632075708,
    0.7204076356289388,
    0.7248148458914581,
    0.7291623751678211,
    0.7334508984672912,
    0.7376810846776227,
    0.7418535966067925,
    0.7459690910245402,
    0.7500282187037188,
    0.7540316244614571,
    0.7579799472001318,
    0.7618738199481536,
    0.765713869900562,
    0.7695007184594358,
    0.7732349812741147,
    0.7769172682812353,
    0.78054818374458,
    0.7841283262947409,
    0.7876582889685979,
    0.7911386592486123,
    0.7945700191019361,
    0.7979529450193358,
    0.8012880080539353,
    0.8045757738597732,
    0.8078168027301783,
    0.8110116496359635,
    0.8141608642634367,
    0.8172649910522308,
    0.820324569232953,
    0.8233401328646535,
    0.8263122108721126,
    0.829241327082952,
    0.8321280002645608,
    0.8349727441608494,
    0.8377760675288202,
    0.8405384741749617,
    0.8432604629914663,
    0.8459425279922695,
    0.8485851583489133,
    0.8511888384262332,
    0.853754047817869,
    0.8562812613816009,
    0.8587709492745111,
    0.8612235769879691,
    0.863639605382445,
    0.8660194907221478,
    0.868363684709492,
    0.8706726345193893,
    0.8729467828333706,
    0.8751865678735337,
    0.8773924234363213,
    0.8795647789261278,
    0.8817040593887335,
    0.8838106855445725,
    0.8858850738218267,
    0.887927636389354,
    0.8899387811894457,
    0.8919189119704158,
    0.8938684283190229,
    0.895787725692724,
    0.8976771954517624,
    0.8995372248910859,
    0.9013681972721038,
    0.9031704918542723,
    0.9049444839265199,
    0.9066905448385039,
    0.9084090420317041,
    0.9101003390703534,
    0.9117647956722019,
    0.9134027677391217,
    0.9150146073875447,
    0.9166006629787421,
    0.9181612791489389,
    0.9196967968392687,
    0.9212075533255669,
    0.9226938822480037,
    0.9241561136405563,
    0.9255945739603214,
    0.9270095861166698,
    0.9284014695002405,
    0.9297705400117767,
    0.9311171100908048,
    0.932441488744155,
    0.9337439815743247,
    0.935024890807686,
    0.9362845153225358,
    0.9375231506769915,
    0.9387410891367305,
    0.9399386197025739,
    0.9411160281379181,
    0.9422735969960097,
    0.9434116056470687,
    0.9445303303052573,
    0.9456300440554968,
    0.9467110168801308,
    0.9477735156854389,
    0.9488178043279961,
    0.9498441436408833,
    0.9508527914597462,
    0.9518440026487042,
    0.95281802912611,
    0.953775119890159,
    0.9547155210443505,
    0.9556394758228011,
    0.9565472246154079,
    0.9574390049928669,
    0.9583150517315426,
    0.9591755968381908,
    0.9600208695745358,
    0.9608510964817022,
    0.9616665014044997,
    0.9624673055155647,
    0.963253727339356,
    0.9640259827760078,
    0.964784285125037,
    0.96552884510891,
    0.9662598708964641,
    0.9669775681261883,
    0.967682139929361,
    0.9683737869530474,
    0.969052707382955,
    0.9697190969661483,
    0.9703731490336246,
    0.9710150545227478,
    0.971645001999546,
    0.9722631776808666,
    0.9728697654563961,
    0.9734649469105406,
    0.9740489013441677,
    0.9746218057962129,
    0.9751838350651492,
    0.9757351617303187,
    0.9762759561731303,
    0.9768063865981211,
    0.9773266190538827,
    0.9778368174538536,
    0.9783371435969763,
    0.9788277571882226,
    0.9793088158589833,
    0.9797804751873275,
    0.9802428887181276,
    0.9806962079830536,
    0.9811405825204348,
    0.9815761598949918,
    0.9820030857174368,
    0.9824215036639435,
    0.9828315554954887,
    0.9832333810770628,
    0.9836271183967525,
    0.9840129035846946,
    0.9843908709319021,
    0.9847611529089623,
    0.9851238801846077,
    0.9854791816441612,
    0.9858271844078528,
    0.9861680138490131,
    0.9865017936121397,
    0.9868286456308386,
    0.9871486901456417,
    0.9874620457216997,
    0.987768829266352,
    0.9880691560465723,
    0.988363139706292,
    0.988650892283601,
    0.9889325242278272,
    0.9892081444164932,
    0.989477860172153,
    0.9897417772791074,
    0.99,
    1.0
  ],
  "validation_diagnostic": {
    "selection_score": 0.789521875,
    "radial_ks": 1.0,
    "projected_ks_mean": 0.5790437500000001,
    "projection_seed": 61719,
    "n_projections": 64,
    "n_generated": 128,
    "n_validation": 10000
  },
  "peak_allocated_bytes": 84465152,
  "peak_memory_scope": "model, EMA, optimizer, tiny training and sampling; no downstream decoder/classifier",
  "measured_training_loop_s": 0.9145671688020229,
  "measured_ms_per_step_including_first_step": 57.16044805012643,
  "timing_limitation": "Tiny uncompiled sanity loop; not a steady-state/full-training timing claim",
  "hardware": {
    "host": "auh7-3b-gpu-008",
    "slurm_job_id": "765728",
    "python": "3.10.12",
    "torch": "2.7.1+rocm6.3",
    "cuda": null,
    "hip": "6.3.42131-fa1d09cbd",
    "gpu": "AMD Instinct MI210",
    "vram_bytes": 68702699520
  }
}
SANITY aniso_k10
{
  "purpose": "sanity_only_not_paper_result",
  "condition_id": "aniso_k10",
  "config_sha256": "d13e494007b5c853b8c3c20cc5e7956fe4f9a1ac4077f037b90b9b0406cf6540",
  "implementation_sha256": "3297bfee029c574a545cc713f3266c074896b9051fabfbc3c4cea11e5efbcc41",
  "test_data_used": false,
  "checkpoint_written": false,
  "source": {
    "nu": 5.0,
    "scale": 4.322767001485367
  },
  "status": "passed",
  "steps": 16,
  "batch_size": 4096,
  "precision": "float32",
  "batch_rule": "global_torch",
  "ema": null,
  "evaluation_weights": "raw",
  "loss_reduction": "batch_mean",
  "losses": [
    1014.1954345703125,
    978.8486328125,
    1026.1080322265625,
    987.716552734375,
    1009.1762084960938,
    969.900634765625,
    990.0549926757812,
    979.3948364257812,
    969.011474609375,
    1013.6089477539062,
    949.7086181640625,
    956.93310546875,
    950.498779296875,
    946.2463989257812,
    929.1473388671875,
    933.1331787109375
  ],
  "finite_samples": true,
  "n_generated": 128,
  "nfe": 512,
  "model_calls_total": 512,
  "n_batches": 1,
  "time_grid": [
    0.001,
    0.014142839201640722,
    0.027137192874202465,
    0.03998446162821301,
    0.05268603548503403,
    0.06524329393701911,
    0.07765760600744209,
    0.08993033031020159,
    0.1020628151092906,
    0.11405639837804626,
    0.12591240785816993,
    0.13763216111852128,
    0.14921696561368747,
    0.16066811874232645,
    0.17198690790528537,
    0.1831746105634955,
    0.1942324942956416,
    0.20516181685561163,
    0.21596382622971655,
    0.22663976069369418,
    0.23719084886948782,
    0.247618309781803,
    0.25792335291444424,
    0.26810717826642905,
    0.27817097640788346,
    0.28811592853571577,
    0.2979432065290717,
    0.3076539730045721,
    0.3172493813713263,
    0.32673057588573373,
    0.3360986917060641,
    0.3453548549468207,
    0.3545001827328871,
    0.36353578325345715,
    0.3724627558157487,
    0.3812821908985019,
    0.38999517020526187,
    0.3986027667174463,
    0.4071060447472016,
    0.415506059990039,
    0.4238038595772631,
    0.43200048212818465,
    0.44009695780212066,
    0.44809430835018293,
    0.4559935471668546,
    0.463795679341355,
    0.4715017017087937,
    0.47911260290111635,
    0.4866293633978336,
    0.49405295557655104,
    0.5013843437632801,
    0.5086244842825451,
    0.5157743255072822,
    0.5228348079085277,
    0.5298068641049021,
    0.5366914189118848,
    0.5434893893908832,
    0.550201684898095,
    0.5568292071331671,
    0.563372850187645,
    0.5698335005932214,
    0.576212037369778,
    0.5825093320732246,
    0.5887262488431342,
    0.5948636444501743,
    0.6009223683433368,
    0.6069032626969646,
    0.6128071624575787,
    0.6186348953904979,
    0.6243872821262667,
    0.6300651362068743,
    0.6356692641317785,
    0.641200465403728,
    0.6466595325743857,
    0.6520472512897544,
    0.6573644003354024,
    0.6626117516814922,
    0.667790070527612,
    0.67290011534741,
    0.6779426379330298,
    0.6829183834393552,
    0.6878280904280527,
    0.6926724909114234,
    0.6974523103960578,
    0.7021682679262973,
    0.7068210761275007,
    0.7114114412491179,
    0.7159400632075708,
    0.7204076356289388,
    0.7248148458914581,
    0.7291623751678211,
    0.7334508984672912,
    0.7376810846776227,
    0.7418535966067925,
    0.7459690910245402,
    0.7500282187037188,
    0.7540316244614571,
    0.7579799472001318,
    0.7618738199481536,
    0.765713869900562,
    0.7695007184594358,
    0.7732349812741147,
    0.7769172682812353,
    0.78054818374458,
    0.7841283262947409,
    0.7876582889685979,
    0.7911386592486123,
    0.7945700191019361,
    0.7979529450193358,
    0.8012880080539353,
    0.8045757738597732,
    0.8078168027301783,
    0.8110116496359635,
    0.8141608642634367,
    0.8172649910522308,
    0.820324569232953,
    0.8233401328646535,
    0.8263122108721126,
    0.829241327082952,
    0.8321280002645608,
    0.8349727441608494,
    0.8377760675288202,
    0.8405384741749617,
    0.8432604629914663,
    0.8459425279922695,
    0.8485851583489133,
    0.8511888384262332,
    0.853754047817869,
    0.8562812613816009,
    0.8587709492745111,
    0.8612235769879691,
    0.863639605382445,
    0.8660194907221478,
    0.868363684709492,
    0.8706726345193893,
    0.8729467828333706,
    0.8751865678735337,
    0.8773924234363213,
    0.8795647789261278,
    0.8817040593887335,
    0.8838106855445725,
    0.8858850738218267,
    0.887927636389354,
    0.8899387811894457,
    0.8919189119704158,
    0.8938684283190229,
    0.895787725692724,
    0.8976771954517624,
    0.8995372248910859,
    0.9013681972721038,
    0.9031704918542723,
    0.9049444839265199,
    0.9066905448385039,
    0.9084090420317041,
    0.9101003390703534,
    0.9117647956722019,
    0.9134027677391217,
    0.9150146073875447,
    0.9166006629787421,
    0.9181612791489389,
    0.9196967968392687,
    0.9212075533255669,
    0.9226938822480037,
    0.9241561136405563,
    0.9255945739603214,
    0.9270095861166698,
    0.9284014695002405,
    0.9297705400117767,
    0.9311171100908048,
    0.932441488744155,
    0.9337439815743247,
    0.935024890807686,
    0.9362845153225358,
    0.9375231506769915,
    0.9387410891367305,
    0.9399386197025739,
    0.9411160281379181,
    0.9422735969960097,
    0.9434116056470687,
    0.9445303303052573,
    0.9456300440554968,
    0.9467110168801308,
    0.9477735156854389,
    0.9488178043279961,
    0.9498441436408833,
    0.9508527914597462,
    0.9518440026487042,
    0.95281802912611,
    0.953775119890159,
    0.9547155210443505,
    0.9556394758228011,
    0.9565472246154079,
    0.9574390049928669,
    0.9583150517315426,
    0.9591755968381908,
    0.9600208695745358,
    0.9608510964817022,
    0.9616665014044997,
    0.9624673055155647,
    0.963253727339356,
    0.9640259827760078,
    0.964784285125037,
    0.96552884510891,
    0.9662598708964641,
    0.9669775681261883,
    0.967682139929361,
    0.9683737869530474,
    0.969052707382955,
    0.9697190969661483,
    0.9703731490336246,
    0.9710150545227478,
    0.971645001999546,
    0.9722631776808666,
    0.9728697654563961,
    0.9734649469105406,
    0.9740489013441677,
    0.9746218057962129,
    0.9751838350651492,
    0.9757351617303187,
    0.9762759561731303,
    0.9768063865981211,
    0.9773266190538827,
    0.9778368174538536,
    0.9783371435969763,
    0.9788277571882226,
    0.9793088158589833,
    0.9797804751873275,
    0.9802428887181276,
    0.9806962079830536,
    0.9811405825204348,
    0.9815761598949918,
    0.9820030857174368,
    0.9824215036639435,
    0.9828315554954887,
    0.9832333810770628,
    0.9836271183967525,
    0.9840129035846946,
    0.9843908709319021,
    0.9847611529089623,
    0.9851238801846077,
    0.9854791816441612,
    0.9858271844078528,
    0.9861680138490131,
    0.9865017936121397,
    0.9868286456308386,
    0.9871486901456417,
    0.9874620457216997,
    0.987768829266352,
    0.9880691560465723,
    0.988363139706292,
    0.988650892283601,
    0.9889325242278272,
    0.9892081444164932,
    0.989477860172153,
    0.9897417772791074,
    0.99,
    1.0
  ],
  "validation_diagnostic": {
    "selection_score": 0.80706787109375,
    "radial_ks": 1.0,
    "projected_ks_mean": 0.6141357421875,
    "projection_seed": 61719,
    "n_projections": 64,
    "n_generated": 128,
    "n_validation": 10000
  },
  "peak_allocated_bytes": 84465152,
  "peak_memory_scope": "model, EMA, optimizer, tiny training and sampling; no downstream decoder/classifier",
  "measured_training_loop_s": 0.6748943440616131,
  "measured_ms_per_step_including_first_step": 42.18089650385082,
  "timing_limitation": "Tiny uncompiled sanity loop; not a steady-state/full-training timing claim",
  "hardware": {
    "host": "auh7-3b-gpu-008",
    "slurm_job_id": "765728",
    "python": "3.10.12",
    "torch": "2.7.1+rocm6.3",
    "cuda": null,
    "hip": "6.3.42131-fa1d09cbd",
    "gpu": "AMD Instinct MI210",
    "vram_bytes": 68702699520
  }
}
SANITY aniso_k100
{
  "purpose": "sanity_only_not_paper_result",
  "condition_id": "aniso_k100",
  "config_sha256": "4558cfde1d75c96fdfdd600671feffa802d95b8e8c8245650d3a3150c963c930",
  "implementation_sha256": "3297bfee029c574a545cc713f3266c074896b9051fabfbc3c4cea11e5efbcc41",
  "test_data_used": false,
  "checkpoint_written": false,
  "source": {
    "nu": 5.0,
    "scale": 30.955113681132655
  },
  "status": "passed",
  "steps": 16,
  "batch_size": 4096,
  "precision": "float32",
  "batch_rule": "global_torch",
  "ema": null,
  "evaluation_weights": "raw",
  "loss_reduction": "batch_mean",
  "losses": [
    52017.0,
    50195.921875,
    52589.1640625,
    50598.1796875,
    51683.640625,
    49661.375,
    50645.6484375,
    50061.0,
    49510.40625,
    51734.11328125,
    48434.4140625,
    48750.265625,
    48379.94140625,
    48150.48046875,
    47308.4609375,
    47484.046875
  ],
  "finite_samples": true,
  "n_generated": 128,
  "nfe": 512,
  "model_calls_total": 512,
  "n_batches": 1,
  "time_grid": [
    0.001,
    0.014142839201640722,
    0.027137192874202465,
    0.03998446162821301,
    0.05268603548503403,
    0.06524329393701911,
    0.07765760600744209,
    0.08993033031020159,
    0.1020628151092906,
    0.11405639837804626,
    0.12591240785816993,
    0.13763216111852128,
    0.14921696561368747,
    0.16066811874232645,
    0.17198690790528537,
    0.1831746105634955,
    0.1942324942956416,
    0.20516181685561163,
    0.21596382622971655,
    0.22663976069369418,
    0.23719084886948782,
    0.247618309781803,
    0.25792335291444424,
    0.26810717826642905,
    0.27817097640788346,
    0.28811592853571577,
    0.2979432065290717,
    0.3076539730045721,
    0.3172493813713263,
    0.32673057588573373,
    0.3360986917060641,
    0.3453548549468207,
    0.3545001827328871,
    0.36353578325345715,
    0.3724627558157487,
    0.3812821908985019,
    0.38999517020526187,
    0.3986027667174463,
    0.4071060447472016,
    0.415506059990039,
    0.4238038595772631,
    0.43200048212818465,
    0.44009695780212066,
    0.44809430835018293,
    0.4559935471668546,
    0.463795679341355,
    0.4715017017087937,
    0.47911260290111635,
    0.4866293633978336,
    0.49405295557655104,
    0.5013843437632801,
    0.5086244842825451,
    0.5157743255072822,
    0.5228348079085277,
    0.5298068641049021,
    0.5366914189118848,
    0.5434893893908832,
    0.550201684898095,
    0.5568292071331671,
    0.563372850187645,
    0.5698335005932214,
    0.576212037369778,
    0.5825093320732246,
    0.5887262488431342,
    0.5948636444501743,
    0.6009223683433368,
    0.6069032626969646,
    0.6128071624575787,
    0.6186348953904979,
    0.6243872821262667,
    0.6300651362068743,
    0.6356692641317785,
    0.641200465403728,
    0.6466595325743857,
    0.6520472512897544,
    0.6573644003354024,
    0.6626117516814922,
    0.667790070527612,
    0.67290011534741,
    0.6779426379330298,
    0.6829183834393552,
    0.6878280904280527,
    0.6926724909114234,
    0.6974523103960578,
    0.7021682679262973,
    0.7068210761275007,
    0.7114114412491179,
    0.7159400632075708,
    0.7204076356289388,
    0.7248148458914581,
    0.7291623751678211,
    0.7334508984672912,
    0.7376810846776227,
    0.7418535966067925,
    0.7459690910245402,
    0.7500282187037188,
    0.7540316244614571,
    0.7579799472001318,
    0.7618738199481536,
    0.765713869900562,
    0.7695007184594358,
    0.7732349812741147,
    0.7769172682812353,
    0.78054818374458,
    0.7841283262947409,
    0.7876582889685979,
    0.7911386592486123,
    0.7945700191019361,
    0.7979529450193358,
    0.8012880080539353,
    0.8045757738597732,
    0.8078168027301783,
    0.8110116496359635,
    0.8141608642634367,
    0.8172649910522308,
    0.820324569232953,
    0.8233401328646535,
    0.8263122108721126,
    0.829241327082952,
    0.8321280002645608,
    0.8349727441608494,
    0.8377760675288202,
    0.8405384741749617,
    0.8432604629914663,
    0.8459425279922695,
    0.8485851583489133,
    0.8511888384262332,
    0.853754047817869,
    0.8562812613816009,
    0.8587709492745111,
    0.8612235769879691,
    0.863639605382445,
    0.8660194907221478,
    0.868363684709492,
    0.8706726345193893,
    0.8729467828333706,
    0.8751865678735337,
    0.8773924234363213,
    0.8795647789261278,
    0.8817040593887335,
    0.8838106855445725,
    0.8858850738218267,
    0.887927636389354,
    0.8899387811894457,
    0.8919189119704158,
    0.8938684283190229,
    0.895787725692724,
    0.8976771954517624,
    0.8995372248910859,
    0.9013681972721038,
    0.9031704918542723,
    0.9049444839265199,
    0.9066905448385039,
    0.9084090420317041,
    0.9101003390703534,
    0.9117647956722019,
    0.9134027677391217,
    0.9150146073875447,
    0.9166006629787421,
    0.9181612791489389,
    0.9196967968392687,
    0.9212075533255669,
    0.9226938822480037,
    0.9241561136405563,
    0.9255945739603214,
    0.9270095861166698,
    0.9284014695002405,
    0.9297705400117767,
    0.9311171100908048,
    0.932441488744155,
    0.9337439815743247,
    0.935024890807686,
    0.9362845153225358,
    0.9375231506769915,
    0.9387410891367305,
    0.9399386197025739,
    0.9411160281379181,
    0.9422735969960097,
    0.9434116056470687,
    0.9445303303052573,
    0.9456300440554968,
    0.9467110168801308,
    0.9477735156854389,
    0.9488178043279961,
    0.9498441436408833,
    0.9508527914597462,
    0.9518440026487042,
    0.95281802912611,
    0.953775119890159,
    0.9547155210443505,
    0.9556394758228011,
    0.9565472246154079,
    0.9574390049928669,
    0.9583150517315426,
    0.9591755968381908,
    0.9600208695745358,
    0.9608510964817022,
    0.9616665014044997,
    0.9624673055155647,
    0.963253727339356,
    0.9640259827760078,
    0.964784285125037,
    0.96552884510891,
    0.9662598708964641,
    0.9669775681261883,
    0.967682139929361,
    0.9683737869530474,
    0.969052707382955,
    0.9697190969661483,
    0.9703731490336246,
    0.9710150545227478,
    0.971645001999546,
    0.9722631776808666,
    0.9728697654563961,
    0.9734649469105406,
    0.9740489013441677,
    0.9746218057962129,
    0.9751838350651492,
    0.9757351617303187,
    0.9762759561731303,
    0.9768063865981211,
    0.9773266190538827,
    0.9778368174538536,
    0.9783371435969763,
    0.9788277571882226,
    0.9793088158589833,
    0.9797804751873275,
    0.9802428887181276,
    0.9806962079830536,
    0.9811405825204348,
    0.9815761598949918,
    0.9820030857174368,
    0.9824215036639435,
    0.9828315554954887,
    0.9832333810770628,
    0.9836271183967525,
    0.9840129035846946,
    0.9843908709319021,
    0.9847611529089623,
    0.9851238801846077,
    0.9854791816441612,
    0.9858271844078528,
    0.9861680138490131,
    0.9865017936121397,
    0.9868286456308386,
    0.9871486901456417,
    0.9874620457216997,
    0.987768829266352,
    0.9880691560465723,
    0.988363139706292,
    0.988650892283601,
    0.9889325242278272,
    0.9892081444164932,
    0.989477860172153,
    0.9897417772791074,
    0.99,
    1.0
  ],
  "validation_diagnostic": {
    "selection_score": 0.7864833984375,
    "radial_ks": 1.0,
    "projected_ks_mean": 0.5729667968750001,
    "projection_seed": 61719,
    "n_projections": 64,
    "n_generated": 128,
    "n_validation": 10000
  },
  "peak_allocated_bytes": 84465152,
  "peak_memory_scope": "model, EMA, optimizer, tiny training and sampling; no downstream decoder/classifier",
  "measured_training_loop_s": 0.6933362521231174,
  "measured_ms_per_step_including_first_step": 43.33351575769484,
  "timing_limitation": "Tiny uncompiled sanity loop; not a steady-state/full-training timing claim",
  "hardware": {
    "host": "auh7-3b-gpu-008",
    "slurm_job_id": "765728",
    "python": "3.10.12",
    "torch": "2.7.1+rocm6.3",
    "cuda": null,
    "hip": "6.3.42131-fa1d09cbd",
    "gpu": "AMD Instinct MI210",
    "vram_bytes": 68702699520
  }
}
SANITY aniso_k3
{
  "purpose": "sanity_only_not_paper_result",
  "condition_id": "aniso_k3",
  "config_sha256": "bb391e31ffaeb63475c3097d11355a4f225b2e5203330c195feb243644022563",
  "implementation_sha256": "3297bfee029c574a545cc713f3266c074896b9051fabfbc3c4cea11e5efbcc41",
  "test_data_used": false,
  "checkpoint_written": false,
  "source": {
    "nu": 5.0,
    "scale": 1.7762419157491367
  },
  "status": "passed",
  "steps": 16,
  "batch_size": 4096,
  "precision": "float32",
  "batch_rule": "global_torch",
  "ema": null,
  "evaluation_weights": "raw",
  "loss_reduction": "batch_mean",
  "losses": [
    171.35169982910156,
    165.38748168945312,
    173.387939453125,
    166.916259765625,
    170.5546417236328,
    163.9954833984375,
    167.42486572265625,
    165.75209045410156,
    164.1649932861328,
    171.88137817382812,
    161.23062133789062,
    162.709228515625,
    161.92303466796875,
    161.6942596435547,
    159.1919403076172,
    160.326171875
  ],
  "finite_samples": true,
  "n_generated": 128,
  "nfe": 512,
  "model_calls_total": 512,
  "n_batches": 1,
  "time_grid": [
    0.001,
    0.014142839201640722,
    0.027137192874202465,
    0.03998446162821301,
    0.05268603548503403,
    0.06524329393701911,
    0.07765760600744209,
    0.08993033031020159,
    0.1020628151092906,
    0.11405639837804626,
    0.12591240785816993,
    0.13763216111852128,
    0.14921696561368747,
    0.16066811874232645,
    0.17198690790528537,
    0.1831746105634955,
    0.1942324942956416,
    0.20516181685561163,
    0.21596382622971655,
    0.22663976069369418,
    0.23719084886948782,
    0.247618309781803,
    0.25792335291444424,
    0.26810717826642905,
    0.27817097640788346,
    0.28811592853571577,
    0.2979432065290717,
    0.3076539730045721,
    0.3172493813713263,
    0.32673057588573373,
    0.3360986917060641,
    0.3453548549468207,
    0.3545001827328871,
    0.36353578325345715,
    0.3724627558157487,
    0.3812821908985019,
    0.38999517020526187,
    0.3986027667174463,
    0.4071060447472016,
    0.415506059990039,
    0.4238038595772631,
    0.43200048212818465,
    0.44009695780212066,
    0.44809430835018293,
    0.4559935471668546,
    0.463795679341355,
    0.4715017017087937,
    0.47911260290111635,
    0.4866293633978336,
    0.49405295557655104,
    0.5013843437632801,
    0.5086244842825451,
    0.5157743255072822,
    0.5228348079085277,
    0.5298068641049021,
    0.5366914189118848,
    0.5434893893908832,
    0.550201684898095,
    0.5568292071331671,
    0.563372850187645,
    0.5698335005932214,
    0.576212037369778,
    0.5825093320732246,
    0.5887262488431342,
    0.5948636444501743,
    0.6009223683433368,
    0.6069032626969646,
    0.6128071624575787,
    0.6186348953904979,
    0.6243872821262667,
    0.6300651362068743,
    0.6356692641317785,
    0.641200465403728,
    0.6466595325743857,
    0.6520472512897544,
    0.6573644003354024,
    0.6626117516814922,
    0.667790070527612,
    0.67290011534741,
    0.6779426379330298,
    0.6829183834393552,
    0.6878280904280527,
    0.6926724909114234,
    0.6974523103960578,
    0.7021682679262973,
    0.7068210761275007,
    0.7114114412491179,
    0.7159400632075708,
    0.7204076356289388,
    0.7248148458914581,
    0.7291623751678211,
    0.7334508984672912,
    0.7376810846776227,
    0.7418535966067925,
    0.7459690910245402,
    0.7500282187037188,
    0.7540316244614571,
    0.7579799472001318,
    0.7618738199481536,
    0.765713869900562,
    0.7695007184594358,
    0.7732349812741147,
    0.7769172682812353,
    0.78054818374458,
    0.7841283262947409,
    0.7876582889685979,
    0.7911386592486123,
    0.7945700191019361,
    0.7979529450193358,
    0.8012880080539353,
    0.8045757738597732,
    0.8078168027301783,
    0.8110116496359635,
    0.8141608642634367,
    0.8172649910522308,
    0.820324569232953,
    0.8233401328646535,
    0.8263122108721126,
    0.829241327082952,
    0.8321280002645608,
    0.8349727441608494,
    0.8377760675288202,
    0.8405384741749617,
    0.8432604629914663,
    0.8459425279922695,
    0.8485851583489133,
    0.8511888384262332,
    0.853754047817869,
    0.8562812613816009,
    0.8587709492745111,
    0.8612235769879691,
    0.863639605382445,
    0.8660194907221478,
    0.868363684709492,
    0.8706726345193893,
    0.8729467828333706,
    0.8751865678735337,
    0.8773924234363213,
    0.8795647789261278,
    0.8817040593887335,
    0.8838106855445725,
    0.8858850738218267,
    0.887927636389354,
    0.8899387811894457,
    0.8919189119704158,
    0.8938684283190229,
    0.895787725692724,
    0.8976771954517624,
    0.8995372248910859,
    0.9013681972721038,
    0.9031704918542723,
    0.9049444839265199,
    0.9066905448385039,
    0.9084090420317041,
    0.9101003390703534,
    0.9117647956722019,
    0.9134027677391217,
    0.9150146073875447,
    0.9166006629787421,
    0.9181612791489389,
    0.9196967968392687,
    0.9212075533255669,
    0.9226938822480037,
    0.9241561136405563,
    0.9255945739603214,
    0.9270095861166698,
    0.9284014695002405,
    0.9297705400117767,
    0.9311171100908048,
    0.932441488744155,
    0.9337439815743247,
    0.935024890807686,
    0.9362845153225358,
    0.9375231506769915,
    0.9387410891367305,
    0.9399386197025739,
    0.9411160281379181,
    0.9422735969960097,
    0.9434116056470687,
    0.9445303303052573,
    0.9456300440554968,
    0.9467110168801308,
    0.9477735156854389,
    0.9488178043279961,
    0.9498441436408833,
    0.9508527914597462,
    0.9518440026487042,
    0.95281802912611,
    0.953775119890159,
    0.9547155210443505,
    0.9556394758228011,
    0.9565472246154079,
    0.9574390049928669,
    0.9583150517315426,
    0.9591755968381908,
    0.9600208695745358,
    0.9608510964817022,
    0.9616665014044997,
    0.9624673055155647,
    0.963253727339356,
    0.9640259827760078,
    0.964784285125037,
    0.96552884510891,
    0.9662598708964641,
    0.9669775681261883,
    0.967682139929361,
    0.9683737869530474,
    0.969052707382955,
    0.9697190969661483,
    0.9703731490336246,
    0.9710150545227478,
    0.971645001999546,
    0.9722631776808666,
    0.9728697654563961,
    0.9734649469105406,
    0.9740489013441677,
    0.9746218057962129,
    0.9751838350651492,
    0.9757351617303187,
    0.9762759561731303,
    0.9768063865981211,
    0.9773266190538827,
    0.9778368174538536,
    0.9783371435969763,
    0.9788277571882226,
    0.9793088158589833,
    0.9797804751873275,
    0.9802428887181276,
    0.9806962079830536,
    0.9811405825204348,
    0.9815761598949918,
    0.9820030857174368,
    0.9824215036639435,
    0.9828315554954887,
    0.9832333810770628,
    0.9836271183967525,
    0.9840129035846946,
    0.9843908709319021,
    0.9847611529089623,
    0.9851238801846077,
    0.9854791816441612,
    0.9858271844078528,
    0.9861680138490131,
    0.9865017936121397,
    0.9868286456308386,
    0.9871486901456417,
    0.9874620457216997,
    0.987768829266352,
    0.9880691560465723,
    0.988363139706292,
    0.988650892283601,
    0.9889325242278272,
    0.9892081444164932,
    0.989477860172153,
    0.9897417772791074,
    0.99,
    1.0
  ],
  "validation_diagnostic": {
    "selection_score": 0.79907158203125,
    "radial_ks": 1.0,
    "projected_ks_mean": 0.5981431640625,
    "projection_seed": 61719,
    "n_projections": 64,
    "n_generated": 128,
    "n_validation": 10000
  },
  "peak_allocated_bytes": 84465152,
  "peak_memory_scope": "model, EMA, optimizer, tiny training and sampling; no downstream decoder/classifier",
  "measured_training_loop_s": 0.6723247952759266,
  "measured_ms_per_step_including_first_step": 42.02029970474541,
  "timing_limitation": "Tiny uncompiled sanity loop; not a steady-state/full-training timing claim",
  "hardware": {
    "host": "auh7-3b-gpu-008",
    "slurm_job_id": "765728",
    "python": "3.10.12",
    "torch": "2.7.1+rocm6.3",
    "cuda": null,
    "hip": "6.3.42131-fa1d09cbd",
    "gpu": "AMD Instinct MI210",
    "vram_bytes": 68702699520
  }
}
SANITY aniso_k30
{
  "purpose": "sanity_only_not_paper_result",
  "condition_id": "aniso_k30",
  "config_sha256": "41da550592d34afbddd1321c52ab2a140110a2f5562892c69f2f4c27dbcfd3b8",
  "implementation_sha256": "3297bfee029c574a545cc713f3266c074896b9051fabfbc3c4cea11e5efbcc41",
  "test_data_used": false,
  "checkpoint_written": false,
  "source": {
    "nu": 5.0,
    "scale": 10.74447506561606
  },
  "status": "passed",
  "steps": 16,
  "batch_size": 4096,
  "precision": "float32",
  "batch_rule": "global_torch",
  "ema": null,
  "evaluation_weights": "raw",
  "loss_reduction": "batch_mean",
  "losses": [
    6265.15771484375,
    6046.9892578125,
    6335.97314453125,
    6097.1259765625,
    6228.0009765625,
    5983.58203125,
    6104.544921875,
    6033.1494140625,
    5967.017578125,
    6232.53125,
    5831.6591796875,
    5868.5458984375,
    5825.52734375,
    5788.3896484375,
    5681.6162109375,
    5695.638671875
  ],
  "finite_samples": true,
  "n_generated": 128,
  "nfe": 512,
  "model_calls_total": 512,
  "n_batches": 1,
  "time_grid": [
    0.001,
    0.014142839201640722,
    0.027137192874202465,
    0.03998446162821301,
    0.05268603548503403,
    0.06524329393701911,
    0.07765760600744209,
    0.08993033031020159,
    0.1020628151092906,
    0.11405639837804626,
    0.12591240785816993,
    0.13763216111852128,
    0.14921696561368747,
    0.16066811874232645,
    0.17198690790528537,
    0.1831746105634955,
    0.1942324942956416,
    0.20516181685561163,
    0.21596382622971655,
    0.22663976069369418,
    0.23719084886948782,
    0.247618309781803,
    0.25792335291444424,
    0.26810717826642905,
    0.27817097640788346,
    0.28811592853571577,
    0.2979432065290717,
    0.3076539730045721,
    0.3172493813713263,
    0.32673057588573373,
    0.3360986917060641,
    0.3453548549468207,
    0.3545001827328871,
    0.36353578325345715,
    0.3724627558157487,
    0.3812821908985019,
    0.38999517020526187,
    0.3986027667174463,
    0.4071060447472016,
    0.415506059990039,
    0.4238038595772631,
    0.43200048212818465,
    0.44009695780212066,
    0.44809430835018293,
    0.4559935471668546,
    0.463795679341355,
    0.4715017017087937,
    0.47911260290111635,
    0.4866293633978336,
    0.49405295557655104,
    0.5013843437632801,
    0.5086244842825451,
    0.5157743255072822,
    0.5228348079085277,
    0.5298068641049021,
    0.5366914189118848,
    0.5434893893908832,
    0.550201684898095,
    0.5568292071331671,
    0.563372850187645,
    0.5698335005932214,
    0.576212037369778,
    0.5825093320732246,
    0.5887262488431342,
    0.5948636444501743,
    0.6009223683433368,
    0.6069032626969646,
    0.6128071624575787,
    0.6186348953904979,
    0.6243872821262667,
    0.6300651362068743,
    0.6356692641317785,
    0.641200465403728,
    0.6466595325743857,
    0.6520472512897544,
    0.6573644003354024,
    0.6626117516814922,
    0.667790070527612,
    0.67290011534741,
    0.6779426379330298,
    0.6829183834393552,
    0.6878280904280527,
    0.6926724909114234,
    0.6974523103960578,
    0.7021682679262973,
    0.7068210761275007,
    0.7114114412491179,
    0.7159400632075708,
    0.7204076356289388,
    0.7248148458914581,
    0.7291623751678211,
    0.7334508984672912,
    0.7376810846776227,
    0.7418535966067925,
    0.7459690910245402,
    0.7500282187037188,
    0.7540316244614571,
    0.7579799472001318,
    0.7618738199481536,
    0.765713869900562,
    0.7695007184594358,
    0.7732349812741147,
    0.7769172682812353,
    0.78054818374458,
    0.7841283262947409,
    0.7876582889685979,
    0.7911386592486123,
    0.7945700191019361,
    0.7979529450193358,
    0.8012880080539353,
    0.8045757738597732,
    0.8078168027301783,
    0.8110116496359635,
    0.8141608642634367,
    0.8172649910522308,
    0.820324569232953,
    0.8233401328646535,
    0.8263122108721126,
    0.829241327082952,
    0.8321280002645608,
    0.8349727441608494,
    0.8377760675288202,
    0.8405384741749617,
    0.8432604629914663,
    0.8459425279922695,
    0.8485851583489133,
    0.8511888384262332,
    0.853754047817869,
    0.8562812613816009,
    0.8587709492745111,
    0.8612235769879691,
    0.863639605382445,
    0.8660194907221478,
    0.868363684709492,
    0.8706726345193893,
    0.8729467828333706,
    0.8751865678735337,
    0.8773924234363213,
    0.8795647789261278,
    0.8817040593887335,
    0.8838106855445725,
    0.8858850738218267,
    0.887927636389354,
    0.8899387811894457,
    0.8919189119704158,
    0.8938684283190229,
    0.895787725692724,
    0.8976771954517624,
    0.8995372248910859,
    0.9013681972721038,
    0.9031704918542723,
    0.9049444839265199,
    0.9066905448385039,
    0.9084090420317041,
    0.9101003390703534,
    0.9117647956722019,
    0.9134027677391217,
    0.9150146073875447,
    0.9166006629787421,
    0.9181612791489389,
    0.9196967968392687,
    0.9212075533255669,
    0.9226938822480037,
    0.9241561136405563,
    0.9255945739603214,
    0.9270095861166698,
    0.9284014695002405,
    0.9297705400117767,
    0.9311171100908048,
    0.932441488744155,
    0.9337439815743247,
    0.935024890807686,
    0.9362845153225358,
    0.9375231506769915,
    0.9387410891367305,
    0.9399386197025739,
    0.9411160281379181,
    0.9422735969960097,
    0.9434116056470687,
    0.9445303303052573,
    0.9456300440554968,
    0.9467110168801308,
    0.9477735156854389,
    0.9488178043279961,
    0.9498441436408833,
    0.9508527914597462,
    0.9518440026487042,
    0.95281802912611,
    0.953775119890159,
    0.9547155210443505,
    0.9556394758228011,
    0.9565472246154079,
    0.9574390049928669,
    0.9583150517315426,
    0.9591755968381908,
    0.9600208695745358,
    0.9608510964817022,
    0.9616665014044997,
    0.9624673055155647,
    0.963253727339356,
    0.9640259827760078,
    0.964784285125037,
    0.96552884510891,
    0.9662598708964641,
    0.9669775681261883,
    0.967682139929361,
    0.9683737869530474,
    0.969052707382955,
    0.9697190969661483,
    0.9703731490336246,
    0.9710150545227478,
    0.971645001999546,
    0.9722631776808666,
    0.9728697654563961,
    0.9734649469105406,
    0.9740489013441677,
    0.9746218057962129,
    0.9751838350651492,
    0.9757351617303187,
    0.9762759561731303,
    0.9768063865981211,
    0.9773266190538827,
    0.9778368174538536,
    0.9783371435969763,
    0.9788277571882226,
    0.9793088158589833,
    0.9797804751873275,
    0.9802428887181276,
    0.9806962079830536,
    0.9811405825204348,
    0.9815761598949918,
    0.9820030857174368,
    0.9824215036639435,
    0.9828315554954887,
    0.9832333810770628,
    0.9836271183967525,
    0.9840129035846946,
    0.9843908709319021,
    0.9847611529089623,
    0.9851238801846077,
    0.9854791816441612,
    0.9858271844078528,
    0.9861680138490131,
    0.9865017936121397,
    0.9868286456308386,
    0.9871486901456417,
    0.9874620457216997,
    0.987768829266352,
    0.9880691560465723,
    0.988363139706292,
    0.988650892283601,
    0.9889325242278272,
    0.9892081444164932,
    0.989477860172153,
    0.9897417772791074,
    0.99,
    1.0
  ],
  "validation_diagnostic": {
    "selection_score": 0.79685791015625,
    "radial_ks": 1.0,
    "projected_ks_mean": 0.5937158203124999,
    "projection_seed": 61719,
    "n_projections": 64,
    "n_generated": 128,
    "n_validation": 10000
  },
  "peak_allocated_bytes": 84465152,
  "peak_memory_scope": "model, EMA, optimizer, tiny training and sampling; no downstream decoder/classifier",
  "measured_training_loop_s": 0.6765298284590244,
  "measured_ms_per_step_including_first_step": 42.28311427868903,
  "timing_limitation": "Tiny uncompiled sanity loop; not a steady-state/full-training timing claim",
  "hardware": {
    "host": "auh7-3b-gpu-008",
    "slurm_job_id": "765728",
    "python": "3.10.12",
    "torch": "2.7.1+rocm6.3",
    "cuda": null,
    "hip": "6.3.42131-fa1d09cbd",
    "gpu": "AMD Instinct MI210",
    "vram_bytes": 68702699520
  }
}
SANITY aniso_k300
{
  "purpose": "sanity_only_not_paper_result",
  "condition_id": "aniso_k300",
  "config_sha256": "b84af6afebcb84eb06de5b51f0279a082d7093279d02e7413e88b5dded5627bb",
  "implementation_sha256": "3297bfee029c574a545cc713f3266c074896b9051fabfbc3c4cea11e5efbcc41",
  "test_data_used": false,
  "checkpoint_written": false,
  "source": {
    "nu": 5.0,
    "scale": 83.56074454385788
  },
  "status": "passed",
  "steps": 16,
  "batch_size": 4096,
  "precision": "float32",
  "batch_rule": "global_torch",
  "ema": null,
  "evaluation_weights": "raw",
  "loss_reduction": "batch_mean",
  "losses": [
    379069.8125,
    365790.6875,
    383146.84375,
    368695.25,
    376742.09375,
    361841.4375,
    369191.3125,
    364921.71875,
    360793.75,
    377037.5625,
    353250.25,
    355425.1875,
    352897.09375,
    351181.5,
    344778.03125,
    346355.09375
  ],
  "finite_samples": true,
  "n_generated": 128,
  "nfe": 512,
  "model_calls_total": 512,
  "n_batches": 1,
  "time_grid": [
    0.001,
    0.014142839201640722,
    0.027137192874202465,
    0.03998446162821301,
    0.05268603548503403,
    0.06524329393701911,
    0.07765760600744209,
    0.08993033031020159,
    0.1020628151092906,
    0.11405639837804626,
    0.12591240785816993,
    0.13763216111852128,
    0.14921696561368747,
    0.16066811874232645,
    0.17198690790528537,
    0.1831746105634955,
    0.1942324942956416,
    0.20516181685561163,
    0.21596382622971655,
    0.22663976069369418,
    0.23719084886948782,
    0.247618309781803,
    0.25792335291444424,
    0.26810717826642905,
    0.27817097640788346,
    0.28811592853571577,
    0.2979432065290717,
    0.3076539730045721,
    0.3172493813713263,
    0.32673057588573373,
    0.3360986917060641,
    0.3453548549468207,
    0.3545001827328871,
    0.36353578325345715,
    0.3724627558157487,
    0.3812821908985019,
    0.38999517020526187,
    0.3986027667174463,
    0.4071060447472016,
    0.415506059990039,
    0.4238038595772631,
    0.43200048212818465,
    0.44009695780212066,
    0.44809430835018293,
    0.4559935471668546,
    0.463795679341355,
    0.4715017017087937,
    0.47911260290111635,
    0.4866293633978336,
    0.49405295557655104,
    0.5013843437632801,
    0.5086244842825451,
    0.5157743255072822,
    0.5228348079085277,
    0.5298068641049021,
    0.5366914189118848,
    0.5434893893908832,
    0.550201684898095,
    0.5568292071331671,
    0.563372850187645,
    0.5698335005932214,
    0.576212037369778,
    0.5825093320732246,
    0.5887262488431342,
    0.5948636444501743,
    0.6009223683433368,
    0.6069032626969646,
    0.6128071624575787,
    0.6186348953904979,
    0.6243872821262667,
    0.6300651362068743,
    0.6356692641317785,
    0.641200465403728,
    0.6466595325743857,
    0.6520472512897544,
    0.6573644003354024,
    0.6626117516814922,
    0.667790070527612,
    0.67290011534741,
    0.6779426379330298,
    0.6829183834393552,
    0.6878280904280527,
    0.6926724909114234,
    0.6974523103960578,
    0.7021682679262973,
    0.7068210761275007,
    0.7114114412491179,
    0.7159400632075708,
    0.7204076356289388,
    0.7248148458914581,
    0.7291623751678211,
    0.7334508984672912,
    0.7376810846776227,
    0.7418535966067925,
    0.7459690910245402,
    0.7500282187037188,
    0.7540316244614571,
    0.7579799472001318,
    0.7618738199481536,
    0.765713869900562,
    0.7695007184594358,
    0.7732349812741147,
    0.7769172682812353,
    0.78054818374458,
    0.7841283262947409,
    0.7876582889685979,
    0.7911386592486123,
    0.7945700191019361,
    0.7979529450193358,
    0.8012880080539353,
    0.8045757738597732,
    0.8078168027301783,
    0.8110116496359635,
    0.8141608642634367,
    0.8172649910522308,
    0.820324569232953,
    0.8233401328646535,
    0.8263122108721126,
    0.829241327082952,
    0.8321280002645608,
    0.8349727441608494,
    0.8377760675288202,
    0.8405384741749617,
    0.8432604629914663,
    0.8459425279922695,
    0.8485851583489133,
    0.8511888384262332,
    0.853754047817869,
    0.8562812613816009,
    0.8587709492745111,
    0.8612235769879691,
    0.863639605382445,
    0.8660194907221478,
    0.868363684709492,
    0.8706726345193893,
    0.8729467828333706,
    0.8751865678735337,
    0.8773924234363213,
    0.8795647789261278,
    0.8817040593887335,
    0.8838106855445725,
    0.8858850738218267,
    0.887927636389354,
    0.8899387811894457,
    0.8919189119704158,
    0.8938684283190229,
    0.895787725692724,
    0.8976771954517624,
    0.8995372248910859,
    0.9013681972721038,
    0.9031704918542723,
    0.9049444839265199,
    0.9066905448385039,
    0.9084090420317041,
    0.9101003390703534,
    0.9117647956722019,
    0.9134027677391217,
    0.9150146073875447,
    0.9166006629787421,
    0.9181612791489389,
    0.9196967968392687,
    0.9212075533255669,
    0.9226938822480037,
    0.9241561136405563,
    0.9255945739603214,
    0.9270095861166698,
    0.9284014695002405,
    0.9297705400117767,
    0.9311171100908048,
    0.932441488744155,
    0.9337439815743247,
    0.935024890807686,
    0.9362845153225358,
    0.9375231506769915,
    0.9387410891367305,
    0.9399386197025739,
    0.9411160281379181,
    0.9422735969960097,
    0.9434116056470687,
    0.9445303303052573,
    0.9456300440554968,
    0.9467110168801308,
    0.9477735156854389,
    0.9488178043279961,
    0.9498441436408833,
    0.9508527914597462,
    0.9518440026487042,
    0.95281802912611,
    0.953775119890159,
    0.9547155210443505,
    0.9556394758228011,
    0.9565472246154079,
    0.9574390049928669,
    0.9583150517315426,
    0.9591755968381908,
    0.9600208695745358,
    0.9608510964817022,
    0.9616665014044997,
    0.9624673055155647,
    0.963253727339356,
    0.9640259827760078,
    0.964784285125037,
    0.96552884510891,
    0.9662598708964641,
    0.9669775681261883,
    0.967682139929361,
    0.9683737869530474,
    0.969052707382955,
    0.9697190969661483,
    0.9703731490336246,
    0.9710150545227478,
    0.971645001999546,
    0.9722631776808666,
    0.9728697654563961,
    0.9734649469105406,
    0.9740489013441677,
    0.9746218057962129,
    0.9751838350651492,
    0.9757351617303187,
    0.9762759561731303,
    0.9768063865981211,
    0.9773266190538827,
    0.9778368174538536,
    0.9783371435969763,
    0.9788277571882226,
    0.9793088158589833,
    0.9797804751873275,
    0.9802428887181276,
    0.9806962079830536,
    0.9811405825204348,
    0.9815761598949918,
    0.9820030857174368,
    0.9824215036639435,
    0.9828315554954887,
    0.9832333810770628,
    0.9836271183967525,
    0.9840129035846946,
    0.9843908709319021,
    0.9847611529089623,
    0.9851238801846077,
    0.9854791816441612,
    0.9858271844078528,
    0.9861680138490131,
    0.9865017936121397,
    0.9868286456308386,
    0.9871486901456417,
    0.9874620457216997,
    0.987768829266352,
    0.9880691560465723,
    0.988363139706292,
    0.988650892283601,
    0.9889325242278272,
    0.9892081444164932,
    0.989477860172153,
    0.9897417772791074,
    0.99,
    1.0
  ],
  "validation_diagnostic": {
    "selection_score": 0.7844748046875001,
    "radial_ks": 1.0,
    "projected_ks_mean": 0.568949609375,
    "projection_seed": 61719,
    "n_projections": 64,
    "n_generated": 128,
    "n_validation": 10000
  },
  "peak_allocated_bytes": 84465152,
  "peak_memory_scope": "model, EMA, optimizer, tiny training and sampling; no downstream decoder/classifier",
  "measured_training_loop_s": 0.6789440810680389,
  "measured_ms_per_step_including_first_step": 42.434005066752434,
  "timing_limitation": "Tiny uncompiled sanity loop; not a steady-state/full-training timing claim",
  "hardware": {
    "host": "auh7-3b-gpu-008",
    "slurm_job_id": "765728",
    "python": "3.10.12",
    "torch": "2.7.1+rocm6.3",
    "cuda": null,
    "hip": "6.3.42131-fa1d09cbd",
    "gpu": "AMD Instinct MI210",
    "vram_bytes": 68702699520
  }
}
SANITY audiomnist_stft
{
  "purpose": "sanity_only_not_paper_result",
  "condition_id": "audiomnist_stft",
  "config_sha256": "38c27cb839fb0249efbd684c992b5c70aea01a40435a34ef3e846439a76611fc",
  "implementation_sha256": "afd10909f52362aacdbf1a3f42deb86cff99644aad329c111b0553e889eceb17",
  "test_data_used": false,
  "checkpoint_written": false,
  "source": {
    "nu": 5.0,
    "scale": 0.00937505569530116
  },
  "status": "passed",
  "steps": 4,
  "batch_size": 32,
  "precision": "bfloat16_autocast",
  "batch_rule": "step_seeded",
  "ema": 0.999,
  "evaluation_weights": "ema",
  "loss_reduction": "batch_mean",
  "losses": [
    3.418172597885132,
    7.660191059112549,
    11.713772773742676,
    4.387972354888916
  ],
  "finite_samples": true,
  "n_generated": 40,
  "nfe": 160,
  "model_calls_total": 160,
  "n_batches": 1,
  "time_grid": [
    0.001,
    0.042891257576101904,
    0.08326771800643762,
    0.12217530534703969,
    0.15965882300889767,
    0.1957619743939657,
    0.2305273832762651,
    0.263996613929661,
    0.29621019100390933,
    0.32720761915055185,
    0.35702740240023856,
    0.38570706329307136,
    0.4132831617635493,
    0.43979131378169334,
    0.46526620975194555,
    0.4897416326714207,
    0.5132504760490919,
    0.535824761587502,
    0.5574956566285798,
    0.5782934913651432,
    0.5982477758196805,
    0.6173872165919894,
    0.6357397333772543,
    0.6533324752561558,
    0.6701918367585883,
    0.6863434737025712,
    0.7018123188099419,
    0.7166225971004117,
    0.7307978410655661,
    0.7443609056244007,
    0.7573339828619708,
    0.7697386165527415,
    0.7815957164702201,
    0.79292557248446,
    0.8037478684490149,
    0.814081695878929,
    0.8239455674213506,
    0.8333574301203472,
    0.8423346784775131,
    0.8508941673099465,
    0.8590522244071885,
    0.8668246629886984,
    0.8742267939634605,
    0.8812734379932953,
    0.8879789373614686,
    0.8943571676481773,
    0.9004215492144976,
    0.9061850584963795,
    0.9116602391102738,
    0.916859212771971,
    0.9217936900302415,
    0.9264749808168582,
    0.9309140048145873,
    0.9351213016447286,
    0.9391070408757939,
    0.9428810318549037,
    0.946452733363488,
    0.9498312630988767,
    0.9530254069833602,
    0.9560436283023082,
    0.9588940766729283,
    0.96158459684525,
    0.964122737336917,
    0.9665157589033735,
    0.968770642845027,
    0.9708940991529731,
    0.972892574494866,
    0.9747722600425186,
    0.9765390991428162,
    0.9781987948335295,
    0.9797568172056084,
    0.9812184106135435,
    0.9825886007353781,
    0.9838722014839538,
    0.9850738217709766,
    0.9861978721254852,
    0.9872485711683068,
    0.9882299519440848,
    0.9891458681124613,
    0.99,
    1.0
  ],
  "validation_diagnostic": {
    "selection_score": 0.7860069444444444,
    "radial_ks": 1.0,
    "projected_ks_mean": 0.5720138888888888,
    "projection_seed": 61719,
    "n_projections": 64,
    "n_generated": 40,
    "n_validation": 1800
  },
  "peak_allocated_bytes": 2342090752,
  "peak_memory_scope": "model, EMA, optimizer, tiny training and sampling; no downstream decoder/classifier",
  "measured_training_loop_s": 5.787118706852198,
  "measured_ms_per_step_including_first_step": 1446.7796767130494,
  "timing_limitation": "Tiny uncompiled sanity loop; not a steady-state/full-training timing claim",
  "hardware": {
    "host": "auh7-3b-gpu-008",
    "slurm_job_id": "765728",
    "python": "3.10.12",
    "torch": "2.7.1+rocm6.3",
    "cuda": null,
    "hip": "6.3.42131-fa1d09cbd",
    "gpu": "AMD Instinct MI210",
    "vram_bytes": 68702699520
  }
}
SANITY finance_ff49
{
  "purpose": "sanity_only_not_paper_result",
  "condition_id": "finance_ff49",
  "config_sha256": "3cfe98673cc542a49d258d795920c12f715c074b28ba5410a0c845c9fb7231c8",
  "implementation_sha256": "3297bfee029c574a545cc713f3266c074896b9051fabfbc3c4cea11e5efbcc41",
  "test_data_used": false,
  "checkpoint_written": false,
  "source": {
    "nu": 5.0,
    "scale": 0.6796830531817479
  },
  "status": "passed",
  "steps": 16,
  "batch_size": 4096,
  "precision": "float32",
  "batch_rule": "global_torch",
  "ema": null,
  "evaluation_weights": "raw",
  "loss_reduction": "batch_mean",
  "losses": [
    38.16509246826172,
    37.25074768066406,
    38.62413787841797,
    37.93721008300781,
    38.03630065917969,
    37.17510986328125,
    37.31089782714844,
    37.47858428955078,
    36.99357223510742,
    38.682003021240234,
    36.39030075073242,
    37.04732894897461,
    36.571128845214844,
    37.103546142578125,
    35.93593215942383,
    36.863189697265625
  ],
  "finite_samples": true,
  "n_generated": 128,
  "nfe": 512,
  "model_calls_total": 512,
  "n_batches": 1,
  "time_grid": [
    0.001,
    0.014142839201640722,
    0.027137192874202465,
    0.03998446162821301,
    0.05268603548503403,
    0.06524329393701911,
    0.07765760600744209,
    0.08993033031020159,
    0.1020628151092906,
    0.11405639837804626,
    0.12591240785816993,
    0.13763216111852128,
    0.14921696561368747,
    0.16066811874232645,
    0.17198690790528537,
    0.1831746105634955,
    0.1942324942956416,
    0.20516181685561163,
    0.21596382622971655,
    0.22663976069369418,
    0.23719084886948782,
    0.247618309781803,
    0.25792335291444424,
    0.26810717826642905,
    0.27817097640788346,
    0.28811592853571577,
    0.2979432065290717,
    0.3076539730045721,
    0.3172493813713263,
    0.32673057588573373,
    0.3360986917060641,
    0.3453548549468207,
    0.3545001827328871,
    0.36353578325345715,
    0.3724627558157487,
    0.3812821908985019,
    0.38999517020526187,
    0.3986027667174463,
    0.4071060447472016,
    0.415506059990039,
    0.4238038595772631,
    0.43200048212818465,
    0.44009695780212066,
    0.44809430835018293,
    0.4559935471668546,
    0.463795679341355,
    0.4715017017087937,
    0.47911260290111635,
    0.4866293633978336,
    0.49405295557655104,
    0.5013843437632801,
    0.5086244842825451,
    0.5157743255072822,
    0.5228348079085277,
    0.5298068641049021,
    0.5366914189118848,
    0.5434893893908832,
    0.550201684898095,
    0.5568292071331671,
    0.563372850187645,
    0.5698335005932214,
    0.576212037369778,
    0.5825093320732246,
    0.5887262488431342,
    0.5948636444501743,
    0.6009223683433368,
    0.6069032626969646,
    0.6128071624575787,
    0.6186348953904979,
    0.6243872821262667,
    0.6300651362068743,
    0.6356692641317785,
    0.641200465403728,
    0.6466595325743857,
    0.6520472512897544,
    0.6573644003354024,
    0.6626117516814922,
    0.667790070527612,
    0.67290011534741,
    0.6779426379330298,
    0.6829183834393552,
    0.6878280904280527,
    0.6926724909114234,
    0.6974523103960578,
    0.7021682679262973,
    0.7068210761275007,
    0.7114114412491179,
    0.7159400632075708,
    0.7204076356289388,
    0.7248148458914581,
    0.7291623751678211,
    0.7334508984672912,
    0.7376810846776227,
    0.7418535966067925,
    0.7459690910245402,
    0.7500282187037188,
    0.7540316244614571,
    0.7579799472001318,
    0.7618738199481536,
    0.765713869900562,
    0.7695007184594358,
    0.7732349812741147,
    0.7769172682812353,
    0.78054818374458,
    0.7841283262947409,
    0.7876582889685979,
    0.7911386592486123,
    0.7945700191019361,
    0.7979529450193358,
    0.8012880080539353,
    0.8045757738597732,
    0.8078168027301783,
    0.8110116496359635,
    0.8141608642634367,
    0.8172649910522308,
    0.820324569232953,
    0.8233401328646535,
    0.8263122108721126,
    0.829241327082952,
    0.8321280002645608,
    0.8349727441608494,
    0.8377760675288202,
    0.8405384741749617,
    0.8432604629914663,
    0.8459425279922695,
    0.8485851583489133,
    0.8511888384262332,
    0.853754047817869,
    0.8562812613816009,
    0.8587709492745111,
    0.8612235769879691,
    0.863639605382445,
    0.8660194907221478,
    0.868363684709492,
    0.8706726345193893,
    0.8729467828333706,
    0.8751865678735337,
    0.8773924234363213,
    0.8795647789261278,
    0.8817040593887335,
    0.8838106855445725,
    0.8858850738218267,
    0.887927636389354,
    0.8899387811894457,
    0.8919189119704158,
    0.8938684283190229,
    0.895787725692724,
    0.8976771954517624,
    0.8995372248910859,
    0.9013681972721038,
    0.9031704918542723,
    0.9049444839265199,
    0.9066905448385039,
    0.9084090420317041,
    0.9101003390703534,
    0.9117647956722019,
    0.9134027677391217,
    0.9150146073875447,
    0.9166006629787421,
    0.9181612791489389,
    0.9196967968392687,
    0.9212075533255669,
    0.9226938822480037,
    0.9241561136405563,
    0.9255945739603214,
    0.9270095861166698,
    0.9284014695002405,
    0.9297705400117767,
    0.9311171100908048,
    0.932441488744155,
    0.9337439815743247,
    0.935024890807686,
    0.9362845153225358,
    0.9375231506769915,
    0.9387410891367305,
    0.9399386197025739,
    0.9411160281379181,
    0.9422735969960097,
    0.9434116056470687,
    0.9445303303052573,
    0.9456300440554968,
    0.9467110168801308,
    0.9477735156854389,
    0.9488178043279961,
    0.9498441436408833,
    0.9508527914597462,
    0.9518440026487042,
    0.95281802912611,
    0.953775119890159,
    0.9547155210443505,
    0.9556394758228011,
    0.9565472246154079,
    0.9574390049928669,
    0.9583150517315426,
    0.9591755968381908,
    0.9600208695745358,
    0.9608510964817022,
    0.9616665014044997,
    0.9624673055155647,
    0.963253727339356,
    0.9640259827760078,
    0.964784285125037,
    0.96552884510891,
    0.9662598708964641,
    0.9669775681261883,
    0.967682139929361,
    0.9683737869530474,
    0.969052707382955,
    0.9697190969661483,
    0.9703731490336246,
    0.9710150545227478,
    0.971645001999546,
    0.9722631776808666,
    0.9728697654563961,
    0.9734649469105406,
    0.9740489013441677,
    0.9746218057962129,
    0.9751838350651492,
    0.9757351617303187,
    0.9762759561731303,
    0.9768063865981211,
    0.9773266190538827,
    0.9778368174538536,
    0.9783371435969763,
    0.9788277571882226,
    0.9793088158589833,
    0.9797804751873275,
    0.9802428887181276,
    0.9806962079830536,
    0.9811405825204348,
    0.9815761598949918,
    0.9820030857174368,
    0.9824215036639435,
    0.9828315554954887,
    0.9832333810770628,
    0.9836271183967525,
    0.9840129035846946,
    0.9843908709319021,
    0.9847611529089623,
    0.9851238801846077,
    0.9854791816441612,
    0.9858271844078528,
    0.9861680138490131,
    0.9865017936121397,
    0.9868286456308386,
    0.9871486901456417,
    0.9874620457216997,
    0.987768829266352,
    0.9880691560465723,
    0.988363139706292,
    0.988650892283601,
    0.9889325242278272,
    0.9892081444164932,
    0.989477860172153,
    0.9897417772791074,
    0.99,
    1.0
  ],
  "validation_diagnostic": {
    "selection_score": 0.7905096012193926,
    "radial_ks": 1.0,
    "projected_ks_mean": 0.5810192024387852,
    "projection_seed": 61719,
    "n_projections": 64,
    "n_generated": 128,
    "n_validation": 2869
  },
  "peak_allocated_bytes": 82434560,
  "peak_memory_scope": "model, EMA, optimizer, tiny training and sampling; no downstream decoder/classifier",
  "measured_training_loop_s": 0.6687583960592747,
  "measured_ms_per_step_including_first_step": 41.79739975370467,
  "timing_limitation": "Tiny uncompiled sanity loop; not a steady-state/full-training timing claim",
  "hardware": {
    "host": "auh7-3b-gpu-008",
    "slurm_job_id": "765728",
    "python": "3.10.12",
    "torch": "2.7.1+rocm6.3",
    "cuda": null,
    "hip": "6.3.42131-fa1d09cbd",
    "gpu": "AMD Instinct MI210",
    "vram_bytes": 68702699520
  }
}
SANITY gaussian_aniso_d16_cor
{
  "purpose": "sanity_only_not_paper_result",
  "condition_id": "gaussian_aniso_d16_cor",
  "config_sha256": "6e6c8a70b66a54d43bc7acb77098e11f3098c08a3c79bd65da745c8571c13298",
  "implementation_sha256": "3297bfee029c574a545cc713f3266c074896b9051fabfbc3c4cea11e5efbcc41",
  "test_data_used": false,
  "checkpoint_written": false,
  "source": {
    "nu": 5.0,
    "scale": 3.6011024472237
  },
  "status": "passed",
  "steps": 16,
  "batch_size": 4096,
  "precision": "float32",
  "batch_rule": "global_torch",
  "ema": null,
  "evaluation_weights": "raw",
  "loss_reduction": "batch_mean",
  "losses": [
    347.2520751953125,
    335.4523010253906,
    345.79132080078125,
    345.14117431640625,
    344.9542541503906,
    334.1221923828125,
    338.07635498046875,
    335.00048828125,
    335.00347900390625,
    339.85394287109375,
    323.6416015625,
    321.9775695800781,
    321.838623046875,
    325.0459289550781,
    305.4811706542969,
    307.4603271484375
  ],
  "finite_samples": true,
  "n_generated": 128,
  "nfe": 512,
  "model_calls_total": 512,
  "n_batches": 1,
  "time_grid": [
    0.001,
    0.014142839201640722,
    0.027137192874202465,
    0.03998446162821301,
    0.05268603548503403,
    0.06524329393701911,
    0.07765760600744209,
    0.08993033031020159,
    0.1020628151092906,
    0.11405639837804626,
    0.12591240785816993,
    0.13763216111852128,
    0.14921696561368747,
    0.16066811874232645,
    0.17198690790528537,
    0.1831746105634955,
    0.1942324942956416,
    0.20516181685561163,
    0.21596382622971655,
    0.22663976069369418,
    0.23719084886948782,
    0.247618309781803,
    0.25792335291444424,
    0.26810717826642905,
    0.27817097640788346,
    0.28811592853571577,
    0.2979432065290717,
    0.3076539730045721,
    0.3172493813713263,
    0.32673057588573373,
    0.3360986917060641,
    0.3453548549468207,
    0.3545001827328871,
    0.36353578325345715,
    0.3724627558157487,
    0.3812821908985019,
    0.38999517020526187,
    0.3986027667174463,
    0.4071060447472016,
    0.415506059990039,
    0.4238038595772631,
    0.43200048212818465,
    0.44009695780212066,
    0.44809430835018293,
    0.4559935471668546,
    0.463795679341355,
    0.4715017017087937,
    0.47911260290111635,
    0.4866293633978336,
    0.49405295557655104,
    0.5013843437632801,
    0.5086244842825451,
    0.5157743255072822,
    0.5228348079085277,
    0.5298068641049021,
    0.5366914189118848,
    0.5434893893908832,
    0.550201684898095,
    0.5568292071331671,
    0.563372850187645,
    0.5698335005932214,
    0.576212037369778,
    0.5825093320732246,
    0.5887262488431342,
    0.5948636444501743,
    0.6009223683433368,
    0.6069032626969646,
    0.6128071624575787,
    0.6186348953904979,
    0.6243872821262667,
    0.6300651362068743,
    0.6356692641317785,
    0.641200465403728,
    0.6466595325743857,
    0.6520472512897544,
    0.6573644003354024,
    0.6626117516814922,
    0.667790070527612,
    0.67290011534741,
    0.6779426379330298,
    0.6829183834393552,
    0.6878280904280527,
    0.6926724909114234,
    0.6974523103960578,
    0.7021682679262973,
    0.7068210761275007,
    0.7114114412491179,
    0.7159400632075708,
    0.7204076356289388,
    0.7248148458914581,
    0.7291623751678211,
    0.7334508984672912,
    0.7376810846776227,
    0.7418535966067925,
    0.7459690910245402,
    0.7500282187037188,
    0.7540316244614571,
    0.7579799472001318,
    0.7618738199481536,
    0.765713869900562,
    0.7695007184594358,
    0.7732349812741147,
    0.7769172682812353,
    0.78054818374458,
    0.7841283262947409,
    0.7876582889685979,
    0.7911386592486123,
    0.7945700191019361,
    0.7979529450193358,
    0.8012880080539353,
    0.8045757738597732,
    0.8078168027301783,
    0.8110116496359635,
    0.8141608642634367,
    0.8172649910522308,
    0.820324569232953,
    0.8233401328646535,
    0.8263122108721126,
    0.829241327082952,
    0.8321280002645608,
    0.8349727441608494,
    0.8377760675288202,
    0.8405384741749617,
    0.8432604629914663,
    0.8459425279922695,
    0.8485851583489133,
    0.8511888384262332,
    0.853754047817869,
    0.8562812613816009,
    0.8587709492745111,
    0.8612235769879691,
    0.863639605382445,
    0.8660194907221478,
    0.868363684709492,
    0.8706726345193893,
    0.8729467828333706,
    0.8751865678735337,
    0.8773924234363213,
    0.8795647789261278,
    0.8817040593887335,
    0.8838106855445725,
    0.8858850738218267,
    0.887927636389354,
    0.8899387811894457,
    0.8919189119704158,
    0.8938684283190229,
    0.895787725692724,
    0.8976771954517624,
    0.8995372248910859,
    0.9013681972721038,
    0.9031704918542723,
    0.9049444839265199,
    0.9066905448385039,
    0.9084090420317041,
    0.9101003390703534,
    0.9117647956722019,
    0.9134027677391217,
    0.9150146073875447,
    0.9166006629787421,
    0.9181612791489389,
    0.9196967968392687,
    0.9212075533255669,
    0.9226938822480037,
    0.9241561136405563,
    0.9255945739603214,
    0.9270095861166698,
    0.9284014695002405,
    0.9297705400117767,
    0.9311171100908048,
    0.932441488744155,
    0.9337439815743247,
    0.935024890807686,
    0.9362845153225358,
    0.9375231506769915,
    0.9387410891367305,
    0.9399386197025739,
    0.9411160281379181,
    0.9422735969960097,
    0.9434116056470687,
    0.9445303303052573,
    0.9456300440554968,
    0.9467110168801308,
    0.9477735156854389,
    0.9488178043279961,
    0.9498441436408833,
    0.9508527914597462,
    0.9518440026487042,
    0.95281802912611,
    0.953775119890159,
    0.9547155210443505,
    0.9556394758228011,
    0.9565472246154079,
    0.9574390049928669,
    0.9583150517315426,
    0.9591755968381908,
    0.9600208695745358,
    0.9608510964817022,
    0.9616665014044997,
    0.9624673055155647,
    0.963253727339356,
    0.9640259827760078,
    0.964784285125037,
    0.96552884510891,
    0.9662598708964641,
    0.9669775681261883,
    0.967682139929361,
    0.9683737869530474,
    0.969052707382955,
    0.9697190969661483,
    0.9703731490336246,
    0.9710150545227478,
    0.971645001999546,
    0.9722631776808666,
    0.9728697654563961,
    0.9734649469105406,
    0.9740489013441677,
    0.9746218057962129,
    0.9751838350651492,
    0.9757351617303187,
    0.9762759561731303,
    0.9768063865981211,
    0.9773266190538827,
    0.9778368174538536,
    0.9783371435969763,
    0.9788277571882226,
    0.9793088158589833,
    0.9797804751873275,
    0.9802428887181276,
    0.9806962079830536,
    0.9811405825204348,
    0.9815761598949918,
    0.9820030857174368,
    0.9824215036639435,
    0.9828315554954887,
    0.9832333810770628,
    0.9836271183967525,
    0.9840129035846946,
    0.9843908709319021,
    0.9847611529089623,
    0.9851238801846077,
    0.9854791816441612,
    0.9858271844078528,
    0.9861680138490131,
    0.9865017936121397,
    0.9868286456308386,
    0.9871486901456417,
    0.9874620457216997,
    0.987768829266352,
    0.9880691560465723,
    0.988363139706292,
    0.988650892283601,
    0.9889325242278272,
    0.9892081444164932,
    0.989477860172153,
    0.9897417772791074,
    0.99,
    1.0
  ],
  "validation_diagnostic": {
    "selection_score": 0.82649208984375,
    "radial_ks": 1.0,
    "projected_ks_mean": 0.6529841796875,
    "projection_seed": 61719,
    "n_projections": 64,
    "n_generated": 128,
    "n_validation": 10000
  },
  "peak_allocated_bytes": 82430464,
  "peak_memory_scope": "model, EMA, optimizer, tiny training and sampling; no downstream decoder/classifier",
  "measured_training_loop_s": 0.6861767508089542,
  "measured_ms_per_step_including_first_step": 42.88604692555964,
  "timing_limitation": "Tiny uncompiled sanity loop; not a steady-state/full-training timing claim",
  "hardware": {
    "host": "auh7-3b-gpu-008",
    "slurm_job_id": "765728",
    "python": "3.10.12",
    "torch": "2.7.1+rocm6.3",
    "cuda": null,
    "hip": "6.3.42131-fa1d09cbd",
    "gpu": "AMD Instinct MI210",
    "vram_bytes": 68702699520
  }
}
SANITY piv_d16
{
  "purpose": "sanity_only_not_paper_result",
  "condition_id": "piv_d16",
  "config_sha256": "3a6d0e076f4321265b04bbedc4cc5f809f6b359b5a509a71c2511957b7b0e1a0",
  "implementation_sha256": "3297bfee029c574a545cc713f3266c074896b9051fabfbc3c4cea11e5efbcc41",
  "test_data_used": false,
  "checkpoint_written": false,
  "source": {
    "nu": 5.0,
    "scale": 0.0822559769341998
  },
  "status": "passed",
  "steps": 16,
  "batch_size": 256,
  "precision": "float32",
  "batch_rule": "global_torch",
  "ema": null,
  "evaluation_weights": "raw",
  "loss_reduction": "batch_mean",
  "losses": [
    0.20402058959007263,
    0.19681233167648315,
    0.2172655612230301,
    0.18728631734848022,
    0.18479982018470764,
    0.1691642701625824,
    0.18845894932746887,
    0.20847728848457336,
    0.1935889720916748,
    0.2035268247127533,
    0.1705019474029541,
    0.18648874759674072,
    0.18085360527038574,
    0.18108399212360382,
    0.17817679047584534,
    0.1691526472568512
  ],
  "finite_samples": true,
  "n_generated": 128,
  "nfe": 512,
  "model_calls_total": 512,
  "n_batches": 1,
  "time_grid": [
    0.001,
    0.014142839201640722,
    0.027137192874202465,
    0.03998446162821301,
    0.05268603548503403,
    0.06524329393701911,
    0.07765760600744209,
    0.08993033031020159,
    0.1020628151092906,
    0.11405639837804626,
    0.12591240785816993,
    0.13763216111852128,
    0.14921696561368747,
    0.16066811874232645,
    0.17198690790528537,
    0.1831746105634955,
    0.1942324942956416,
    0.20516181685561163,
    0.21596382622971655,
    0.22663976069369418,
    0.23719084886948782,
    0.247618309781803,
    0.25792335291444424,
    0.26810717826642905,
    0.27817097640788346,
    0.28811592853571577,
    0.2979432065290717,
    0.3076539730045721,
    0.3172493813713263,
    0.32673057588573373,
    0.3360986917060641,
    0.3453548549468207,
    0.3545001827328871,
    0.36353578325345715,
    0.3724627558157487,
    0.3812821908985019,
    0.38999517020526187,
    0.3986027667174463,
    0.4071060447472016,
    0.415506059990039,
    0.4238038595772631,
    0.43200048212818465,
    0.44009695780212066,
    0.44809430835018293,
    0.4559935471668546,
    0.463795679341355,
    0.4715017017087937,
    0.47911260290111635,
    0.4866293633978336,
    0.49405295557655104,
    0.5013843437632801,
    0.5086244842825451,
    0.5157743255072822,
    0.5228348079085277,
    0.5298068641049021,
    0.5366914189118848,
    0.5434893893908832,
    0.550201684898095,
    0.5568292071331671,
    0.563372850187645,
    0.5698335005932214,
    0.576212037369778,
    0.5825093320732246,
    0.5887262488431342,
    0.5948636444501743,
    0.6009223683433368,
    0.6069032626969646,
    0.6128071624575787,
    0.6186348953904979,
    0.6243872821262667,
    0.6300651362068743,
    0.6356692641317785,
    0.641200465403728,
    0.6466595325743857,
    0.6520472512897544,
    0.6573644003354024,
    0.6626117516814922,
    0.667790070527612,
    0.67290011534741,
    0.6779426379330298,
    0.6829183834393552,
    0.6878280904280527,
    0.6926724909114234,
    0.6974523103960578,
    0.7021682679262973,
    0.7068210761275007,
    0.7114114412491179,
    0.7159400632075708,
    0.7204076356289388,
    0.7248148458914581,
    0.7291623751678211,
    0.7334508984672912,
    0.7376810846776227,
    0.7418535966067925,
    0.7459690910245402,
    0.7500282187037188,
    0.7540316244614571,
    0.7579799472001318,
    0.7618738199481536,
    0.765713869900562,
    0.7695007184594358,
    0.7732349812741147,
    0.7769172682812353,
    0.78054818374458,
    0.7841283262947409,
    0.7876582889685979,
    0.7911386592486123,
    0.7945700191019361,
    0.7979529450193358,
    0.8012880080539353,
    0.8045757738597732,
    0.8078168027301783,
    0.8110116496359635,
    0.8141608642634367,
    0.8172649910522308,
    0.820324569232953,
    0.8233401328646535,
    0.8263122108721126,
    0.829241327082952,
    0.8321280002645608,
    0.8349727441608494,
    0.8377760675288202,
    0.8405384741749617,
    0.8432604629914663,
    0.8459425279922695,
    0.8485851583489133,
    0.8511888384262332,
    0.853754047817869,
    0.8562812613816009,
    0.8587709492745111,
    0.8612235769879691,
    0.863639605382445,
    0.8660194907221478,
    0.868363684709492,
    0.8706726345193893,
    0.8729467828333706,
    0.8751865678735337,
    0.8773924234363213,
    0.8795647789261278,
    0.8817040593887335,
    0.8838106855445725,
    0.8858850738218267,
    0.887927636389354,
    0.8899387811894457,
    0.8919189119704158,
    0.8938684283190229,
    0.895787725692724,
    0.8976771954517624,
    0.8995372248910859,
    0.9013681972721038,
    0.9031704918542723,
    0.9049444839265199,
    0.9066905448385039,
    0.9084090420317041,
    0.9101003390703534,
    0.9117647956722019,
    0.9134027677391217,
    0.9150146073875447,
    0.9166006629787421,
    0.9181612791489389,
    0.9196967968392687,
    0.9212075533255669,
    0.9226938822480037,
    0.9241561136405563,
    0.9255945739603214,
    0.9270095861166698,
    0.9284014695002405,
    0.9297705400117767,
    0.9311171100908048,
    0.932441488744155,
    0.9337439815743247,
    0.935024890807686,
    0.9362845153225358,
    0.9375231506769915,
    0.9387410891367305,
    0.9399386197025739,
    0.9411160281379181,
    0.9422735969960097,
    0.9434116056470687,
    0.9445303303052573,
    0.9456300440554968,
    0.9467110168801308,
    0.9477735156854389,
    0.9488178043279961,
    0.9498441436408833,
    0.9508527914597462,
    0.9518440026487042,
    0.95281802912611,
    0.953775119890159,
    0.9547155210443505,
    0.9556394758228011,
    0.9565472246154079,
    0.9574390049928669,
    0.9583150517315426,
    0.9591755968381908,
    0.9600208695745358,
    0.9608510964817022,
    0.9616665014044997,
    0.9624673055155647,
    0.963253727339356,
    0.9640259827760078,
    0.964784285125037,
    0.96552884510891,
    0.9662598708964641,
    0.9669775681261883,
    0.967682139929361,
    0.9683737869530474,
    0.969052707382955,
    0.9697190969661483,
    0.9703731490336246,
    0.9710150545227478,
    0.971645001999546,
    0.9722631776808666,
    0.9728697654563961,
    0.9734649469105406,
    0.9740489013441677,
    0.9746218057962129,
    0.9751838350651492,
    0.9757351617303187,
    0.9762759561731303,
    0.9768063865981211,
    0.9773266190538827,
    0.9778368174538536,
    0.9783371435969763,
    0.9788277571882226,
    0.9793088158589833,
    0.9797804751873275,
    0.9802428887181276,
    0.9806962079830536,
    0.9811405825204348,
    0.9815761598949918,
    0.9820030857174368,
    0.9824215036639435,
    0.9828315554954887,
    0.9832333810770628,
    0.9836271183967525,
    0.9840129035846946,
    0.9843908709319021,
    0.9847611529089623,
    0.9851238801846077,
    0.9854791816441612,
    0.9858271844078528,
    0.9861680138490131,
    0.9865017936121397,
    0.9868286456308386,
    0.9871486901456417,
    0.9874620457216997,
    0.987768829266352,
    0.9880691560465723,
    0.988363139706292,
    0.988650892283601,
    0.9889325242278272,
    0.9892081444164932,
    0.989477860172153,
    0.9897417772791074,
    0.99,
    1.0
  ],
  "validation_diagnostic": {
    "selection_score": 0.7801731435497802,
    "radial_ks": 1.0,
    "projected_ks_mean": 0.5603462870995604,
    "projection_seed": 61719,
    "n_projections": 64,
    "n_generated": 128,
    "n_validation": 199
  },
  "peak_allocated_bytes": 80518144,
  "peak_memory_scope": "model, EMA, optimizer, tiny training and sampling; no downstream decoder/classifier",
  "measured_training_loop_s": 0.6759678199887276,
  "measured_ms_per_step_including_first_step": 42.24798874929547,
  "timing_limitation": "Tiny uncompiled sanity loop; not a steady-state/full-training timing claim",
  "hardware": {
    "host": "auh7-3b-gpu-008",
    "slurm_job_id": "765728",
    "python": "3.10.12",
    "torch": "2.7.1+rocm6.3",
    "cuda": null,
    "hip": "6.3.42131-fa1d09cbd",
    "gpu": "AMD Instinct MI210",
    "vram_bytes": 68702699520
  }
}
SANITY piv_d256
{
  "purpose": "sanity_only_not_paper_result",
  "condition_id": "piv_d256",
  "config_sha256": "d5f331ea2cc67bce2137796fa77bf6288b5de8220e483f14fbf96149e51196d4",
  "implementation_sha256": "3297bfee029c574a545cc713f3266c074896b9051fabfbc3c4cea11e5efbcc41",
  "test_data_used": false,
  "checkpoint_written": false,
  "source": {
    "nu": 5.0,
    "scale": 0.17462934838784153
  },
  "status": "passed",
  "steps": 16,
  "batch_size": 256,
  "precision": "float32",
  "batch_rule": "global_torch",
  "ema": null,
  "evaluation_weights": "raw",
  "loss_reduction": "batch_mean",
  "losses": [
    12.211002349853516,
    12.46454906463623,
    13.999427795410156,
    12.564027786254883,
    12.89976978302002,
    12.86423110961914,
    14.721925735473633,
    14.273292541503906,
    14.193907737731934,
    14.321907997131348,
    12.06661605834961,
    13.755085945129395,
    13.357416152954102,
    12.880553245544434,
    13.263021469116211,
    12.687154769897461
  ],
  "finite_samples": true,
  "n_generated": 128,
  "nfe": 512,
  "model_calls_total": 512,
  "n_batches": 1,
  "time_grid": [
    0.001,
    0.014142839201640722,
    0.027137192874202465,
    0.03998446162821301,
    0.05268603548503403,
    0.06524329393701911,
    0.07765760600744209,
    0.08993033031020159,
    0.1020628151092906,
    0.11405639837804626,
    0.12591240785816993,
    0.13763216111852128,
    0.14921696561368747,
    0.16066811874232645,
    0.17198690790528537,
    0.1831746105634955,
    0.1942324942956416,
    0.20516181685561163,
    0.21596382622971655,
    0.22663976069369418,
    0.23719084886948782,
    0.247618309781803,
    0.25792335291444424,
    0.26810717826642905,
    0.27817097640788346,
    0.28811592853571577,
    0.2979432065290717,
    0.3076539730045721,
    0.3172493813713263,
    0.32673057588573373,
    0.3360986917060641,
    0.3453548549468207,
    0.3545001827328871,
    0.36353578325345715,
    0.3724627558157487,
    0.3812821908985019,
    0.38999517020526187,
    0.3986027667174463,
    0.4071060447472016,
    0.415506059990039,
    0.4238038595772631,
    0.43200048212818465,
    0.44009695780212066,
    0.44809430835018293,
    0.4559935471668546,
    0.463795679341355,
    0.4715017017087937,
    0.47911260290111635,
    0.4866293633978336,
    0.49405295557655104,
    0.5013843437632801,
    0.5086244842825451,
    0.5157743255072822,
    0.5228348079085277,
    0.5298068641049021,
    0.5366914189118848,
    0.5434893893908832,
    0.550201684898095,
    0.5568292071331671,
    0.563372850187645,
    0.5698335005932214,
    0.576212037369778,
    0.5825093320732246,
    0.5887262488431342,
    0.5948636444501743,
    0.6009223683433368,
    0.6069032626969646,
    0.6128071624575787,
    0.6186348953904979,
    0.6243872821262667,
    0.6300651362068743,
    0.6356692641317785,
    0.641200465403728,
    0.6466595325743857,
    0.6520472512897544,
    0.6573644003354024,
    0.6626117516814922,
    0.667790070527612,
    0.67290011534741,
    0.6779426379330298,
    0.6829183834393552,
    0.6878280904280527,
    0.6926724909114234,
    0.6974523103960578,
    0.7021682679262973,
    0.7068210761275007,
    0.7114114412491179,
    0.7159400632075708,
    0.7204076356289388,
    0.7248148458914581,
    0.7291623751678211,
    0.7334508984672912,
    0.7376810846776227,
    0.7418535966067925,
    0.7459690910245402,
    0.7500282187037188,
    0.7540316244614571,
    0.7579799472001318,
    0.7618738199481536,
    0.765713869900562,
    0.7695007184594358,
    0.7732349812741147,
    0.7769172682812353,
    0.78054818374458,
    0.7841283262947409,
    0.7876582889685979,
    0.7911386592486123,
    0.7945700191019361,
    0.7979529450193358,
    0.8012880080539353,
    0.8045757738597732,
    0.8078168027301783,
    0.8110116496359635,
    0.8141608642634367,
    0.8172649910522308,
    0.820324569232953,
    0.8233401328646535,
    0.8263122108721126,
    0.829241327082952,
    0.8321280002645608,
    0.8349727441608494,
    0.8377760675288202,
    0.8405384741749617,
    0.8432604629914663,
    0.8459425279922695,
    0.8485851583489133,
    0.8511888384262332,
    0.853754047817869,
    0.8562812613816009,
    0.8587709492745111,
    0.8612235769879691,
    0.863639605382445,
    0.8660194907221478,
    0.868363684709492,
    0.8706726345193893,
    0.8729467828333706,
    0.8751865678735337,
    0.8773924234363213,
    0.8795647789261278,
    0.8817040593887335,
    0.8838106855445725,
    0.8858850738218267,
    0.887927636389354,
    0.8899387811894457,
    0.8919189119704158,
    0.8938684283190229,
    0.895787725692724,
    0.8976771954517624,
    0.8995372248910859,
    0.9013681972721038,
    0.9031704918542723,
    0.9049444839265199,
    0.9066905448385039,
    0.9084090420317041,
    0.9101003390703534,
    0.9117647956722019,
    0.9134027677391217,
    0.9150146073875447,
    0.9166006629787421,
    0.9181612791489389,
    0.9196967968392687,
    0.9212075533255669,
    0.9226938822480037,
    0.9241561136405563,
    0.9255945739603214,
    0.9270095861166698,
    0.9284014695002405,
    0.9297705400117767,
    0.9311171100908048,
    0.932441488744155,
    0.9337439815743247,
    0.935024890807686,
    0.9362845153225358,
    0.9375231506769915,
    0.9387410891367305,
    0.9399386197025739,
    0.9411160281379181,
    0.9422735969960097,
    0.9434116056470687,
    0.9445303303052573,
    0.9456300440554968,
    0.9467110168801308,
    0.9477735156854389,
    0.9488178043279961,
    0.9498441436408833,
    0.9508527914597462,
    0.9518440026487042,
    0.95281802912611,
    0.953775119890159,
    0.9547155210443505,
    0.9556394758228011,
    0.9565472246154079,
    0.9574390049928669,
    0.9583150517315426,
    0.9591755968381908,
    0.9600208695745358,
    0.9608510964817022,
    0.9616665014044997,
    0.9624673055155647,
    0.963253727339356,
    0.9640259827760078,
    0.964784285125037,
    0.96552884510891,
    0.9662598708964641,
    0.9669775681261883,
    0.967682139929361,
    0.9683737869530474,
    0.969052707382955,
    0.9697190969661483,
    0.9703731490336246,
    0.9710150545227478,
    0.971645001999546,
    0.9722631776808666,
    0.9728697654563961,
    0.9734649469105406,
    0.9740489013441677,
    0.9746218057962129,
    0.9751838350651492,
    0.9757351617303187,
    0.9762759561731303,
    0.9768063865981211,
    0.9773266190538827,
    0.9778368174538536,
    0.9783371435969763,
    0.9788277571882226,
    0.9793088158589833,
    0.9797804751873275,
    0.9802428887181276,
    0.9806962079830536,
    0.9811405825204348,
    0.9815761598949918,
    0.9820030857174368,
    0.9824215036639435,
    0.9828315554954887,
    0.9832333810770628,
    0.9836271183967525,
    0.9840129035846946,
    0.9843908709319021,
    0.9847611529089623,
    0.9851238801846077,
    0.9854791816441612,
    0.9858271844078528,
    0.9861680138490131,
    0.9865017936121397,
    0.9868286456308386,
    0.9871486901456417,
    0.9874620457216997,
    0.987768829266352,
    0.9880691560465723,
    0.988363139706292,
    0.988650892283601,
    0.9889325242278272,
    0.9892081444164932,
    0.989477860172153,
    0.9897417772791074,
    0.99,
    1.0
  ],
  "validation_diagnostic": {
    "selection_score": 0.77764892578125,
    "radial_ks": 1.0,
    "projected_ks_mean": 0.5552978515625,
    "projection_seed": 61719,
    "n_projections": 64,
    "n_generated": 128,
    "n_validation": 199
  },
  "peak_allocated_bytes": 82880000,
  "peak_memory_scope": "model, EMA, optimizer, tiny training and sampling; no downstream decoder/classifier",
  "measured_training_loop_s": 0.6766607239842415,
  "measured_ms_per_step_including_first_step": 42.29129524901509,
  "timing_limitation": "Tiny uncompiled sanity loop; not a steady-state/full-training timing claim",
  "hardware": {
    "host": "auh7-3b-gpu-008",
    "slurm_job_id": "765728",
    "python": "3.10.12",
    "torch": "2.7.1+rocm6.3",
    "cuda": null,
    "hip": "6.3.42131-fa1d09cbd",
    "gpu": "AMD Instinct MI210",
    "vram_bytes": 68702699520
  }
}
SANITY piv_d64
{
  "purpose": "sanity_only_not_paper_result",
  "condition_id": "piv_d64",
  "config_sha256": "37268211f2e2e1ce6dae49b9c0080327c0d467794518a6d43d4db9e2af703c78",
  "implementation_sha256": "3297bfee029c574a545cc713f3266c074896b9051fabfbc3c4cea11e5efbcc41",
  "test_data_used": false,
  "checkpoint_written": false,
  "source": {
    "nu": 5.0,
    "scale": 0.1711365341298747
  },
  "status": "passed",
  "steps": 16,
  "batch_size": 256,
  "precision": "float32",
  "batch_rule": "global_torch",
  "ema": null,
  "evaluation_weights": "raw",
  "loss_reduction": "batch_mean",
  "losses": [
    2.888204574584961,
    2.948603391647339,
    3.311337471008301,
    2.9384708404541016,
    2.9880127906799316,
    3.0489659309387207,
    3.4328720569610596,
    3.261662483215332,
    3.539855480194092,
    3.405083179473877,
    2.902240753173828,
    3.3058109283447266,
    3.202437400817871,
    3.075540542602539,
    3.1703529357910156,
    3.0169260501861572
  ],
  "finite_samples": true,
  "n_generated": 128,
  "nfe": 512,
  "model_calls_total": 512,
  "n_batches": 1,
  "time_grid": [
    0.001,
    0.014142839201640722,
    0.027137192874202465,
    0.03998446162821301,
    0.05268603548503403,
    0.06524329393701911,
    0.07765760600744209,
    0.08993033031020159,
    0.1020628151092906,
    0.11405639837804626,
    0.12591240785816993,
    0.13763216111852128,
    0.14921696561368747,
    0.16066811874232645,
    0.17198690790528537,
    0.1831746105634955,
    0.1942324942956416,
    0.20516181685561163,
    0.21596382622971655,
    0.22663976069369418,
    0.23719084886948782,
    0.247618309781803,
    0.25792335291444424,
    0.26810717826642905,
    0.27817097640788346,
    0.28811592853571577,
    0.2979432065290717,
    0.3076539730045721,
    0.3172493813713263,
    0.32673057588573373,
    0.3360986917060641,
    0.3453548549468207,
    0.3545001827328871,
    0.36353578325345715,
    0.3724627558157487,
    0.3812821908985019,
    0.38999517020526187,
    0.3986027667174463,
    0.4071060447472016,
    0.415506059990039,
    0.4238038595772631,
    0.43200048212818465,
    0.44009695780212066,
    0.44809430835018293,
    0.4559935471668546,
    0.463795679341355,
    0.4715017017087937,
    0.47911260290111635,
    0.4866293633978336,
    0.49405295557655104,
    0.5013843437632801,
    0.5086244842825451,
    0.5157743255072822,
    0.5228348079085277,
    0.5298068641049021,
    0.5366914189118848,
    0.5434893893908832,
    0.550201684898095,
    0.5568292071331671,
    0.563372850187645,
    0.5698335005932214,
    0.576212037369778,
    0.5825093320732246,
    0.5887262488431342,
    0.5948636444501743,
    0.6009223683433368,
    0.6069032626969646,
    0.6128071624575787,
    0.6186348953904979,
    0.6243872821262667,
    0.6300651362068743,
    0.6356692641317785,
    0.641200465403728,
    0.6466595325743857,
    0.6520472512897544,
    0.6573644003354024,
    0.6626117516814922,
    0.667790070527612,
    0.67290011534741,
    0.6779426379330298,
    0.6829183834393552,
    0.6878280904280527,
    0.6926724909114234,
    0.6974523103960578,
    0.7021682679262973,
    0.7068210761275007,
    0.7114114412491179,
    0.7159400632075708,
    0.7204076356289388,
    0.7248148458914581,
    0.7291623751678211,
    0.7334508984672912,
    0.7376810846776227,
    0.7418535966067925,
    0.7459690910245402,
    0.7500282187037188,
    0.7540316244614571,
    0.7579799472001318,
    0.7618738199481536,
    0.765713869900562,
    0.7695007184594358,
    0.7732349812741147,
    0.7769172682812353,
    0.78054818374458,
    0.7841283262947409,
    0.7876582889685979,
    0.7911386592486123,
    0.7945700191019361,
    0.7979529450193358,
    0.8012880080539353,
    0.8045757738597732,
    0.8078168027301783,
    0.8110116496359635,
    0.8141608642634367,
    0.8172649910522308,
    0.820324569232953,
    0.8233401328646535,
    0.8263122108721126,
    0.829241327082952,
    0.8321280002645608,
    0.8349727441608494,
    0.8377760675288202,
    0.8405384741749617,
    0.8432604629914663,
    0.8459425279922695,
    0.8485851583489133,
    0.8511888384262332,
    0.853754047817869,
    0.8562812613816009,
    0.8587709492745111,
    0.8612235769879691,
    0.863639605382445,
    0.8660194907221478,
    0.868363684709492,
    0.8706726345193893,
    0.8729467828333706,
    0.8751865678735337,
    0.8773924234363213,
    0.8795647789261278,
    0.8817040593887335,
    0.8838106855445725,
    0.8858850738218267,
    0.887927636389354,
    0.8899387811894457,
    0.8919189119704158,
    0.8938684283190229,
    0.895787725692724,
    0.8976771954517624,
    0.8995372248910859,
    0.9013681972721038,
    0.9031704918542723,
    0.9049444839265199,
    0.9066905448385039,
    0.9084090420317041,
    0.9101003390703534,
    0.9117647956722019,
    0.9134027677391217,
    0.9150146073875447,
    0.9166006629787421,
    0.9181612791489389,
    0.9196967968392687,
    0.9212075533255669,
    0.9226938822480037,
    0.9241561136405563,
    0.9255945739603214,
    0.9270095861166698,
    0.9284014695002405,
    0.9297705400117767,
    0.9311171100908048,
    0.932441488744155,
    0.9337439815743247,
    0.935024890807686,
    0.9362845153225358,
    0.9375231506769915,
    0.9387410891367305,
    0.9399386197025739,
    0.9411160281379181,
    0.9422735969960097,
    0.9434116056470687,
    0.9445303303052573,
    0.9456300440554968,
    0.9467110168801308,
    0.9477735156854389,
    0.9488178043279961,
    0.9498441436408833,
    0.9508527914597462,
    0.9518440026487042,
    0.95281802912611,
    0.953775119890159,
    0.9547155210443505,
    0.9556394758228011,
    0.9565472246154079,
    0.9574390049928669,
    0.9583150517315426,
    0.9591755968381908,
    0.9600208695745358,
    0.9608510964817022,
    0.9616665014044997,
    0.9624673055155647,
    0.963253727339356,
    0.9640259827760078,
    0.964784285125037,
    0.96552884510891,
    0.9662598708964641,
    0.9669775681261883,
    0.967682139929361,
    0.9683737869530474,
    0.969052707382955,
    0.9697190969661483,
    0.9703731490336246,
    0.9710150545227478,
    0.971645001999546,
    0.9722631776808666,
    0.9728697654563961,
    0.9734649469105406,
    0.9740489013441677,
    0.9746218057962129,
    0.9751838350651492,
    0.9757351617303187,
    0.9762759561731303,
    0.9768063865981211,
    0.9773266190538827,
    0.9778368174538536,
    0.9783371435969763,
    0.9788277571882226,
    0.9793088158589833,
    0.9797804751873275,
    0.9802428887181276,
    0.9806962079830536,
    0.9811405825204348,
    0.9815761598949918,
    0.9820030857174368,
    0.9824215036639435,
    0.9828315554954887,
    0.9832333810770628,
    0.9836271183967525,
    0.9840129035846946,
    0.9843908709319021,
    0.9847611529089623,
    0.9851238801846077,
    0.9854791816441612,
    0.9858271844078528,
    0.9861680138490131,
    0.9865017936121397,
    0.9868286456308386,
    0.9871486901456417,
    0.9874620457216997,
    0.987768829266352,
    0.9880691560465723,
    0.988363139706292,
    0.988650892283601,
    0.9889325242278272,
    0.9892081444164932,
    0.989477860172153,
    0.9897417772791074,
    0.99,
    1.0
  ],
  "validation_diagnostic": {
    "selection_score": 0.7781197245995604,
    "radial_ks": 1.0,
    "projected_ks_mean": 0.5562394491991206,
    "projection_seed": 61719,
    "n_projections": 64,
    "n_generated": 128,
    "n_validation": 199
  },
  "peak_allocated_bytes": 80976896,
  "peak_memory_scope": "model, EMA, optimizer, tiny training and sampling; no downstream decoder/classifier",
  "measured_training_loop_s": 0.6736197583377361,
  "measured_ms_per_step_including_first_step": 42.10123489610851,
  "timing_limitation": "Tiny uncompiled sanity loop; not a steady-state/full-training timing claim",
  "hardware": {
    "host": "auh7-3b-gpu-008",
    "slurm_job_id": "765728",
    "python": "3.10.12",
    "torch": "2.7.1+rocm6.3",
    "cuda": null,
    "hip": "6.3.42131-fa1d09cbd",
    "gpu": "AMD Instinct MI210",
    "vram_bytes": 68702699520
  }
}
SANITY student_t_d128_df3.0_cor
{
  "purpose": "sanity_only_not_paper_result",
  "condition_id": "student_t_d128_df3.0_cor",
  "config_sha256": "f0c6e455981bc7608a84713d52a57c241051ce96dd328f1ab4b7327ac89fe959",
  "implementation_sha256": "3297bfee029c574a545cc713f3266c074896b9051fabfbc3c4cea11e5efbcc41",
  "test_data_used": false,
  "checkpoint_written": false,
  "source": {
    "nu": 5.0,
    "scale": 16.79623438245986
  },
  "status": "passed",
  "steps": 16,
  "batch_size": 256,
  "precision": "float32",
  "batch_rule": "global_torch",
  "ema": null,
  "evaluation_weights": "raw",
  "loss_reduction": "batch_mean",
  "losses": [
    52711.125,
    54427.1875,
    61764.03125,
    55324.46875,
    57344.296875,
    58928.0234375,
    67566.875,
    64154.5078125,
    64494.703125,
    66670.109375,
    56499.0,
    62513.08203125,
    61093.50390625,
    60051.6796875,
    60332.47265625,
    57462.5390625
  ],
  "finite_samples": true,
  "n_generated": 128,
  "nfe": 512,
  "model_calls_total": 512,
  "n_batches": 1,
  "time_grid": [
    0.001,
    0.014142839201640722,
    0.027137192874202465,
    0.03998446162821301,
    0.05268603548503403,
    0.06524329393701911,
    0.07765760600744209,
    0.08993033031020159,
    0.1020628151092906,
    0.11405639837804626,
    0.12591240785816993,
    0.13763216111852128,
    0.14921696561368747,
    0.16066811874232645,
    0.17198690790528537,
    0.1831746105634955,
    0.1942324942956416,
    0.20516181685561163,
    0.21596382622971655,
    0.22663976069369418,
    0.23719084886948782,
    0.247618309781803,
    0.25792335291444424,
    0.26810717826642905,
    0.27817097640788346,
    0.28811592853571577,
    0.2979432065290717,
    0.3076539730045721,
    0.3172493813713263,
    0.32673057588573373,
    0.3360986917060641,
    0.3453548549468207,
    0.3545001827328871,
    0.36353578325345715,
    0.3724627558157487,
    0.3812821908985019,
    0.38999517020526187,
    0.3986027667174463,
    0.4071060447472016,
    0.415506059990039,
    0.4238038595772631,
    0.43200048212818465,
    0.44009695780212066,
    0.44809430835018293,
    0.4559935471668546,
    0.463795679341355,
    0.4715017017087937,
    0.47911260290111635,
    0.4866293633978336,
    0.49405295557655104,
    0.5013843437632801,
    0.5086244842825451,
    0.5157743255072822,
    0.5228348079085277,
    0.5298068641049021,
    0.5366914189118848,
    0.5434893893908832,
    0.550201684898095,
    0.5568292071331671,
    0.563372850187645,
    0.5698335005932214,
    0.576212037369778,
    0.5825093320732246,
    0.5887262488431342,
    0.5948636444501743,
    0.6009223683433368,
    0.6069032626969646,
    0.6128071624575787,
    0.6186348953904979,
    0.6243872821262667,
    0.6300651362068743,
    0.6356692641317785,
    0.641200465403728,
    0.6466595325743857,
    0.6520472512897544,
    0.6573644003354024,
    0.6626117516814922,
    0.667790070527612,
    0.67290011534741,
    0.6779426379330298,
    0.6829183834393552,
    0.6878280904280527,
    0.6926724909114234,
    0.6974523103960578,
    0.7021682679262973,
    0.7068210761275007,
    0.7114114412491179,
    0.7159400632075708,
    0.7204076356289388,
    0.7248148458914581,
    0.7291623751678211,
    0.7334508984672912,
    0.7376810846776227,
    0.7418535966067925,
    0.7459690910245402,
    0.7500282187037188,
    0.7540316244614571,
    0.7579799472001318,
    0.7618738199481536,
    0.765713869900562,
    0.7695007184594358,
    0.7732349812741147,
    0.7769172682812353,
    0.78054818374458,
    0.7841283262947409,
    0.7876582889685979,
    0.7911386592486123,
    0.7945700191019361,
    0.7979529450193358,
    0.8012880080539353,
    0.8045757738597732,
    0.8078168027301783,
    0.8110116496359635,
    0.8141608642634367,
    0.8172649910522308,
    0.820324569232953,
    0.8233401328646535,
    0.8263122108721126,
    0.829241327082952,
    0.8321280002645608,
    0.8349727441608494,
    0.8377760675288202,
    0.8405384741749617,
    0.8432604629914663,
    0.8459425279922695,
    0.8485851583489133,
    0.8511888384262332,
    0.853754047817869,
    0.8562812613816009,
    0.8587709492745111,
    0.8612235769879691,
    0.863639605382445,
    0.8660194907221478,
    0.868363684709492,
    0.8706726345193893,
    0.8729467828333706,
    0.8751865678735337,
    0.8773924234363213,
    0.8795647789261278,
    0.8817040593887335,
    0.8838106855445725,
    0.8858850738218267,
    0.887927636389354,
    0.8899387811894457,
    0.8919189119704158,
    0.8938684283190229,
    0.895787725692724,
    0.8976771954517624,
    0.8995372248910859,
    0.9013681972721038,
    0.9031704918542723,
    0.9049444839265199,
    0.9066905448385039,
    0.9084090420317041,
    0.9101003390703534,
    0.9117647956722019,
    0.9134027677391217,
    0.9150146073875447,
    0.9166006629787421,
    0.9181612791489389,
    0.9196967968392687,
    0.9212075533255669,
    0.9226938822480037,
    0.9241561136405563,
    0.9255945739603214,
    0.9270095861166698,
    0.9284014695002405,
    0.9297705400117767,
    0.9311171100908048,
    0.932441488744155,
    0.9337439815743247,
    0.935024890807686,
    0.9362845153225358,
    0.9375231506769915,
    0.9387410891367305,
    0.9399386197025739,
    0.9411160281379181,
    0.9422735969960097,
    0.9434116056470687,
    0.9445303303052573,
    0.9456300440554968,
    0.9467110168801308,
    0.9477735156854389,
    0.9488178043279961,
    0.9498441436408833,
    0.9508527914597462,
    0.9518440026487042,
    0.95281802912611,
    0.953775119890159,
    0.9547155210443505,
    0.9556394758228011,
    0.9565472246154079,
    0.9574390049928669,
    0.9583150517315426,
    0.9591755968381908,
    0.9600208695745358,
    0.9608510964817022,
    0.9616665014044997,
    0.9624673055155647,
    0.963253727339356,
    0.9640259827760078,
    0.964784285125037,
    0.96552884510891,
    0.9662598708964641,
    0.9669775681261883,
    0.967682139929361,
    0.9683737869530474,
    0.969052707382955,
    0.9697190969661483,
    0.9703731490336246,
    0.9710150545227478,
    0.971645001999546,
    0.9722631776808666,
    0.9728697654563961,
    0.9734649469105406,
    0.9740489013441677,
    0.9746218057962129,
    0.9751838350651492,
    0.9757351617303187,
    0.9762759561731303,
    0.9768063865981211,
    0.9773266190538827,
    0.9778368174538536,
    0.9783371435969763,
    0.9788277571882226,
    0.9793088158589833,
    0.9797804751873275,
    0.9802428887181276,
    0.9806962079830536,
    0.9811405825204348,
    0.9815761598949918,
    0.9820030857174368,
    0.9824215036639435,
    0.9828315554954887,
    0.9832333810770628,
    0.9836271183967525,
    0.9840129035846946,
    0.9843908709319021,
    0.9847611529089623,
    0.9851238801846077,
    0.9854791816441612,
    0.9858271844078528,
    0.9861680138490131,
    0.9865017936121397,
    0.9868286456308386,
    0.9871486901456417,
    0.9874620457216997,
    0.987768829266352,
    0.9880691560465723,
    0.988363139706292,
    0.988650892283601,
    0.9889325242278272,
    0.9892081444164932,
    0.989477860172153,
    0.9897417772791074,
    0.99,
    1.0
  ],
  "validation_diagnostic": {
    "selection_score": 0.77976357421875,
    "radial_ks": 1.0,
    "projected_ks_mean": 0.5595271484375,
    "projection_seed": 61719,
    "n_projections": 64,
    "n_generated": 128,
    "n_validation": 10000
  },
  "peak_allocated_bytes": 96642560,
  "peak_memory_scope": "model, EMA, optimizer, tiny training and sampling; no downstream decoder/classifier",
  "measured_training_loop_s": 0.6700347438454628,
  "measured_ms_per_step_including_first_step": 41.877171490341425,
  "timing_limitation": "Tiny uncompiled sanity loop; not a steady-state/full-training timing claim",
  "hardware": {
    "host": "auh7-3b-gpu-008",
    "slurm_job_id": "765728",
    "python": "3.10.12",
    "torch": "2.7.1+rocm6.3",
    "cuda": null,
    "hip": "6.3.42131-fa1d09cbd",
    "gpu": "AMD Instinct MI210",
    "vram_bytes": 68702699520
  }
}
SANITY student_t_d16_df1.5_cor
{
  "purpose": "sanity_only_not_paper_result",
  "condition_id": "student_t_d16_df1.5_cor",
  "config_sha256": "891c97f282582cb0758f67e7b242a18ea8cc7cc494324405bb970a44cd0d88fe",
  "implementation_sha256": "3297bfee029c574a545cc713f3266c074896b9051fabfbc3c4cea11e5efbcc41",
  "test_data_used": false,
  "checkpoint_written": false,
  "source": {
    "nu": 5.0,
    "scale": 8.728811959914498
  },
  "status": "passed",
  "steps": 16,
  "batch_size": 256,
  "precision": "float32",
  "batch_rule": "global_torch",
  "ema": null,
  "evaluation_weights": "raw",
  "loss_reduction": "batch_mean",
  "losses": [
    1713.303955078125,
    1840.823974609375,
    2163.70751953125,
    1887.1900634765625,
    1975.8870849609375,
    1873.2254638671875,
    2096.869140625,
    2314.021484375,
    2115.613037109375,
    2210.18994140625,
    1857.3262939453125,
    2015.8310546875,
    1968.113037109375,
    1975.2843017578125,
    1953.4375,
    2030.138427734375
  ],
  "finite_samples": true,
  "n_generated": 128,
  "nfe": 512,
  "model_calls_total": 512,
  "n_batches": 1,
  "time_grid": [
    0.001,
    0.014142839201640722,
    0.027137192874202465,
    0.03998446162821301,
    0.05268603548503403,
    0.06524329393701911,
    0.07765760600744209,
    0.08993033031020159,
    0.1020628151092906,
    0.11405639837804626,
    0.12591240785816993,
    0.13763216111852128,
    0.14921696561368747,
    0.16066811874232645,
    0.17198690790528537,
    0.1831746105634955,
    0.1942324942956416,
    0.20516181685561163,
    0.21596382622971655,
    0.22663976069369418,
    0.23719084886948782,
    0.247618309781803,
    0.25792335291444424,
    0.26810717826642905,
    0.27817097640788346,
    0.28811592853571577,
    0.2979432065290717,
    0.3076539730045721,
    0.3172493813713263,
    0.32673057588573373,
    0.3360986917060641,
    0.3453548549468207,
    0.3545001827328871,
    0.36353578325345715,
    0.3724627558157487,
    0.3812821908985019,
    0.38999517020526187,
    0.3986027667174463,
    0.4071060447472016,
    0.415506059990039,
    0.4238038595772631,
    0.43200048212818465,
    0.44009695780212066,
    0.44809430835018293,
    0.4559935471668546,
    0.463795679341355,
    0.4715017017087937,
    0.47911260290111635,
    0.4866293633978336,
    0.49405295557655104,
    0.5013843437632801,
    0.5086244842825451,
    0.5157743255072822,
    0.5228348079085277,
    0.5298068641049021,
    0.5366914189118848,
    0.5434893893908832,
    0.550201684898095,
    0.5568292071331671,
    0.563372850187645,
    0.5698335005932214,
    0.576212037369778,
    0.5825093320732246,
    0.5887262488431342,
    0.5948636444501743,
    0.6009223683433368,
    0.6069032626969646,
    0.6128071624575787,
    0.6186348953904979,
    0.6243872821262667,
    0.6300651362068743,
    0.6356692641317785,
    0.641200465403728,
    0.6466595325743857,
    0.6520472512897544,
    0.6573644003354024,
    0.6626117516814922,
    0.667790070527612,
    0.67290011534741,
    0.6779426379330298,
    0.6829183834393552,
    0.6878280904280527,
    0.6926724909114234,
    0.6974523103960578,
    0.7021682679262973,
    0.7068210761275007,
    0.7114114412491179,
    0.7159400632075708,
    0.7204076356289388,
    0.7248148458914581,
    0.7291623751678211,
    0.7334508984672912,
    0.7376810846776227,
    0.7418535966067925,
    0.7459690910245402,
    0.7500282187037188,
    0.7540316244614571,
    0.7579799472001318,
    0.7618738199481536,
    0.765713869900562,
    0.7695007184594358,
    0.7732349812741147,
    0.7769172682812353,
    0.78054818374458,
    0.7841283262947409,
    0.7876582889685979,
    0.7911386592486123,
    0.7945700191019361,
    0.7979529450193358,
    0.8012880080539353,
    0.8045757738597732,
    0.8078168027301783,
    0.8110116496359635,
    0.8141608642634367,
    0.8172649910522308,
    0.820324569232953,
    0.8233401328646535,
    0.8263122108721126,
    0.829241327082952,
    0.8321280002645608,
    0.8349727441608494,
    0.8377760675288202,
    0.8405384741749617,
    0.8432604629914663,
    0.8459425279922695,
    0.8485851583489133,
    0.8511888384262332,
    0.853754047817869,
    0.8562812613816009,
    0.8587709492745111,
    0.8612235769879691,
    0.863639605382445,
    0.8660194907221478,
    0.868363684709492,
    0.8706726345193893,
    0.8729467828333706,
    0.8751865678735337,
    0.8773924234363213,
    0.8795647789261278,
    0.8817040593887335,
    0.8838106855445725,
    0.8858850738218267,
    0.887927636389354,
    0.8899387811894457,
    0.8919189119704158,
    0.8938684283190229,
    0.895787725692724,
    0.8976771954517624,
    0.8995372248910859,
    0.9013681972721038,
    0.9031704918542723,
    0.9049444839265199,
    0.9066905448385039,
    0.9084090420317041,
    0.9101003390703534,
    0.9117647956722019,
    0.9134027677391217,
    0.9150146073875447,
    0.9166006629787421,
    0.9181612791489389,
    0.9196967968392687,
    0.9212075533255669,
    0.9226938822480037,
    0.9241561136405563,
    0.9255945739603214,
    0.9270095861166698,
    0.9284014695002405,
    0.9297705400117767,
    0.9311171100908048,
    0.932441488744155,
    0.9337439815743247,
    0.935024890807686,
    0.9362845153225358,
    0.9375231506769915,
    0.9387410891367305,
    0.9399386197025739,
    0.9411160281379181,
    0.9422735969960097,
    0.9434116056470687,
    0.9445303303052573,
    0.9456300440554968,
    0.9467110168801308,
    0.9477735156854389,
    0.9488178043279961,
    0.9498441436408833,
    0.9508527914597462,
    0.9518440026487042,
    0.95281802912611,
    0.953775119890159,
    0.9547155210443505,
    0.9556394758228011,
    0.9565472246154079,
    0.9574390049928669,
    0.9583150517315426,
    0.9591755968381908,
    0.9600208695745358,
    0.9608510964817022,
    0.9616665014044997,
    0.9624673055155647,
    0.963253727339356,
    0.9640259827760078,
    0.964784285125037,
    0.96552884510891,
    0.9662598708964641,
    0.9669775681261883,
    0.967682139929361,
    0.9683737869530474,
    0.969052707382955,
    0.9697190969661483,
    0.9703731490336246,
    0.9710150545227478,
    0.971645001999546,
    0.9722631776808666,
    0.9728697654563961,
    0.9734649469105406,
    0.9740489013441677,
    0.9746218057962129,
    0.9751838350651492,
    0.9757351617303187,
    0.9762759561731303,
    0.9768063865981211,
    0.9773266190538827,
    0.9778368174538536,
    0.9783371435969763,
    0.9788277571882226,
    0.9793088158589833,
    0.9797804751873275,
    0.9802428887181276,
    0.9806962079830536,
    0.9811405825204348,
    0.9815761598949918,
    0.9820030857174368,
    0.9824215036639435,
    0.9828315554954887,
    0.9832333810770628,
    0.9836271183967525,
    0.9840129035846946,
    0.9843908709319021,
    0.9847611529089623,
    0.9851238801846077,
    0.9854791816441612,
    0.9858271844078528,
    0.9861680138490131,
    0.9865017936121397,
    0.9868286456308386,
    0.9871486901456417,
    0.9874620457216997,
    0.987768829266352,
    0.9880691560465723,
    0.988363139706292,
    0.988650892283601,
    0.9889325242278272,
    0.9892081444164932,
    0.989477860172153,
    0.9897417772791074,
    0.99,
    1.0
  ],
  "validation_diagnostic": {
    "selection_score": 0.77148037109375,
    "radial_ks": 0.9998,
    "projected_ks_mean": 0.5431607421875,
    "projection_seed": 61719,
    "n_projections": 64,
    "n_generated": 128,
    "n_validation": 10000
  },
  "peak_allocated_bytes": 82399744,
  "peak_memory_scope": "model, EMA, optimizer, tiny training and sampling; no downstream decoder/classifier",
  "measured_training_loop_s": 0.6714873388409615,
  "measured_ms_per_step_including_first_step": 41.96795867756009,
  "timing_limitation": "Tiny uncompiled sanity loop; not a steady-state/full-training timing claim",
  "hardware": {
    "host": "auh7-3b-gpu-008",
    "slurm_job_id": "765728",
    "python": "3.10.12",
    "torch": "2.7.1+rocm6.3",
    "cuda": null,
    "hip": "6.3.42131-fa1d09cbd",
    "gpu": "AMD Instinct MI210",
    "vram_bytes": 68702699520
  }
}
SANITY student_t_d16_df10.0_cor
{
  "purpose": "sanity_only_not_paper_result",
  "condition_id": "student_t_d16_df10.0_cor",
  "config_sha256": "6c1bf2e63dfd28699e8680c8fb6902661f978cfd06b4cf6da9ff87e7c36a4d02",
  "implementation_sha256": "3297bfee029c574a545cc713f3266c074896b9051fabfbc3c4cea11e5efbcc41",
  "test_data_used": false,
  "checkpoint_written": false,
  "source": {
    "nu": 5.0,
    "scale": 3.9586112637612527
  },
  "status": "passed",
  "steps": 16,
  "batch_size": 256,
  "precision": "float32",
  "batch_rule": "global_torch",
  "ema": null,
  "evaluation_weights": "raw",
  "loss_reduction": "batch_mean",
  "losses": [
    351.4956359863281,
    376.9914245605469,
    443.98895263671875,
    386.6200256347656,
    403.81280517578125,
    383.3681945800781,
    427.08099365234375,
    466.3443603515625,
    431.2348327636719,
    448.7507629394531,
    375.851806640625,
    405.6717834472656,
    395.59735107421875,
    393.51959228515625,
    390.9860534667969,
    370.5335388183594
  ],
  "finite_samples": true,
  "n_generated": 128,
  "nfe": 512,
  "model_calls_total": 512,
  "n_batches": 1,
  "time_grid": [
    0.001,
    0.014142839201640722,
    0.027137192874202465,
    0.03998446162821301,
    0.05268603548503403,
    0.06524329393701911,
    0.07765760600744209,
    0.08993033031020159,
    0.1020628151092906,
    0.11405639837804626,
    0.12591240785816993,
    0.13763216111852128,
    0.14921696561368747,
    0.16066811874232645,
    0.17198690790528537,
    0.1831746105634955,
    0.1942324942956416,
    0.20516181685561163,
    0.21596382622971655,
    0.22663976069369418,
    0.23719084886948782,
    0.247618309781803,
    0.25792335291444424,
    0.26810717826642905,
    0.27817097640788346,
    0.28811592853571577,
    0.2979432065290717,
    0.3076539730045721,
    0.3172493813713263,
    0.32673057588573373,
    0.3360986917060641,
    0.3453548549468207,
    0.3545001827328871,
    0.36353578325345715,
    0.3724627558157487,
    0.3812821908985019,
    0.38999517020526187,
    0.3986027667174463,
    0.4071060447472016,
    0.415506059990039,
    0.4238038595772631,
    0.43200048212818465,
    0.44009695780212066,
    0.44809430835018293,
    0.4559935471668546,
    0.463795679341355,
    0.4715017017087937,
    0.47911260290111635,
    0.4866293633978336,
    0.49405295557655104,
    0.5013843437632801,
    0.5086244842825451,
    0.5157743255072822,
    0.5228348079085277,
    0.5298068641049021,
    0.5366914189118848,
    0.5434893893908832,
    0.550201684898095,
    0.5568292071331671,
    0.563372850187645,
    0.5698335005932214,
    0.576212037369778,
    0.5825093320732246,
    0.5887262488431342,
    0.5948636444501743,
    0.6009223683433368,
    0.6069032626969646,
    0.6128071624575787,
    0.6186348953904979,
    0.6243872821262667,
    0.6300651362068743,
    0.6356692641317785,
    0.641200465403728,
    0.6466595325743857,
    0.6520472512897544,
    0.6573644003354024,
    0.6626117516814922,
    0.667790070527612,
    0.67290011534741,
    0.6779426379330298,
    0.6829183834393552,
    0.6878280904280527,
    0.6926724909114234,
    0.6974523103960578,
    0.7021682679262973,
    0.7068210761275007,
    0.7114114412491179,
    0.7159400632075708,
    0.7204076356289388,
    0.7248148458914581,
    0.7291623751678211,
    0.7334508984672912,
    0.7376810846776227,
    0.7418535966067925,
    0.7459690910245402,
    0.7500282187037188,
    0.7540316244614571,
    0.7579799472001318,
    0.7618738199481536,
    0.765713869900562,
    0.7695007184594358,
    0.7732349812741147,
    0.7769172682812353,
    0.78054818374458,
    0.7841283262947409,
    0.7876582889685979,
    0.7911386592486123,
    0.7945700191019361,
    0.7979529450193358,
    0.8012880080539353,
    0.8045757738597732,
    0.8078168027301783,
    0.8110116496359635,
    0.8141608642634367,
    0.8172649910522308,
    0.820324569232953,
    0.8233401328646535,
    0.8263122108721126,
    0.829241327082952,
    0.8321280002645608,
    0.8349727441608494,
    0.8377760675288202,
    0.8405384741749617,
    0.8432604629914663,
    0.8459425279922695,
    0.8485851583489133,
    0.8511888384262332,
    0.853754047817869,
    0.8562812613816009,
    0.8587709492745111,
    0.8612235769879691,
    0.863639605382445,
    0.8660194907221478,
    0.868363684709492,
    0.8706726345193893,
    0.8729467828333706,
    0.8751865678735337,
    0.8773924234363213,
    0.8795647789261278,
    0.8817040593887335,
    0.8838106855445725,
    0.8858850738218267,
    0.887927636389354,
    0.8899387811894457,
    0.8919189119704158,
    0.8938684283190229,
    0.895787725692724,
    0.8976771954517624,
    0.8995372248910859,
    0.9013681972721038,
    0.9031704918542723,
    0.9049444839265199,
    0.9066905448385039,
    0.9084090420317041,
    0.9101003390703534,
    0.9117647956722019,
    0.9134027677391217,
    0.9150146073875447,
    0.9166006629787421,
    0.9181612791489389,
    0.9196967968392687,
    0.9212075533255669,
    0.9226938822480037,
    0.9241561136405563,
    0.9255945739603214,
    0.9270095861166698,
    0.9284014695002405,
    0.9297705400117767,
    0.9311171100908048,
    0.932441488744155,
    0.9337439815743247,
    0.935024890807686,
    0.9362845153225358,
    0.9375231506769915,
    0.9387410891367305,
    0.9399386197025739,
    0.9411160281379181,
    0.9422735969960097,
    0.9434116056470687,
    0.9445303303052573,
    0.9456300440554968,
    0.9467110168801308,
    0.9477735156854389,
    0.9488178043279961,
    0.9498441436408833,
    0.9508527914597462,
    0.9518440026487042,
    0.95281802912611,
    0.953775119890159,
    0.9547155210443505,
    0.9556394758228011,
    0.9565472246154079,
    0.9574390049928669,
    0.9583150517315426,
    0.9591755968381908,
    0.9600208695745358,
    0.9608510964817022,
    0.9616665014044997,
    0.9624673055155647,
    0.963253727339356,
    0.9640259827760078,
    0.964784285125037,
    0.96552884510891,
    0.9662598708964641,
    0.9669775681261883,
    0.967682139929361,
    0.9683737869530474,
    0.969052707382955,
    0.9697190969661483,
    0.9703731490336246,
    0.9710150545227478,
    0.971645001999546,
    0.9722631776808666,
    0.9728697654563961,
    0.9734649469105406,
    0.9740489013441677,
    0.9746218057962129,
    0.9751838350651492,
    0.9757351617303187,
    0.9762759561731303,
    0.9768063865981211,
    0.9773266190538827,
    0.9778368174538536,
    0.9783371435969763,
    0.9788277571882226,
    0.9793088158589833,
    0.9797804751873275,
    0.9802428887181276,
    0.9806962079830536,
    0.9811405825204348,
    0.9815761598949918,
    0.9820030857174368,
    0.9824215036639435,
    0.9828315554954887,
    0.9832333810770628,
    0.9836271183967525,
    0.9840129035846946,
    0.9843908709319021,
    0.9847611529089623,
    0.9851238801846077,
    0.9854791816441612,
    0.9858271844078528,
    0.9861680138490131,
    0.9865017936121397,
    0.9868286456308386,
    0.9871486901456417,
    0.9874620457216997,
    0.987768829266352,
    0.9880691560465723,
    0.988363139706292,
    0.988650892283601,
    0.9889325242278272,
    0.9892081444164932,
    0.989477860172153,
    0.9897417772791074,
    0.99,
    1.0
  ],
  "validation_diagnostic": {
    "selection_score": 0.8139603515625,
    "radial_ks": 1.0,
    "projected_ks_mean": 0.627920703125,
    "projection_seed": 61719,
    "n_projections": 64,
    "n_generated": 128,
    "n_validation": 10000
  },
  "peak_allocated_bytes": 82399744,
  "peak_memory_scope": "model, EMA, optimizer, tiny training and sampling; no downstream decoder/classifier",
  "measured_training_loop_s": 0.673863347619772,
  "measured_ms_per_step_including_first_step": 42.11645922623575,
  "timing_limitation": "Tiny uncompiled sanity loop; not a steady-state/full-training timing claim",
  "hardware": {
    "host": "auh7-3b-gpu-008",
    "slurm_job_id": "765728",
    "python": "3.10.12",
    "torch": "2.7.1+rocm6.3",
    "cuda": null,
    "hip": "6.3.42131-fa1d09cbd",
    "gpu": "AMD Instinct MI210",
    "vram_bytes": 68702699520
  }
}
SANITY student_t_d16_df2.0_cor
{
  "purpose": "sanity_only_not_paper_result",
  "condition_id": "student_t_d16_df2.0_cor",
  "config_sha256": "71f380b1bef80aaa5d3a7d2e5fef628c037e5ecf9f11bba58750b2ab5be3cfa6",
  "implementation_sha256": "3297bfee029c574a545cc713f3266c074896b9051fabfbc3c4cea11e5efbcc41",
  "test_data_used": false,
  "checkpoint_written": false,
  "source": {
    "nu": 5.0,
    "scale": 6.6295323749248105
  },
  "status": "passed",
  "steps": 16,
  "batch_size": 256,
  "precision": "float32",
  "batch_rule": "global_torch",
  "ema": null,
  "evaluation_weights": "raw",
  "loss_reduction": "batch_mean",
  "losses": [
    986.9684448242188,
    1066.06298828125,
    1248.7890625,
    1088.626708984375,
    1137.512939453125,
    1078.30419921875,
    1205.4398193359375,
    1321.490234375,
    1221.45166015625,
    1275.02734375,
    1082.422119140625,
    1155.46826171875,
    1125.33935546875,
    1126.20361328125,
    1117.5765380859375,
    1054.396728515625
  ],
  "finite_samples": true,
  "n_generated": 128,
  "nfe": 512,
  "model_calls_total": 512,
  "n_batches": 1,
  "time_grid": [
    0.001,
    0.014142839201640722,
    0.027137192874202465,
    0.03998446162821301,
    0.05268603548503403,
    0.06524329393701911,
    0.07765760600744209,
    0.08993033031020159,
    0.1020628151092906,
    0.11405639837804626,
    0.12591240785816993,
    0.13763216111852128,
    0.14921696561368747,
    0.16066811874232645,
    0.17198690790528537,
    0.1831746105634955,
    0.1942324942956416,
    0.20516181685561163,
    0.21596382622971655,
    0.22663976069369418,
    0.23719084886948782,
    0.247618309781803,
    0.25792335291444424,
    0.26810717826642905,
    0.27817097640788346,
    0.28811592853571577,
    0.2979432065290717,
    0.3076539730045721,
    0.3172493813713263,
    0.32673057588573373,
    0.3360986917060641,
    0.3453548549468207,
    0.3545001827328871,
    0.36353578325345715,
    0.3724627558157487,
    0.3812821908985019,
    0.38999517020526187,
    0.3986027667174463,
    0.4071060447472016,
    0.415506059990039,
    0.4238038595772631,
    0.43200048212818465,
    0.44009695780212066,
    0.44809430835018293,
    0.4559935471668546,
    0.463795679341355,
    0.4715017017087937,
    0.47911260290111635,
    0.4866293633978336,
    0.49405295557655104,
    0.5013843437632801,
    0.5086244842825451,
    0.5157743255072822,
    0.5228348079085277,
    0.5298068641049021,
    0.5366914189118848,
    0.5434893893908832,
    0.550201684898095,
    0.5568292071331671,
    0.563372850187645,
    0.5698335005932214,
    0.576212037369778,
    0.5825093320732246,
    0.5887262488431342,
    0.5948636444501743,
    0.6009223683433368,
    0.6069032626969646,
    0.6128071624575787,
    0.6186348953904979,
    0.6243872821262667,
    0.6300651362068743,
    0.6356692641317785,
    0.641200465403728,
    0.6466595325743857,
    0.6520472512897544,
    0.6573644003354024,
    0.6626117516814922,
    0.667790070527612,
    0.67290011534741,
    0.6779426379330298,
    0.6829183834393552,
    0.6878280904280527,
    0.6926724909114234,
    0.6974523103960578,
    0.7021682679262973,
    0.7068210761275007,
    0.7114114412491179,
    0.7159400632075708,
    0.7204076356289388,
    0.7248148458914581,
    0.7291623751678211,
    0.7334508984672912,
    0.7376810846776227,
    0.7418535966067925,
    0.7459690910245402,
    0.7500282187037188,
    0.7540316244614571,
    0.7579799472001318,
    0.7618738199481536,
    0.765713869900562,
    0.7695007184594358,
    0.7732349812741147,
    0.7769172682812353,
    0.78054818374458,
    0.7841283262947409,
    0.7876582889685979,
    0.7911386592486123,
    0.7945700191019361,
    0.7979529450193358,
    0.8012880080539353,
    0.8045757738597732,
    0.8078168027301783,
    0.8110116496359635,
    0.8141608642634367,
    0.8172649910522308,
    0.820324569232953,
    0.8233401328646535,
    0.8263122108721126,
    0.829241327082952,
    0.8321280002645608,
    0.8349727441608494,
    0.8377760675288202,
    0.8405384741749617,
    0.8432604629914663,
    0.8459425279922695,
    0.8485851583489133,
    0.8511888384262332,
    0.853754047817869,
    0.8562812613816009,
    0.8587709492745111,
    0.8612235769879691,
    0.863639605382445,
    0.8660194907221478,
    0.868363684709492,
    0.8706726345193893,
    0.8729467828333706,
    0.8751865678735337,
    0.8773924234363213,
    0.8795647789261278,
    0.8817040593887335,
    0.8838106855445725,
    0.8858850738218267,
    0.887927636389354,
    0.8899387811894457,
    0.8919189119704158,
    0.8938684283190229,
    0.895787725692724,
    0.8976771954517624,
    0.8995372248910859,
    0.9013681972721038,
    0.9031704918542723,
    0.9049444839265199,
    0.9066905448385039,
    0.9084090420317041,
    0.9101003390703534,
    0.9117647956722019,
    0.9134027677391217,
    0.9150146073875447,
    0.9166006629787421,
    0.9181612791489389,
    0.9196967968392687,
    0.9212075533255669,
    0.9226938822480037,
    0.9241561136405563,
    0.9255945739603214,
    0.9270095861166698,
    0.9284014695002405,
    0.9297705400117767,
    0.9311171100908048,
    0.932441488744155,
    0.9337439815743247,
    0.935024890807686,
    0.9362845153225358,
    0.9375231506769915,
    0.9387410891367305,
    0.9399386197025739,
    0.9411160281379181,
    0.9422735969960097,
    0.9434116056470687,
    0.9445303303052573,
    0.9456300440554968,
    0.9467110168801308,
    0.9477735156854389,
    0.9488178043279961,
    0.9498441436408833,
    0.9508527914597462,
    0.9518440026487042,
    0.95281802912611,
    0.953775119890159,
    0.9547155210443505,
    0.9556394758228011,
    0.9565472246154079,
    0.9574390049928669,
    0.9583150517315426,
    0.9591755968381908,
    0.9600208695745358,
    0.9608510964817022,
    0.9616665014044997,
    0.9624673055155647,
    0.963253727339356,
    0.9640259827760078,
    0.964784285125037,
    0.96552884510891,
    0.9662598708964641,
    0.9669775681261883,
    0.967682139929361,
    0.9683737869530474,
    0.969052707382955,
    0.9697190969661483,
    0.9703731490336246,
    0.9710150545227478,
    0.971645001999546,
    0.9722631776808666,
    0.9728697654563961,
    0.9734649469105406,
    0.9740489013441677,
    0.9746218057962129,
    0.9751838350651492,
    0.9757351617303187,
    0.9762759561731303,
    0.9768063865981211,
    0.9773266190538827,
    0.9778368174538536,
    0.9783371435969763,
    0.9788277571882226,
    0.9793088158589833,
    0.9797804751873275,
    0.9802428887181276,
    0.9806962079830536,
    0.9811405825204348,
    0.9815761598949918,
    0.9820030857174368,
    0.9824215036639435,
    0.9828315554954887,
    0.9832333810770628,
    0.9836271183967525,
    0.9840129035846946,
    0.9843908709319021,
    0.9847611529089623,
    0.9851238801846077,
    0.9854791816441612,
    0.9858271844078528,
    0.9861680138490131,
    0.9865017936121397,
    0.9868286456308386,
    0.9871486901456417,
    0.9874620457216997,
    0.987768829266352,
    0.9880691560465723,
    0.988363139706292,
    0.988650892283601,
    0.9889325242278272,
    0.9892081444164932,
    0.989477860172153,
    0.9897417772791074,
    0.99,
    1.0
  ],
  "validation_diagnostic": {
    "selection_score": 0.780237109375,
    "radial_ks": 1.0,
    "projected_ks_mean": 0.56047421875,
    "projection_seed": 61719,
    "n_projections": 64,
    "n_generated": 128,
    "n_validation": 10000
  },
  "peak_allocated_bytes": 82399744,
  "peak_memory_scope": "model, EMA, optimizer, tiny training and sampling; no downstream decoder/classifier",
  "measured_training_loop_s": 0.6812008209526539,
  "measured_ms_per_step_including_first_step": 42.57505130954087,
  "timing_limitation": "Tiny uncompiled sanity loop; not a steady-state/full-training timing claim",
  "hardware": {
    "host": "auh7-3b-gpu-008",
    "slurm_job_id": "765728",
    "python": "3.10.12",
    "torch": "2.7.1+rocm6.3",
    "cuda": null,
    "hip": "6.3.42131-fa1d09cbd",
    "gpu": "AMD Instinct MI210",
    "vram_bytes": 68702699520
  }
}
SANITY student_t_d16_df3.0_cor
{
  "purpose": "sanity_only_not_paper_result",
  "condition_id": "student_t_d16_df3.0_cor",
  "config_sha256": "651c8ba8997dc52b454848c36ea71ff92bd77bc67beecda2c6f775e50e40ef1e",
  "implementation_sha256": "3297bfee029c574a545cc713f3266c074896b9051fabfbc3c4cea11e5efbcc41",
  "test_data_used": false,
  "checkpoint_written": false,
  "source": {
    "nu": 5.0,
    "scale": 5.196126291873518
  },
  "status": "passed",
  "steps": 16,
  "batch_size": 256,
  "precision": "float32",
  "batch_rule": "global_torch",
  "ema": null,
  "evaluation_weights": "raw",
  "loss_reduction": "batch_mean",
  "losses": [
    606.3521118164062,
    649.4527587890625,
    765.2001953125,
    666.1158447265625,
    697.1982421875,
    662.081298828125,
    735.5806884765625,
    805.7597045898438,
    744.4896240234375,
    773.7789306640625,
    646.995849609375,
    700.9615478515625,
    684.2957763671875,
    679.8868408203125,
    673.037841796875,
    634.647705078125
  ],
  "finite_samples": true,
  "n_generated": 128,
  "nfe": 512,
  "model_calls_total": 512,
  "n_batches": 1,
  "time_grid": [
    0.001,
    0.014142839201640722,
    0.027137192874202465,
    0.03998446162821301,
    0.05268603548503403,
    0.06524329393701911,
    0.07765760600744209,
    0.08993033031020159,
    0.1020628151092906,
    0.11405639837804626,
    0.12591240785816993,
    0.13763216111852128,
    0.14921696561368747,
    0.16066811874232645,
    0.17198690790528537,
    0.1831746105634955,
    0.1942324942956416,
    0.20516181685561163,
    0.21596382622971655,
    0.22663976069369418,
    0.23719084886948782,
    0.247618309781803,
    0.25792335291444424,
    0.26810717826642905,
    0.27817097640788346,
    0.28811592853571577,
    0.2979432065290717,
    0.3076539730045721,
    0.3172493813713263,
    0.32673057588573373,
    0.3360986917060641,
    0.3453548549468207,
    0.3545001827328871,
    0.36353578325345715,
    0.3724627558157487,
    0.3812821908985019,
    0.38999517020526187,
    0.3986027667174463,
    0.4071060447472016,
    0.415506059990039,
    0.4238038595772631,
    0.43200048212818465,
    0.44009695780212066,
    0.44809430835018293,
    0.4559935471668546,
    0.463795679341355,
    0.4715017017087937,
    0.47911260290111635,
    0.4866293633978336,
    0.49405295557655104,
    0.5013843437632801,
    0.5086244842825451,
    0.5157743255072822,
    0.5228348079085277,
    0.5298068641049021,
    0.5366914189118848,
    0.5434893893908832,
    0.550201684898095,
    0.5568292071331671,
    0.563372850187645,
    0.5698335005932214,
    0.576212037369778,
    0.5825093320732246,
    0.5887262488431342,
    0.5948636444501743,
    0.6009223683433368,
    0.6069032626969646,
    0.6128071624575787,
    0.6186348953904979,
    0.6243872821262667,
    0.6300651362068743,
    0.6356692641317785,
    0.641200465403728,
    0.6466595325743857,
    0.6520472512897544,
    0.6573644003354024,
    0.6626117516814922,
    0.667790070527612,
    0.67290011534741,
    0.6779426379330298,
    0.6829183834393552,
    0.6878280904280527,
    0.6926724909114234,
    0.6974523103960578,
    0.7021682679262973,
    0.7068210761275007,
    0.7114114412491179,
    0.7159400632075708,
    0.7204076356289388,
    0.7248148458914581,
    0.7291623751678211,
    0.7334508984672912,
    0.7376810846776227,
    0.7418535966067925,
    0.7459690910245402,
    0.7500282187037188,
    0.7540316244614571,
    0.7579799472001318,
    0.7618738199481536,
    0.765713869900562,
    0.7695007184594358,
    0.7732349812741147,
    0.7769172682812353,
    0.78054818374458,
    0.7841283262947409,
    0.7876582889685979,
    0.7911386592486123,
    0.7945700191019361,
    0.7979529450193358,
    0.8012880080539353,
    0.8045757738597732,
    0.8078168027301783,
    0.8110116496359635,
    0.8141608642634367,
    0.8172649910522308,
    0.820324569232953,
    0.8233401328646535,
    0.8263122108721126,
    0.829241327082952,
    0.8321280002645608,
    0.8349727441608494,
    0.8377760675288202,
    0.8405384741749617,
    0.8432604629914663,
    0.8459425279922695,
    0.8485851583489133,
    0.8511888384262332,
    0.853754047817869,
    0.8562812613816009,
    0.8587709492745111,
    0.8612235769879691,
    0.863639605382445,
    0.8660194907221478,
    0.868363684709492,
    0.8706726345193893,
    0.8729467828333706,
    0.8751865678735337,
    0.8773924234363213,
    0.8795647789261278,
    0.8817040593887335,
    0.8838106855445725,
    0.8858850738218267,
    0.887927636389354,
    0.8899387811894457,
    0.8919189119704158,
    0.8938684283190229,
    0.895787725692724,
    0.8976771954517624,
    0.8995372248910859,
    0.9013681972721038,
    0.9031704918542723,
    0.9049444839265199,
    0.9066905448385039,
    0.9084090420317041,
    0.9101003390703534,
    0.9117647956722019,
    0.9134027677391217,
    0.9150146073875447,
    0.9166006629787421,
    0.9181612791489389,
    0.9196967968392687,
    0.9212075533255669,
    0.9226938822480037,
    0.9241561136405563,
    0.9255945739603214,
    0.9270095861166698,
    0.9284014695002405,
    0.9297705400117767,
    0.9311171100908048,
    0.932441488744155,
    0.9337439815743247,
    0.935024890807686,
    0.9362845153225358,
    0.9375231506769915,
    0.9387410891367305,
    0.9399386197025739,
    0.9411160281379181,
    0.9422735969960097,
    0.9434116056470687,
    0.9445303303052573,
    0.9456300440554968,
    0.9467110168801308,
    0.9477735156854389,
    0.9488178043279961,
    0.9498441436408833,
    0.9508527914597462,
    0.9518440026487042,
    0.95281802912611,
    0.953775119890159,
    0.9547155210443505,
    0.9556394758228011,
    0.9565472246154079,
    0.9574390049928669,
    0.9583150517315426,
    0.9591755968381908,
    0.9600208695745358,
    0.9608510964817022,
    0.9616665014044997,
    0.9624673055155647,
    0.963253727339356,
    0.9640259827760078,
    0.964784285125037,
    0.96552884510891,
    0.9662598708964641,
    0.9669775681261883,
    0.967682139929361,
    0.9683737869530474,
    0.969052707382955,
    0.9697190969661483,
    0.9703731490336246,
    0.9710150545227478,
    0.971645001999546,
    0.9722631776808666,
    0.9728697654563961,
    0.9734649469105406,
    0.9740489013441677,
    0.9746218057962129,
    0.9751838350651492,
    0.9757351617303187,
    0.9762759561731303,
    0.9768063865981211,
    0.9773266190538827,
    0.9778368174538536,
    0.9783371435969763,
    0.9788277571882226,
    0.9793088158589833,
    0.9797804751873275,
    0.9802428887181276,
    0.9806962079830536,
    0.9811405825204348,
    0.9815761598949918,
    0.9820030857174368,
    0.9824215036639435,
    0.9828315554954887,
    0.9832333810770628,
    0.9836271183967525,
    0.9840129035846946,
    0.9843908709319021,
    0.9847611529089623,
    0.9851238801846077,
    0.9854791816441612,
    0.9858271844078528,
    0.9861680138490131,
    0.9865017936121397,
    0.9868286456308386,
    0.9871486901456417,
    0.9874620457216997,
    0.987768829266352,
    0.9880691560465723,
    0.988363139706292,
    0.988650892283601,
    0.9889325242278272,
    0.9892081444164932,
    0.989477860172153,
    0.9897417772791074,
    0.99,
    1.0
  ],
  "validation_diagnostic": {
    "selection_score": 0.8091615234375,
    "radial_ks": 1.0,
    "projected_ks_mean": 0.6183230468750001,
    "projection_seed": 61719,
    "n_projections": 64,
    "n_generated": 128,
    "n_validation": 10000
  },
  "peak_allocated_bytes": 82399744,
  "peak_memory_scope": "model, EMA, optimizer, tiny training and sampling; no downstream decoder/classifier",
  "measured_training_loop_s": 0.6940493248403072,
  "measured_ms_per_step_including_first_step": 43.3780828025192,
  "timing_limitation": "Tiny uncompiled sanity loop; not a steady-state/full-training timing claim",
  "hardware": {
    "host": "auh7-3b-gpu-008",
    "slurm_job_id": "765728",
    "python": "3.10.12",
    "torch": "2.7.1+rocm6.3",
    "cuda": null,
    "hip": "6.3.42131-fa1d09cbd",
    "gpu": "AMD Instinct MI210",
    "vram_bytes": 68702699520
  }
}
SANITY student_t_d16_df5.0_cor
{
  "purpose": "sanity_only_not_paper_result",
  "condition_id": "student_t_d16_df5.0_cor",
  "config_sha256": "67cca8184470a55de8438be09d1953af4427f6183c62550e15e006d9ebbe2bd7",
  "implementation_sha256": "3297bfee029c574a545cc713f3266c074896b9051fabfbc3c4cea11e5efbcc41",
  "test_data_used": false,
  "checkpoint_written": false,
  "source": {
    "nu": 5.0,
    "scale": 4.3933858686423175
  },
  "status": "passed",
  "steps": 16,
  "batch_size": 256,
  "precision": "float32",
  "batch_rule": "global_torch",
  "ema": null,
  "evaluation_weights": "raw",
  "loss_reduction": "batch_mean",
  "losses": [
    433.06317138671875,
    464.37518310546875,
    546.918212890625,
    476.02081298828125,
    497.9049072265625,
    471.376220703125,
    525.549560546875,
    574.9625854492188,
    531.249755859375,
    551.5985717773438,
    461.957275390625,
    499.4195556640625,
    488.8356628417969,
    485.1615295410156,
    480.78594970703125,
    456.53363037109375
  ],
  "finite_samples": true,
  "n_generated": 128,
  "nfe": 512,
  "model_calls_total": 512,
  "n_batches": 1,
  "time_grid": [
    0.001,
    0.014142839201640722,
    0.027137192874202465,
    0.03998446162821301,
    0.05268603548503403,
    0.06524329393701911,
    0.07765760600744209,
    0.08993033031020159,
    0.1020628151092906,
    0.11405639837804626,
    0.12591240785816993,
    0.13763216111852128,
    0.14921696561368747,
    0.16066811874232645,
    0.17198690790528537,
    0.1831746105634955,
    0.1942324942956416,
    0.20516181685561163,
    0.21596382622971655,
    0.22663976069369418,
    0.23719084886948782,
    0.247618309781803,
    0.25792335291444424,
    0.26810717826642905,
    0.27817097640788346,
    0.28811592853571577,
    0.2979432065290717,
    0.3076539730045721,
    0.3172493813713263,
    0.32673057588573373,
    0.3360986917060641,
    0.3453548549468207,
    0.3545001827328871,
    0.36353578325345715,
    0.3724627558157487,
    0.3812821908985019,
    0.38999517020526187,
    0.3986027667174463,
    0.4071060447472016,
    0.415506059990039,
    0.4238038595772631,
    0.43200048212818465,
    0.44009695780212066,
    0.44809430835018293,
    0.4559935471668546,
    0.463795679341355,
    0.4715017017087937,
    0.47911260290111635,
    0.4866293633978336,
    0.49405295557655104,
    0.5013843437632801,
    0.5086244842825451,
    0.5157743255072822,
    0.5228348079085277,
    0.5298068641049021,
    0.5366914189118848,
    0.5434893893908832,
    0.550201684898095,
    0.5568292071331671,
    0.563372850187645,
    0.5698335005932214,
    0.576212037369778,
    0.5825093320732246,
    0.5887262488431342,
    0.5948636444501743,
    0.6009223683433368,
    0.6069032626969646,
    0.6128071624575787,
    0.6186348953904979,
    0.6243872821262667,
    0.6300651362068743,
    0.6356692641317785,
    0.641200465403728,
    0.6466595325743857,
    0.6520472512897544,
    0.6573644003354024,
    0.6626117516814922,
    0.667790070527612,
    0.67290011534741,
    0.6779426379330298,
    0.6829183834393552,
    0.6878280904280527,
    0.6926724909114234,
    0.6974523103960578,
    0.7021682679262973,
    0.7068210761275007,
    0.7114114412491179,
    0.7159400632075708,
    0.7204076356289388,
    0.7248148458914581,
    0.7291623751678211,
    0.7334508984672912,
    0.7376810846776227,
    0.7418535966067925,
    0.7459690910245402,
    0.7500282187037188,
    0.7540316244614571,
    0.7579799472001318,
    0.7618738199481536,
    0.765713869900562,
    0.7695007184594358,
    0.7732349812741147,
    0.7769172682812353,
    0.78054818374458,
    0.7841283262947409,
    0.7876582889685979,
    0.7911386592486123,
    0.7945700191019361,
    0.7979529450193358,
    0.8012880080539353,
    0.8045757738597732,
    0.8078168027301783,
    0.8110116496359635,
    0.8141608642634367,
    0.8172649910522308,
    0.820324569232953,
    0.8233401328646535,
    0.8263122108721126,
    0.829241327082952,
    0.8321280002645608,
    0.8349727441608494,
    0.8377760675288202,
    0.8405384741749617,
    0.8432604629914663,
    0.8459425279922695,
    0.8485851583489133,
    0.8511888384262332,
    0.853754047817869,
    0.8562812613816009,
    0.8587709492745111,
    0.8612235769879691,
    0.863639605382445,
    0.8660194907221478,
    0.868363684709492,
    0.8706726345193893,
    0.8729467828333706,
    0.8751865678735337,
    0.8773924234363213,
    0.8795647789261278,
    0.8817040593887335,
    0.8838106855445725,
    0.8858850738218267,
    0.887927636389354,
    0.8899387811894457,
    0.8919189119704158,
    0.8938684283190229,
    0.895787725692724,
    0.8976771954517624,
    0.8995372248910859,
    0.9013681972721038,
    0.9031704918542723,
    0.9049444839265199,
    0.9066905448385039,
    0.9084090420317041,
    0.9101003390703534,
    0.9117647956722019,
    0.9134027677391217,
    0.9150146073875447,
    0.9166006629787421,
    0.9181612791489389,
    0.9196967968392687,
    0.9212075533255669,
    0.9226938822480037,
    0.9241561136405563,
    0.9255945739603214,
    0.9270095861166698,
    0.9284014695002405,
    0.9297705400117767,
    0.9311171100908048,
    0.932441488744155,
    0.9337439815743247,
    0.935024890807686,
    0.9362845153225358,
    0.9375231506769915,
    0.9387410891367305,
    0.9399386197025739,
    0.9411160281379181,
    0.9422735969960097,
    0.9434116056470687,
    0.9445303303052573,
    0.9456300440554968,
    0.9467110168801308,
    0.9477735156854389,
    0.9488178043279961,
    0.9498441436408833,
    0.9508527914597462,
    0.9518440026487042,
    0.95281802912611,
    0.953775119890159,
    0.9547155210443505,
    0.9556394758228011,
    0.9565472246154079,
    0.9574390049928669,
    0.9583150517315426,
    0.9591755968381908,
    0.9600208695745358,
    0.9608510964817022,
    0.9616665014044997,
    0.9624673055155647,
    0.963253727339356,
    0.9640259827760078,
    0.964784285125037,
    0.96552884510891,
    0.9662598708964641,
    0.9669775681261883,
    0.967682139929361,
    0.9683737869530474,
    0.969052707382955,
    0.9697190969661483,
    0.9703731490336246,
    0.9710150545227478,
    0.971645001999546,
    0.9722631776808666,
    0.9728697654563961,
    0.9734649469105406,
    0.9740489013441677,
    0.9746218057962129,
    0.9751838350651492,
    0.9757351617303187,
    0.9762759561731303,
    0.9768063865981211,
    0.9773266190538827,
    0.9778368174538536,
    0.9783371435969763,
    0.9788277571882226,
    0.9793088158589833,
    0.9797804751873275,
    0.9802428887181276,
    0.9806962079830536,
    0.9811405825204348,
    0.9815761598949918,
    0.9820030857174368,
    0.9824215036639435,
    0.9828315554954887,
    0.9832333810770628,
    0.9836271183967525,
    0.9840129035846946,
    0.9843908709319021,
    0.9847611529089623,
    0.9851238801846077,
    0.9854791816441612,
    0.9858271844078528,
    0.9861680138490131,
    0.9865017936121397,
    0.9868286456308386,
    0.9871486901456417,
    0.9874620457216997,
    0.987768829266352,
    0.9880691560465723,
    0.988363139706292,
    0.988650892283601,
    0.9889325242278272,
    0.9892081444164932,
    0.989477860172153,
    0.9897417772791074,
    0.99,
    1.0
  ],
  "validation_diagnostic": {
    "selection_score": 0.81400107421875,
    "radial_ks": 1.0,
    "projected_ks_mean": 0.6280021484375,
    "projection_seed": 61719,
    "n_projections": 64,
    "n_generated": 128,
    "n_validation": 10000
  },
  "peak_allocated_bytes": 82399744,
  "peak_memory_scope": "model, EMA, optimizer, tiny training and sampling; no downstream decoder/classifier",
  "measured_training_loop_s": 0.6866936199367046,
  "measured_ms_per_step_including_first_step": 42.91835124604404,
  "timing_limitation": "Tiny uncompiled sanity loop; not a steady-state/full-training timing claim",
  "hardware": {
    "host": "auh7-3b-gpu-008",
    "slurm_job_id": "765728",
    "python": "3.10.12",
    "torch": "2.7.1+rocm6.3",
    "cuda": null,
    "hip": "6.3.42131-fa1d09cbd",
    "gpu": "AMD Instinct MI210",
    "vram_bytes": 68702699520
  }
}
SANITY student_t_d16_df50.0_cor
{
  "purpose": "sanity_only_not_paper_result",
  "condition_id": "student_t_d16_df50.0_cor",
  "config_sha256": "f4e32bfde47e809109a1d23cc91ba879d75cbceedc1072c961aec04ba4953e8b",
  "implementation_sha256": "3297bfee029c574a545cc713f3266c074896b9051fabfbc3c4cea11e5efbcc41",
  "test_data_used": false,
  "checkpoint_written": false,
  "source": {
    "nu": 5.0,
    "scale": 3.668300534129462
  },
  "status": "passed",
  "steps": 16,
  "batch_size": 256,
  "precision": "float32",
  "batch_rule": "global_torch",
  "ema": null,
  "evaluation_weights": "raw",
  "loss_reduction": "batch_mean",
  "losses": [
    301.91522216796875,
    323.86077880859375,
    381.1729736328125,
    332.30889892578125,
    346.7610778808594,
    328.93402099609375,
    366.13922119140625,
    401.0881652832031,
    370.0980224609375,
    384.6553955078125,
    322.42864990234375,
    348.5554504394531,
    340.50848388671875,
    337.73236083984375,
    335.5584716796875,
    318.7154846191406
  ],
  "finite_samples": true,
  "n_generated": 128,
  "nfe": 512,
  "model_calls_total": 512,
  "n_batches": 1,
  "time_grid": [
    0.001,
    0.014142839201640722,
    0.027137192874202465,
    0.03998446162821301,
    0.05268603548503403,
    0.06524329393701911,
    0.07765760600744209,
    0.08993033031020159,
    0.1020628151092906,
    0.11405639837804626,
    0.12591240785816993,
    0.13763216111852128,
    0.14921696561368747,
    0.16066811874232645,
    0.17198690790528537,
    0.1831746105634955,
    0.1942324942956416,
    0.20516181685561163,
    0.21596382622971655,
    0.22663976069369418,
    0.23719084886948782,
    0.247618309781803,
    0.25792335291444424,
    0.26810717826642905,
    0.27817097640788346,
    0.28811592853571577,
    0.2979432065290717,
    0.3076539730045721,
    0.3172493813713263,
    0.32673057588573373,
    0.3360986917060641,
    0.3453548549468207,
    0.3545001827328871,
    0.36353578325345715,
    0.3724627558157487,
    0.3812821908985019,
    0.38999517020526187,
    0.3986027667174463,
    0.4071060447472016,
    0.415506059990039,
    0.4238038595772631,
    0.43200048212818465,
    0.44009695780212066,
    0.44809430835018293,
    0.4559935471668546,
    0.463795679341355,
    0.4715017017087937,
    0.47911260290111635,
    0.4866293633978336,
    0.49405295557655104,
    0.5013843437632801,
    0.5086244842825451,
    0.5157743255072822,
    0.5228348079085277,
    0.5298068641049021,
    0.5366914189118848,
    0.5434893893908832,
    0.550201684898095,
    0.5568292071331671,
    0.563372850187645,
    0.5698335005932214,
    0.576212037369778,
    0.5825093320732246,
    0.5887262488431342,
    0.5948636444501743,
    0.6009223683433368,
    0.6069032626969646,
    0.6128071624575787,
    0.6186348953904979,
    0.6243872821262667,
    0.6300651362068743,
    0.6356692641317785,
    0.641200465403728,
    0.6466595325743857,
    0.6520472512897544,
    0.6573644003354024,
    0.6626117516814922,
    0.667790070527612,
    0.67290011534741,
    0.6779426379330298,
    0.6829183834393552,
    0.6878280904280527,
    0.6926724909114234,
    0.6974523103960578,
    0.7021682679262973,
    0.7068210761275007,
    0.7114114412491179,
    0.7159400632075708,
    0.7204076356289388,
    0.7248148458914581,
    0.7291623751678211,
    0.7334508984672912,
    0.7376810846776227,
    0.7418535966067925,
    0.7459690910245402,
    0.7500282187037188,
    0.7540316244614571,
    0.7579799472001318,
    0.7618738199481536,
    0.765713869900562,
    0.7695007184594358,
    0.7732349812741147,
    0.7769172682812353,
    0.78054818374458,
    0.7841283262947409,
    0.7876582889685979,
    0.7911386592486123,
    0.7945700191019361,
    0.7979529450193358,
    0.8012880080539353,
    0.8045757738597732,
    0.8078168027301783,
    0.8110116496359635,
    0.8141608642634367,
    0.8172649910522308,
    0.820324569232953,
    0.8233401328646535,
    0.8263122108721126,
    0.829241327082952,
    0.8321280002645608,
    0.8349727441608494,
    0.8377760675288202,
    0.8405384741749617,
    0.8432604629914663,
    0.8459425279922695,
    0.8485851583489133,
    0.8511888384262332,
    0.853754047817869,
    0.8562812613816009,
    0.8587709492745111,
    0.8612235769879691,
    0.863639605382445,
    0.8660194907221478,
    0.868363684709492,
    0.8706726345193893,
    0.8729467828333706,
    0.8751865678735337,
    0.8773924234363213,
    0.8795647789261278,
    0.8817040593887335,
    0.8838106855445725,
    0.8858850738218267,
    0.887927636389354,
    0.8899387811894457,
    0.8919189119704158,
    0.8938684283190229,
    0.895787725692724,
    0.8976771954517624,
    0.8995372248910859,
    0.9013681972721038,
    0.9031704918542723,
    0.9049444839265199,
    0.9066905448385039,
    0.9084090420317041,
    0.9101003390703534,
    0.9117647956722019,
    0.9134027677391217,
    0.9150146073875447,
    0.9166006629787421,
    0.9181612791489389,
    0.9196967968392687,
    0.9212075533255669,
    0.9226938822480037,
    0.9241561136405563,
    0.9255945739603214,
    0.9270095861166698,
    0.9284014695002405,
    0.9297705400117767,
    0.9311171100908048,
    0.932441488744155,
    0.9337439815743247,
    0.935024890807686,
    0.9362845153225358,
    0.9375231506769915,
    0.9387410891367305,
    0.9399386197025739,
    0.9411160281379181,
    0.9422735969960097,
    0.9434116056470687,
    0.9445303303052573,
    0.9456300440554968,
    0.9467110168801308,
    0.9477735156854389,
    0.9488178043279961,
    0.9498441436408833,
    0.9508527914597462,
    0.9518440026487042,
    0.95281802912611,
    0.953775119890159,
    0.9547155210443505,
    0.9556394758228011,
    0.9565472246154079,
    0.9574390049928669,
    0.9583150517315426,
    0.9591755968381908,
    0.9600208695745358,
    0.9608510964817022,
    0.9616665014044997,
    0.9624673055155647,
    0.963253727339356,
    0.9640259827760078,
    0.964784285125037,
    0.96552884510891,
    0.9662598708964641,
    0.9669775681261883,
    0.967682139929361,
    0.9683737869530474,
    0.969052707382955,
    0.9697190969661483,
    0.9703731490336246,
    0.9710150545227478,
    0.971645001999546,
    0.9722631776808666,
    0.9728697654563961,
    0.9734649469105406,
    0.9740489013441677,
    0.9746218057962129,
    0.9751838350651492,
    0.9757351617303187,
    0.9762759561731303,
    0.9768063865981211,
    0.9773266190538827,
    0.9778368174538536,
    0.9783371435969763,
    0.9788277571882226,
    0.9793088158589833,
    0.9797804751873275,
    0.9802428887181276,
    0.9806962079830536,
    0.9811405825204348,
    0.9815761598949918,
    0.9820030857174368,
    0.9824215036639435,
    0.9828315554954887,
    0.9832333810770628,
    0.9836271183967525,
    0.9840129035846946,
    0.9843908709319021,
    0.9847611529089623,
    0.9851238801846077,
    0.9854791816441612,
    0.9858271844078528,
    0.9861680138490131,
    0.9865017936121397,
    0.9868286456308386,
    0.9871486901456417,
    0.9874620457216997,
    0.987768829266352,
    0.9880691560465723,
    0.988363139706292,
    0.988650892283601,
    0.9889325242278272,
    0.9892081444164932,
    0.989477860172153,
    0.9897417772791074,
    0.99,
    1.0
  ],
  "validation_diagnostic": {
    "selection_score": 0.8118021484375,
    "radial_ks": 1.0,
    "projected_ks_mean": 0.623604296875,
    "projection_seed": 61719,
    "n_projections": 64,
    "n_generated": 128,
    "n_validation": 10000
  },
  "peak_allocated_bytes": 82399744,
  "peak_memory_scope": "model, EMA, optimizer, tiny training and sampling; no downstream decoder/classifier",
  "measured_training_loop_s": 0.6771151646971703,
  "measured_ms_per_step_including_first_step": 42.31969779357314,
  "timing_limitation": "Tiny uncompiled sanity loop; not a steady-state/full-training timing claim",
  "hardware": {
    "host": "auh7-3b-gpu-008",
    "slurm_job_id": "765728",
    "python": "3.10.12",
    "torch": "2.7.1+rocm6.3",
    "cuda": null,
    "hip": "6.3.42131-fa1d09cbd",
    "gpu": "AMD Instinct MI210",
    "vram_bytes": 68702699520
  }
}
SANITY student_t_d256_df3.0_cor
{
  "purpose": "sanity_only_not_paper_result",
  "condition_id": "student_t_d256_df3.0_cor",
  "config_sha256": "648730d97046674e4086f71e81680da49872fa11105ce8a0c0f6e323284e1a7f",
  "implementation_sha256": "3297bfee029c574a545cc713f3266c074896b9051fabfbc3c4cea11e5efbcc41",
  "test_data_used": false,
  "checkpoint_written": false,
  "source": {
    "nu": 5.0,
    "scale": 24.346225227505634
  },
  "status": "passed",
  "steps": 16,
  "batch_size": 256,
  "precision": "float32",
  "batch_rule": "global_torch",
  "ema": null,
  "evaluation_weights": "raw",
  "loss_reduction": "batch_mean",
  "losses": [
    223777.765625,
    230408.09375,
    261760.46875,
    235872.40625,
    243504.875,
    244027.203125,
    281460.03125,
    273619.78125,
    272889.6875,
    276168.4375,
    232800.328125,
    266034.8125,
    258896.171875,
    249397.4375,
    257044.25,
    245742.0
  ],
  "finite_samples": true,
  "n_generated": 128,
  "nfe": 512,
  "model_calls_total": 512,
  "n_batches": 1,
  "time_grid": [
    0.001,
    0.014142839201640722,
    0.027137192874202465,
    0.03998446162821301,
    0.05268603548503403,
    0.06524329393701911,
    0.07765760600744209,
    0.08993033031020159,
    0.1020628151092906,
    0.11405639837804626,
    0.12591240785816993,
    0.13763216111852128,
    0.14921696561368747,
    0.16066811874232645,
    0.17198690790528537,
    0.1831746105634955,
    0.1942324942956416,
    0.20516181685561163,
    0.21596382622971655,
    0.22663976069369418,
    0.23719084886948782,
    0.247618309781803,
    0.25792335291444424,
    0.26810717826642905,
    0.27817097640788346,
    0.28811592853571577,
    0.2979432065290717,
    0.3076539730045721,
    0.3172493813713263,
    0.32673057588573373,
    0.3360986917060641,
    0.3453548549468207,
    0.3545001827328871,
    0.36353578325345715,
    0.3724627558157487,
    0.3812821908985019,
    0.38999517020526187,
    0.3986027667174463,
    0.4071060447472016,
    0.415506059990039,
    0.4238038595772631,
    0.43200048212818465,
    0.44009695780212066,
    0.44809430835018293,
    0.4559935471668546,
    0.463795679341355,
    0.4715017017087937,
    0.47911260290111635,
    0.4866293633978336,
    0.49405295557655104,
    0.5013843437632801,
    0.5086244842825451,
    0.5157743255072822,
    0.5228348079085277,
    0.5298068641049021,
    0.5366914189118848,
    0.5434893893908832,
    0.550201684898095,
    0.5568292071331671,
    0.563372850187645,
    0.5698335005932214,
    0.576212037369778,
    0.5825093320732246,
    0.5887262488431342,
    0.5948636444501743,
    0.6009223683433368,
    0.6069032626969646,
    0.6128071624575787,
    0.6186348953904979,
    0.6243872821262667,
    0.6300651362068743,
    0.6356692641317785,
    0.641200465403728,
    0.6466595325743857,
    0.6520472512897544,
    0.6573644003354024,
    0.6626117516814922,
    0.667790070527612,
    0.67290011534741,
    0.6779426379330298,
    0.6829183834393552,
    0.6878280904280527,
    0.6926724909114234,
    0.6974523103960578,
    0.7021682679262973,
    0.7068210761275007,
    0.7114114412491179,
    0.7159400632075708,
    0.7204076356289388,
    0.7248148458914581,
    0.7291623751678211,
    0.7334508984672912,
    0.7376810846776227,
    0.7418535966067925,
    0.7459690910245402,
    0.7500282187037188,
    0.7540316244614571,
    0.7579799472001318,
    0.7618738199481536,
    0.765713869900562,
    0.7695007184594358,
    0.7732349812741147,
    0.7769172682812353,
    0.78054818374458,
    0.7841283262947409,
    0.7876582889685979,
    0.7911386592486123,
    0.7945700191019361,
    0.7979529450193358,
    0.8012880080539353,
    0.8045757738597732,
    0.8078168027301783,
    0.8110116496359635,
    0.8141608642634367,
    0.8172649910522308,
    0.820324569232953,
    0.8233401328646535,
    0.8263122108721126,
    0.829241327082952,
    0.8321280002645608,
    0.8349727441608494,
    0.8377760675288202,
    0.8405384741749617,
    0.8432604629914663,
    0.8459425279922695,
    0.8485851583489133,
    0.8511888384262332,
    0.853754047817869,
    0.8562812613816009,
    0.8587709492745111,
    0.8612235769879691,
    0.863639605382445,
    0.8660194907221478,
    0.868363684709492,
    0.8706726345193893,
    0.8729467828333706,
    0.8751865678735337,
    0.8773924234363213,
    0.8795647789261278,
    0.8817040593887335,
    0.8838106855445725,
    0.8858850738218267,
    0.887927636389354,
    0.8899387811894457,
    0.8919189119704158,
    0.8938684283190229,
    0.895787725692724,
    0.8976771954517624,
    0.8995372248910859,
    0.9013681972721038,
    0.9031704918542723,
    0.9049444839265199,
    0.9066905448385039,
    0.9084090420317041,
    0.9101003390703534,
    0.9117647956722019,
    0.9134027677391217,
    0.9150146073875447,
    0.9166006629787421,
    0.9181612791489389,
    0.9196967968392687,
    0.9212075533255669,
    0.9226938822480037,
    0.9241561136405563,
    0.9255945739603214,
    0.9270095861166698,
    0.9284014695002405,
    0.9297705400117767,
    0.9311171100908048,
    0.932441488744155,
    0.9337439815743247,
    0.935024890807686,
    0.9362845153225358,
    0.9375231506769915,
    0.9387410891367305,
    0.9399386197025739,
    0.9411160281379181,
    0.9422735969960097,
    0.9434116056470687,
    0.9445303303052573,
    0.9456300440554968,
    0.9467110168801308,
    0.9477735156854389,
    0.9488178043279961,
    0.9498441436408833,
    0.9508527914597462,
    0.9518440026487042,
    0.95281802912611,
    0.953775119890159,
    0.9547155210443505,
    0.9556394758228011,
    0.9565472246154079,
    0.9574390049928669,
    0.9583150517315426,
    0.9591755968381908,
    0.9600208695745358,
    0.9608510964817022,
    0.9616665014044997,
    0.9624673055155647,
    0.963253727339356,
    0.9640259827760078,
    0.964784285125037,
    0.96552884510891,
    0.9662598708964641,
    0.9669775681261883,
    0.967682139929361,
    0.9683737869530474,
    0.969052707382955,
    0.9697190969661483,
    0.9703731490336246,
    0.9710150545227478,
    0.971645001999546,
    0.9722631776808666,
    0.9728697654563961,
    0.9734649469105406,
    0.9740489013441677,
    0.9746218057962129,
    0.9751838350651492,
    0.9757351617303187,
    0.9762759561731303,
    0.9768063865981211,
    0.9773266190538827,
    0.9778368174538536,
    0.9783371435969763,
    0.9788277571882226,
    0.9793088158589833,
    0.9797804751873275,
    0.9802428887181276,
    0.9806962079830536,
    0.9811405825204348,
    0.9815761598949918,
    0.9820030857174368,
    0.9824215036639435,
    0.9828315554954887,
    0.9832333810770628,
    0.9836271183967525,
    0.9840129035846946,
    0.9843908709319021,
    0.9847611529089623,
    0.9851238801846077,
    0.9854791816441612,
    0.9858271844078528,
    0.9861680138490131,
    0.9865017936121397,
    0.9868286456308386,
    0.9871486901456417,
    0.9874620457216997,
    0.987768829266352,
    0.9880691560465723,
    0.988363139706292,
    0.988650892283601,
    0.9889325242278272,
    0.9892081444164932,
    0.989477860172153,
    0.9897417772791074,
    0.99,
    1.0
  ],
  "validation_diagnostic": {
    "selection_score": 0.7723859375000001,
    "radial_ks": 1.0,
    "projected_ks_mean": 0.5447718750000001,
    "projection_seed": 61719,
    "n_projections": 64,
    "n_generated": 128,
    "n_validation": 10000
  },
  "peak_allocated_bytes": 113724928,
  "peak_memory_scope": "model, EMA, optimizer, tiny training and sampling; no downstream decoder/classifier",
  "measured_training_loop_s": 0.6527307853102684,
  "measured_ms_per_step_including_first_step": 40.795674081891775,
  "timing_limitation": "Tiny uncompiled sanity loop; not a steady-state/full-training timing claim",
  "hardware": {
    "host": "auh7-3b-gpu-008",
    "slurm_job_id": "765728",
    "python": "3.10.12",
    "torch": "2.7.1+rocm6.3",
    "cuda": null,
    "hip": "6.3.42131-fa1d09cbd",
    "gpu": "AMD Instinct MI210",
    "vram_bytes": 68702699520
  }
}
SANITY student_t_d2_df3.0_cor
{
  "purpose": "sanity_only_not_paper_result",
  "condition_id": "student_t_d2_df3.0_cor",
  "config_sha256": "caa0e5c0fc378ce9d6663808f1226a19745e90aea2954dc2d5a17e8bcd7339a5",
  "implementation_sha256": "3297bfee029c574a545cc713f3266c074896b9051fabfbc3c4cea11e5efbcc41",
  "test_data_used": false,
  "checkpoint_written": false,
  "source": {
    "nu": 5.0,
    "scale": 0.3378461420338037
  },
  "status": "passed",
  "steps": 16,
  "batch_size": 256,
  "precision": "float32",
  "batch_rule": "global_torch",
  "ema": null,
  "evaluation_weights": "raw",
  "loss_reduction": "batch_mean",
  "losses": [
    0.35816797614097595,
    0.3561100363731384,
    0.3988632559776306,
    0.33751004934310913,
    0.29604801535606384,
    0.33833473920822144,
    0.3368873596191406,
    0.341025173664093,
    0.30727291107177734,
    0.3540714681148529,
    0.3076203167438507,
    0.27734535932540894,
    0.2920777201652527,
    0.2731381356716156,
    0.23554004728794098,
    0.26948273181915283
  ],
  "finite_samples": true,
  "n_generated": 128,
  "nfe": 512,
  "model_calls_total": 512,
  "n_batches": 1,
  "time_grid": [
    0.001,
    0.014142839201640722,
    0.027137192874202465,
    0.03998446162821301,
    0.05268603548503403,
    0.06524329393701911,
    0.07765760600744209,
    0.08993033031020159,
    0.1020628151092906,
    0.11405639837804626,
    0.12591240785816993,
    0.13763216111852128,
    0.14921696561368747,
    0.16066811874232645,
    0.17198690790528537,
    0.1831746105634955,
    0.1942324942956416,
    0.20516181685561163,
    0.21596382622971655,
    0.22663976069369418,
    0.23719084886948782,
    0.247618309781803,
    0.25792335291444424,
    0.26810717826642905,
    0.27817097640788346,
    0.28811592853571577,
    0.2979432065290717,
    0.3076539730045721,
    0.3172493813713263,
    0.32673057588573373,
    0.3360986917060641,
    0.3453548549468207,
    0.3545001827328871,
    0.36353578325345715,
    0.3724627558157487,
    0.3812821908985019,
    0.38999517020526187,
    0.3986027667174463,
    0.4071060447472016,
    0.415506059990039,
    0.4238038595772631,
    0.43200048212818465,
    0.44009695780212066,
    0.44809430835018293,
    0.4559935471668546,
    0.463795679341355,
    0.4715017017087937,
    0.47911260290111635,
    0.4866293633978336,
    0.49405295557655104,
    0.5013843437632801,
    0.5086244842825451,
    0.5157743255072822,
    0.5228348079085277,
    0.5298068641049021,
    0.5366914189118848,
    0.5434893893908832,
    0.550201684898095,
    0.5568292071331671,
    0.563372850187645,
    0.5698335005932214,
    0.576212037369778,
    0.5825093320732246,
    0.5887262488431342,
    0.5948636444501743,
    0.6009223683433368,
    0.6069032626969646,
    0.6128071624575787,
    0.6186348953904979,
    0.6243872821262667,
    0.6300651362068743,
    0.6356692641317785,
    0.641200465403728,
    0.6466595325743857,
    0.6520472512897544,
    0.6573644003354024,
    0.6626117516814922,
    0.667790070527612,
    0.67290011534741,
    0.6779426379330298,
    0.6829183834393552,
    0.6878280904280527,
    0.6926724909114234,
    0.6974523103960578,
    0.7021682679262973,
    0.7068210761275007,
    0.7114114412491179,
    0.7159400632075708,
    0.7204076356289388,
    0.7248148458914581,
    0.7291623751678211,
    0.7334508984672912,
    0.7376810846776227,
    0.7418535966067925,
    0.7459690910245402,
    0.7500282187037188,
    0.7540316244614571,
    0.7579799472001318,
    0.7618738199481536,
    0.765713869900562,
    0.7695007184594358,
    0.7732349812741147,
    0.7769172682812353,
    0.78054818374458,
    0.7841283262947409,
    0.7876582889685979,
    0.7911386592486123,
    0.7945700191019361,
    0.7979529450193358,
    0.8012880080539353,
    0.8045757738597732,
    0.8078168027301783,
    0.8110116496359635,
    0.8141608642634367,
    0.8172649910522308,
    0.820324569232953,
    0.8233401328646535,
    0.8263122108721126,
    0.829241327082952,
    0.8321280002645608,
    0.8349727441608494,
    0.8377760675288202,
    0.8405384741749617,
    0.8432604629914663,
    0.8459425279922695,
    0.8485851583489133,
    0.8511888384262332,
    0.853754047817869,
    0.8562812613816009,
    0.8587709492745111,
    0.8612235769879691,
    0.863639605382445,
    0.8660194907221478,
    0.868363684709492,
    0.8706726345193893,
    0.8729467828333706,
    0.8751865678735337,
    0.8773924234363213,
    0.8795647789261278,
    0.8817040593887335,
    0.8838106855445725,
    0.8858850738218267,
    0.887927636389354,
    0.8899387811894457,
    0.8919189119704158,
    0.8938684283190229,
    0.895787725692724,
    0.8976771954517624,
    0.8995372248910859,
    0.9013681972721038,
    0.9031704918542723,
    0.9049444839265199,
    0.9066905448385039,
    0.9084090420317041,
    0.9101003390703534,
    0.9117647956722019,
    0.9134027677391217,
    0.9150146073875447,
    0.9166006629787421,
    0.9181612791489389,
    0.9196967968392687,
    0.9212075533255669,
    0.9226938822480037,
    0.9241561136405563,
    0.9255945739603214,
    0.9270095861166698,
    0.9284014695002405,
    0.9297705400117767,
    0.9311171100908048,
    0.932441488744155,
    0.9337439815743247,
    0.935024890807686,
    0.9362845153225358,
    0.9375231506769915,
    0.9387410891367305,
    0.9399386197025739,
    0.9411160281379181,
    0.9422735969960097,
    0.9434116056470687,
    0.9445303303052573,
    0.9456300440554968,
    0.9467110168801308,
    0.9477735156854389,
    0.9488178043279961,
    0.9498441436408833,
    0.9508527914597462,
    0.9518440026487042,
    0.95281802912611,
    0.953775119890159,
    0.9547155210443505,
    0.9556394758228011,
    0.9565472246154079,
    0.9574390049928669,
    0.9583150517315426,
    0.9591755968381908,
    0.9600208695745358,
    0.9608510964817022,
    0.9616665014044997,
    0.9624673055155647,
    0.963253727339356,
    0.9640259827760078,
    0.964784285125037,
    0.96552884510891,
    0.9662598708964641,
    0.9669775681261883,
    0.967682139929361,
    0.9683737869530474,
    0.969052707382955,
    0.9697190969661483,
    0.9703731490336246,
    0.9710150545227478,
    0.971645001999546,
    0.9722631776808666,
    0.9728697654563961,
    0.9734649469105406,
    0.9740489013441677,
    0.9746218057962129,
    0.9751838350651492,
    0.9757351617303187,
    0.9762759561731303,
    0.9768063865981211,
    0.9773266190538827,
    0.9778368174538536,
    0.9783371435969763,
    0.9788277571882226,
    0.9793088158589833,
    0.9797804751873275,
    0.9802428887181276,
    0.9806962079830536,
    0.9811405825204348,
    0.9815761598949918,
    0.9820030857174368,
    0.9824215036639435,
    0.9828315554954887,
    0.9832333810770628,
    0.9836271183967525,
    0.9840129035846946,
    0.9843908709319021,
    0.9847611529089623,
    0.9851238801846077,
    0.9854791816441612,
    0.9858271844078528,
    0.9861680138490131,
    0.9865017936121397,
    0.9868286456308386,
    0.9871486901456417,
    0.9874620457216997,
    0.987768829266352,
    0.9880691560465723,
    0.988363139706292,
    0.988650892283601,
    0.9889325242278272,
    0.9892081444164932,
    0.989477860172153,
    0.9897417772791074,
    0.99,
    1.0
  ],
  "validation_diagnostic": {
    "selection_score": 0.7953267578125001,
    "radial_ks": 0.9859875,
    "projected_ks_mean": 0.6046660156250001,
    "projection_seed": 61719,
    "n_projections": 64,
    "n_generated": 128,
    "n_validation": 10000
  },
  "peak_allocated_bytes": 80619520,
  "peak_memory_scope": "model, EMA, optimizer, tiny training and sampling; no downstream decoder/classifier",
  "measured_training_loop_s": 0.6792448125779629,
  "measured_ms_per_step_including_first_step": 42.45280078612268,
  "timing_limitation": "Tiny uncompiled sanity loop; not a steady-state/full-training timing claim",
  "hardware": {
    "host": "auh7-3b-gpu-008",
    "slurm_job_id": "765728",
    "python": "3.10.12",
    "torch": "2.7.1+rocm6.3",
    "cuda": null,
    "hip": "6.3.42131-fa1d09cbd",
    "gpu": "AMD Instinct MI210",
    "vram_bytes": 68702699520
  }
}
SANITY student_t_d32_df3.0_cor
{
  "purpose": "sanity_only_not_paper_result",
  "condition_id": "student_t_d32_df3.0_cor",
  "config_sha256": "f55bfda87b000403a50c0835a1c973d45c5fd2d254d9db35b0b069989ee7ba84",
  "implementation_sha256": "3297bfee029c574a545cc713f3266c074896b9051fabfbc3c4cea11e5efbcc41",
  "test_data_used": false,
  "checkpoint_written": false,
  "source": {
    "nu": 5.0,
    "scale": 7.8884199960723365
  },
  "status": "passed",
  "steps": 16,
  "batch_size": 256,
  "precision": "float32",
  "batch_rule": "global_torch",
  "ema": null,
  "evaluation_weights": "raw",
  "loss_reduction": "batch_mean",
  "losses": [
    2891.817626953125,
    2975.545654296875,
    3512.2255859375,
    3087.51416015625,
    3137.01123046875,
    3167.958984375,
    3681.83544921875,
    3518.33349609375,
    3639.09326171875,
    3627.4375,
    3074.935791015625,
    3520.05029296875,
    3323.75341796875,
    3096.794921875,
    3195.3056640625,
    3132.916015625
  ],
  "finite_samples": true,
  "n_generated": 128,
  "nfe": 512,
  "model_calls_total": 512,
  "n_batches": 1,
  "time_grid": [
    0.001,
    0.014142839201640722,
    0.027137192874202465,
    0.03998446162821301,
    0.05268603548503403,
    0.06524329393701911,
    0.07765760600744209,
    0.08993033031020159,
    0.1020628151092906,
    0.11405639837804626,
    0.12591240785816993,
    0.13763216111852128,
    0.14921696561368747,
    0.16066811874232645,
    0.17198690790528537,
    0.1831746105634955,
    0.1942324942956416,
    0.20516181685561163,
    0.21596382622971655,
    0.22663976069369418,
    0.23719084886948782,
    0.247618309781803,
    0.25792335291444424,
    0.26810717826642905,
    0.27817097640788346,
    0.28811592853571577,
    0.2979432065290717,
    0.3076539730045721,
    0.3172493813713263,
    0.32673057588573373,
    0.3360986917060641,
    0.3453548549468207,
    0.3545001827328871,
    0.36353578325345715,
    0.3724627558157487,
    0.3812821908985019,
    0.38999517020526187,
    0.3986027667174463,
    0.4071060447472016,
    0.415506059990039,
    0.4238038595772631,
    0.43200048212818465,
    0.44009695780212066,
    0.44809430835018293,
    0.4559935471668546,
    0.463795679341355,
    0.4715017017087937,
    0.47911260290111635,
    0.4866293633978336,
    0.49405295557655104,
    0.5013843437632801,
    0.5086244842825451,
    0.5157743255072822,
    0.5228348079085277,
    0.5298068641049021,
    0.5366914189118848,
    0.5434893893908832,
    0.550201684898095,
    0.5568292071331671,
    0.563372850187645,
    0.5698335005932214,
    0.576212037369778,
    0.5825093320732246,
    0.5887262488431342,
    0.5948636444501743,
    0.6009223683433368,
    0.6069032626969646,
    0.6128071624575787,
    0.6186348953904979,
    0.6243872821262667,
    0.6300651362068743,
    0.6356692641317785,
    0.641200465403728,
    0.6466595325743857,
    0.6520472512897544,
    0.6573644003354024,
    0.6626117516814922,
    0.667790070527612,
    0.67290011534741,
    0.6779426379330298,
    0.6829183834393552,
    0.6878280904280527,
    0.6926724909114234,
    0.6974523103960578,
    0.7021682679262973,
    0.7068210761275007,
    0.7114114412491179,
    0.7159400632075708,
    0.7204076356289388,
    0.7248148458914581,
    0.7291623751678211,
    0.7334508984672912,
    0.7376810846776227,
    0.7418535966067925,
    0.7459690910245402,
    0.7500282187037188,
    0.7540316244614571,
    0.7579799472001318,
    0.7618738199481536,
    0.765713869900562,
    0.7695007184594358,
    0.7732349812741147,
    0.7769172682812353,
    0.78054818374458,
    0.7841283262947409,
    0.7876582889685979,
    0.7911386592486123,
    0.7945700191019361,
    0.7979529450193358,
    0.8012880080539353,
    0.8045757738597732,
    0.8078168027301783,
    0.8110116496359635,
    0.8141608642634367,
    0.8172649910522308,
    0.820324569232953,
    0.8233401328646535,
    0.8263122108721126,
    0.829241327082952,
    0.8321280002645608,
    0.8349727441608494,
    0.8377760675288202,
    0.8405384741749617,
    0.8432604629914663,
    0.8459425279922695,
    0.8485851583489133,
    0.8511888384262332,
    0.853754047817869,
    0.8562812613816009,
    0.8587709492745111,
    0.8612235769879691,
    0.863639605382445,
    0.8660194907221478,
    0.868363684709492,
    0.8706726345193893,
    0.8729467828333706,
    0.8751865678735337,
    0.8773924234363213,
    0.8795647789261278,
    0.8817040593887335,
    0.8838106855445725,
    0.8858850738218267,
    0.887927636389354,
    0.8899387811894457,
    0.8919189119704158,
    0.8938684283190229,
    0.895787725692724,
    0.8976771954517624,
    0.8995372248910859,
    0.9013681972721038,
    0.9031704918542723,
    0.9049444839265199,
    0.9066905448385039,
    0.9084090420317041,
    0.9101003390703534,
    0.9117647956722019,
    0.9134027677391217,
    0.9150146073875447,
    0.9166006629787421,
    0.9181612791489389,
    0.9196967968392687,
    0.9212075533255669,
    0.9226938822480037,
    0.9241561136405563,
    0.9255945739603214,
    0.9270095861166698,
    0.9284014695002405,
    0.9297705400117767,
    0.9311171100908048,
    0.932441488744155,
    0.9337439815743247,
    0.935024890807686,
    0.9362845153225358,
    0.9375231506769915,
    0.9387410891367305,
    0.9399386197025739,
    0.9411160281379181,
    0.9422735969960097,
    0.9434116056470687,
    0.9445303303052573,
    0.9456300440554968,
    0.9467110168801308,
    0.9477735156854389,
    0.9488178043279961,
    0.9498441436408833,
    0.9508527914597462,
    0.9518440026487042,
    0.95281802912611,
    0.953775119890159,
    0.9547155210443505,
    0.9556394758228011,
    0.9565472246154079,
    0.9574390049928669,
    0.9583150517315426,
    0.9591755968381908,
    0.9600208695745358,
    0.9608510964817022,
    0.9616665014044997,
    0.9624673055155647,
    0.963253727339356,
    0.9640259827760078,
    0.964784285125037,
    0.96552884510891,
    0.9662598708964641,
    0.9669775681261883,
    0.967682139929361,
    0.9683737869530474,
    0.969052707382955,
    0.9697190969661483,
    0.9703731490336246,
    0.9710150545227478,
    0.971645001999546,
    0.9722631776808666,
    0.9728697654563961,
    0.9734649469105406,
    0.9740489013441677,
    0.9746218057962129,
    0.9751838350651492,
    0.9757351617303187,
    0.9762759561731303,
    0.9768063865981211,
    0.9773266190538827,
    0.9778368174538536,
    0.9783371435969763,
    0.9788277571882226,
    0.9793088158589833,
    0.9797804751873275,
    0.9802428887181276,
    0.9806962079830536,
    0.9811405825204348,
    0.9815761598949918,
    0.9820030857174368,
    0.9824215036639435,
    0.9828315554954887,
    0.9832333810770628,
    0.9836271183967525,
    0.9840129035846946,
    0.9843908709319021,
    0.9847611529089623,
    0.9851238801846077,
    0.9854791816441612,
    0.9858271844078528,
    0.9861680138490131,
    0.9865017936121397,
    0.9868286456308386,
    0.9871486901456417,
    0.9874620457216997,
    0.987768829266352,
    0.9880691560465723,
    0.988363139706292,
    0.988650892283601,
    0.9889325242278272,
    0.9892081444164932,
    0.989477860172153,
    0.9897417772791074,
    0.99,
    1.0
  ],
  "validation_diagnostic": {
    "selection_score": 0.7953275390625,
    "radial_ks": 1.0,
    "projected_ks_mean": 0.590655078125,
    "projection_seed": 61719,
    "n_projections": 64,
    "n_generated": 128,
    "n_validation": 10000
  },
  "peak_allocated_bytes": 84434432,
  "peak_memory_scope": "model, EMA, optimizer, tiny training and sampling; no downstream decoder/classifier",
  "measured_training_loop_s": 0.675102885812521,
  "measured_ms_per_step_including_first_step": 42.19393036328256,
  "timing_limitation": "Tiny uncompiled sanity loop; not a steady-state/full-training timing claim",
  "hardware": {
    "host": "auh7-3b-gpu-008",
    "slurm_job_id": "765728",
    "python": "3.10.12",
    "torch": "2.7.1+rocm6.3",
    "cuda": null,
    "hip": "6.3.42131-fa1d09cbd",
    "gpu": "AMD Instinct MI210",
    "vram_bytes": 68702699520
  }
}
SANITY student_t_d64_df3.0_cor
{
  "purpose": "sanity_only_not_paper_result",
  "condition_id": "student_t_d64_df3.0_cor",
  "config_sha256": "5e9ec05319e9c978045d543269264f154cc7b9b7f5941d986d0cd2004437ee53",
  "implementation_sha256": "3297bfee029c574a545cc713f3266c074896b9051fabfbc3c4cea11e5efbcc41",
  "test_data_used": false,
  "checkpoint_written": false,
  "source": {
    "nu": 5.0,
    "scale": 11.449688665091445
  },
  "status": "passed",
  "steps": 16,
  "batch_size": 256,
  "precision": "float32",
  "batch_rule": "global_torch",
  "ema": null,
  "evaluation_weights": "raw",
  "loss_reduction": "batch_mean",
  "losses": [
    12326.712890625,
    12678.9345703125,
    14438.0810546875,
    12855.9892578125,
    13102.3828125,
    13418.267578125,
    15231.232421875,
    14510.869140625,
    15743.96484375,
    15182.75,
    12933.7255859375,
    14710.3447265625,
    14262.2822265625,
    13673.6591796875,
    14080.9619140625,
    13403.068359375
  ],
  "finite_samples": true,
  "n_generated": 128,
  "nfe": 512,
  "model_calls_total": 512,
  "n_batches": 1,
  "time_grid": [
    0.001,
    0.014142839201640722,
    0.027137192874202465,
    0.03998446162821301,
    0.05268603548503403,
    0.06524329393701911,
    0.07765760600744209,
    0.08993033031020159,
    0.1020628151092906,
    0.11405639837804626,
    0.12591240785816993,
    0.13763216111852128,
    0.14921696561368747,
    0.16066811874232645,
    0.17198690790528537,
    0.1831746105634955,
    0.1942324942956416,
    0.20516181685561163,
    0.21596382622971655,
    0.22663976069369418,
    0.23719084886948782,
    0.247618309781803,
    0.25792335291444424,
    0.26810717826642905,
    0.27817097640788346,
    0.28811592853571577,
    0.2979432065290717,
    0.3076539730045721,
    0.3172493813713263,
    0.32673057588573373,
    0.3360986917060641,
    0.3453548549468207,
    0.3545001827328871,
    0.36353578325345715,
    0.3724627558157487,
    0.3812821908985019,
    0.38999517020526187,
    0.3986027667174463,
    0.4071060447472016,
    0.415506059990039,
    0.4238038595772631,
    0.43200048212818465,
    0.44009695780212066,
    0.44809430835018293,
    0.4559935471668546,
    0.463795679341355,
    0.4715017017087937,
    0.47911260290111635,
    0.4866293633978336,
    0.49405295557655104,
    0.5013843437632801,
    0.5086244842825451,
    0.5157743255072822,
    0.5228348079085277,
    0.5298068641049021,
    0.5366914189118848,
    0.5434893893908832,
    0.550201684898095,
    0.5568292071331671,
    0.563372850187645,
    0.5698335005932214,
    0.576212037369778,
    0.5825093320732246,
    0.5887262488431342,
    0.5948636444501743,
    0.6009223683433368,
    0.6069032626969646,
    0.6128071624575787,
    0.6186348953904979,
    0.6243872821262667,
    0.6300651362068743,
    0.6356692641317785,
    0.641200465403728,
    0.6466595325743857,
    0.6520472512897544,
    0.6573644003354024,
    0.6626117516814922,
    0.667790070527612,
    0.67290011534741,
    0.6779426379330298,
    0.6829183834393552,
    0.6878280904280527,
    0.6926724909114234,
    0.6974523103960578,
    0.7021682679262973,
    0.7068210761275007,
    0.7114114412491179,
    0.7159400632075708,
    0.7204076356289388,
    0.7248148458914581,
    0.7291623751678211,
    0.7334508984672912,
    0.7376810846776227,
    0.7418535966067925,
    0.7459690910245402,
    0.7500282187037188,
    0.7540316244614571,
    0.7579799472001318,
    0.7618738199481536,
    0.765713869900562,
    0.7695007184594358,
    0.7732349812741147,
    0.7769172682812353,
    0.78054818374458,
    0.7841283262947409,
    0.7876582889685979,
    0.7911386592486123,
    0.7945700191019361,
    0.7979529450193358,
    0.8012880080539353,
    0.8045757738597732,
    0.8078168027301783,
    0.8110116496359635,
    0.8141608642634367,
    0.8172649910522308,
    0.820324569232953,
    0.8233401328646535,
    0.8263122108721126,
    0.829241327082952,
    0.8321280002645608,
    0.8349727441608494,
    0.8377760675288202,
    0.8405384741749617,
    0.8432604629914663,
    0.8459425279922695,
    0.8485851583489133,
    0.8511888384262332,
    0.853754047817869,
    0.8562812613816009,
    0.8587709492745111,
    0.8612235769879691,
    0.863639605382445,
    0.8660194907221478,
    0.868363684709492,
    0.8706726345193893,
    0.8729467828333706,
    0.8751865678735337,
    0.8773924234363213,
    0.8795647789261278,
    0.8817040593887335,
    0.8838106855445725,
    0.8858850738218267,
    0.887927636389354,
    0.8899387811894457,
    0.8919189119704158,
    0.8938684283190229,
    0.895787725692724,
    0.8976771954517624,
    0.8995372248910859,
    0.9013681972721038,
    0.9031704918542723,
    0.9049444839265199,
    0.9066905448385039,
    0.9084090420317041,
    0.9101003390703534,
    0.9117647956722019,
    0.9134027677391217,
    0.9150146073875447,
    0.9166006629787421,
    0.9181612791489389,
    0.9196967968392687,
    0.9212075533255669,
    0.9226938822480037,
    0.9241561136405563,
    0.9255945739603214,
    0.9270095861166698,
    0.9284014695002405,
    0.9297705400117767,
    0.9311171100908048,
    0.932441488744155,
    0.9337439815743247,
    0.935024890807686,
    0.9362845153225358,
    0.9375231506769915,
    0.9387410891367305,
    0.9399386197025739,
    0.9411160281379181,
    0.9422735969960097,
    0.9434116056470687,
    0.9445303303052573,
    0.9456300440554968,
    0.9467110168801308,
    0.9477735156854389,
    0.9488178043279961,
    0.9498441436408833,
    0.9508527914597462,
    0.9518440026487042,
    0.95281802912611,
    0.953775119890159,
    0.9547155210443505,
    0.9556394758228011,
    0.9565472246154079,
    0.9574390049928669,
    0.9583150517315426,
    0.9591755968381908,
    0.9600208695745358,
    0.9608510964817022,
    0.9616665014044997,
    0.9624673055155647,
    0.963253727339356,
    0.9640259827760078,
    0.964784285125037,
    0.96552884510891,
    0.9662598708964641,
    0.9669775681261883,
    0.967682139929361,
    0.9683737869530474,
    0.969052707382955,
    0.9697190969661483,
    0.9703731490336246,
    0.9710150545227478,
    0.971645001999546,
    0.9722631776808666,
    0.9728697654563961,
    0.9734649469105406,
    0.9740489013441677,
    0.9746218057962129,
    0.9751838350651492,
    0.9757351617303187,
    0.9762759561731303,
    0.9768063865981211,
    0.9773266190538827,
    0.9778368174538536,
    0.9783371435969763,
    0.9788277571882226,
    0.9793088158589833,
    0.9797804751873275,
    0.9802428887181276,
    0.9806962079830536,
    0.9811405825204348,
    0.9815761598949918,
    0.9820030857174368,
    0.9824215036639435,
    0.9828315554954887,
    0.9832333810770628,
    0.9836271183967525,
    0.9840129035846946,
    0.9843908709319021,
    0.9847611529089623,
    0.9851238801846077,
    0.9854791816441612,
    0.9858271844078528,
    0.9861680138490131,
    0.9865017936121397,
    0.9868286456308386,
    0.9871486901456417,
    0.9874620457216997,
    0.987768829266352,
    0.9880691560465723,
    0.988363139706292,
    0.988650892283601,
    0.9889325242278272,
    0.9892081444164932,
    0.989477860172153,
    0.9897417772791074,
    0.99,
    1.0
  ],
  "validation_diagnostic": {
    "selection_score": 0.7922451171875,
    "radial_ks": 1.0,
    "projected_ks_mean": 0.584490234375,
    "projection_seed": 61719,
    "n_projections": 64,
    "n_generated": 128,
    "n_validation": 10000
  },
  "peak_allocated_bytes": 88503808,
  "peak_memory_scope": "model, EMA, optimizer, tiny training and sampling; no downstream decoder/classifier",
  "measured_training_loop_s": 0.66121706366539,
  "measured_ms_per_step_including_first_step": 41.326066479086876,
  "timing_limitation": "Tiny uncompiled sanity loop; not a steady-state/full-training timing claim",
  "hardware": {
    "host": "auh7-3b-gpu-008",
    "slurm_job_id": "765728",
    "python": "3.10.12",
    "torch": "2.7.1+rocm6.3",
    "cuda": null,
    "hip": "6.3.42131-fa1d09cbd",
    "gpu": "AMD Instinct MI210",
    "vram_bytes": 68702699520
  }
}
SANITY student_t_d8_df3.0_cor
{
  "purpose": "sanity_only_not_paper_result",
  "condition_id": "student_t_d8_df3.0_cor",
  "config_sha256": "c5f4d1e4d2c34fe6160755444fe9ff9a43a3e000e54c6108a71561244bb7c696",
  "implementation_sha256": "3297bfee029c574a545cc713f3266c074896b9051fabfbc3c4cea11e5efbcc41",
  "test_data_used": false,
  "checkpoint_written": false,
  "source": {
    "nu": 5.0,
    "scale": 3.5728850222075583
  },
  "status": "passed",
  "steps": 16,
  "batch_size": 256,
  "precision": "float32",
  "batch_rule": "global_torch",
  "ema": null,
  "evaluation_weights": "raw",
  "loss_reduction": "batch_mean",
  "losses": [
    148.30630493164062,
    151.20989990234375,
    175.63392639160156,
    151.51522827148438,
    148.45932006835938,
    144.9058837890625,
    176.61492919921875,
    177.52761840820312,
    179.7711181640625,
    186.79263305664062,
    149.30421447753906,
    162.38064575195312,
    148.89654541015625,
    141.96424865722656,
    150.66571044921875,
    132.75381469726562
  ],
  "finite_samples": true,
  "n_generated": 128,
  "nfe": 512,
  "model_calls_total": 512,
  "n_batches": 1,
  "time_grid": [
    0.001,
    0.014142839201640722,
    0.027137192874202465,
    0.03998446162821301,
    0.05268603548503403,
    0.06524329393701911,
    0.07765760600744209,
    0.08993033031020159,
    0.1020628151092906,
    0.11405639837804626,
    0.12591240785816993,
    0.13763216111852128,
    0.14921696561368747,
    0.16066811874232645,
    0.17198690790528537,
    0.1831746105634955,
    0.1942324942956416,
    0.20516181685561163,
    0.21596382622971655,
    0.22663976069369418,
    0.23719084886948782,
    0.247618309781803,
    0.25792335291444424,
    0.26810717826642905,
    0.27817097640788346,
    0.28811592853571577,
    0.2979432065290717,
    0.3076539730045721,
    0.3172493813713263,
    0.32673057588573373,
    0.3360986917060641,
    0.3453548549468207,
    0.3545001827328871,
    0.36353578325345715,
    0.3724627558157487,
    0.3812821908985019,
    0.38999517020526187,
    0.3986027667174463,
    0.4071060447472016,
    0.415506059990039,
    0.4238038595772631,
    0.43200048212818465,
    0.44009695780212066,
    0.44809430835018293,
    0.4559935471668546,
    0.463795679341355,
    0.4715017017087937,
    0.47911260290111635,
    0.4866293633978336,
    0.49405295557655104,
    0.5013843437632801,
    0.5086244842825451,
    0.5157743255072822,
    0.5228348079085277,
    0.5298068641049021,
    0.5366914189118848,
    0.5434893893908832,
    0.550201684898095,
    0.5568292071331671,
    0.563372850187645,
    0.5698335005932214,
    0.576212037369778,
    0.5825093320732246,
    0.5887262488431342,
    0.5948636444501743,
    0.6009223683433368,
    0.6069032626969646,
    0.6128071624575787,
    0.6186348953904979,
    0.6243872821262667,
    0.6300651362068743,
    0.6356692641317785,
    0.641200465403728,
    0.6466595325743857,
    0.6520472512897544,
    0.6573644003354024,
    0.6626117516814922,
    0.667790070527612,
    0.67290011534741,
    0.6779426379330298,
    0.6829183834393552,
    0.6878280904280527,
    0.6926724909114234,
    0.6974523103960578,
    0.7021682679262973,
    0.7068210761275007,
    0.7114114412491179,
    0.7159400632075708,
    0.7204076356289388,
    0.7248148458914581,
    0.7291623751678211,
    0.7334508984672912,
    0.7376810846776227,
    0.7418535966067925,
    0.7459690910245402,
    0.7500282187037188,
    0.7540316244614571,
    0.7579799472001318,
    0.7618738199481536,
    0.765713869900562,
    0.7695007184594358,
    0.7732349812741147,
    0.7769172682812353,
    0.78054818374458,
    0.7841283262947409,
    0.7876582889685979,
    0.7911386592486123,
    0.7945700191019361,
    0.7979529450193358,
    0.8012880080539353,
    0.8045757738597732,
    0.8078168027301783,
    0.8110116496359635,
    0.8141608642634367,
    0.8172649910522308,
    0.820324569232953,
    0.8233401328646535,
    0.8263122108721126,
    0.829241327082952,
    0.8321280002645608,
    0.8349727441608494,
    0.8377760675288202,
    0.8405384741749617,
    0.8432604629914663,
    0.8459425279922695,
    0.8485851583489133,
    0.8511888384262332,
    0.853754047817869,
    0.8562812613816009,
    0.8587709492745111,
    0.8612235769879691,
    0.863639605382445,
    0.8660194907221478,
    0.868363684709492,
    0.8706726345193893,
    0.8729467828333706,
    0.8751865678735337,
    0.8773924234363213,
    0.8795647789261278,
    0.8817040593887335,
    0.8838106855445725,
    0.8858850738218267,
    0.887927636389354,
    0.8899387811894457,
    0.8919189119704158,
    0.8938684283190229,
    0.895787725692724,
    0.8976771954517624,
    0.8995372248910859,
    0.9013681972721038,
    0.9031704918542723,
    0.9049444839265199,
    0.9066905448385039,
    0.9084090420317041,
    0.9101003390703534,
    0.9117647956722019,
    0.9134027677391217,
    0.9150146073875447,
    0.9166006629787421,
    0.9181612791489389,
    0.9196967968392687,
    0.9212075533255669,
    0.9226938822480037,
    0.9241561136405563,
    0.9255945739603214,
    0.9270095861166698,
    0.9284014695002405,
    0.9297705400117767,
    0.9311171100908048,
    0.932441488744155,
    0.9337439815743247,
    0.935024890807686,
    0.9362845153225358,
    0.9375231506769915,
    0.9387410891367305,
    0.9399386197025739,
    0.9411160281379181,
    0.9422735969960097,
    0.9434116056470687,
    0.9445303303052573,
    0.9456300440554968,
    0.9467110168801308,
    0.9477735156854389,
    0.9488178043279961,
    0.9498441436408833,
    0.9508527914597462,
    0.9518440026487042,
    0.95281802912611,
    0.953775119890159,
    0.9547155210443505,
    0.9556394758228011,
    0.9565472246154079,
    0.9574390049928669,
    0.9583150517315426,
    0.9591755968381908,
    0.9600208695745358,
    0.9608510964817022,
    0.9616665014044997,
    0.9624673055155647,
    0.963253727339356,
    0.9640259827760078,
    0.964784285125037,
    0.96552884510891,
    0.9662598708964641,
    0.9669775681261883,
    0.967682139929361,
    0.9683737869530474,
    0.969052707382955,
    0.9697190969661483,
    0.9703731490336246,
    0.9710150545227478,
    0.971645001999546,
    0.9722631776808666,
    0.9728697654563961,
    0.9734649469105406,
    0.9740489013441677,
    0.9746218057962129,
    0.9751838350651492,
    0.9757351617303187,
    0.9762759561731303,
    0.9768063865981211,
    0.9773266190538827,
    0.9778368174538536,
    0.9783371435969763,
    0.9788277571882226,
    0.9793088158589833,
    0.9797804751873275,
    0.9802428887181276,
    0.9806962079830536,
    0.9811405825204348,
    0.9815761598949918,
    0.9820030857174368,
    0.9824215036639435,
    0.9828315554954887,
    0.9832333810770628,
    0.9836271183967525,
    0.9840129035846946,
    0.9843908709319021,
    0.9847611529089623,
    0.9851238801846077,
    0.9854791816441612,
    0.9858271844078528,
    0.9861680138490131,
    0.9865017936121397,
    0.9868286456308386,
    0.9871486901456417,
    0.9874620457216997,
    0.987768829266352,
    0.9880691560465723,
    0.988363139706292,
    0.988650892283601,
    0.9889325242278272,
    0.9892081444164932,
    0.989477860172153,
    0.9897417772791074,
    0.99,
    1.0
  ],
  "validation_diagnostic": {
    "selection_score": 0.804766015625,
    "radial_ks": 1.0,
    "projected_ks_mean": 0.60953203125,
    "projection_seed": 61719,
    "n_projections": 64,
    "n_generated": 128,
    "n_validation": 10000
  },
  "peak_allocated_bytes": 81382400,
  "peak_memory_scope": "model, EMA, optimizer, tiny training and sampling; no downstream decoder/classifier",
  "measured_training_loop_s": 0.6787772215902805,
  "measured_ms_per_step_including_first_step": 42.42357634939253,
  "timing_limitation": "Tiny uncompiled sanity loop; not a steady-state/full-training timing claim",
  "hardware": {
    "host": "auh7-3b-gpu-008",
    "slurm_job_id": "765728",
    "python": "3.10.12",
    "torch": "2.7.1+rocm6.3",
    "cuda": null,
    "hip": "6.3.42131-fa1d09cbd",
    "gpu": "AMD Instinct MI210",
    "vram_bytes": 68702699520
  }
}
SANITY toy_radial_angular
{
  "purpose": "sanity_only_not_paper_result",
  "condition_id": "toy_radial_angular",
  "config_sha256": "2ee548b96a5c3a7ffe27f6be2c75642f59300874846c6c52165cea00dc1e0e73",
  "implementation_sha256": "3297bfee029c574a545cc713f3266c074896b9051fabfbc3c4cea11e5efbcc41",
  "test_data_used": false,
  "checkpoint_written": false,
  "source": {
    "nu": 5.0,
    "scale": 0.5976749253299642
  },
  "status": "passed",
  "steps": 16,
  "batch_size": 4096,
  "precision": "float32",
  "batch_rule": "global_torch",
  "ema": null,
  "evaluation_weights": "raw",
  "loss_reduction": "batch_mean",
  "losses": [
    1.1721020936965942,
    1.2015349864959717,
    1.2433509826660156,
    1.0983927249908447,
    1.142530918121338,
    1.035339593887329,
    1.046828031539917,
    1.0148736238479614,
    0.9914921522140503,
    0.9906438589096069,
    0.9423969388008118,
    0.9127575755119324,
    0.916479766368866,
    0.9304254651069641,
    0.8530530333518982,
    0.9099298715591431
  ],
  "finite_samples": true,
  "n_generated": 128,
  "nfe": 512,
  "model_calls_total": 512,
  "n_batches": 1,
  "time_grid": [
    0.001,
    0.014142839201640722,
    0.027137192874202465,
    0.03998446162821301,
    0.05268603548503403,
    0.06524329393701911,
    0.07765760600744209,
    0.08993033031020159,
    0.1020628151092906,
    0.11405639837804626,
    0.12591240785816993,
    0.13763216111852128,
    0.14921696561368747,
    0.16066811874232645,
    0.17198690790528537,
    0.1831746105634955,
    0.1942324942956416,
    0.20516181685561163,
    0.21596382622971655,
    0.22663976069369418,
    0.23719084886948782,
    0.247618309781803,
    0.25792335291444424,
    0.26810717826642905,
    0.27817097640788346,
    0.28811592853571577,
    0.2979432065290717,
    0.3076539730045721,
    0.3172493813713263,
    0.32673057588573373,
    0.3360986917060641,
    0.3453548549468207,
    0.3545001827328871,
    0.36353578325345715,
    0.3724627558157487,
    0.3812821908985019,
    0.38999517020526187,
    0.3986027667174463,
    0.4071060447472016,
    0.415506059990039,
    0.4238038595772631,
    0.43200048212818465,
    0.44009695780212066,
    0.44809430835018293,
    0.4559935471668546,
    0.463795679341355,
    0.4715017017087937,
    0.47911260290111635,
    0.4866293633978336,
    0.49405295557655104,
    0.5013843437632801,
    0.5086244842825451,
    0.5157743255072822,
    0.5228348079085277,
    0.5298068641049021,
    0.5366914189118848,
    0.5434893893908832,
    0.550201684898095,
    0.5568292071331671,
    0.563372850187645,
    0.5698335005932214,
    0.576212037369778,
    0.5825093320732246,
    0.5887262488431342,
    0.5948636444501743,
    0.6009223683433368,
    0.6069032626969646,
    0.6128071624575787,
    0.6186348953904979,
    0.6243872821262667,
    0.6300651362068743,
    0.6356692641317785,
    0.641200465403728,
    0.6466595325743857,
    0.6520472512897544,
    0.6573644003354024,
    0.6626117516814922,
    0.667790070527612,
    0.67290011534741,
    0.6779426379330298,
    0.6829183834393552,
    0.6878280904280527,
    0.6926724909114234,
    0.6974523103960578,
    0.7021682679262973,
    0.7068210761275007,
    0.7114114412491179,
    0.7159400632075708,
    0.7204076356289388,
    0.7248148458914581,
    0.7291623751678211,
    0.7334508984672912,
    0.7376810846776227,
    0.7418535966067925,
    0.7459690910245402,
    0.7500282187037188,
    0.7540316244614571,
    0.7579799472001318,
    0.7618738199481536,
    0.765713869900562,
    0.7695007184594358,
    0.7732349812741147,
    0.7769172682812353,
    0.78054818374458,
    0.7841283262947409,
    0.7876582889685979,
    0.7911386592486123,
    0.7945700191019361,
    0.7979529450193358,
    0.8012880080539353,
    0.8045757738597732,
    0.8078168027301783,
    0.8110116496359635,
    0.8141608642634367,
    0.8172649910522308,
    0.820324569232953,
    0.8233401328646535,
    0.8263122108721126,
    0.829241327082952,
    0.8321280002645608,
    0.8349727441608494,
    0.8377760675288202,
    0.8405384741749617,
    0.8432604629914663,
    0.8459425279922695,
    0.8485851583489133,
    0.8511888384262332,
    0.853754047817869,
    0.8562812613816009,
    0.8587709492745111,
    0.8612235769879691,
    0.863639605382445,
    0.8660194907221478,
    0.868363684709492,
    0.8706726345193893,
    0.8729467828333706,
    0.8751865678735337,
    0.8773924234363213,
    0.8795647789261278,
    0.8817040593887335,
    0.8838106855445725,
    0.8858850738218267,
    0.887927636389354,
    0.8899387811894457,
    0.8919189119704158,
    0.8938684283190229,
    0.895787725692724,
    0.8976771954517624,
    0.8995372248910859,
    0.9013681972721038,
    0.9031704918542723,
    0.9049444839265199,
    0.9066905448385039,
    0.9084090420317041,
    0.9101003390703534,
    0.9117647956722019,
    0.9134027677391217,
    0.9150146073875447,
    0.9166006629787421,
    0.9181612791489389,
    0.9196967968392687,
    0.9212075533255669,
    0.9226938822480037,
    0.9241561136405563,
    0.9255945739603214,
    0.9270095861166698,
    0.9284014695002405,
    0.9297705400117767,
    0.9311171100908048,
    0.932441488744155,
    0.9337439815743247,
    0.935024890807686,
    0.9362845153225358,
    0.9375231506769915,
    0.9387410891367305,
    0.9399386197025739,
    0.9411160281379181,
    0.9422735969960097,
    0.9434116056470687,
    0.9445303303052573,
    0.9456300440554968,
    0.9467110168801308,
    0.9477735156854389,
    0.9488178043279961,
    0.9498441436408833,
    0.9508527914597462,
    0.9518440026487042,
    0.95281802912611,
    0.953775119890159,
    0.9547155210443505,
    0.9556394758228011,
    0.9565472246154079,
    0.9574390049928669,
    0.9583150517315426,
    0.9591755968381908,
    0.9600208695745358,
    0.9608510964817022,
    0.9616665014044997,
    0.9624673055155647,
    0.963253727339356,
    0.9640259827760078,
    0.964784285125037,
    0.96552884510891,
    0.9662598708964641,
    0.9669775681261883,
    0.967682139929361,
    0.9683737869530474,
    0.969052707382955,
    0.9697190969661483,
    0.9703731490336246,
    0.9710150545227478,
    0.971645001999546,
    0.9722631776808666,
    0.9728697654563961,
    0.9734649469105406,
    0.9740489013441677,
    0.9746218057962129,
    0.9751838350651492,
    0.9757351617303187,
    0.9762759561731303,
    0.9768063865981211,
    0.9773266190538827,
    0.9778368174538536,
    0.9783371435969763,
    0.9788277571882226,
    0.9793088158589833,
    0.9797804751873275,
    0.9802428887181276,
    0.9806962079830536,
    0.9811405825204348,
    0.9815761598949918,
    0.9820030857174368,
    0.9824215036639435,
    0.9828315554954887,
    0.9832333810770628,
    0.9836271183967525,
    0.9840129035846946,
    0.9843908709319021,
    0.9847611529089623,
    0.9851238801846077,
    0.9854791816441612,
    0.9858271844078528,
    0.9861680138490131,
    0.9865017936121397,
    0.9868286456308386,
    0.9871486901456417,
    0.9874620457216997,
    0.987768829266352,
    0.9880691560465723,
    0.988363139706292,
    0.988650892283601,
    0.9889325242278272,
    0.9892081444164932,
    0.989477860172153,
    0.9897417772791074,
    0.99,
    1.0
  ],
  "validation_diagnostic": {
    "selection_score": 0.76050849609375,
    "radial_ks": 0.9673625,
    "projected_ks_mean": 0.5536544921875,
    "projection_seed": 61719,
    "n_projections": 64,
    "n_generated": 128,
    "n_validation": 10000
  },
  "peak_allocated_bytes": 80650240,
  "peak_memory_scope": "model, EMA, optimizer, tiny training and sampling; no downstream decoder/classifier",
  "measured_training_loop_s": 0.6840011328458786,
  "measured_ms_per_step_including_first_step": 42.75007080286741,
  "timing_limitation": "Tiny uncompiled sanity loop; not a steady-state/full-training timing claim",
  "hardware": {
    "host": "auh7-3b-gpu-008",
    "slurm_job_id": "765728",
    "python": "3.10.12",
    "torch": "2.7.1+rocm6.3",
    "cuda": null,
    "hip": "6.3.42131-fa1d09cbd",
    "gpu": "AMD Instinct MI210",
    "vram_bytes": 68702699520
  }
}
SANITY weather_au_wind
{
  "purpose": "sanity_only_not_paper_result",
  "condition_id": "weather_au_wind",
  "config_sha256": "f236e256b20b9b8f365445d8d4b2a9e578466fe2d494b69d4288cfa1e6b3148f",
  "implementation_sha256": "3297bfee029c574a545cc713f3266c074896b9051fabfbc3c4cea11e5efbcc41",
  "test_data_used": false,
  "checkpoint_written": false,
  "source": {
    "nu": 5.0,
    "scale": 0.907904459176336
  },
  "status": "passed",
  "steps": 16,
  "batch_size": 2048,
  "precision": "float32",
  "batch_rule": "global_torch",
  "ema": null,
  "evaluation_weights": "raw",
  "loss_reduction": "batch_mean",
  "losses": [
    133.26417541503906,
    128.53778076171875,
    136.81765747070312,
    130.6968994140625,
    130.61767578125,
    132.27151489257812,
    132.92312622070312,
    132.07318115234375,
    129.25604248046875,
    133.54165649414062,
    129.07376098632812,
    133.71328735351562,
    125.50282287597656,
    138.9068603515625,
    125.45263671875,
    130.71063232421875
  ],
  "finite_samples": true,
  "n_generated": 128,
  "nfe": 512,
  "model_calls_total": 512,
  "n_batches": 1,
  "time_grid": [
    0.001,
    0.014142839201640722,
    0.027137192874202465,
    0.03998446162821301,
    0.05268603548503403,
    0.06524329393701911,
    0.07765760600744209,
    0.08993033031020159,
    0.1020628151092906,
    0.11405639837804626,
    0.12591240785816993,
    0.13763216111852128,
    0.14921696561368747,
    0.16066811874232645,
    0.17198690790528537,
    0.1831746105634955,
    0.1942324942956416,
    0.20516181685561163,
    0.21596382622971655,
    0.22663976069369418,
    0.23719084886948782,
    0.247618309781803,
    0.25792335291444424,
    0.26810717826642905,
    0.27817097640788346,
    0.28811592853571577,
    0.2979432065290717,
    0.3076539730045721,
    0.3172493813713263,
    0.32673057588573373,
    0.3360986917060641,
    0.3453548549468207,
    0.3545001827328871,
    0.36353578325345715,
    0.3724627558157487,
    0.3812821908985019,
    0.38999517020526187,
    0.3986027667174463,
    0.4071060447472016,
    0.415506059990039,
    0.4238038595772631,
    0.43200048212818465,
    0.44009695780212066,
    0.44809430835018293,
    0.4559935471668546,
    0.463795679341355,
    0.4715017017087937,
    0.47911260290111635,
    0.4866293633978336,
    0.49405295557655104,
    0.5013843437632801,
    0.5086244842825451,
    0.5157743255072822,
    0.5228348079085277,
    0.5298068641049021,
    0.5366914189118848,
    0.5434893893908832,
    0.550201684898095,
    0.5568292071331671,
    0.563372850187645,
    0.5698335005932214,
    0.576212037369778,
    0.5825093320732246,
    0.5887262488431342,
    0.5948636444501743,
    0.6009223683433368,
    0.6069032626969646,
    0.6128071624575787,
    0.6186348953904979,
    0.6243872821262667,
    0.6300651362068743,
    0.6356692641317785,
    0.641200465403728,
    0.6466595325743857,
    0.6520472512897544,
    0.6573644003354024,
    0.6626117516814922,
    0.667790070527612,
    0.67290011534741,
    0.6779426379330298,
    0.6829183834393552,
    0.6878280904280527,
    0.6926724909114234,
    0.6974523103960578,
    0.7021682679262973,
    0.7068210761275007,
    0.7114114412491179,
    0.7159400632075708,
    0.7204076356289388,
    0.7248148458914581,
    0.7291623751678211,
    0.7334508984672912,
    0.7376810846776227,
    0.7418535966067925,
    0.7459690910245402,
    0.7500282187037188,
    0.7540316244614571,
    0.7579799472001318,
    0.7618738199481536,
    0.765713869900562,
    0.7695007184594358,
    0.7732349812741147,
    0.7769172682812353,
    0.78054818374458,
    0.7841283262947409,
    0.7876582889685979,
    0.7911386592486123,
    0.7945700191019361,
    0.7979529450193358,
    0.8012880080539353,
    0.8045757738597732,
    0.8078168027301783,
    0.8110116496359635,
    0.8141608642634367,
    0.8172649910522308,
    0.820324569232953,
    0.8233401328646535,
    0.8263122108721126,
    0.829241327082952,
    0.8321280002645608,
    0.8349727441608494,
    0.8377760675288202,
    0.8405384741749617,
    0.8432604629914663,
    0.8459425279922695,
    0.8485851583489133,
    0.8511888384262332,
    0.853754047817869,
    0.8562812613816009,
    0.8587709492745111,
    0.8612235769879691,
    0.863639605382445,
    0.8660194907221478,
    0.868363684709492,
    0.8706726345193893,
    0.8729467828333706,
    0.8751865678735337,
    0.8773924234363213,
    0.8795647789261278,
    0.8817040593887335,
    0.8838106855445725,
    0.8858850738218267,
    0.887927636389354,
    0.8899387811894457,
    0.8919189119704158,
    0.8938684283190229,
    0.895787725692724,
    0.8976771954517624,
    0.8995372248910859,
    0.9013681972721038,
    0.9031704918542723,
    0.9049444839265199,
    0.9066905448385039,
    0.9084090420317041,
    0.9101003390703534,
    0.9117647956722019,
    0.9134027677391217,
    0.9150146073875447,
    0.9166006629787421,
    0.9181612791489389,
    0.9196967968392687,
    0.9212075533255669,
    0.9226938822480037,
    0.9241561136405563,
    0.9255945739603214,
    0.9270095861166698,
    0.9284014695002405,
    0.9297705400117767,
    0.9311171100908048,
    0.932441488744155,
    0.9337439815743247,
    0.935024890807686,
    0.9362845153225358,
    0.9375231506769915,
    0.9387410891367305,
    0.9399386197025739,
    0.9411160281379181,
    0.9422735969960097,
    0.9434116056470687,
    0.9445303303052573,
    0.9456300440554968,
    0.9467110168801308,
    0.9477735156854389,
    0.9488178043279961,
    0.9498441436408833,
    0.9508527914597462,
    0.9518440026487042,
    0.95281802912611,
    0.953775119890159,
    0.9547155210443505,
    0.9556394758228011,
    0.9565472246154079,
    0.9574390049928669,
    0.9583150517315426,
    0.9591755968381908,
    0.9600208695745358,
    0.9608510964817022,
    0.9616665014044997,
    0.9624673055155647,
    0.963253727339356,
    0.9640259827760078,
    0.964784285125037,
    0.96552884510891,
    0.9662598708964641,
    0.9669775681261883,
    0.967682139929361,
    0.9683737869530474,
    0.969052707382955,
    0.9697190969661483,
    0.9703731490336246,
    0.9710150545227478,
    0.971645001999546,
    0.9722631776808666,
    0.9728697654563961,
    0.9734649469105406,
    0.9740489013441677,
    0.9746218057962129,
    0.9751838350651492,
    0.9757351617303187,
    0.9762759561731303,
    0.9768063865981211,
    0.9773266190538827,
    0.9778368174538536,
    0.9783371435969763,
    0.9788277571882226,
    0.9793088158589833,
    0.9797804751873275,
    0.9802428887181276,
    0.9806962079830536,
    0.9811405825204348,
    0.9815761598949918,
    0.9820030857174368,
    0.9824215036639435,
    0.9828315554954887,
    0.9832333810770628,
    0.9836271183967525,
    0.9840129035846946,
    0.9843908709319021,
    0.9847611529089623,
    0.9851238801846077,
    0.9854791816441612,
    0.9858271844078528,
    0.9861680138490131,
    0.9865017936121397,
    0.9868286456308386,
    0.9871486901456417,
    0.9874620457216997,
    0.987768829266352,
    0.9880691560465723,
    0.988363139706292,
    0.988650892283601,
    0.9889325242278272,
    0.9892081444164932,
    0.989477860172153,
    0.9897417772791074,
    0.99,
    1.0
  ],
  "validation_diagnostic": {
    "selection_score": 0.7838286178758554,
    "radial_ks": 1.0,
    "projected_ks_mean": 0.5676572357517109,
    "projection_seed": 61719,
    "n_projections": 64,
    "n_generated": 128,
    "n_validation": 1169
  },
  "peak_allocated_bytes": 82414592,
  "peak_memory_scope": "model, EMA, optimizer, tiny training and sampling; no downstream decoder/classifier",
  "measured_training_loop_s": 0.6739125922322273,
  "measured_ms_per_step_including_first_step": 42.11953701451421,
  "timing_limitation": "Tiny uncompiled sanity loop; not a steady-state/full-training timing claim",
  "hardware": {
    "host": "auh7-3b-gpu-008",
    "slurm_job_id": "765728",
    "python": "3.10.12",
    "torch": "2.7.1+rocm6.3",
    "cuda": null,
    "hip": "6.3.42131-fa1d09cbd",
    "gpu": "AMD Instinct MI210",
    "vram_bytes": 68702699520
  }
}
